"Date","Geography","DGUID","Product","Price"
"2022-01-01","Newfoundland and Labrador","2021A000210","Ground beef, per kilogram","11.12"
"2022-01-01","Newfoundland and Labrador","2021A000210","Whole chicken, per kilogram","5.69"
"2022-01-01","Newfoundland and Labrador","2021A000210","Milk, 2 litres","3.92"
"2022-01-01","Newfoundland and Labrador","2021A000210","Block cheese, 500 grams","6.41"
"2022-01-01","Newfoundland and Labrador","2021A000210","Yogurt, 500 grams","3.43"
"2022-01-01","Newfoundland and Labrador","2021A000210","Eggs, 1 dozen","4.26"
"2022-01-01","Newfoundland and Labrador","2021A000210","Apples, per kilogram","6.28"
"2022-01-01","Newfoundland and Labrador","2021A000210","Bananas, per kilogram","2.14"
"2022-01-01","Newfoundland and Labrador","2021A000210","Potatoes, 4.54 kilograms","5.45"
"2022-01-01","Newfoundland and Labrador","2021A000210","Tomatoes, per kilogram","6.78"
"2022-01-01","Newfoundland and Labrador","2021A000210","Carrots, 1.36 kilograms","3.44"
"2022-01-01","Newfoundland and Labrador","2021A000210","Onions, per kilogram","4.87"
"2022-01-01","Newfoundland and Labrador","2021A000210","White bread, 675 grams","3.35"
"2022-01-01","Newfoundland and Labrador","2021A000210","Dry or fresh pasta, 500 grams","2.71"
"2022-01-01","Newfoundland and Labrador","2021A000210","White rice, 2 kilograms","10.42"
"2022-01-01","Newfoundland and Labrador","2021A000210","Vegetable oil, 3 litres","11.18"
"2022-01-01","Prince Edward Island","2021A000211","Ground beef, per kilogram","11.15"
"2022-01-01","Prince Edward Island","2021A000211","Whole chicken, per kilogram","6.18"
"2022-01-01","Prince Edward Island","2021A000211","Milk, 2 litres","3.91"
"2022-01-01","Prince Edward Island","2021A000211","Block cheese, 500 grams","6.64"
"2022-01-01","Prince Edward Island","2021A000211","Yogurt, 500 grams","3.28"
"2022-01-01","Prince Edward Island","2021A000211","Eggs, 1 dozen","4.30"
"2022-01-01","Prince Edward Island","2021A000211","Apples, per kilogram","5.65"
"2022-01-01","Prince Edward Island","2021A000211","Bananas, per kilogram","1.95"
"2022-01-01","Prince Edward Island","2021A000211","Potatoes, 4.54 kilograms","3.84"
"2022-01-01","Prince Edward Island","2021A000211","Tomatoes, per kilogram","6.53"
"2022-01-01","Prince Edward Island","2021A000211","Carrots, 1.36 kilograms","3.06"
"2022-01-01","Prince Edward Island","2021A000211","Onions, per kilogram","5.25"
"2022-01-01","Prince Edward Island","2021A000211","White bread, 675 grams","3.00"
"2022-01-01","Prince Edward Island","2021A000211","Dry or fresh pasta, 500 grams","3.06"
"2022-01-01","Prince Edward Island","2021A000211","White rice, 2 kilograms","10.37"
"2022-01-01","Prince Edward Island","2021A000211","Vegetable oil, 3 litres","11.86"
"2022-01-01","Nova Scotia","2021A000212","Ground beef, per kilogram","11.11"
"2022-01-01","Nova Scotia","2021A000212","Whole chicken, per kilogram","6.19"
"2022-01-01","Nova Scotia","2021A000212","Milk, 2 litres","3.94"
"2022-01-01","Nova Scotia","2021A000212","Block cheese, 500 grams","6.50"
"2022-01-01","Nova Scotia","2021A000212","Yogurt, 500 grams","3.24"
"2022-01-01","Nova Scotia","2021A000212","Eggs, 1 dozen","4.27"
"2022-01-01","Nova Scotia","2021A000212","Apples, per kilogram","5.57"
"2022-01-01","Nova Scotia","2021A000212","Bananas, per kilogram","1.96"
"2022-01-01","Nova Scotia","2021A000212","Potatoes, 4.54 kilograms","4.03"
"2022-01-01","Nova Scotia","2021A000212","Tomatoes, per kilogram","6.51"
"2022-01-01","Nova Scotia","2021A000212","Carrots, 1.36 kilograms","3.02"
"2022-01-01","Nova Scotia","2021A000212","Onions, per kilogram","5.14"
"2022-01-01","Nova Scotia","2021A000212","White bread, 675 grams","3.08"
"2022-01-01","Nova Scotia","2021A000212","Dry or fresh pasta, 500 grams","2.90"
"2022-01-01","Nova Scotia","2021A000212","White rice, 2 kilograms","10.32"
"2022-01-01","Nova Scotia","2021A000212","Vegetable oil, 3 litres","11.55"
"2022-01-01","New Brunswick","2021A000213","Ground beef, per kilogram","11.01"
"2022-01-01","New Brunswick","2021A000213","Whole chicken, per kilogram","6.15"
"2022-01-01","New Brunswick","2021A000213","Milk, 2 litres","4.15"
"2022-01-01","New Brunswick","2021A000213","Block cheese, 500 grams","6.52"
"2022-01-01","New Brunswick","2021A000213","Yogurt, 500 grams","3.22"
"2022-01-01","New Brunswick","2021A000213","Eggs, 1 dozen","4.07"
"2022-01-01","New Brunswick","2021A000213","Apples, per kilogram","5.55"
"2022-01-01","New Brunswick","2021A000213","Bananas, per kilogram","1.96"
"2022-01-01","New Brunswick","2021A000213","Potatoes, 4.54 kilograms","4.14"
"2022-01-01","New Brunswick","2021A000213","Tomatoes, per kilogram","6.50"
"2022-01-01","New Brunswick","2021A000213","Carrots, 1.36 kilograms","3.03"
"2022-01-01","New Brunswick","2021A000213","Onions, per kilogram","5.12"
"2022-01-01","New Brunswick","2021A000213","White bread, 675 grams","3.17"
"2022-01-01","New Brunswick","2021A000213","Dry or fresh pasta, 500 grams","2.63"
"2022-01-01","New Brunswick","2021A000213","White rice, 2 kilograms","10.33"
"2022-01-01","New Brunswick","2021A000213","Vegetable oil, 3 litres","11.96"
"2022-01-01","Quebec","2021A000224","Ground beef, per kilogram","10.63"
"2022-01-01","Quebec","2021A000224","Whole chicken, per kilogram","4.99"
"2022-01-01","Quebec","2021A000224","Milk, 2 litres","4.55"
"2022-01-01","Quebec","2021A000224","Block cheese, 500 grams","6.06"
"2022-01-01","Quebec","2021A000224","Yogurt, 500 grams","2.68"
"2022-01-01","Quebec","2021A000224","Eggs, 1 dozen","3.10"
"2022-01-01","Quebec","2021A000224","Apples, per kilogram","5.00"
"2022-01-01","Quebec","2021A000224","Bananas, per kilogram","1.84"
"2022-01-01","Quebec","2021A000224","Potatoes, 4.54 kilograms","4.61"
"2022-01-01","Quebec","2021A000224","Tomatoes, per kilogram","6.22"
"2022-01-01","Quebec","2021A000224","Carrots, 1.36 kilograms","2.99"
"2022-01-01","Quebec","2021A000224","Onions, per kilogram","4.27"
"2022-01-01","Quebec","2021A000224","White bread, 675 grams","3.51"
"2022-01-01","Quebec","2021A000224","Dry or fresh pasta, 500 grams","2.57"
"2022-01-01","Quebec","2021A000224","White rice, 2 kilograms","9.36"
"2022-01-01","Quebec","2021A000224","Vegetable oil, 3 litres","8.80"
"2022-01-01","Ontario","2021A000235","Ground beef, per kilogram","10.31"
"2022-01-01","Ontario","2021A000235","Whole chicken, per kilogram","5.94"
"2022-01-01","Ontario","2021A000235","Milk, 2 litres","5.01"
"2022-01-01","Ontario","2021A000235","Block cheese, 500 grams","6.29"
"2022-01-01","Ontario","2021A000235","Yogurt, 500 grams","2.68"
"2022-01-01","Ontario","2021A000235","Eggs, 1 dozen","4.11"
"2022-01-01","Ontario","2021A000235","Apples, per kilogram","4.92"
"2022-01-01","Ontario","2021A000235","Bananas, per kilogram","1.48"
"2022-01-01","Ontario","2021A000235","Potatoes, 4.54 kilograms","4.13"
"2022-01-01","Ontario","2021A000235","Tomatoes, per kilogram","5.51"
"2022-01-01","Ontario","2021A000235","Carrots, 1.36 kilograms","2.66"
"2022-01-01","Ontario","2021A000235","Onions, per kilogram","4.75"
"2022-01-01","Ontario","2021A000235","White bread, 675 grams","2.64"
"2022-01-01","Ontario","2021A000235","Dry or fresh pasta, 500 grams","2.92"
"2022-01-01","Ontario","2021A000235","White rice, 2 kilograms","8.30"
"2022-01-01","Ontario","2021A000235","Vegetable oil, 3 litres","8.09"
"2022-01-01","Manitoba","2021A000246","Ground beef, per kilogram","10.60"
"2022-01-01","Manitoba","2021A000246","Whole chicken, per kilogram","6.11"
"2022-01-01","Manitoba","2021A000246","Milk, 2 litres","3.83"
"2022-01-01","Manitoba","2021A000246","Block cheese, 500 grams","6.33"
"2022-01-01","Manitoba","2021A000246","Yogurt, 500 grams","2.83"
"2022-01-01","Manitoba","2021A000246","Eggs, 1 dozen","3.98"
"2022-01-01","Manitoba","2021A000246","Apples, per kilogram","4.98"
"2022-01-01","Manitoba","2021A000246","Bananas, per kilogram","1.65"
"2022-01-01","Manitoba","2021A000246","Potatoes, 4.54 kilograms","6.12"
"2022-01-01","Manitoba","2021A000246","Tomatoes, per kilogram","5.50"
"2022-01-01","Manitoba","2021A000246","Carrots, 1.36 kilograms","3.74"
"2022-01-01","Manitoba","2021A000246","Onions, per kilogram","4.36"
"2022-01-01","Manitoba","2021A000246","White bread, 675 grams","3.03"
"2022-01-01","Manitoba","2021A000246","Dry or fresh pasta, 500 grams","2.45"
"2022-01-01","Manitoba","2021A000246","White rice, 2 kilograms","7.72"
"2022-01-01","Manitoba","2021A000246","Vegetable oil, 3 litres","11.76"
"2022-01-01","Saskatchewan","2021A000247","Ground beef, per kilogram","10.58"
"2022-01-01","Saskatchewan","2021A000247","Whole chicken, per kilogram","5.75"
"2022-01-01","Saskatchewan","2021A000247","Milk, 2 litres","4.30"
"2022-01-01","Saskatchewan","2021A000247","Block cheese, 500 grams","6.31"
"2022-01-01","Saskatchewan","2021A000247","Yogurt, 500 grams","2.86"
"2022-01-01","Saskatchewan","2021A000247","Eggs, 1 dozen","4.00"
"2022-01-01","Saskatchewan","2021A000247","Apples, per kilogram","5.16"
"2022-01-01","Saskatchewan","2021A000247","Bananas, per kilogram","1.73"
"2022-01-01","Saskatchewan","2021A000247","Potatoes, 4.54 kilograms","6.20"
"2022-01-01","Saskatchewan","2021A000247","Tomatoes, per kilogram","5.63"
"2022-01-01","Saskatchewan","2021A000247","Carrots, 1.36 kilograms","3.82"
"2022-01-01","Saskatchewan","2021A000247","Onions, per kilogram","4.39"
"2022-01-01","Saskatchewan","2021A000247","White bread, 675 grams","3.17"
"2022-01-01","Saskatchewan","2021A000247","Dry or fresh pasta, 500 grams","2.55"
"2022-01-01","Saskatchewan","2021A000247","White rice, 2 kilograms","7.88"
"2022-01-01","Saskatchewan","2021A000247","Vegetable oil, 3 litres","13.35"
"2022-01-01","Alberta","2021A000248","Ground beef, per kilogram","11.00"
"2022-01-01","Alberta","2021A000248","Whole chicken, per kilogram","7.35"
"2022-01-01","Alberta","2021A000248","Milk, 2 litres","4.40"
"2022-01-01","Alberta","2021A000248","Block cheese, 500 grams","6.50"
"2022-01-01","Alberta","2021A000248","Yogurt, 500 grams","2.94"
"2022-01-01","Alberta","2021A000248","Eggs, 1 dozen","4.18"
"2022-01-01","Alberta","2021A000248","Apples, per kilogram","5.12"
"2022-01-01","Alberta","2021A000248","Bananas, per kilogram","1.76"
"2022-01-01","Alberta","2021A000248","Potatoes, 4.54 kilograms","6.28"
"2022-01-01","Alberta","2021A000248","Tomatoes, per kilogram","5.68"
"2022-01-01","Alberta","2021A000248","Carrots, 1.36 kilograms","3.89"
"2022-01-01","Alberta","2021A000248","Onions, per kilogram","4.46"
"2022-01-01","Alberta","2021A000248","White bread, 675 grams","3.17"
"2022-01-01","Alberta","2021A000248","Dry or fresh pasta, 500 grams","2.61"
"2022-01-01","Alberta","2021A000248","White rice, 2 kilograms","8.57"
"2022-01-01","Alberta","2021A000248","Vegetable oil, 3 litres","13.20"
"2022-01-01","British Columbia","2021A000259","Ground beef, per kilogram","11.07"
"2022-01-01","British Columbia","2021A000259","Whole chicken, per kilogram","6.85"
"2022-01-01","British Columbia","2021A000259","Milk, 2 litres","4.39"
"2022-01-01","British Columbia","2021A000259","Block cheese, 500 grams","6.53"
"2022-01-01","British Columbia","2021A000259","Yogurt, 500 grams","2.95"
"2022-01-01","British Columbia","2021A000259","Eggs, 1 dozen","4.74"
"2022-01-01","British Columbia","2021A000259","Apples, per kilogram","5.00"
"2022-01-01","British Columbia","2021A000259","Bananas, per kilogram","1.66"
"2022-01-01","British Columbia","2021A000259","Potatoes, 4.54 kilograms","5.88"
"2022-01-01","British Columbia","2021A000259","Tomatoes, per kilogram","5.64"
"2022-01-01","British Columbia","2021A000259","Carrots, 1.36 kilograms","4.13"
"2022-01-01","British Columbia","2021A000259","Onions, per kilogram","4.30"
"2022-01-01","British Columbia","2021A000259","White bread, 675 grams","3.45"
"2022-01-01","British Columbia","2021A000259","Dry or fresh pasta, 500 grams","2.82"
"2022-01-01","British Columbia","2021A000259","White rice, 2 kilograms","8.94"
"2022-01-01","British Columbia","2021A000259","Vegetable oil, 3 litres","12.67"
"2022-02-01","Newfoundland and Labrador","2021A000210","Ground beef, per kilogram","9.96"
"2022-02-01","Newfoundland and Labrador","2021A000210","Whole chicken, per kilogram","5.66"
"2022-02-01","Newfoundland and Labrador","2021A000210","Milk, 2 litres","4.18"
"2022-02-01","Newfoundland and Labrador","2021A000210","Block cheese, 500 grams","6.57"
"2022-02-01","Newfoundland and Labrador","2021A000210","Yogurt, 500 grams","3.38"
"2022-02-01","Newfoundland and Labrador","2021A000210","Eggs, 1 dozen","4.24"
"2022-02-01","Newfoundland and Labrador","2021A000210","Apples, per kilogram","6.39"
"2022-02-01","Newfoundland and Labrador","2021A000210","Bananas, per kilogram","2.07"
"2022-02-01","Newfoundland and Labrador","2021A000210","Potatoes, 4.54 kilograms","5.38"
"2022-02-01","Newfoundland and Labrador","2021A000210","Tomatoes, per kilogram","6.81"
"2022-02-01","Newfoundland and Labrador","2021A000210","Carrots, 1.36 kilograms","3.54"
"2022-02-01","Newfoundland and Labrador","2021A000210","Onions, per kilogram","5.38"
"2022-02-01","Newfoundland and Labrador","2021A000210","White bread, 675 grams","3.42"
"2022-02-01","Newfoundland and Labrador","2021A000210","Dry or fresh pasta, 500 grams","3.03"
"2022-02-01","Newfoundland and Labrador","2021A000210","White rice, 2 kilograms","11.10"
"2022-02-01","Newfoundland and Labrador","2021A000210","Vegetable oil, 3 litres","11.62"
"2022-02-01","Prince Edward Island","2021A000211","Ground beef, per kilogram","9.94"
"2022-02-01","Prince Edward Island","2021A000211","Whole chicken, per kilogram","5.72"
"2022-02-01","Prince Edward Island","2021A000211","Milk, 2 litres","4.17"
"2022-02-01","Prince Edward Island","2021A000211","Block cheese, 500 grams","6.65"
"2022-02-01","Prince Edward Island","2021A000211","Yogurt, 500 grams","3.31"
"2022-02-01","Prince Edward Island","2021A000211","Eggs, 1 dozen","4.26"
"2022-02-01","Prince Edward Island","2021A000211","Apples, per kilogram","5.68"
"2022-02-01","Prince Edward Island","2021A000211","Bananas, per kilogram","1.96"
"2022-02-01","Prince Edward Island","2021A000211","Potatoes, 4.54 kilograms","3.56"
"2022-02-01","Prince Edward Island","2021A000211","Tomatoes, per kilogram","6.34"
"2022-02-01","Prince Edward Island","2021A000211","Carrots, 1.36 kilograms","3.25"
"2022-02-01","Prince Edward Island","2021A000211","Onions, per kilogram","5.49"
"2022-02-01","Prince Edward Island","2021A000211","White bread, 675 grams","3.04"
"2022-02-01","Prince Edward Island","2021A000211","Dry or fresh pasta, 500 grams","3.16"
"2022-02-01","Prince Edward Island","2021A000211","White rice, 2 kilograms","10.77"
"2022-02-01","Prince Edward Island","2021A000211","Vegetable oil, 3 litres","12.43"
"2022-02-01","Nova Scotia","2021A000212","Ground beef, per kilogram","9.71"
"2022-02-01","Nova Scotia","2021A000212","Whole chicken, per kilogram","5.64"
"2022-02-01","Nova Scotia","2021A000212","Milk, 2 litres","4.22"
"2022-02-01","Nova Scotia","2021A000212","Block cheese, 500 grams","6.58"
"2022-02-01","Nova Scotia","2021A000212","Yogurt, 500 grams","3.25"
"2022-02-01","Nova Scotia","2021A000212","Eggs, 1 dozen","4.25"
"2022-02-01","Nova Scotia","2021A000212","Apples, per kilogram","5.66"
"2022-02-01","Nova Scotia","2021A000212","Bananas, per kilogram","1.96"
"2022-02-01","Nova Scotia","2021A000212","Potatoes, 4.54 kilograms","3.58"
"2022-02-01","Nova Scotia","2021A000212","Tomatoes, per kilogram","6.35"
"2022-02-01","Nova Scotia","2021A000212","Carrots, 1.36 kilograms","3.23"
"2022-02-01","Nova Scotia","2021A000212","Onions, per kilogram","5.46"
"2022-02-01","Nova Scotia","2021A000212","White bread, 675 grams","3.12"
"2022-02-01","Nova Scotia","2021A000212","Dry or fresh pasta, 500 grams","3.09"
"2022-02-01","Nova Scotia","2021A000212","White rice, 2 kilograms","10.89"
"2022-02-01","Nova Scotia","2021A000212","Vegetable oil, 3 litres","12.32"
"2022-02-01","New Brunswick","2021A000213","Ground beef, per kilogram","9.81"
"2022-02-01","New Brunswick","2021A000213","Whole chicken, per kilogram","5.31"
"2022-02-01","New Brunswick","2021A000213","Milk, 2 litres","4.39"
"2022-02-01","New Brunswick","2021A000213","Block cheese, 500 grams","6.54"
"2022-02-01","New Brunswick","2021A000213","Yogurt, 500 grams","3.30"
"2022-02-01","New Brunswick","2021A000213","Eggs, 1 dozen","4.16"
"2022-02-01","New Brunswick","2021A000213","Apples, per kilogram","5.73"
"2022-02-01","New Brunswick","2021A000213","Bananas, per kilogram","1.96"
"2022-02-01","New Brunswick","2021A000213","Potatoes, 4.54 kilograms","3.69"
"2022-02-01","New Brunswick","2021A000213","Tomatoes, per kilogram","6.44"
"2022-02-01","New Brunswick","2021A000213","Carrots, 1.36 kilograms","3.24"
"2022-02-01","New Brunswick","2021A000213","Onions, per kilogram","5.44"
"2022-02-01","New Brunswick","2021A000213","White bread, 675 grams","3.21"
"2022-02-01","New Brunswick","2021A000213","Dry or fresh pasta, 500 grams","2.89"
"2022-02-01","New Brunswick","2021A000213","White rice, 2 kilograms","10.84"
"2022-02-01","New Brunswick","2021A000213","Vegetable oil, 3 litres","12.47"
"2022-02-01","Quebec","2021A000224","Ground beef, per kilogram","10.79"
"2022-02-01","Quebec","2021A000224","Whole chicken, per kilogram","4.92"
"2022-02-01","Quebec","2021A000224","Milk, 2 litres","4.71"
"2022-02-01","Quebec","2021A000224","Block cheese, 500 grams","6.13"
"2022-02-01","Quebec","2021A000224","Yogurt, 500 grams","3.07"
"2022-02-01","Quebec","2021A000224","Eggs, 1 dozen","3.80"
"2022-02-01","Quebec","2021A000224","Apples, per kilogram","5.20"
"2022-02-01","Quebec","2021A000224","Bananas, per kilogram","1.84"
"2022-02-01","Quebec","2021A000224","Potatoes, 4.54 kilograms","3.50"
"2022-02-01","Quebec","2021A000224","Tomatoes, per kilogram","6.19"
"2022-02-01","Quebec","2021A000224","Carrots, 1.36 kilograms","2.88"
"2022-02-01","Quebec","2021A000224","Onions, per kilogram","4.40"
"2022-02-01","Quebec","2021A000224","White bread, 675 grams","3.73"
"2022-02-01","Quebec","2021A000224","Dry or fresh pasta, 500 grams","2.94"
"2022-02-01","Quebec","2021A000224","White rice, 2 kilograms","9.78"
"2022-02-01","Quebec","2021A000224","Vegetable oil, 3 litres","9.93"
"2022-02-01","Ontario","2021A000235","Ground beef, per kilogram","10.02"
"2022-02-01","Ontario","2021A000235","Whole chicken, per kilogram","5.81"
"2022-02-01","Ontario","2021A000235","Milk, 2 litres","5.26"
"2022-02-01","Ontario","2021A000235","Block cheese, 500 grams","6.55"
"2022-02-01","Ontario","2021A000235","Yogurt, 500 grams","2.79"
"2022-02-01","Ontario","2021A000235","Eggs, 1 dozen","4.09"
"2022-02-01","Ontario","2021A000235","Apples, per kilogram","4.54"
"2022-02-01","Ontario","2021A000235","Bananas, per kilogram","1.48"
"2022-02-01","Ontario","2021A000235","Potatoes, 4.54 kilograms","3.36"
"2022-02-01","Ontario","2021A000235","Tomatoes, per kilogram","5.03"
"2022-02-01","Ontario","2021A000235","Carrots, 1.36 kilograms","3.02"
"2022-02-01","Ontario","2021A000235","Onions, per kilogram","5.22"
"2022-02-01","Ontario","2021A000235","White bread, 675 grams","2.70"
"2022-02-01","Ontario","2021A000235","Dry or fresh pasta, 500 grams","2.96"
"2022-02-01","Ontario","2021A000235","White rice, 2 kilograms","8.49"
"2022-02-01","Ontario","2021A000235","Vegetable oil, 3 litres","10.36"
"2022-02-01","Manitoba","2021A000246","Ground beef, per kilogram","9.87"
"2022-02-01","Manitoba","2021A000246","Whole chicken, per kilogram","6.16"
"2022-02-01","Manitoba","2021A000246","Milk, 2 litres","4.02"
"2022-02-01","Manitoba","2021A000246","Block cheese, 500 grams","6.46"
"2022-02-01","Manitoba","2021A000246","Yogurt, 500 grams","2.85"
"2022-02-01","Manitoba","2021A000246","Eggs, 1 dozen","3.62"
"2022-02-01","Manitoba","2021A000246","Apples, per kilogram","5.00"
"2022-02-01","Manitoba","2021A000246","Bananas, per kilogram","1.66"
"2022-02-01","Manitoba","2021A000246","Potatoes, 4.54 kilograms","6.60"
"2022-02-01","Manitoba","2021A000246","Tomatoes, per kilogram","5.26"
"2022-02-01","Manitoba","2021A000246","Carrots, 1.36 kilograms","4.27"
"2022-02-01","Manitoba","2021A000246","Onions, per kilogram","4.49"
"2022-02-01","Manitoba","2021A000246","White bread, 675 grams","2.93"
"2022-02-01","Manitoba","2021A000246","Dry or fresh pasta, 500 grams","2.62"
"2022-02-01","Manitoba","2021A000246","White rice, 2 kilograms","8.11"
"2022-02-01","Manitoba","2021A000246","Vegetable oil, 3 litres","12.63"
"2022-02-01","Saskatchewan","2021A000247","Ground beef, per kilogram","10.13"
"2022-02-01","Saskatchewan","2021A000247","Whole chicken, per kilogram","6.35"
"2022-02-01","Saskatchewan","2021A000247","Milk, 2 litres","4.53"
"2022-02-01","Saskatchewan","2021A000247","Block cheese, 500 grams","6.44"
"2022-02-01","Saskatchewan","2021A000247","Yogurt, 500 grams","2.84"
"2022-02-01","Saskatchewan","2021A000247","Eggs, 1 dozen","3.70"
"2022-02-01","Saskatchewan","2021A000247","Apples, per kilogram","5.07"
"2022-02-01","Saskatchewan","2021A000247","Bananas, per kilogram","1.73"
"2022-02-01","Saskatchewan","2021A000247","Potatoes, 4.54 kilograms","6.72"
"2022-02-01","Saskatchewan","2021A000247","Tomatoes, per kilogram","5.42"
"2022-02-01","Saskatchewan","2021A000247","Carrots, 1.36 kilograms","4.29"
"2022-02-01","Saskatchewan","2021A000247","Onions, per kilogram","4.48"
"2022-02-01","Saskatchewan","2021A000247","White bread, 675 grams","3.08"
"2022-02-01","Saskatchewan","2021A000247","Dry or fresh pasta, 500 grams","2.76"
"2022-02-01","Saskatchewan","2021A000247","White rice, 2 kilograms","8.38"
"2022-02-01","Saskatchewan","2021A000247","Vegetable oil, 3 litres","13.59"
"2022-02-01","Alberta","2021A000248","Ground beef, per kilogram","10.47"
"2022-02-01","Alberta","2021A000248","Whole chicken, per kilogram","6.28"
"2022-02-01","Alberta","2021A000248","Milk, 2 litres","4.67"
"2022-02-01","Alberta","2021A000248","Block cheese, 500 grams","6.60"
"2022-02-01","Alberta","2021A000248","Yogurt, 500 grams","2.91"
"2022-02-01","Alberta","2021A000248","Eggs, 1 dozen","3.96"
"2022-02-01","Alberta","2021A000248","Apples, per kilogram","4.98"
"2022-02-01","Alberta","2021A000248","Bananas, per kilogram","1.76"
"2022-02-01","Alberta","2021A000248","Potatoes, 4.54 kilograms","6.66"
"2022-02-01","Alberta","2021A000248","Tomatoes, per kilogram","5.37"
"2022-02-01","Alberta","2021A000248","Carrots, 1.36 kilograms","4.35"
"2022-02-01","Alberta","2021A000248","Onions, per kilogram","4.49"
"2022-02-01","Alberta","2021A000248","White bread, 675 grams","3.15"
"2022-02-01","Alberta","2021A000248","Dry or fresh pasta, 500 grams","2.75"
"2022-02-01","Alberta","2021A000248","White rice, 2 kilograms","8.87"
"2022-02-01","Alberta","2021A000248","Vegetable oil, 3 litres","12.60"
"2022-02-01","British Columbia","2021A000259","Ground beef, per kilogram","10.72"
"2022-02-01","British Columbia","2021A000259","Whole chicken, per kilogram","5.98"
"2022-02-01","British Columbia","2021A000259","Milk, 2 litres","4.75"
"2022-02-01","British Columbia","2021A000259","Block cheese, 500 grams","6.57"
"2022-02-01","British Columbia","2021A000259","Yogurt, 500 grams","2.93"
"2022-02-01","British Columbia","2021A000259","Eggs, 1 dozen","4.58"
"2022-02-01","British Columbia","2021A000259","Apples, per kilogram","4.99"
"2022-02-01","British Columbia","2021A000259","Bananas, per kilogram","1.66"
"2022-02-01","British Columbia","2021A000259","Potatoes, 4.54 kilograms","6.38"
"2022-02-01","British Columbia","2021A000259","Tomatoes, per kilogram","5.31"
"2022-02-01","British Columbia","2021A000259","Carrots, 1.36 kilograms","4.60"
"2022-02-01","British Columbia","2021A000259","Onions, per kilogram","4.41"
"2022-02-01","British Columbia","2021A000259","White bread, 675 grams","3.44"
"2022-02-01","British Columbia","2021A000259","Dry or fresh pasta, 500 grams","2.93"
"2022-02-01","British Columbia","2021A000259","White rice, 2 kilograms","9.11"
"2022-02-01","British Columbia","2021A000259","Vegetable oil, 3 litres","12.81"
"2022-03-01","Newfoundland and Labrador","2021A000210","Ground beef, per kilogram","10.35"
"2022-03-01","Newfoundland and Labrador","2021A000210","Whole chicken, per kilogram","5.90"
"2022-03-01","Newfoundland and Labrador","2021A000210","Milk, 2 litres","4.21"
"2022-03-01","Newfoundland and Labrador","2021A000210","Block cheese, 500 grams","6.90"
"2022-03-01","Newfoundland and Labrador","2021A000210","Yogurt, 500 grams","3.51"
"2022-03-01","Newfoundland and Labrador","2021A000210","Eggs, 1 dozen","4.28"
"2022-03-01","Newfoundland and Labrador","2021A000210","Apples, per kilogram","6.11"
"2022-03-01","Newfoundland and Labrador","2021A000210","Bananas, per kilogram","2.12"
"2022-03-01","Newfoundland and Labrador","2021A000210","Potatoes, 4.54 kilograms","5.18"
"2022-03-01","Newfoundland and Labrador","2021A000210","Tomatoes, per kilogram","6.31"
"2022-03-01","Newfoundland and Labrador","2021A000210","Carrots, 1.36 kilograms","3.55"
"2022-03-01","Newfoundland and Labrador","2021A000210","Onions, per kilogram","5.58"
"2022-03-01","Newfoundland and Labrador","2021A000210","White bread, 675 grams","3.57"
"2022-03-01","Newfoundland and Labrador","2021A000210","Dry or fresh pasta, 500 grams","3.48"
"2022-03-01","Newfoundland and Labrador","2021A000210","White rice, 2 kilograms","10.96"
"2022-03-01","Newfoundland and Labrador","2021A000210","Vegetable oil, 3 litres","11.00"
"2022-03-01","Prince Edward Island","2021A000211","Ground beef, per kilogram","10.27"
"2022-03-01","Prince Edward Island","2021A000211","Whole chicken, per kilogram","5.70"
"2022-03-01","Prince Edward Island","2021A000211","Milk, 2 litres","4.18"
"2022-03-01","Prince Edward Island","2021A000211","Block cheese, 500 grams","7.10"
"2022-03-01","Prince Edward Island","2021A000211","Yogurt, 500 grams","3.42"
"2022-03-01","Prince Edward Island","2021A000211","Eggs, 1 dozen","4.32"
"2022-03-01","Prince Edward Island","2021A000211","Apples, per kilogram","5.87"
"2022-03-01","Prince Edward Island","2021A000211","Bananas, per kilogram","1.97"
"2022-03-01","Prince Edward Island","2021A000211","Potatoes, 4.54 kilograms","4.03"
"2022-03-01","Prince Edward Island","2021A000211","Tomatoes, per kilogram","5.45"
"2022-03-01","Prince Edward Island","2021A000211","Carrots, 1.36 kilograms","3.17"
"2022-03-01","Prince Edward Island","2021A000211","Onions, per kilogram","5.75"
"2022-03-01","Prince Edward Island","2021A000211","White bread, 675 grams","3.14"
"2022-03-01","Prince Edward Island","2021A000211","Dry or fresh pasta, 500 grams","3.45"
"2022-03-01","Prince Edward Island","2021A000211","White rice, 2 kilograms","10.68"
"2022-03-01","Prince Edward Island","2021A000211","Vegetable oil, 3 litres","11.82"
"2022-03-01","Nova Scotia","2021A000212","Ground beef, per kilogram","9.97"
"2022-03-01","Nova Scotia","2021A000212","Whole chicken, per kilogram","5.79"
"2022-03-01","Nova Scotia","2021A000212","Milk, 2 litres","4.25"
"2022-03-01","Nova Scotia","2021A000212","Block cheese, 500 grams","7.09"
"2022-03-01","Nova Scotia","2021A000212","Yogurt, 500 grams","3.35"
"2022-03-01","Nova Scotia","2021A000212","Eggs, 1 dozen","4.29"
"2022-03-01","Nova Scotia","2021A000212","Apples, per kilogram","5.82"
"2022-03-01","Nova Scotia","2021A000212","Bananas, per kilogram","1.96"
"2022-03-01","Nova Scotia","2021A000212","Potatoes, 4.54 kilograms","3.94"
"2022-03-01","Nova Scotia","2021A000212","Tomatoes, per kilogram","5.30"
"2022-03-01","Nova Scotia","2021A000212","Carrots, 1.36 kilograms","3.08"
"2022-03-01","Nova Scotia","2021A000212","Onions, per kilogram","5.68"
"2022-03-01","Nova Scotia","2021A000212","White bread, 675 grams","3.16"
"2022-03-01","Nova Scotia","2021A000212","Dry or fresh pasta, 500 grams","3.50"
"2022-03-01","Nova Scotia","2021A000212","White rice, 2 kilograms","10.60"
"2022-03-01","Nova Scotia","2021A000212","Vegetable oil, 3 litres","11.59"
"2022-03-01","New Brunswick","2021A000213","Ground beef, per kilogram","10.00"
"2022-03-01","New Brunswick","2021A000213","Whole chicken, per kilogram","5.43"
"2022-03-01","New Brunswick","2021A000213","Milk, 2 litres","4.41"
"2022-03-01","New Brunswick","2021A000213","Block cheese, 500 grams","7.09"
"2022-03-01","New Brunswick","2021A000213","Yogurt, 500 grams","3.41"
"2022-03-01","New Brunswick","2021A000213","Eggs, 1 dozen","4.20"
"2022-03-01","New Brunswick","2021A000213","Apples, per kilogram","6.03"
"2022-03-01","New Brunswick","2021A000213","Bananas, per kilogram","1.97"
"2022-03-01","New Brunswick","2021A000213","Potatoes, 4.54 kilograms","4.11"
"2022-03-01","New Brunswick","2021A000213","Tomatoes, per kilogram","5.28"
"2022-03-01","New Brunswick","2021A000213","Carrots, 1.36 kilograms","3.21"
"2022-03-01","New Brunswick","2021A000213","Onions, per kilogram","5.62"
"2022-03-01","New Brunswick","2021A000213","White bread, 675 grams","3.35"
"2022-03-01","New Brunswick","2021A000213","Dry or fresh pasta, 500 grams","3.36"
"2022-03-01","New Brunswick","2021A000213","White rice, 2 kilograms","10.80"
"2022-03-01","New Brunswick","2021A000213","Vegetable oil, 3 litres","11.66"
"2022-03-01","Quebec","2021A000224","Ground beef, per kilogram","10.05"
"2022-03-01","Quebec","2021A000224","Whole chicken, per kilogram","4.59"
"2022-03-01","Quebec","2021A000224","Milk, 2 litres","4.74"
"2022-03-01","Quebec","2021A000224","Block cheese, 500 grams","6.07"
"2022-03-01","Quebec","2021A000224","Yogurt, 500 grams","3.05"
"2022-03-01","Quebec","2021A000224","Eggs, 1 dozen","3.92"
"2022-03-01","Quebec","2021A000224","Apples, per kilogram","5.82"
"2022-03-01","Quebec","2021A000224","Bananas, per kilogram","1.84"
"2022-03-01","Quebec","2021A000224","Potatoes, 4.54 kilograms","4.02"
"2022-03-01","Quebec","2021A000224","Tomatoes, per kilogram","4.83"
"2022-03-01","Quebec","2021A000224","Carrots, 1.36 kilograms","3.42"
"2022-03-01","Quebec","2021A000224","Onions, per kilogram","4.53"
"2022-03-01","Quebec","2021A000224","White bread, 675 grams","3.82"
"2022-03-01","Quebec","2021A000224","Dry or fresh pasta, 500 grams","3.09"
"2022-03-01","Quebec","2021A000224","White rice, 2 kilograms","10.06"
"2022-03-01","Quebec","2021A000224","Vegetable oil, 3 litres","9.87"
"2022-03-01","Ontario","2021A000235","Ground beef, per kilogram","10.16"
"2022-03-01","Ontario","2021A000235","Whole chicken, per kilogram","6.03"
"2022-03-01","Ontario","2021A000235","Milk, 2 litres","5.26"
"2022-03-01","Ontario","2021A000235","Block cheese, 500 grams","6.84"
"2022-03-01","Ontario","2021A000235","Yogurt, 500 grams","2.84"
"2022-03-01","Ontario","2021A000235","Eggs, 1 dozen","4.24"
"2022-03-01","Ontario","2021A000235","Apples, per kilogram","5.28"
"2022-03-01","Ontario","2021A000235","Bananas, per kilogram","1.49"
"2022-03-01","Ontario","2021A000235","Potatoes, 4.54 kilograms","3.81"
"2022-03-01","Ontario","2021A000235","Tomatoes, per kilogram","4.20"
"2022-03-01","Ontario","2021A000235","Carrots, 1.36 kilograms","3.40"
"2022-03-01","Ontario","2021A000235","Onions, per kilogram","5.58"
"2022-03-01","Ontario","2021A000235","White bread, 675 grams","2.79"
"2022-03-01","Ontario","2021A000235","Dry or fresh pasta, 500 grams","3.15"
"2022-03-01","Ontario","2021A000235","White rice, 2 kilograms","8.59"
"2022-03-01","Ontario","2021A000235","Vegetable oil, 3 litres","10.06"
"2022-03-01","Manitoba","2021A000246","Ground beef, per kilogram","9.51"
"2022-03-01","Manitoba","2021A000246","Whole chicken, per kilogram","6.00"
"2022-03-01","Manitoba","2021A000246","Milk, 2 litres","3.99"
"2022-03-01","Manitoba","2021A000246","Block cheese, 500 grams","6.68"
"2022-03-01","Manitoba","2021A000246","Yogurt, 500 grams","2.91"
"2022-03-01","Manitoba","2021A000246","Eggs, 1 dozen","3.81"
"2022-03-01","Manitoba","2021A000246","Apples, per kilogram","5.17"
"2022-03-01","Manitoba","2021A000246","Bananas, per kilogram","1.64"
"2022-03-01","Manitoba","2021A000246","Potatoes, 4.54 kilograms","6.75"
"2022-03-01","Manitoba","2021A000246","Tomatoes, per kilogram","4.64"
"2022-03-01","Manitoba","2021A000246","Carrots, 1.36 kilograms","4.47"
"2022-03-01","Manitoba","2021A000246","Onions, per kilogram","4.92"
"2022-03-01","Manitoba","2021A000246","White bread, 675 grams","2.98"
"2022-03-01","Manitoba","2021A000246","Dry or fresh pasta, 500 grams","2.89"
"2022-03-01","Manitoba","2021A000246","White rice, 2 kilograms","8.03"
"2022-03-01","Manitoba","2021A000246","Vegetable oil, 3 litres","11.55"
"2022-03-01","Saskatchewan","2021A000247","Ground beef, per kilogram","9.75"
"2022-03-01","Saskatchewan","2021A000247","Whole chicken, per kilogram","5.85"
"2022-03-01","Saskatchewan","2021A000247","Milk, 2 litres","4.56"
"2022-03-01","Saskatchewan","2021A000247","Block cheese, 500 grams","6.70"
"2022-03-01","Saskatchewan","2021A000247","Yogurt, 500 grams","2.94"
"2022-03-01","Saskatchewan","2021A000247","Eggs, 1 dozen","3.86"
"2022-03-01","Saskatchewan","2021A000247","Apples, per kilogram","5.32"
"2022-03-01","Saskatchewan","2021A000247","Bananas, per kilogram","1.73"
"2022-03-01","Saskatchewan","2021A000247","Potatoes, 4.54 kilograms","6.86"
"2022-03-01","Saskatchewan","2021A000247","Tomatoes, per kilogram","4.81"
"2022-03-01","Saskatchewan","2021A000247","Carrots, 1.36 kilograms","4.57"
"2022-03-01","Saskatchewan","2021A000247","Onions, per kilogram","4.97"
"2022-03-01","Saskatchewan","2021A000247","White bread, 675 grams","3.15"
"2022-03-01","Saskatchewan","2021A000247","Dry or fresh pasta, 500 grams","3.05"
"2022-03-01","Saskatchewan","2021A000247","White rice, 2 kilograms","8.29"
"2022-03-01","Saskatchewan","2021A000247","Vegetable oil, 3 litres","11.99"
"2022-03-01","Alberta","2021A000248","Ground beef, per kilogram","10.28"
"2022-03-01","Alberta","2021A000248","Whole chicken, per kilogram","6.03"
"2022-03-01","Alberta","2021A000248","Milk, 2 litres","4.71"
"2022-03-01","Alberta","2021A000248","Block cheese, 500 grams","6.80"
"2022-03-01","Alberta","2021A000248","Yogurt, 500 grams","2.96"
"2022-03-01","Alberta","2021A000248","Eggs, 1 dozen","4.10"
"2022-03-01","Alberta","2021A000248","Apples, per kilogram","5.24"
"2022-03-01","Alberta","2021A000248","Bananas, per kilogram","1.76"
"2022-03-01","Alberta","2021A000248","Potatoes, 4.54 kilograms","6.76"
"2022-03-01","Alberta","2021A000248","Tomatoes, per kilogram","4.78"
"2022-03-01","Alberta","2021A000248","Carrots, 1.36 kilograms","4.70"
"2022-03-01","Alberta","2021A000248","Onions, per kilogram","4.95"
"2022-03-01","Alberta","2021A000248","White bread, 675 grams","3.20"
"2022-03-01","Alberta","2021A000248","Dry or fresh pasta, 500 grams","3.05"
"2022-03-01","Alberta","2021A000248","White rice, 2 kilograms","9.08"
"2022-03-01","Alberta","2021A000248","Vegetable oil, 3 litres","11.24"
"2022-03-01","British Columbia","2021A000259","Ground beef, per kilogram","10.42"
"2022-03-01","British Columbia","2021A000259","Whole chicken, per kilogram","7.18"
"2022-03-01","British Columbia","2021A000259","Milk, 2 litres","4.76"
"2022-03-01","British Columbia","2021A000259","Block cheese, 500 grams","6.85"
"2022-03-01","British Columbia","2021A000259","Yogurt, 500 grams","3.02"
"2022-03-01","British Columbia","2021A000259","Eggs, 1 dozen","4.70"
"2022-03-01","British Columbia","2021A000259","Apples, per kilogram","5.32"
"2022-03-01","British Columbia","2021A000259","Bananas, per kilogram","1.65"
"2022-03-01","British Columbia","2021A000259","Potatoes, 4.54 kilograms","6.76"
"2022-03-01","British Columbia","2021A000259","Tomatoes, per kilogram","4.91"
"2022-03-01","British Columbia","2021A000259","Carrots, 1.36 kilograms","4.78"
"2022-03-01","British Columbia","2021A000259","Onions, per kilogram","4.78"
"2022-03-01","British Columbia","2021A000259","White bread, 675 grams","3.60"
"2022-03-01","British Columbia","2021A000259","Dry or fresh pasta, 500 grams","3.18"
"2022-03-01","British Columbia","2021A000259","White rice, 2 kilograms","9.02"
"2022-03-01","British Columbia","2021A000259","Vegetable oil, 3 litres","11.83"
"2022-04-01","Newfoundland and Labrador","2021A000210","Ground beef, per kilogram","9.99"
"2022-04-01","Newfoundland and Labrador","2021A000210","Whole chicken, per kilogram","5.55"
"2022-04-01","Newfoundland and Labrador","2021A000210","Milk, 2 litres","4.21"
"2022-04-01","Newfoundland and Labrador","2021A000210","Block cheese, 500 grams","6.52"
"2022-04-01","Newfoundland and Labrador","2021A000210","Yogurt, 500 grams","3.61"
"2022-04-01","Newfoundland and Labrador","2021A000210","Eggs, 1 dozen","4.75"
"2022-04-01","Newfoundland and Labrador","2021A000210","Apples, per kilogram","6.28"
"2022-04-01","Newfoundland and Labrador","2021A000210","Bananas, per kilogram","2.17"
"2022-04-01","Newfoundland and Labrador","2021A000210","Potatoes, 4.54 kilograms","5.38"
"2022-04-01","Newfoundland and Labrador","2021A000210","Tomatoes, per kilogram","5.48"
"2022-04-01","Newfoundland and Labrador","2021A000210","Carrots, 1.36 kilograms","4.10"
"2022-04-01","Newfoundland and Labrador","2021A000210","Onions, per kilogram","5.90"
"2022-04-01","Newfoundland and Labrador","2021A000210","White bread, 675 grams","3.70"
"2022-04-01","Newfoundland and Labrador","2021A000210","Dry or fresh pasta, 500 grams","3.07"
"2022-04-01","Newfoundland and Labrador","2021A000210","White rice, 2 kilograms","10.30"
"2022-04-01","Newfoundland and Labrador","2021A000210","Vegetable oil, 3 litres","11.69"
"2022-04-01","Prince Edward Island","2021A000211","Ground beef, per kilogram","10.64"
"2022-04-01","Prince Edward Island","2021A000211","Whole chicken, per kilogram","6.32"
"2022-04-01","Prince Edward Island","2021A000211","Milk, 2 litres","4.19"
"2022-04-01","Prince Edward Island","2021A000211","Block cheese, 500 grams","6.67"
"2022-04-01","Prince Edward Island","2021A000211","Yogurt, 500 grams","3.43"
"2022-04-01","Prince Edward Island","2021A000211","Eggs, 1 dozen","4.78"
"2022-04-01","Prince Edward Island","2021A000211","Apples, per kilogram","5.91"
"2022-04-01","Prince Edward Island","2021A000211","Bananas, per kilogram","1.99"
"2022-04-01","Prince Edward Island","2021A000211","Potatoes, 4.54 kilograms","4.59"
"2022-04-01","Prince Edward Island","2021A000211","Tomatoes, per kilogram","4.73"
"2022-04-01","Prince Edward Island","2021A000211","Carrots, 1.36 kilograms","3.78"
"2022-04-01","Prince Edward Island","2021A000211","Onions, per kilogram","6.00"
"2022-04-01","Prince Edward Island","2021A000211","White bread, 675 grams","3.27"
"2022-04-01","Prince Edward Island","2021A000211","Dry or fresh pasta, 500 grams","3.19"
"2022-04-01","Prince Edward Island","2021A000211","White rice, 2 kilograms","10.56"
"2022-04-01","Prince Edward Island","2021A000211","Vegetable oil, 3 litres","12.65"
"2022-04-01","Nova Scotia","2021A000212","Ground beef, per kilogram","10.38"
"2022-04-01","Nova Scotia","2021A000212","Whole chicken, per kilogram","5.97"
"2022-04-01","Nova Scotia","2021A000212","Milk, 2 litres","4.25"
"2022-04-01","Nova Scotia","2021A000212","Block cheese, 500 grams","6.62"
"2022-04-01","Nova Scotia","2021A000212","Yogurt, 500 grams","3.36"
"2022-04-01","Nova Scotia","2021A000212","Eggs, 1 dozen","4.82"
"2022-04-01","Nova Scotia","2021A000212","Apples, per kilogram","5.88"
"2022-04-01","Nova Scotia","2021A000212","Bananas, per kilogram","1.98"
"2022-04-01","Nova Scotia","2021A000212","Potatoes, 4.54 kilograms","4.61"
"2022-04-01","Nova Scotia","2021A000212","Tomatoes, per kilogram","4.60"
"2022-04-01","Nova Scotia","2021A000212","Carrots, 1.36 kilograms","3.74"
"2022-04-01","Nova Scotia","2021A000212","Onions, per kilogram","5.96"
"2022-04-01","Nova Scotia","2021A000212","White bread, 675 grams","3.33"
"2022-04-01","Nova Scotia","2021A000212","Dry or fresh pasta, 500 grams","3.12"
"2022-04-01","Nova Scotia","2021A000212","White rice, 2 kilograms","10.58"
"2022-04-01","Nova Scotia","2021A000212","Vegetable oil, 3 litres","12.32"
"2022-04-01","New Brunswick","2021A000213","Ground beef, per kilogram","10.69"
"2022-04-01","New Brunswick","2021A000213","Whole chicken, per kilogram","5.96"
"2022-04-01","New Brunswick","2021A000213","Milk, 2 litres","4.42"
"2022-04-01","New Brunswick","2021A000213","Block cheese, 500 grams","6.64"
"2022-04-01","New Brunswick","2021A000213","Yogurt, 500 grams","3.44"
"2022-04-01","New Brunswick","2021A000213","Eggs, 1 dozen","4.38"
"2022-04-01","New Brunswick","2021A000213","Apples, per kilogram","5.99"
"2022-04-01","New Brunswick","2021A000213","Bananas, per kilogram","1.98"
"2022-04-01","New Brunswick","2021A000213","Potatoes, 4.54 kilograms","4.81"
"2022-04-01","New Brunswick","2021A000213","Tomatoes, per kilogram","4.71"
"2022-04-01","New Brunswick","2021A000213","Carrots, 1.36 kilograms","3.84"
"2022-04-01","New Brunswick","2021A000213","Onions, per kilogram","5.88"
"2022-04-01","New Brunswick","2021A000213","White bread, 675 grams","3.45"
"2022-04-01","New Brunswick","2021A000213","Dry or fresh pasta, 500 grams","2.95"
"2022-04-01","New Brunswick","2021A000213","White rice, 2 kilograms","10.48"
"2022-04-01","New Brunswick","2021A000213","Vegetable oil, 3 litres","12.41"
"2022-04-01","Quebec","2021A000224","Ground beef, per kilogram","11.96"
"2022-04-01","Quebec","2021A000224","Whole chicken, per kilogram","5.20"
"2022-04-01","Quebec","2021A000224","Milk, 2 litres","4.79"
"2022-04-01","Quebec","2021A000224","Block cheese, 500 grams","6.57"
"2022-04-01","Quebec","2021A000224","Yogurt, 500 grams","3.11"
"2022-04-01","Quebec","2021A000224","Eggs, 1 dozen","3.10"
"2022-04-01","Quebec","2021A000224","Apples, per kilogram","5.73"
"2022-04-01","Quebec","2021A000224","Bananas, per kilogram","1.84"
"2022-04-01","Quebec","2021A000224","Potatoes, 4.54 kilograms","3.66"
"2022-04-01","Quebec","2021A000224","Tomatoes, per kilogram","4.33"
"2022-04-01","Quebec","2021A000224","Carrots, 1.36 kilograms","4.04"
"2022-04-01","Quebec","2021A000224","Onions, per kilogram","5.04"
"2022-04-01","Quebec","2021A000224","White bread, 675 grams","3.95"
"2022-04-01","Quebec","2021A000224","Dry or fresh pasta, 500 grams","3.02"
"2022-04-01","Quebec","2021A000224","White rice, 2 kilograms","10.42"
"2022-04-01","Quebec","2021A000224","Vegetable oil, 3 litres","10.13"
"2022-04-01","Ontario","2021A000235","Ground beef, per kilogram","10.47"
"2022-04-01","Ontario","2021A000235","Whole chicken, per kilogram","5.63"
"2022-04-01","Ontario","2021A000235","Milk, 2 litres","5.30"
"2022-04-01","Ontario","2021A000235","Block cheese, 500 grams","6.61"
"2022-04-01","Ontario","2021A000235","Yogurt, 500 grams","2.75"
"2022-04-01","Ontario","2021A000235","Eggs, 1 dozen","4.33"
"2022-04-01","Ontario","2021A000235","Apples, per kilogram","5.34"
"2022-04-01","Ontario","2021A000235","Bananas, per kilogram","1.49"
"2022-04-01","Ontario","2021A000235","Potatoes, 4.54 kilograms","3.73"
"2022-04-01","Ontario","2021A000235","Tomatoes, per kilogram","3.93"
"2022-04-01","Ontario","2021A000235","Carrots, 1.36 kilograms","3.45"
"2022-04-01","Ontario","2021A000235","Onions, per kilogram","5.59"
"2022-04-01","Ontario","2021A000235","White bread, 675 grams","2.81"
"2022-04-01","Ontario","2021A000235","Dry or fresh pasta, 500 grams","2.93"
"2022-04-01","Ontario","2021A000235","White rice, 2 kilograms","9.04"
"2022-04-01","Ontario","2021A000235","Vegetable oil, 3 litres","10.62"
"2022-04-01","Manitoba","2021A000246","Ground beef, per kilogram","9.72"
"2022-04-01","Manitoba","2021A000246","Whole chicken, per kilogram","5.84"
"2022-04-01","Manitoba","2021A000246","Milk, 2 litres","4.01"
"2022-04-01","Manitoba","2021A000246","Block cheese, 500 grams","6.66"
"2022-04-01","Manitoba","2021A000246","Yogurt, 500 grams","3.00"
"2022-04-01","Manitoba","2021A000246","Eggs, 1 dozen","4.00"
"2022-04-01","Manitoba","2021A000246","Apples, per kilogram","5.24"
"2022-04-01","Manitoba","2021A000246","Bananas, per kilogram","1.65"
"2022-04-01","Manitoba","2021A000246","Potatoes, 4.54 kilograms","6.44"
"2022-04-01","Manitoba","2021A000246","Tomatoes, per kilogram","4.33"
"2022-04-01","Manitoba","2021A000246","Carrots, 1.36 kilograms","4.65"
"2022-04-01","Manitoba","2021A000246","Onions, per kilogram","5.02"
"2022-04-01","Manitoba","2021A000246","White bread, 675 grams","3.44"
"2022-04-01","Manitoba","2021A000246","Dry or fresh pasta, 500 grams","2.87"
"2022-04-01","Manitoba","2021A000246","White rice, 2 kilograms","8.26"
"2022-04-01","Manitoba","2021A000246","Vegetable oil, 3 litres","12.85"
"2022-04-01","Saskatchewan","2021A000247","Ground beef, per kilogram","10.04"
"2022-04-01","Saskatchewan","2021A000247","Whole chicken, per kilogram","5.89"
"2022-04-01","Saskatchewan","2021A000247","Milk, 2 litres","4.55"
"2022-04-01","Saskatchewan","2021A000247","Block cheese, 500 grams","6.71"
"2022-04-01","Saskatchewan","2021A000247","Yogurt, 500 grams","2.93"
"2022-04-01","Saskatchewan","2021A000247","Eggs, 1 dozen","3.95"
"2022-04-01","Saskatchewan","2021A000247","Apples, per kilogram","5.37"
"2022-04-01","Saskatchewan","2021A000247","Bananas, per kilogram","1.74"
"2022-04-01","Saskatchewan","2021A000247","Potatoes, 4.54 kilograms","6.69"
"2022-04-01","Saskatchewan","2021A000247","Tomatoes, per kilogram","4.44"
"2022-04-01","Saskatchewan","2021A000247","Carrots, 1.36 kilograms","4.82"
"2022-04-01","Saskatchewan","2021A000247","Onions, per kilogram","5.10"
"2022-04-01","Saskatchewan","2021A000247","White bread, 675 grams","3.50"
"2022-04-01","Saskatchewan","2021A000247","Dry or fresh pasta, 500 grams","2.99"
"2022-04-01","Saskatchewan","2021A000247","White rice, 2 kilograms","8.32"
"2022-04-01","Saskatchewan","2021A000247","Vegetable oil, 3 litres","13.48"
"2022-04-01","Alberta","2021A000248","Ground beef, per kilogram","10.56"
"2022-04-01","Alberta","2021A000248","Whole chicken, per kilogram","5.76"
"2022-04-01","Alberta","2021A000248","Milk, 2 litres","4.67"
"2022-04-01","Alberta","2021A000248","Block cheese, 500 grams","6.81"
"2022-04-01","Alberta","2021A000248","Yogurt, 500 grams","3.02"
"2022-04-01","Alberta","2021A000248","Eggs, 1 dozen","4.27"
"2022-04-01","Alberta","2021A000248","Apples, per kilogram","5.29"
"2022-04-01","Alberta","2021A000248","Bananas, per kilogram","1.76"
"2022-04-01","Alberta","2021A000248","Potatoes, 4.54 kilograms","6.77"
"2022-04-01","Alberta","2021A000248","Tomatoes, per kilogram","4.43"
"2022-04-01","Alberta","2021A000248","Carrots, 1.36 kilograms","4.78"
"2022-04-01","Alberta","2021A000248","Onions, per kilogram","5.06"
"2022-04-01","Alberta","2021A000248","White bread, 675 grams","3.55"
"2022-04-01","Alberta","2021A000248","Dry or fresh pasta, 500 grams","3.04"
"2022-04-01","Alberta","2021A000248","White rice, 2 kilograms","9.15"
"2022-04-01","Alberta","2021A000248","Vegetable oil, 3 litres","12.57"
"2022-04-01","British Columbia","2021A000259","Ground beef, per kilogram","10.93"
"2022-04-01","British Columbia","2021A000259","Whole chicken, per kilogram","6.48"
"2022-04-01","British Columbia","2021A000259","Milk, 2 litres","4.75"
"2022-04-01","British Columbia","2021A000259","Block cheese, 500 grams","6.84"
"2022-04-01","British Columbia","2021A000259","Yogurt, 500 grams","3.07"
"2022-04-01","British Columbia","2021A000259","Eggs, 1 dozen","4.86"
"2022-04-01","British Columbia","2021A000259","Apples, per kilogram","5.28"
"2022-04-01","British Columbia","2021A000259","Bananas, per kilogram","1.65"
"2022-04-01","British Columbia","2021A000259","Potatoes, 4.54 kilograms","6.38"
"2022-04-01","British Columbia","2021A000259","Tomatoes, per kilogram","4.38"
"2022-04-01","British Columbia","2021A000259","Carrots, 1.36 kilograms","4.95"
"2022-04-01","British Columbia","2021A000259","Onions, per kilogram","4.97"
"2022-04-01","British Columbia","2021A000259","White bread, 675 grams","3.78"
"2022-04-01","British Columbia","2021A000259","Dry or fresh pasta, 500 grams","3.13"
"2022-04-01","British Columbia","2021A000259","White rice, 2 kilograms","8.92"
"2022-04-01","British Columbia","2021A000259","Vegetable oil, 3 litres","12.61"
"2022-05-01","Newfoundland and Labrador","2021A000210","Ground beef, per kilogram","10.51"
"2022-05-01","Newfoundland and Labrador","2021A000210","Whole chicken, per kilogram","4.89"
"2022-05-01","Newfoundland and Labrador","2021A000210","Milk, 2 litres","4.22"
"2022-05-01","Newfoundland and Labrador","2021A000210","Block cheese, 500 grams","6.83"
"2022-05-01","Newfoundland and Labrador","2021A000210","Yogurt, 500 grams","3.64"
"2022-05-01","Newfoundland and Labrador","2021A000210","Eggs, 1 dozen","4.85"
"2022-05-01","Newfoundland and Labrador","2021A000210","Apples, per kilogram","6.00"
"2022-05-01","Newfoundland and Labrador","2021A000210","Bananas, per kilogram","2.18"
"2022-05-01","Newfoundland and Labrador","2021A000210","Potatoes, 4.54 kilograms","5.82"
"2022-05-01","Newfoundland and Labrador","2021A000210","Tomatoes, per kilogram","5.50"
"2022-05-01","Newfoundland and Labrador","2021A000210","Carrots, 1.36 kilograms","4.39"
"2022-05-01","Newfoundland and Labrador","2021A000210","Onions, per kilogram","6.08"
"2022-05-01","Newfoundland and Labrador","2021A000210","White bread, 675 grams","3.72"
"2022-05-01","Newfoundland and Labrador","2021A000210","Dry or fresh pasta, 500 grams","3.25"
"2022-05-01","Newfoundland and Labrador","2021A000210","White rice, 2 kilograms","10.59"
"2022-05-01","Newfoundland and Labrador","2021A000210","Vegetable oil, 3 litres","11.80"
"2022-05-01","Prince Edward Island","2021A000211","Ground beef, per kilogram","10.99"
"2022-05-01","Prince Edward Island","2021A000211","Whole chicken, per kilogram","5.23"
"2022-05-01","Prince Edward Island","2021A000211","Milk, 2 litres","4.20"
"2022-05-01","Prince Edward Island","2021A000211","Block cheese, 500 grams","6.89"
"2022-05-01","Prince Edward Island","2021A000211","Yogurt, 500 grams","3.51"
"2022-05-01","Prince Edward Island","2021A000211","Eggs, 1 dozen","4.84"
"2022-05-01","Prince Edward Island","2021A000211","Apples, per kilogram","5.59"
"2022-05-01","Prince Edward Island","2021A000211","Bananas, per kilogram","1.99"
"2022-05-01","Prince Edward Island","2021A000211","Potatoes, 4.54 kilograms","4.98"
"2022-05-01","Prince Edward Island","2021A000211","Tomatoes, per kilogram","5.02"
"2022-05-01","Prince Edward Island","2021A000211","Carrots, 1.36 kilograms","4.03"
"2022-05-01","Prince Edward Island","2021A000211","Onions, per kilogram","6.09"
"2022-05-01","Prince Edward Island","2021A000211","White bread, 675 grams","3.31"
"2022-05-01","Prince Edward Island","2021A000211","Dry or fresh pasta, 500 grams","3.47"
"2022-05-01","Prince Edward Island","2021A000211","White rice, 2 kilograms","10.22"
"2022-05-01","Prince Edward Island","2021A000211","Vegetable oil, 3 litres","12.41"
"2022-05-01","Nova Scotia","2021A000212","Ground beef, per kilogram","11.02"
"2022-05-01","Nova Scotia","2021A000212","Whole chicken, per kilogram","5.11"
"2022-05-01","Nova Scotia","2021A000212","Milk, 2 litres","4.26"
"2022-05-01","Nova Scotia","2021A000212","Block cheese, 500 grams","6.82"
"2022-05-01","Nova Scotia","2021A000212","Yogurt, 500 grams","3.43"
"2022-05-01","Nova Scotia","2021A000212","Eggs, 1 dozen","4.87"
"2022-05-01","Nova Scotia","2021A000212","Apples, per kilogram","5.48"
"2022-05-01","Nova Scotia","2021A000212","Bananas, per kilogram","1.97"
"2022-05-01","Nova Scotia","2021A000212","Potatoes, 4.54 kilograms","4.99"
"2022-05-01","Nova Scotia","2021A000212","Tomatoes, per kilogram","4.98"
"2022-05-01","Nova Scotia","2021A000212","Carrots, 1.36 kilograms","4.01"
"2022-05-01","Nova Scotia","2021A000212","Onions, per kilogram","6.04"
"2022-05-01","Nova Scotia","2021A000212","White bread, 675 grams","3.39"
"2022-05-01","Nova Scotia","2021A000212","Dry or fresh pasta, 500 grams","3.39"
"2022-05-01","Nova Scotia","2021A000212","White rice, 2 kilograms","10.33"
"2022-05-01","Nova Scotia","2021A000212","Vegetable oil, 3 litres","12.18"
"2022-05-01","New Brunswick","2021A000213","Ground beef, per kilogram","10.69"
"2022-05-01","New Brunswick","2021A000213","Whole chicken, per kilogram","5.03"
"2022-05-01","New Brunswick","2021A000213","Milk, 2 litres","4.43"
"2022-05-01","New Brunswick","2021A000213","Block cheese, 500 grams","6.86"
"2022-05-01","New Brunswick","2021A000213","Yogurt, 500 grams","3.46"
"2022-05-01","New Brunswick","2021A000213","Eggs, 1 dozen","4.36"
"2022-05-01","New Brunswick","2021A000213","Apples, per kilogram","5.69"
"2022-05-01","New Brunswick","2021A000213","Bananas, per kilogram","1.97"
"2022-05-01","New Brunswick","2021A000213","Potatoes, 4.54 kilograms","5.07"
"2022-05-01","New Brunswick","2021A000213","Tomatoes, per kilogram","4.91"
"2022-05-01","New Brunswick","2021A000213","Carrots, 1.36 kilograms","4.08"
"2022-05-01","New Brunswick","2021A000213","Onions, per kilogram","5.98"
"2022-05-01","New Brunswick","2021A000213","White bread, 675 grams","3.52"
"2022-05-01","New Brunswick","2021A000213","Dry or fresh pasta, 500 grams","3.23"
"2022-05-01","New Brunswick","2021A000213","White rice, 2 kilograms","10.62"
"2022-05-01","New Brunswick","2021A000213","Vegetable oil, 3 litres","12.39"
"2022-05-01","Quebec","2021A000224","Ground beef, per kilogram","10.21"
"2022-05-01","Quebec","2021A000224","Whole chicken, per kilogram","5.42"
"2022-05-01","Quebec","2021A000224","Milk, 2 litres","4.77"
"2022-05-01","Quebec","2021A000224","Block cheese, 500 grams","6.55"
"2022-05-01","Quebec","2021A000224","Yogurt, 500 grams","3.04"
"2022-05-01","Quebec","2021A000224","Eggs, 1 dozen","3.51"
"2022-05-01","Quebec","2021A000224","Apples, per kilogram","5.96"
"2022-05-01","Quebec","2021A000224","Bananas, per kilogram","1.84"
"2022-05-01","Quebec","2021A000224","Potatoes, 4.54 kilograms","5.21"
"2022-05-01","Quebec","2021A000224","Tomatoes, per kilogram","4.16"
"2022-05-01","Quebec","2021A000224","Carrots, 1.36 kilograms","4.31"
"2022-05-01","Quebec","2021A000224","Onions, per kilogram","5.32"
"2022-05-01","Quebec","2021A000224","White bread, 675 grams","3.91"
"2022-05-01","Quebec","2021A000224","Dry or fresh pasta, 500 grams","2.67"
"2022-05-01","Quebec","2021A000224","White rice, 2 kilograms","10.73"
"2022-05-01","Quebec","2021A000224","Vegetable oil, 3 litres","10.15"
"2022-05-01","Ontario","2021A000235","Ground beef, per kilogram","10.08"
"2022-05-01","Ontario","2021A000235","Whole chicken, per kilogram","6.63"
"2022-05-01","Ontario","2021A000235","Milk, 2 litres","5.26"
"2022-05-01","Ontario","2021A000235","Block cheese, 500 grams","6.86"
"2022-05-01","Ontario","2021A000235","Yogurt, 500 grams","2.88"
"2022-05-01","Ontario","2021A000235","Eggs, 1 dozen","4.35"
"2022-05-01","Ontario","2021A000235","Apples, per kilogram","5.44"
"2022-05-01","Ontario","2021A000235","Bananas, per kilogram","1.49"
"2022-05-01","Ontario","2021A000235","Potatoes, 4.54 kilograms","4.45"
"2022-05-01","Ontario","2021A000235","Tomatoes, per kilogram","3.97"
"2022-05-01","Ontario","2021A000235","Carrots, 1.36 kilograms","3.86"
"2022-05-01","Ontario","2021A000235","Onions, per kilogram","5.62"
"2022-05-01","Ontario","2021A000235","White bread, 675 grams","2.83"
"2022-05-01","Ontario","2021A000235","Dry or fresh pasta, 500 grams","3.01"
"2022-05-01","Ontario","2021A000235","White rice, 2 kilograms","8.92"
"2022-05-01","Ontario","2021A000235","Vegetable oil, 3 litres","10.62"
"2022-05-01","Manitoba","2021A000246","Ground beef, per kilogram","9.75"
"2022-05-01","Manitoba","2021A000246","Whole chicken, per kilogram","5.22"
"2022-05-01","Manitoba","2021A000246","Milk, 2 litres","4.01"
"2022-05-01","Manitoba","2021A000246","Block cheese, 500 grams","6.64"
"2022-05-01","Manitoba","2021A000246","Yogurt, 500 grams","2.99"
"2022-05-01","Manitoba","2021A000246","Eggs, 1 dozen","4.12"
"2022-05-01","Manitoba","2021A000246","Apples, per kilogram","5.49"
"2022-05-01","Manitoba","2021A000246","Bananas, per kilogram","1.67"
"2022-05-01","Manitoba","2021A000246","Potatoes, 4.54 kilograms","7.13"
"2022-05-01","Manitoba","2021A000246","Tomatoes, per kilogram","3.94"
"2022-05-01","Manitoba","2021A000246","Carrots, 1.36 kilograms","4.87"
"2022-05-01","Manitoba","2021A000246","Onions, per kilogram","5.04"
"2022-05-01","Manitoba","2021A000246","White bread, 675 grams","3.20"
"2022-05-01","Manitoba","2021A000246","Dry or fresh pasta, 500 grams","2.83"
"2022-05-01","Manitoba","2021A000246","White rice, 2 kilograms","8.05"
"2022-05-01","Manitoba","2021A000246","Vegetable oil, 3 litres","12.73"
"2022-05-01","Saskatchewan","2021A000247","Ground beef, per kilogram","9.77"
"2022-05-01","Saskatchewan","2021A000247","Whole chicken, per kilogram","5.32"
"2022-05-01","Saskatchewan","2021A000247","Milk, 2 litres","4.52"
"2022-05-01","Saskatchewan","2021A000247","Block cheese, 500 grams","6.64"
"2022-05-01","Saskatchewan","2021A000247","Yogurt, 500 grams","2.99"
"2022-05-01","Saskatchewan","2021A000247","Eggs, 1 dozen","4.11"
"2022-05-01","Saskatchewan","2021A000247","Apples, per kilogram","5.60"
"2022-05-01","Saskatchewan","2021A000247","Bananas, per kilogram","1.75"
"2022-05-01","Saskatchewan","2021A000247","Potatoes, 4.54 kilograms","7.10"
"2022-05-01","Saskatchewan","2021A000247","Tomatoes, per kilogram","4.11"
"2022-05-01","Saskatchewan","2021A000247","Carrots, 1.36 kilograms","5.04"
"2022-05-01","Saskatchewan","2021A000247","Onions, per kilogram","5.13"
"2022-05-01","Saskatchewan","2021A000247","White bread, 675 grams","3.31"
"2022-05-01","Saskatchewan","2021A000247","Dry or fresh pasta, 500 grams","2.93"
"2022-05-01","Saskatchewan","2021A000247","White rice, 2 kilograms","8.07"
"2022-05-01","Saskatchewan","2021A000247","Vegetable oil, 3 litres","13.88"
"2022-05-01","Alberta","2021A000248","Ground beef, per kilogram","10.55"
"2022-05-01","Alberta","2021A000248","Whole chicken, per kilogram","5.79"
"2022-05-01","Alberta","2021A000248","Milk, 2 litres","4.68"
"2022-05-01","Alberta","2021A000248","Block cheese, 500 grams","6.79"
"2022-05-01","Alberta","2021A000248","Yogurt, 500 grams","3.10"
"2022-05-01","Alberta","2021A000248","Eggs, 1 dozen","4.42"
"2022-05-01","Alberta","2021A000248","Apples, per kilogram","5.53"
"2022-05-01","Alberta","2021A000248","Bananas, per kilogram","1.77"
"2022-05-01","Alberta","2021A000248","Potatoes, 4.54 kilograms","7.13"
"2022-05-01","Alberta","2021A000248","Tomatoes, per kilogram","4.04"
"2022-05-01","Alberta","2021A000248","Carrots, 1.36 kilograms","5.20"
"2022-05-01","Alberta","2021A000248","Onions, per kilogram","5.10"
"2022-05-01","Alberta","2021A000248","White bread, 675 grams","3.42"
"2022-05-01","Alberta","2021A000248","Dry or fresh pasta, 500 grams","3.04"
"2022-05-01","Alberta","2021A000248","White rice, 2 kilograms","8.77"
"2022-05-01","Alberta","2021A000248","Vegetable oil, 3 litres","12.53"
"2022-05-01","British Columbia","2021A000259","Ground beef, per kilogram","10.60"
"2022-05-01","British Columbia","2021A000259","Whole chicken, per kilogram","5.98"
"2022-05-01","British Columbia","2021A000259","Milk, 2 litres","4.75"
"2022-05-01","British Columbia","2021A000259","Block cheese, 500 grams","6.92"
"2022-05-01","British Columbia","2021A000259","Yogurt, 500 grams","3.15"
"2022-05-01","British Columbia","2021A000259","Eggs, 1 dozen","4.92"
"2022-05-01","British Columbia","2021A000259","Apples, per kilogram","5.55"
"2022-05-01","British Columbia","2021A000259","Bananas, per kilogram","1.67"
"2022-05-01","British Columbia","2021A000259","Potatoes, 4.54 kilograms","6.99"
"2022-05-01","British Columbia","2021A000259","Tomatoes, per kilogram","4.22"
"2022-05-01","British Columbia","2021A000259","Carrots, 1.36 kilograms","5.24"
"2022-05-01","British Columbia","2021A000259","Onions, per kilogram","5.09"
"2022-05-01","British Columbia","2021A000259","White bread, 675 grams","3.68"
"2022-05-01","British Columbia","2021A000259","Dry or fresh pasta, 500 grams","3.11"
"2022-05-01","British Columbia","2021A000259","White rice, 2 kilograms","8.87"
"2022-05-01","British Columbia","2021A000259","Vegetable oil, 3 litres","12.54"
"2022-06-01","Newfoundland and Labrador","2021A000210","Ground beef, per kilogram","9.65"
"2022-06-01","Newfoundland and Labrador","2021A000210","Whole chicken, per kilogram","5.56"
"2022-06-01","Newfoundland and Labrador","2021A000210","Milk, 2 litres","4.25"
"2022-06-01","Newfoundland and Labrador","2021A000210","Block cheese, 500 grams","6.77"
"2022-06-01","Newfoundland and Labrador","2021A000210","Yogurt, 500 grams","3.74"
"2022-06-01","Newfoundland and Labrador","2021A000210","Eggs, 1 dozen","4.53"
"2022-06-01","Newfoundland and Labrador","2021A000210","Apples, per kilogram","6.39"
"2022-06-01","Newfoundland and Labrador","2021A000210","Bananas, per kilogram","2.16"
"2022-06-01","Newfoundland and Labrador","2021A000210","Potatoes, 4.54 kilograms","5.67"
"2022-06-01","Newfoundland and Labrador","2021A000210","Tomatoes, per kilogram","5.32"
"2022-06-01","Newfoundland and Labrador","2021A000210","Carrots, 1.36 kilograms","4.71"
"2022-06-01","Newfoundland and Labrador","2021A000210","Onions, per kilogram","6.09"
"2022-06-01","Newfoundland and Labrador","2021A000210","White bread, 675 grams","3.70"
"2022-06-01","Newfoundland and Labrador","2021A000210","Dry or fresh pasta, 500 grams","3.37"
"2022-06-01","Newfoundland and Labrador","2021A000210","White rice, 2 kilograms","10.87"
"2022-06-01","Newfoundland and Labrador","2021A000210","Vegetable oil, 3 litres","12.22"
"2022-06-01","Prince Edward Island","2021A000211","Ground beef, per kilogram","10.09"
"2022-06-01","Prince Edward Island","2021A000211","Whole chicken, per kilogram","5.29"
"2022-06-01","Prince Edward Island","2021A000211","Milk, 2 litres","4.20"
"2022-06-01","Prince Edward Island","2021A000211","Block cheese, 500 grams","6.87"
"2022-06-01","Prince Edward Island","2021A000211","Yogurt, 500 grams","3.59"
"2022-06-01","Prince Edward Island","2021A000211","Eggs, 1 dozen","4.59"
"2022-06-01","Prince Edward Island","2021A000211","Apples, per kilogram","6.24"
"2022-06-01","Prince Edward Island","2021A000211","Bananas, per kilogram","2.00"
"2022-06-01","Prince Edward Island","2021A000211","Potatoes, 4.54 kilograms","5.18"
"2022-06-01","Prince Edward Island","2021A000211","Tomatoes, per kilogram","4.83"
"2022-06-01","Prince Edward Island","2021A000211","Carrots, 1.36 kilograms","4.35"
"2022-06-01","Prince Edward Island","2021A000211","Onions, per kilogram","6.14"
"2022-06-01","Prince Edward Island","2021A000211","White bread, 675 grams","3.32"
"2022-06-01","Prince Edward Island","2021A000211","Dry or fresh pasta, 500 grams","3.44"
"2022-06-01","Prince Edward Island","2021A000211","White rice, 2 kilograms","10.52"
"2022-06-01","Prince Edward Island","2021A000211","Vegetable oil, 3 litres","12.63"
"2022-06-01","Nova Scotia","2021A000212","Ground beef, per kilogram","9.80"
"2022-06-01","Nova Scotia","2021A000212","Whole chicken, per kilogram","5.41"
"2022-06-01","Nova Scotia","2021A000212","Milk, 2 litres","4.29"
"2022-06-01","Nova Scotia","2021A000212","Block cheese, 500 grams","6.78"
"2022-06-01","Nova Scotia","2021A000212","Yogurt, 500 grams","3.49"
"2022-06-01","Nova Scotia","2021A000212","Eggs, 1 dozen","4.58"
"2022-06-01","Nova Scotia","2021A000212","Apples, per kilogram","6.07"
"2022-06-01","Nova Scotia","2021A000212","Bananas, per kilogram","1.99"
"2022-06-01","Nova Scotia","2021A000212","Potatoes, 4.54 kilograms","5.03"
"2022-06-01","Nova Scotia","2021A000212","Tomatoes, per kilogram","4.74"
"2022-06-01","Nova Scotia","2021A000212","Carrots, 1.36 kilograms","4.31"
"2022-06-01","Nova Scotia","2021A000212","Onions, per kilogram","6.12"
"2022-06-01","Nova Scotia","2021A000212","White bread, 675 grams","3.37"
"2022-06-01","Nova Scotia","2021A000212","Dry or fresh pasta, 500 grams","3.39"
"2022-06-01","Nova Scotia","2021A000212","White rice, 2 kilograms","10.69"
"2022-06-01","Nova Scotia","2021A000212","Vegetable oil, 3 litres","12.34"
"2022-06-01","New Brunswick","2021A000213","Ground beef, per kilogram","10.05"
"2022-06-01","New Brunswick","2021A000213","Whole chicken, per kilogram","5.24"
"2022-06-01","New Brunswick","2021A000213","Milk, 2 litres","4.44"
"2022-06-01","New Brunswick","2021A000213","Block cheese, 500 grams","6.82"
"2022-06-01","New Brunswick","2021A000213","Yogurt, 500 grams","3.52"
"2022-06-01","New Brunswick","2021A000213","Eggs, 1 dozen","4.42"
"2022-06-01","New Brunswick","2021A000213","Apples, per kilogram","6.16"
"2022-06-01","New Brunswick","2021A000213","Bananas, per kilogram","1.99"
"2022-06-01","New Brunswick","2021A000213","Potatoes, 4.54 kilograms","5.02"
"2022-06-01","New Brunswick","2021A000213","Tomatoes, per kilogram","4.71"
"2022-06-01","New Brunswick","2021A000213","Carrots, 1.36 kilograms","4.35"
"2022-06-01","New Brunswick","2021A000213","Onions, per kilogram","6.14"
"2022-06-01","New Brunswick","2021A000213","White bread, 675 grams","3.50"
"2022-06-01","New Brunswick","2021A000213","Dry or fresh pasta, 500 grams","3.13"
"2022-06-01","New Brunswick","2021A000213","White rice, 2 kilograms","10.85"
"2022-06-01","New Brunswick","2021A000213","Vegetable oil, 3 litres","12.72"
"2022-06-01","Quebec","2021A000224","Ground beef, per kilogram","10.97"
"2022-06-01","Quebec","2021A000224","Whole chicken, per kilogram","5.85"
"2022-06-01","Quebec","2021A000224","Milk, 2 litres","4.74"
"2022-06-01","Quebec","2021A000224","Block cheese, 500 grams","6.52"
"2022-06-01","Quebec","2021A000224","Yogurt, 500 grams","2.99"
"2022-06-01","Quebec","2021A000224","Eggs, 1 dozen","3.42"
"2022-06-01","Quebec","2021A000224","Apples, per kilogram","5.94"
"2022-06-01","Quebec","2021A000224","Bananas, per kilogram","1.85"
"2022-06-01","Quebec","2021A000224","Potatoes, 4.54 kilograms","3.94"
"2022-06-01","Quebec","2021A000224","Tomatoes, per kilogram","4.06"
"2022-06-01","Quebec","2021A000224","Carrots, 1.36 kilograms","4.29"
"2022-06-01","Quebec","2021A000224","Onions, per kilogram","5.75"
"2022-06-01","Quebec","2021A000224","White bread, 675 grams","3.99"
"2022-06-01","Quebec","2021A000224","Dry or fresh pasta, 500 grams","2.82"
"2022-06-01","Quebec","2021A000224","White rice, 2 kilograms","10.67"
"2022-06-01","Quebec","2021A000224","Vegetable oil, 3 litres","10.19"
"2022-06-01","Ontario","2021A000235","Ground beef, per kilogram","9.91"
"2022-06-01","Ontario","2021A000235","Whole chicken, per kilogram","6.13"
"2022-06-01","Ontario","2021A000235","Milk, 2 litres","5.23"
"2022-06-01","Ontario","2021A000235","Block cheese, 500 grams","6.72"
"2022-06-01","Ontario","2021A000235","Yogurt, 500 grams","2.84"
"2022-06-01","Ontario","2021A000235","Eggs, 1 dozen","4.37"
"2022-06-01","Ontario","2021A000235","Apples, per kilogram","5.49"
"2022-06-01","Ontario","2021A000235","Bananas, per kilogram","1.49"
"2022-06-01","Ontario","2021A000235","Potatoes, 4.54 kilograms","4.62"
"2022-06-01","Ontario","2021A000235","Tomatoes, per kilogram","3.91"
"2022-06-01","Ontario","2021A000235","Carrots, 1.36 kilograms","3.93"
"2022-06-01","Ontario","2021A000235","Onions, per kilogram","5.73"
"2022-06-01","Ontario","2021A000235","White bread, 675 grams","2.82"
"2022-06-01","Ontario","2021A000235","Dry or fresh pasta, 500 grams","3.17"
"2022-06-01","Ontario","2021A000235","White rice, 2 kilograms","8.84"
"2022-06-01","Ontario","2021A000235","Vegetable oil, 3 litres","10.90"
"2022-06-01","Manitoba","2021A000246","Ground beef, per kilogram","9.43"
"2022-06-01","Manitoba","2021A000246","Whole chicken, per kilogram","6.05"
"2022-06-01","Manitoba","2021A000246","Milk, 2 litres","4.01"
"2022-06-01","Manitoba","2021A000246","Block cheese, 500 grams","6.87"
"2022-06-01","Manitoba","2021A000246","Yogurt, 500 grams","3.00"
"2022-06-01","Manitoba","2021A000246","Eggs, 1 dozen","4.01"
"2022-06-01","Manitoba","2021A000246","Apples, per kilogram","5.72"
"2022-06-01","Manitoba","2021A000246","Bananas, per kilogram","1.66"
"2022-06-01","Manitoba","2021A000246","Potatoes, 4.54 kilograms","7.12"
"2022-06-01","Manitoba","2021A000246","Tomatoes, per kilogram","3.88"
"2022-06-01","Manitoba","2021A000246","Carrots, 1.36 kilograms","4.90"
"2022-06-01","Manitoba","2021A000246","Onions, per kilogram","5.18"
"2022-06-01","Manitoba","2021A000246","White bread, 675 grams","3.13"
"2022-06-01","Manitoba","2021A000246","Dry or fresh pasta, 500 grams","2.78"
"2022-06-01","Manitoba","2021A000246","White rice, 2 kilograms","8.12"
"2022-06-01","Manitoba","2021A000246","Vegetable oil, 3 litres","13.01"
"2022-06-01","Saskatchewan","2021A000247","Ground beef, per kilogram","9.80"
"2022-06-01","Saskatchewan","2021A000247","Whole chicken, per kilogram","6.10"
"2022-06-01","Saskatchewan","2021A000247","Milk, 2 litres","4.54"
"2022-06-01","Saskatchewan","2021A000247","Block cheese, 500 grams","6.81"
"2022-06-01","Saskatchewan","2021A000247","Yogurt, 500 grams","2.99"
"2022-06-01","Saskatchewan","2021A000247","Eggs, 1 dozen","4.05"
"2022-06-01","Saskatchewan","2021A000247","Apples, per kilogram","5.83"
"2022-06-01","Saskatchewan","2021A000247","Bananas, per kilogram","1.77"
"2022-06-01","Saskatchewan","2021A000247","Potatoes, 4.54 kilograms","7.25"
"2022-06-01","Saskatchewan","2021A000247","Tomatoes, per kilogram","4.13"
"2022-06-01","Saskatchewan","2021A000247","Carrots, 1.36 kilograms","4.99"
"2022-06-01","Saskatchewan","2021A000247","Onions, per kilogram","5.26"
"2022-06-01","Saskatchewan","2021A000247","White bread, 675 grams","3.34"
"2022-06-01","Saskatchewan","2021A000247","Dry or fresh pasta, 500 grams","2.89"
"2022-06-01","Saskatchewan","2021A000247","White rice, 2 kilograms","8.30"
"2022-06-01","Saskatchewan","2021A000247","Vegetable oil, 3 litres","13.69"
"2022-06-01","Alberta","2021A000248","Ground beef, per kilogram","10.32"
"2022-06-01","Alberta","2021A000248","Whole chicken, per kilogram","6.18"
"2022-06-01","Alberta","2021A000248","Milk, 2 litres","4.69"
"2022-06-01","Alberta","2021A000248","Block cheese, 500 grams","6.94"
"2022-06-01","Alberta","2021A000248","Yogurt, 500 grams","3.09"
"2022-06-01","Alberta","2021A000248","Eggs, 1 dozen","4.38"
"2022-06-01","Alberta","2021A000248","Apples, per kilogram","5.81"
"2022-06-01","Alberta","2021A000248","Bananas, per kilogram","1.78"
"2022-06-01","Alberta","2021A000248","Potatoes, 4.54 kilograms","7.20"
"2022-06-01","Alberta","2021A000248","Tomatoes, per kilogram","3.98"
"2022-06-01","Alberta","2021A000248","Carrots, 1.36 kilograms","5.26"
"2022-06-01","Alberta","2021A000248","Onions, per kilogram","5.23"
"2022-06-01","Alberta","2021A000248","White bread, 675 grams","3.48"
"2022-06-01","Alberta","2021A000248","Dry or fresh pasta, 500 grams","2.97"
"2022-06-01","Alberta","2021A000248","White rice, 2 kilograms","8.88"
"2022-06-01","Alberta","2021A000248","Vegetable oil, 3 litres","13.35"
"2022-06-01","British Columbia","2021A000259","Ground beef, per kilogram","10.74"
"2022-06-01","British Columbia","2021A000259","Whole chicken, per kilogram","5.99"
"2022-06-01","British Columbia","2021A000259","Milk, 2 litres","4.76"
"2022-06-01","British Columbia","2021A000259","Block cheese, 500 grams","7.02"
"2022-06-01","British Columbia","2021A000259","Yogurt, 500 grams","3.11"
"2022-06-01","British Columbia","2021A000259","Eggs, 1 dozen","4.88"
"2022-06-01","British Columbia","2021A000259","Apples, per kilogram","5.80"
"2022-06-01","British Columbia","2021A000259","Bananas, per kilogram","1.67"
"2022-06-01","British Columbia","2021A000259","Potatoes, 4.54 kilograms","6.95"
"2022-06-01","British Columbia","2021A000259","Tomatoes, per kilogram","4.14"
"2022-06-01","British Columbia","2021A000259","Carrots, 1.36 kilograms","5.28"
"2022-06-01","British Columbia","2021A000259","Onions, per kilogram","5.18"
"2022-06-01","British Columbia","2021A000259","White bread, 675 grams","3.78"
"2022-06-01","British Columbia","2021A000259","Dry or fresh pasta, 500 grams","3.09"
"2022-06-01","British Columbia","2021A000259","White rice, 2 kilograms","8.92"
"2022-06-01","British Columbia","2021A000259","Vegetable oil, 3 litres","12.93"
"2022-07-01","Newfoundland and Labrador","2021A000210","Ground beef, per kilogram","10.45"
"2022-07-01","Newfoundland and Labrador","2021A000210","Whole chicken, per kilogram","5.16"
"2022-07-01","Newfoundland and Labrador","2021A000210","Milk, 2 litres","4.49"
"2022-07-01","Newfoundland and Labrador","2021A000210","Block cheese, 500 grams","6.41"
"2022-07-01","Newfoundland and Labrador","2021A000210","Yogurt, 500 grams","3.71"
"2022-07-01","Newfoundland and Labrador","2021A000210","Eggs, 1 dozen","5.02"
"2022-07-01","Newfoundland and Labrador","2021A000210","Apples, per kilogram","6.89"
"2022-07-01","Newfoundland and Labrador","2021A000210","Bananas, per kilogram","2.14"
"2022-07-01","Newfoundland and Labrador","2021A000210","Potatoes, 4.54 kilograms","6.50"
"2022-07-01","Newfoundland and Labrador","2021A000210","Tomatoes, per kilogram","6.09"
"2022-07-01","Newfoundland and Labrador","2021A000210","Carrots, 1.36 kilograms","4.64"
"2022-07-01","Newfoundland and Labrador","2021A000210","Onions, per kilogram","6.05"
"2022-07-01","Newfoundland and Labrador","2021A000210","White bread, 675 grams","3.86"
"2022-07-01","Newfoundland and Labrador","2021A000210","Dry or fresh pasta, 500 grams","3.51"
"2022-07-01","Newfoundland and Labrador","2021A000210","White rice, 2 kilograms","11.33"
"2022-07-01","Newfoundland and Labrador","2021A000210","Vegetable oil, 3 litres","13.54"
"2022-07-01","Prince Edward Island","2021A000211","Ground beef, per kilogram","10.84"
"2022-07-01","Prince Edward Island","2021A000211","Whole chicken, per kilogram","4.77"
"2022-07-01","Prince Edward Island","2021A000211","Milk, 2 litres","4.20"
"2022-07-01","Prince Edward Island","2021A000211","Block cheese, 500 grams","6.64"
"2022-07-01","Prince Edward Island","2021A000211","Yogurt, 500 grams","3.59"
"2022-07-01","Prince Edward Island","2021A000211","Eggs, 1 dozen","4.51"
"2022-07-01","Prince Edward Island","2021A000211","Apples, per kilogram","6.73"
"2022-07-01","Prince Edward Island","2021A000211","Bananas, per kilogram","1.99"
"2022-07-01","Prince Edward Island","2021A000211","Potatoes, 4.54 kilograms","5.62"
"2022-07-01","Prince Edward Island","2021A000211","Tomatoes, per kilogram","5.56"
"2022-07-01","Prince Edward Island","2021A000211","Carrots, 1.36 kilograms","4.20"
"2022-07-01","Prince Edward Island","2021A000211","Onions, per kilogram","6.09"
"2022-07-01","Prince Edward Island","2021A000211","White bread, 675 grams","3.43"
"2022-07-01","Prince Edward Island","2021A000211","Dry or fresh pasta, 500 grams","3.60"
"2022-07-01","Prince Edward Island","2021A000211","White rice, 2 kilograms","11.10"
"2022-07-01","Prince Edward Island","2021A000211","Vegetable oil, 3 litres","14.32"
"2022-07-01","Nova Scotia","2021A000212","Ground beef, per kilogram","10.69"
"2022-07-01","Nova Scotia","2021A000212","Whole chicken, per kilogram","4.64"
"2022-07-01","Nova Scotia","2021A000212","Milk, 2 litres","4.25"
"2022-07-01","Nova Scotia","2021A000212","Block cheese, 500 grams","6.55"
"2022-07-01","Nova Scotia","2021A000212","Yogurt, 500 grams","3.49"
"2022-07-01","Nova Scotia","2021A000212","Eggs, 1 dozen","4.42"
"2022-07-01","Nova Scotia","2021A000212","Apples, per kilogram","6.63"
"2022-07-01","Nova Scotia","2021A000212","Bananas, per kilogram","1.97"
"2022-07-01","Nova Scotia","2021A000212","Potatoes, 4.54 kilograms","5.51"
"2022-07-01","Nova Scotia","2021A000212","Tomatoes, per kilogram","5.37"
"2022-07-01","Nova Scotia","2021A000212","Carrots, 1.36 kilograms","4.01"
"2022-07-01","Nova Scotia","2021A000212","Onions, per kilogram","6.01"
"2022-07-01","Nova Scotia","2021A000212","White bread, 675 grams","3.54"
"2022-07-01","Nova Scotia","2021A000212","Dry or fresh pasta, 500 grams","3.52"
"2022-07-01","Nova Scotia","2021A000212","White rice, 2 kilograms","11.04"
"2022-07-01","Nova Scotia","2021A000212","Vegetable oil, 3 litres","13.76"
"2022-07-01","New Brunswick","2021A000213","Ground beef, per kilogram","10.44"
"2022-07-01","New Brunswick","2021A000213","Whole chicken, per kilogram","4.64"
"2022-07-01","New Brunswick","2021A000213","Milk, 2 litres","4.45"
"2022-07-01","New Brunswick","2021A000213","Block cheese, 500 grams","6.48"
"2022-07-01","New Brunswick","2021A000213","Yogurt, 500 grams","3.50"
"2022-07-01","New Brunswick","2021A000213","Eggs, 1 dozen","4.23"
"2022-07-01","New Brunswick","2021A000213","Apples, per kilogram","6.72"
"2022-07-01","New Brunswick","2021A000213","Bananas, per kilogram","1.96"
"2022-07-01","New Brunswick","2021A000213","Potatoes, 4.54 kilograms","5.65"
"2022-07-01","New Brunswick","2021A000213","Tomatoes, per kilogram","5.40"
"2022-07-01","New Brunswick","2021A000213","Carrots, 1.36 kilograms","4.25"
"2022-07-01","New Brunswick","2021A000213","Onions, per kilogram","6.06"
"2022-07-01","New Brunswick","2021A000213","White bread, 675 grams","3.68"
"2022-07-01","New Brunswick","2021A000213","Dry or fresh pasta, 500 grams","3.32"
"2022-07-01","New Brunswick","2021A000213","White rice, 2 kilograms","11.11"
"2022-07-01","New Brunswick","2021A000213","Vegetable oil, 3 litres","14.09"
"2022-07-01","Quebec","2021A000224","Ground beef, per kilogram","10.84"
"2022-07-01","Quebec","2021A000224","Whole chicken, per kilogram","6.43"
"2022-07-01","Quebec","2021A000224","Milk, 2 litres","4.73"
"2022-07-01","Quebec","2021A000224","Block cheese, 500 grams","6.61"
"2022-07-01","Quebec","2021A000224","Yogurt, 500 grams","3.11"
"2022-07-01","Quebec","2021A000224","Eggs, 1 dozen","3.77"
"2022-07-01","Quebec","2021A000224","Apples, per kilogram","6.13"
"2022-07-01","Quebec","2021A000224","Bananas, per kilogram","1.83"
"2022-07-01","Quebec","2021A000224","Potatoes, 4.54 kilograms","4.70"
"2022-07-01","Quebec","2021A000224","Tomatoes, per kilogram","4.60"
"2022-07-01","Quebec","2021A000224","Carrots, 1.36 kilograms","4.60"
"2022-07-01","Quebec","2021A000224","Onions, per kilogram","5.90"
"2022-07-01","Quebec","2021A000224","White bread, 675 grams","4.09"
"2022-07-01","Quebec","2021A000224","Dry or fresh pasta, 500 grams","3.17"
"2022-07-01","Quebec","2021A000224","White rice, 2 kilograms","10.73"
"2022-07-01","Quebec","2021A000224","Vegetable oil, 3 litres","11.77"
"2022-07-01","Ontario","2021A000235","Ground beef, per kilogram","10.48"
"2022-07-01","Ontario","2021A000235","Whole chicken, per kilogram","5.98"
"2022-07-01","Ontario","2021A000235","Milk, 2 litres","5.17"
"2022-07-01","Ontario","2021A000235","Block cheese, 500 grams","6.74"
"2022-07-01","Ontario","2021A000235","Yogurt, 500 grams","2.77"
"2022-07-01","Ontario","2021A000235","Eggs, 1 dozen","4.46"
"2022-07-01","Ontario","2021A000235","Apples, per kilogram","5.45"
"2022-07-01","Ontario","2021A000235","Bananas, per kilogram","1.49"
"2022-07-01","Ontario","2021A000235","Potatoes, 4.54 kilograms","4.44"
"2022-07-01","Ontario","2021A000235","Tomatoes, per kilogram","4.25"
"2022-07-01","Ontario","2021A000235","Carrots, 1.36 kilograms","3.92"
"2022-07-01","Ontario","2021A000235","Onions, per kilogram","5.63"
"2022-07-01","Ontario","2021A000235","White bread, 675 grams","2.92"
"2022-07-01","Ontario","2021A000235","Dry or fresh pasta, 500 grams","3.09"
"2022-07-01","Ontario","2021A000235","White rice, 2 kilograms","8.92"
"2022-07-01","Ontario","2021A000235","Vegetable oil, 3 litres","11.98"
"2022-07-01","Manitoba","2021A000246","Ground beef, per kilogram","9.96"
"2022-07-01","Manitoba","2021A000246","Whole chicken, per kilogram","6.49"
"2022-07-01","Manitoba","2021A000246","Milk, 2 litres","3.96"
"2022-07-01","Manitoba","2021A000246","Block cheese, 500 grams","6.87"
"2022-07-01","Manitoba","2021A000246","Yogurt, 500 grams","3.06"
"2022-07-01","Manitoba","2021A000246","Eggs, 1 dozen","3.88"
"2022-07-01","Manitoba","2021A000246","Apples, per kilogram","5.50"
"2022-07-01","Manitoba","2021A000246","Bananas, per kilogram","1.66"
"2022-07-01","Manitoba","2021A000246","Potatoes, 4.54 kilograms","7.29"
"2022-07-01","Manitoba","2021A000246","Tomatoes, per kilogram","3.86"
"2022-07-01","Manitoba","2021A000246","Carrots, 1.36 kilograms","4.87"
"2022-07-01","Manitoba","2021A000246","Onions, per kilogram","5.45"
"2022-07-01","Manitoba","2021A000246","White bread, 675 grams","3.37"
"2022-07-01","Manitoba","2021A000246","Dry or fresh pasta, 500 grams","2.96"
"2022-07-01","Manitoba","2021A000246","White rice, 2 kilograms","8.14"
"2022-07-01","Manitoba","2021A000246","Vegetable oil, 3 litres","14.12"
"2022-07-01","Saskatchewan","2021A000247","Ground beef, per kilogram","10.15"
"2022-07-01","Saskatchewan","2021A000247","Whole chicken, per kilogram","6.83"
"2022-07-01","Saskatchewan","2021A000247","Milk, 2 litres","4.50"
"2022-07-01","Saskatchewan","2021A000247","Block cheese, 500 grams","6.83"
"2022-07-01","Saskatchewan","2021A000247","Yogurt, 500 grams","3.03"
"2022-07-01","Saskatchewan","2021A000247","Eggs, 1 dozen","3.97"
"2022-07-01","Saskatchewan","2021A000247","Apples, per kilogram","5.60"
"2022-07-01","Saskatchewan","2021A000247","Bananas, per kilogram","1.73"
"2022-07-01","Saskatchewan","2021A000247","Potatoes, 4.54 kilograms","7.33"
"2022-07-01","Saskatchewan","2021A000247","Tomatoes, per kilogram","4.01"
"2022-07-01","Saskatchewan","2021A000247","Carrots, 1.36 kilograms","4.96"
"2022-07-01","Saskatchewan","2021A000247","Onions, per kilogram","5.50"
"2022-07-01","Saskatchewan","2021A000247","White bread, 675 grams","3.40"
"2022-07-01","Saskatchewan","2021A000247","Dry or fresh pasta, 500 grams","2.98"
"2022-07-01","Saskatchewan","2021A000247","White rice, 2 kilograms","8.46"
"2022-07-01","Saskatchewan","2021A000247","Vegetable oil, 3 litres","14.27"
"2022-07-01","Alberta","2021A000248","Ground beef, per kilogram","10.77"
"2022-07-01","Alberta","2021A000248","Whole chicken, per kilogram","6.87"
"2022-07-01","Alberta","2021A000248","Milk, 2 litres","4.65"
"2022-07-01","Alberta","2021A000248","Block cheese, 500 grams","7.04"
"2022-07-01","Alberta","2021A000248","Yogurt, 500 grams","3.15"
"2022-07-01","Alberta","2021A000248","Eggs, 1 dozen","4.28"
"2022-07-01","Alberta","2021A000248","Apples, per kilogram","5.61"
"2022-07-01","Alberta","2021A000248","Bananas, per kilogram","1.82"
"2022-07-01","Alberta","2021A000248","Potatoes, 4.54 kilograms","7.24"
"2022-07-01","Alberta","2021A000248","Tomatoes, per kilogram","4.04"
"2022-07-01","Alberta","2021A000248","Carrots, 1.36 kilograms","5.33"
"2022-07-01","Alberta","2021A000248","Onions, per kilogram","5.48"
"2022-07-01","Alberta","2021A000248","White bread, 675 grams","3.51"
"2022-07-01","Alberta","2021A000248","Dry or fresh pasta, 500 grams","3.12"
"2022-07-01","Alberta","2021A000248","White rice, 2 kilograms","8.90"
"2022-07-01","Alberta","2021A000248","Vegetable oil, 3 litres","14.10"
"2022-07-01","British Columbia","2021A000259","Ground beef, per kilogram","10.88"
"2022-07-01","British Columbia","2021A000259","Whole chicken, per kilogram","6.88"
"2022-07-01","British Columbia","2021A000259","Milk, 2 litres","4.73"
"2022-07-01","British Columbia","2021A000259","Block cheese, 500 grams","7.06"
"2022-07-01","British Columbia","2021A000259","Yogurt, 500 grams","3.19"
"2022-07-01","British Columbia","2021A000259","Eggs, 1 dozen","4.82"
"2022-07-01","British Columbia","2021A000259","Apples, per kilogram","5.75"
"2022-07-01","British Columbia","2021A000259","Bananas, per kilogram","1.70"
"2022-07-01","British Columbia","2021A000259","Potatoes, 4.54 kilograms","7.04"
"2022-07-01","British Columbia","2021A000259","Tomatoes, per kilogram","4.16"
"2022-07-01","British Columbia","2021A000259","Carrots, 1.36 kilograms","5.38"
"2022-07-01","British Columbia","2021A000259","Onions, per kilogram","5.47"
"2022-07-01","British Columbia","2021A000259","White bread, 675 grams","3.76"
"2022-07-01","British Columbia","2021A000259","Dry or fresh pasta, 500 grams","3.21"
"2022-07-01","British Columbia","2021A000259","White rice, 2 kilograms","8.78"
"2022-07-01","British Columbia","2021A000259","Vegetable oil, 3 litres","14.51"
"2022-08-01","Newfoundland and Labrador","2021A000210","Ground beef, per kilogram","11.01"
"2022-08-01","Newfoundland and Labrador","2021A000210","Whole chicken, per kilogram","6.03"
"2022-08-01","Newfoundland and Labrador","2021A000210","Milk, 2 litres","4.52"
"2022-08-01","Newfoundland and Labrador","2021A000210","Block cheese, 500 grams","6.84"
"2022-08-01","Newfoundland and Labrador","2021A000210","Yogurt, 500 grams","3.65"
"2022-08-01","Newfoundland and Labrador","2021A000210","Eggs, 1 dozen","5.04"
"2022-08-01","Newfoundland and Labrador","2021A000210","Apples, per kilogram","7.15"
"2022-08-01","Newfoundland and Labrador","2021A000210","Bananas, per kilogram","2.15"
"2022-08-01","Newfoundland and Labrador","2021A000210","Potatoes, 4.54 kilograms","6.05"
"2022-08-01","Newfoundland and Labrador","2021A000210","Tomatoes, per kilogram","5.82"
"2022-08-01","Newfoundland and Labrador","2021A000210","Carrots, 1.36 kilograms","4.51"
"2022-08-01","Newfoundland and Labrador","2021A000210","Onions, per kilogram","5.99"
"2022-08-01","Newfoundland and Labrador","2021A000210","White bread, 675 grams","3.80"
"2022-08-01","Newfoundland and Labrador","2021A000210","Dry or fresh pasta, 500 grams","3.32"
"2022-08-01","Newfoundland and Labrador","2021A000210","White rice, 2 kilograms","10.95"
"2022-08-01","Newfoundland and Labrador","2021A000210","Vegetable oil, 3 litres","14.31"
"2022-08-01","Prince Edward Island","2021A000211","Ground beef, per kilogram","10.49"
"2022-08-01","Prince Edward Island","2021A000211","Whole chicken, per kilogram","6.21"
"2022-08-01","Prince Edward Island","2021A000211","Milk, 2 litres","4.22"
"2022-08-01","Prince Edward Island","2021A000211","Block cheese, 500 grams","6.99"
"2022-08-01","Prince Edward Island","2021A000211","Yogurt, 500 grams","3.55"
"2022-08-01","Prince Edward Island","2021A000211","Eggs, 1 dozen","4.51"
"2022-08-01","Prince Edward Island","2021A000211","Apples, per kilogram","7.06"
"2022-08-01","Prince Edward Island","2021A000211","Bananas, per kilogram","2.10"
"2022-08-01","Prince Edward Island","2021A000211","Potatoes, 4.54 kilograms","5.26"
"2022-08-01","Prince Edward Island","2021A000211","Tomatoes, per kilogram","5.57"
"2022-08-01","Prince Edward Island","2021A000211","Carrots, 1.36 kilograms","4.15"
"2022-08-01","Prince Edward Island","2021A000211","Onions, per kilogram","6.02"
"2022-08-01","Prince Edward Island","2021A000211","White bread, 675 grams","3.44"
"2022-08-01","Prince Edward Island","2021A000211","Dry or fresh pasta, 500 grams","3.48"
"2022-08-01","Prince Edward Island","2021A000211","White rice, 2 kilograms","10.78"
"2022-08-01","Prince Edward Island","2021A000211","Vegetable oil, 3 litres","14.62"
"2022-08-01","Nova Scotia","2021A000212","Ground beef, per kilogram","10.36"
"2022-08-01","Nova Scotia","2021A000212","Whole chicken, per kilogram","6.17"
"2022-08-01","Nova Scotia","2021A000212","Milk, 2 litres","4.28"
"2022-08-01","Nova Scotia","2021A000212","Block cheese, 500 grams","6.89"
"2022-08-01","Nova Scotia","2021A000212","Yogurt, 500 grams","3.44"
"2022-08-01","Nova Scotia","2021A000212","Eggs, 1 dozen","4.37"
"2022-08-01","Nova Scotia","2021A000212","Apples, per kilogram","7.04"
"2022-08-01","Nova Scotia","2021A000212","Bananas, per kilogram","2.08"
"2022-08-01","Nova Scotia","2021A000212","Potatoes, 4.54 kilograms","5.40"
"2022-08-01","Nova Scotia","2021A000212","Tomatoes, per kilogram","5.28"
"2022-08-01","Nova Scotia","2021A000212","Carrots, 1.36 kilograms","4.03"
"2022-08-01","Nova Scotia","2021A000212","Onions, per kilogram","5.95"
"2022-08-01","Nova Scotia","2021A000212","White bread, 675 grams","3.56"
"2022-08-01","Nova Scotia","2021A000212","Dry or fresh pasta, 500 grams","3.36"
"2022-08-01","Nova Scotia","2021A000212","White rice, 2 kilograms","10.81"
"2022-08-01","Nova Scotia","2021A000212","Vegetable oil, 3 litres","14.58"
"2022-08-01","New Brunswick","2021A000213","Ground beef, per kilogram","10.16"
"2022-08-01","New Brunswick","2021A000213","Whole chicken, per kilogram","5.57"
"2022-08-01","New Brunswick","2021A000213","Milk, 2 litres","4.49"
"2022-08-01","New Brunswick","2021A000213","Block cheese, 500 grams","6.90"
"2022-08-01","New Brunswick","2021A000213","Yogurt, 500 grams","3.52"
"2022-08-01","New Brunswick","2021A000213","Eggs, 1 dozen","4.30"
"2022-08-01","New Brunswick","2021A000213","Apples, per kilogram","7.08"
"2022-08-01","New Brunswick","2021A000213","Bananas, per kilogram","2.07"
"2022-08-01","New Brunswick","2021A000213","Potatoes, 4.54 kilograms","5.53"
"2022-08-01","New Brunswick","2021A000213","Tomatoes, per kilogram","5.40"
"2022-08-01","New Brunswick","2021A000213","Carrots, 1.36 kilograms","4.14"
"2022-08-01","New Brunswick","2021A000213","Onions, per kilogram","6.03"
"2022-08-01","New Brunswick","2021A000213","White bread, 675 grams","3.66"
"2022-08-01","New Brunswick","2021A000213","Dry or fresh pasta, 500 grams","3.21"
"2022-08-01","New Brunswick","2021A000213","White rice, 2 kilograms","10.85"
"2022-08-01","New Brunswick","2021A000213","Vegetable oil, 3 litres","14.54"
"2022-08-01","Quebec","2021A000224","Ground beef, per kilogram","10.31"
"2022-08-01","Quebec","2021A000224","Whole chicken, per kilogram","5.38"
"2022-08-01","Quebec","2021A000224","Milk, 2 litres","4.76"
"2022-08-01","Quebec","2021A000224","Block cheese, 500 grams","6.24"
"2022-08-01","Quebec","2021A000224","Yogurt, 500 grams","3.20"
"2022-08-01","Quebec","2021A000224","Eggs, 1 dozen","4.01"
"2022-08-01","Quebec","2021A000224","Apples, per kilogram","6.11"
"2022-08-01","Quebec","2021A000224","Bananas, per kilogram","1.82"
"2022-08-01","Quebec","2021A000224","Potatoes, 4.54 kilograms","4.90"
"2022-08-01","Quebec","2021A000224","Tomatoes, per kilogram","4.64"
"2022-08-01","Quebec","2021A000224","Carrots, 1.36 kilograms","3.49"
"2022-08-01","Quebec","2021A000224","Onions, per kilogram","5.70"
"2022-08-01","Quebec","2021A000224","White bread, 675 grams","4.15"
"2022-08-01","Quebec","2021A000224","Dry or fresh pasta, 500 grams","3.45"
"2022-08-01","Quebec","2021A000224","White rice, 2 kilograms","10.19"
"2022-08-01","Quebec","2021A000224","Vegetable oil, 3 litres","11.62"
"2022-08-01","Ontario","2021A000235","Ground beef, per kilogram","10.58"
"2022-08-01","Ontario","2021A000235","Whole chicken, per kilogram","6.07"
"2022-08-01","Ontario","2021A000235","Milk, 2 litres","5.25"
"2022-08-01","Ontario","2021A000235","Block cheese, 500 grams","6.74"
"2022-08-01","Ontario","2021A000235","Yogurt, 500 grams","2.80"
"2022-08-01","Ontario","2021A000235","Eggs, 1 dozen","4.53"
"2022-08-01","Ontario","2021A000235","Apples, per kilogram","6.01"
"2022-08-01","Ontario","2021A000235","Bananas, per kilogram","1.48"
"2022-08-01","Ontario","2021A000235","Potatoes, 4.54 kilograms","4.96"
"2022-08-01","Ontario","2021A000235","Tomatoes, per kilogram","3.81"
"2022-08-01","Ontario","2021A000235","Carrots, 1.36 kilograms","3.43"
"2022-08-01","Ontario","2021A000235","Onions, per kilogram","5.65"
"2022-08-01","Ontario","2021A000235","White bread, 675 grams","2.95"
"2022-08-01","Ontario","2021A000235","Dry or fresh pasta, 500 grams","3.14"
"2022-08-01","Ontario","2021A000235","White rice, 2 kilograms","8.80"
"2022-08-01","Ontario","2021A000235","Vegetable oil, 3 litres","11.61"
"2022-08-01","Manitoba","2021A000246","Ground beef, per kilogram","9.85"
"2022-08-01","Manitoba","2021A000246","Whole chicken, per kilogram","7.44"
"2022-08-01","Manitoba","2021A000246","Milk, 2 litres","4.01"
"2022-08-01","Manitoba","2021A000246","Block cheese, 500 grams","6.70"
"2022-08-01","Manitoba","2021A000246","Yogurt, 500 grams","3.01"
"2022-08-01","Manitoba","2021A000246","Eggs, 1 dozen","3.84"
"2022-08-01","Manitoba","2021A000246","Apples, per kilogram","5.55"
"2022-08-01","Manitoba","2021A000246","Bananas, per kilogram","1.71"
"2022-08-01","Manitoba","2021A000246","Potatoes, 4.54 kilograms","7.93"
"2022-08-01","Manitoba","2021A000246","Tomatoes, per kilogram","3.92"
"2022-08-01","Manitoba","2021A000246","Carrots, 1.36 kilograms","5.00"
"2022-08-01","Manitoba","2021A000246","Onions, per kilogram","5.33"
"2022-08-01","Manitoba","2021A000246","White bread, 675 grams","3.21"
"2022-08-01","Manitoba","2021A000246","Dry or fresh pasta, 500 grams","2.93"
"2022-08-01","Manitoba","2021A000246","White rice, 2 kilograms","8.22"
"2022-08-01","Manitoba","2021A000246","Vegetable oil, 3 litres","13.57"
"2022-08-01","Saskatchewan","2021A000247","Ground beef, per kilogram","9.81"
"2022-08-01","Saskatchewan","2021A000247","Whole chicken, per kilogram","7.13"
"2022-08-01","Saskatchewan","2021A000247","Milk, 2 litres","4.49"
"2022-08-01","Saskatchewan","2021A000247","Block cheese, 500 grams","6.77"
"2022-08-01","Saskatchewan","2021A000247","Yogurt, 500 grams","3.00"
"2022-08-01","Saskatchewan","2021A000247","Eggs, 1 dozen","3.95"
"2022-08-01","Saskatchewan","2021A000247","Apples, per kilogram","5.70"
"2022-08-01","Saskatchewan","2021A000247","Bananas, per kilogram","1.82"
"2022-08-01","Saskatchewan","2021A000247","Potatoes, 4.54 kilograms","8.10"
"2022-08-01","Saskatchewan","2021A000247","Tomatoes, per kilogram","4.10"
"2022-08-01","Saskatchewan","2021A000247","Carrots, 1.36 kilograms","5.17"
"2022-08-01","Saskatchewan","2021A000247","Onions, per kilogram","5.34"
"2022-08-01","Saskatchewan","2021A000247","White bread, 675 grams","3.42"
"2022-08-01","Saskatchewan","2021A000247","Dry or fresh pasta, 500 grams","3.00"
"2022-08-01","Saskatchewan","2021A000247","White rice, 2 kilograms","8.35"
"2022-08-01","Saskatchewan","2021A000247","Vegetable oil, 3 litres","14.62"
"2022-08-01","Alberta","2021A000248","Ground beef, per kilogram","10.70"
"2022-08-01","Alberta","2021A000248","Whole chicken, per kilogram","7.19"
"2022-08-01","Alberta","2021A000248","Milk, 2 litres","4.63"
"2022-08-01","Alberta","2021A000248","Block cheese, 500 grams","6.91"
"2022-08-01","Alberta","2021A000248","Yogurt, 500 grams","3.08"
"2022-08-01","Alberta","2021A000248","Eggs, 1 dozen","4.28"
"2022-08-01","Alberta","2021A000248","Apples, per kilogram","5.73"
"2022-08-01","Alberta","2021A000248","Bananas, per kilogram","1.83"
"2022-08-01","Alberta","2021A000248","Potatoes, 4.54 kilograms","8.03"
"2022-08-01","Alberta","2021A000248","Tomatoes, per kilogram","4.26"
"2022-08-01","Alberta","2021A000248","Carrots, 1.36 kilograms","5.23"
"2022-08-01","Alberta","2021A000248","Onions, per kilogram","5.30"
"2022-08-01","Alberta","2021A000248","White bread, 675 grams","3.48"
"2022-08-01","Alberta","2021A000248","Dry or fresh pasta, 500 grams","3.14"
"2022-08-01","Alberta","2021A000248","White rice, 2 kilograms","9.03"
"2022-08-01","Alberta","2021A000248","Vegetable oil, 3 litres","14.28"
"2022-08-01","British Columbia","2021A000259","Ground beef, per kilogram","11.06"
"2022-08-01","British Columbia","2021A000259","Whole chicken, per kilogram","7.65"
"2022-08-01","British Columbia","2021A000259","Milk, 2 litres","4.77"
"2022-08-01","British Columbia","2021A000259","Block cheese, 500 grams","6.94"
"2022-08-01","British Columbia","2021A000259","Yogurt, 500 grams","3.13"
"2022-08-01","British Columbia","2021A000259","Eggs, 1 dozen","4.84"
"2022-08-01","British Columbia","2021A000259","Apples, per kilogram","5.85"
"2022-08-01","British Columbia","2021A000259","Bananas, per kilogram","1.72"
"2022-08-01","British Columbia","2021A000259","Potatoes, 4.54 kilograms","8.08"
"2022-08-01","British Columbia","2021A000259","Tomatoes, per kilogram","4.31"
"2022-08-01","British Columbia","2021A000259","Carrots, 1.36 kilograms","5.27"
"2022-08-01","British Columbia","2021A000259","Onions, per kilogram","5.29"
"2022-08-01","British Columbia","2021A000259","White bread, 675 grams","3.71"
"2022-08-01","British Columbia","2021A000259","Dry or fresh pasta, 500 grams","3.24"
"2022-08-01","British Columbia","2021A000259","White rice, 2 kilograms","9.21"
"2022-08-01","British Columbia","2021A000259","Vegetable oil, 3 litres","13.78"
"2022-09-01","Newfoundland and Labrador","2021A000210","Ground beef, per kilogram","10.93"
"2022-09-01","Newfoundland and Labrador","2021A000210","Whole chicken, per kilogram","6.09"
"2022-09-01","Newfoundland and Labrador","2021A000210","Milk, 2 litres","4.75"
"2022-09-01","Newfoundland and Labrador","2021A000210","Block cheese, 500 grams","6.71"
"2022-09-01","Newfoundland and Labrador","2021A000210","Yogurt, 500 grams","3.58"
"2022-09-01","Newfoundland and Labrador","2021A000210","Eggs, 1 dozen","5.09"
"2022-09-01","Newfoundland and Labrador","2021A000210","Apples, per kilogram","7.02"
"2022-09-01","Newfoundland and Labrador","2021A000210","Bananas, per kilogram","2.15"
"2022-09-01","Newfoundland and Labrador","2021A000210","Potatoes, 4.54 kilograms","5.89"
"2022-09-01","Newfoundland and Labrador","2021A000210","Tomatoes, per kilogram","5.89"
"2022-09-01","Newfoundland and Labrador","2021A000210","Carrots, 1.36 kilograms","4.15"
"2022-09-01","Newfoundland and Labrador","2021A000210","Onions, per kilogram","5.77"
"2022-09-01","Newfoundland and Labrador","2021A000210","White bread, 675 grams","3.87"
"2022-09-01","Newfoundland and Labrador","2021A000210","Dry or fresh pasta, 500 grams","3.74"
"2022-09-01","Newfoundland and Labrador","2021A000210","White rice, 2 kilograms","11.48"
"2022-09-01","Newfoundland and Labrador","2021A000210","Vegetable oil, 3 litres","12.59"
"2022-09-01","Prince Edward Island","2021A000211","Ground beef, per kilogram","10.79"
"2022-09-01","Prince Edward Island","2021A000211","Whole chicken, per kilogram","5.98"
"2022-09-01","Prince Edward Island","2021A000211","Milk, 2 litres","4.26"
"2022-09-01","Prince Edward Island","2021A000211","Block cheese, 500 grams","6.92"
"2022-09-01","Prince Edward Island","2021A000211","Yogurt, 500 grams","3.45"
"2022-09-01","Prince Edward Island","2021A000211","Eggs, 1 dozen","5.07"
"2022-09-01","Prince Edward Island","2021A000211","Apples, per kilogram","6.73"
"2022-09-01","Prince Edward Island","2021A000211","Bananas, per kilogram","2.11"
"2022-09-01","Prince Edward Island","2021A000211","Potatoes, 4.54 kilograms","5.07"
"2022-09-01","Prince Edward Island","2021A000211","Tomatoes, per kilogram","5.29"
"2022-09-01","Prince Edward Island","2021A000211","Carrots, 1.36 kilograms","3.80"
"2022-09-01","Prince Edward Island","2021A000211","Onions, per kilogram","5.94"
"2022-09-01","Prince Edward Island","2021A000211","White bread, 675 grams","3.51"
"2022-09-01","Prince Edward Island","2021A000211","Dry or fresh pasta, 500 grams","3.89"
"2022-09-01","Prince Edward Island","2021A000211","White rice, 2 kilograms","11.34"
"2022-09-01","Prince Edward Island","2021A000211","Vegetable oil, 3 litres","13.61"
"2022-09-01","Nova Scotia","2021A000212","Ground beef, per kilogram","10.96"
"2022-09-01","Nova Scotia","2021A000212","Whole chicken, per kilogram","5.97"
"2022-09-01","Nova Scotia","2021A000212","Milk, 2 litres","4.45"
"2022-09-01","Nova Scotia","2021A000212","Block cheese, 500 grams","6.79"
"2022-09-01","Nova Scotia","2021A000212","Yogurt, 500 grams","3.37"
"2022-09-01","Nova Scotia","2021A000212","Eggs, 1 dozen","5.16"
"2022-09-01","Nova Scotia","2021A000212","Apples, per kilogram","6.88"
"2022-09-01","Nova Scotia","2021A000212","Bananas, per kilogram","2.10"
"2022-09-01","Nova Scotia","2021A000212","Potatoes, 4.54 kilograms","5.04"
"2022-09-01","Nova Scotia","2021A000212","Tomatoes, per kilogram","5.00"
"2022-09-01","Nova Scotia","2021A000212","Carrots, 1.36 kilograms","3.74"
"2022-09-01","Nova Scotia","2021A000212","Onions, per kilogram","5.88"
"2022-09-01","Nova Scotia","2021A000212","White bread, 675 grams","3.65"
"2022-09-01","Nova Scotia","2021A000212","Dry or fresh pasta, 500 grams","3.81"
"2022-09-01","Nova Scotia","2021A000212","White rice, 2 kilograms","11.39"
"2022-09-01","Nova Scotia","2021A000212","Vegetable oil, 3 litres","13.42"
"2022-09-01","New Brunswick","2021A000213","Ground beef, per kilogram","10.94"
"2022-09-01","New Brunswick","2021A000213","Whole chicken, per kilogram","5.66"
"2022-09-01","New Brunswick","2021A000213","Milk, 2 litres","4.59"
"2022-09-01","New Brunswick","2021A000213","Block cheese, 500 grams","6.76"
"2022-09-01","New Brunswick","2021A000213","Yogurt, 500 grams","3.40"
"2022-09-01","New Brunswick","2021A000213","Eggs, 1 dozen","5.00"
"2022-09-01","New Brunswick","2021A000213","Apples, per kilogram","6.75"
"2022-09-01","New Brunswick","2021A000213","Bananas, per kilogram","2.08"
"2022-09-01","New Brunswick","2021A000213","Potatoes, 4.54 kilograms","4.88"
"2022-09-01","New Brunswick","2021A000213","Tomatoes, per kilogram","5.13"
"2022-09-01","New Brunswick","2021A000213","Carrots, 1.36 kilograms","3.69"
"2022-09-01","New Brunswick","2021A000213","Onions, per kilogram","5.95"
"2022-09-01","New Brunswick","2021A000213","White bread, 675 grams","3.72"
"2022-09-01","New Brunswick","2021A000213","Dry or fresh pasta, 500 grams","3.67"
"2022-09-01","New Brunswick","2021A000213","White rice, 2 kilograms","11.53"
"2022-09-01","New Brunswick","2021A000213","Vegetable oil, 3 litres","13.99"
"2022-09-01","Quebec","2021A000224","Ground beef, per kilogram","12.56"
"2022-09-01","Quebec","2021A000224","Whole chicken, per kilogram","5.72"
"2022-09-01","Quebec","2021A000224","Milk, 2 litres","4.84"
"2022-09-01","Quebec","2021A000224","Block cheese, 500 grams","6.62"
"2022-09-01","Quebec","2021A000224","Yogurt, 500 grams","3.02"
"2022-09-01","Quebec","2021A000224","Eggs, 1 dozen","4.45"
"2022-09-01","Quebec","2021A000224","Apples, per kilogram","5.29"
"2022-09-01","Quebec","2021A000224","Bananas, per kilogram","1.83"
"2022-09-01","Quebec","2021A000224","Potatoes, 4.54 kilograms","3.88"
"2022-09-01","Quebec","2021A000224","Tomatoes, per kilogram","4.81"
"2022-09-01","Quebec","2021A000224","Carrots, 1.36 kilograms","3.06"
"2022-09-01","Quebec","2021A000224","Onions, per kilogram","5.35"
"2022-09-01","Quebec","2021A000224","White bread, 675 grams","3.93"
"2022-09-01","Quebec","2021A000224","Dry or fresh pasta, 500 grams","3.59"
"2022-09-01","Quebec","2021A000224","White rice, 2 kilograms","10.57"
"2022-09-01","Quebec","2021A000224","Vegetable oil, 3 litres","11.72"
"2022-09-01","Ontario","2021A000235","Ground beef, per kilogram","11.13"
"2022-09-01","Ontario","2021A000235","Whole chicken, per kilogram","7.39"
"2022-09-01","Ontario","2021A000235","Milk, 2 litres","5.43"
"2022-09-01","Ontario","2021A000235","Block cheese, 500 grams","6.83"
"2022-09-01","Ontario","2021A000235","Yogurt, 500 grams","2.81"
"2022-09-01","Ontario","2021A000235","Eggs, 1 dozen","4.58"
"2022-09-01","Ontario","2021A000235","Apples, per kilogram","4.47"
"2022-09-01","Ontario","2021A000235","Bananas, per kilogram","1.49"
"2022-09-01","Ontario","2021A000235","Potatoes, 4.54 kilograms","3.99"
"2022-09-01","Ontario","2021A000235","Tomatoes, per kilogram","3.72"
"2022-09-01","Ontario","2021A000235","Carrots, 1.36 kilograms","3.45"
"2022-09-01","Ontario","2021A000235","Onions, per kilogram","5.55"
"2022-09-01","Ontario","2021A000235","White bread, 675 grams","2.93"
"2022-09-01","Ontario","2021A000235","Dry or fresh pasta, 500 grams","3.27"
"2022-09-01","Ontario","2021A000235","White rice, 2 kilograms","9.18"
"2022-09-01","Ontario","2021A000235","Vegetable oil, 3 litres","10.30"
"2022-09-01","Manitoba","2021A000246","Ground beef, per kilogram","10.97"
"2022-09-01","Manitoba","2021A000246","Whole chicken, per kilogram","6.33"
"2022-09-01","Manitoba","2021A000246","Milk, 2 litres","4.19"
"2022-09-01","Manitoba","2021A000246","Block cheese, 500 grams","6.67"
"2022-09-01","Manitoba","2021A000246","Yogurt, 500 grams","2.99"
"2022-09-01","Manitoba","2021A000246","Eggs, 1 dozen","4.21"
"2022-09-01","Manitoba","2021A000246","Apples, per kilogram","4.43"
"2022-09-01","Manitoba","2021A000246","Bananas, per kilogram","1.73"
"2022-09-01","Manitoba","2021A000246","Potatoes, 4.54 kilograms","7.37"
"2022-09-01","Manitoba","2021A000246","Tomatoes, per kilogram","3.96"
"2022-09-01","Manitoba","2021A000246","Carrots, 1.36 kilograms","4.65"
"2022-09-01","Manitoba","2021A000246","Onions, per kilogram","5.19"
"2022-09-01","Manitoba","2021A000246","White bread, 675 grams","3.24"
"2022-09-01","Manitoba","2021A000246","Dry or fresh pasta, 500 grams","3.20"
"2022-09-01","Manitoba","2021A000246","White rice, 2 kilograms","8.23"
"2022-09-01","Manitoba","2021A000246","Vegetable oil, 3 litres","13.78"
"2022-09-01","Saskatchewan","2021A000247","Ground beef, per kilogram","10.77"
"2022-09-01","Saskatchewan","2021A000247","Whole chicken, per kilogram","6.26"
"2022-09-01","Saskatchewan","2021A000247","Milk, 2 litres","4.56"
"2022-09-01","Saskatchewan","2021A000247","Block cheese, 500 grams","6.73"
"2022-09-01","Saskatchewan","2021A000247","Yogurt, 500 grams","3.00"
"2022-09-01","Saskatchewan","2021A000247","Eggs, 1 dozen","4.29"
"2022-09-01","Saskatchewan","2021A000247","Apples, per kilogram","4.62"
"2022-09-01","Saskatchewan","2021A000247","Bananas, per kilogram","1.82"
"2022-09-01","Saskatchewan","2021A000247","Potatoes, 4.54 kilograms","7.70"
"2022-09-01","Saskatchewan","2021A000247","Tomatoes, per kilogram","4.17"
"2022-09-01","Saskatchewan","2021A000247","Carrots, 1.36 kilograms","4.89"
"2022-09-01","Saskatchewan","2021A000247","Onions, per kilogram","5.20"
"2022-09-01","Saskatchewan","2021A000247","White bread, 675 grams","3.24"
"2022-09-01","Saskatchewan","2021A000247","Dry or fresh pasta, 500 grams","3.28"
"2022-09-01","Saskatchewan","2021A000247","White rice, 2 kilograms","8.48"
"2022-09-01","Saskatchewan","2021A000247","Vegetable oil, 3 litres","14.74"
"2022-09-01","Alberta","2021A000248","Ground beef, per kilogram","11.81"
"2022-09-01","Alberta","2021A000248","Whole chicken, per kilogram","7.28"
"2022-09-01","Alberta","2021A000248","Milk, 2 litres","4.88"
"2022-09-01","Alberta","2021A000248","Block cheese, 500 grams","6.94"
"2022-09-01","Alberta","2021A000248","Yogurt, 500 grams","3.06"
"2022-09-01","Alberta","2021A000248","Eggs, 1 dozen","4.65"
"2022-09-01","Alberta","2021A000248","Apples, per kilogram","4.84"
"2022-09-01","Alberta","2021A000248","Bananas, per kilogram","1.84"
"2022-09-01","Alberta","2021A000248","Potatoes, 4.54 kilograms","7.45"
"2022-09-01","Alberta","2021A000248","Tomatoes, per kilogram","4.37"
"2022-09-01","Alberta","2021A000248","Carrots, 1.36 kilograms","4.92"
"2022-09-01","Alberta","2021A000248","Onions, per kilogram","5.22"
"2022-09-01","Alberta","2021A000248","White bread, 675 grams","3.51"
"2022-09-01","Alberta","2021A000248","Dry or fresh pasta, 500 grams","3.41"
"2022-09-01","Alberta","2021A000248","White rice, 2 kilograms","9.06"
"2022-09-01","Alberta","2021A000248","Vegetable oil, 3 litres","14.41"
"2022-09-01","British Columbia","2021A000259","Ground beef, per kilogram","11.47"
"2022-09-01","British Columbia","2021A000259","Whole chicken, per kilogram","6.89"
"2022-09-01","British Columbia","2021A000259","Milk, 2 litres","4.94"
"2022-09-01","British Columbia","2021A000259","Block cheese, 500 grams","7.03"
"2022-09-01","British Columbia","2021A000259","Yogurt, 500 grams","3.11"
"2022-09-01","British Columbia","2021A000259","Eggs, 1 dozen","5.17"
"2022-09-01","British Columbia","2021A000259","Apples, per kilogram","4.75"
"2022-09-01","British Columbia","2021A000259","Bananas, per kilogram","1.74"
"2022-09-01","British Columbia","2021A000259","Potatoes, 4.54 kilograms","7.52"
"2022-09-01","British Columbia","2021A000259","Tomatoes, per kilogram","4.40"
"2022-09-01","British Columbia","2021A000259","Carrots, 1.36 kilograms","5.07"
"2022-09-01","British Columbia","2021A000259","Onions, per kilogram","5.11"
"2022-09-01","British Columbia","2021A000259","White bread, 675 grams","3.76"
"2022-09-01","British Columbia","2021A000259","Dry or fresh pasta, 500 grams","3.50"
"2022-09-01","British Columbia","2021A000259","White rice, 2 kilograms","9.05"
"2022-09-01","British Columbia","2021A000259","Vegetable oil, 3 litres","14.06"
"2022-10-01","Newfoundland and Labrador","2021A000210","Ground beef, per kilogram","9.67"
"2022-10-01","Newfoundland and Labrador","2021A000210","Whole chicken, per kilogram","5.82"
"2022-10-01","Newfoundland and Labrador","2021A000210","Milk, 2 litres","4.70"
"2022-10-01","Newfoundland and Labrador","2021A000210","Block cheese, 500 grams","6.52"
"2022-10-01","Newfoundland and Labrador","2021A000210","Yogurt, 500 grams","3.58"
"2022-10-01","Newfoundland and Labrador","2021A000210","Eggs, 1 dozen","5.12"
"2022-10-01","Newfoundland and Labrador","2021A000210","Apples, per kilogram","6.42"
"2022-10-01","Newfoundland and Labrador","2021A000210","Bananas, per kilogram","2.18"
"2022-10-01","Newfoundland and Labrador","2021A000210","Potatoes, 4.54 kilograms","5.04"
"2022-10-01","Newfoundland and Labrador","2021A000210","Tomatoes, per kilogram","5.29"
"2022-10-01","Newfoundland and Labrador","2021A000210","Carrots, 1.36 kilograms","2.90"
"2022-10-01","Newfoundland and Labrador","2021A000210","Onions, per kilogram","5.75"
"2022-10-01","Newfoundland and Labrador","2021A000210","White bread, 675 grams","3.91"
"2022-10-01","Newfoundland and Labrador","2021A000210","Dry or fresh pasta, 500 grams","3.66"
"2022-10-01","Newfoundland and Labrador","2021A000210","White rice, 2 kilograms","11.73"
"2022-10-01","Newfoundland and Labrador","2021A000210","Vegetable oil, 3 litres","12.65"
"2022-10-01","Prince Edward Island","2021A000211","Ground beef, per kilogram","10.27"
"2022-10-01","Prince Edward Island","2021A000211","Whole chicken, per kilogram","6.13"
"2022-10-01","Prince Edward Island","2021A000211","Milk, 2 litres","4.20"
"2022-10-01","Prince Edward Island","2021A000211","Block cheese, 500 grams","6.62"
"2022-10-01","Prince Edward Island","2021A000211","Yogurt, 500 grams","3.41"
"2022-10-01","Prince Edward Island","2021A000211","Eggs, 1 dozen","4.93"
"2022-10-01","Prince Edward Island","2021A000211","Apples, per kilogram","5.72"
"2022-10-01","Prince Edward Island","2021A000211","Bananas, per kilogram","2.10"
"2022-10-01","Prince Edward Island","2021A000211","Potatoes, 4.54 kilograms","4.62"
"2022-10-01","Prince Edward Island","2021A000211","Tomatoes, per kilogram","4.84"
"2022-10-01","Prince Edward Island","2021A000211","Carrots, 1.36 kilograms","2.87"
"2022-10-01","Prince Edward Island","2021A000211","Onions, per kilogram","6.00"
"2022-10-01","Prince Edward Island","2021A000211","White bread, 675 grams","3.51"
"2022-10-01","Prince Edward Island","2021A000211","Dry or fresh pasta, 500 grams","3.86"
"2022-10-01","Prince Edward Island","2021A000211","White rice, 2 kilograms","11.58"
"2022-10-01","Prince Edward Island","2021A000211","Vegetable oil, 3 litres","13.38"
"2022-10-01","Nova Scotia","2021A000212","Ground beef, per kilogram","10.14"
"2022-10-01","Nova Scotia","2021A000212","Whole chicken, per kilogram","5.52"
"2022-10-01","Nova Scotia","2021A000212","Milk, 2 litres","4.40"
"2022-10-01","Nova Scotia","2021A000212","Block cheese, 500 grams","6.58"
"2022-10-01","Nova Scotia","2021A000212","Yogurt, 500 grams","3.37"
"2022-10-01","Nova Scotia","2021A000212","Eggs, 1 dozen","4.97"
"2022-10-01","Nova Scotia","2021A000212","Apples, per kilogram","5.75"
"2022-10-01","Nova Scotia","2021A000212","Bananas, per kilogram","2.08"
"2022-10-01","Nova Scotia","2021A000212","Potatoes, 4.54 kilograms","4.17"
"2022-10-01","Nova Scotia","2021A000212","Tomatoes, per kilogram","4.77"
"2022-10-01","Nova Scotia","2021A000212","Carrots, 1.36 kilograms","2.92"
"2022-10-01","Nova Scotia","2021A000212","Onions, per kilogram","6.00"
"2022-10-01","Nova Scotia","2021A000212","White bread, 675 grams","3.58"
"2022-10-01","Nova Scotia","2021A000212","Dry or fresh pasta, 500 grams","3.82"
"2022-10-01","Nova Scotia","2021A000212","White rice, 2 kilograms","11.36"
"2022-10-01","Nova Scotia","2021A000212","Vegetable oil, 3 litres","13.38"
"2022-10-01","New Brunswick","2021A000213","Ground beef, per kilogram","9.94"
"2022-10-01","New Brunswick","2021A000213","Whole chicken, per kilogram","5.41"
"2022-10-01","New Brunswick","2021A000213","Milk, 2 litres","4.57"
"2022-10-01","New Brunswick","2021A000213","Block cheese, 500 grams","6.56"
"2022-10-01","New Brunswick","2021A000213","Yogurt, 500 grams","3.40"
"2022-10-01","New Brunswick","2021A000213","Eggs, 1 dozen","4.53"
"2022-10-01","New Brunswick","2021A000213","Apples, per kilogram","5.49"
"2022-10-01","New Brunswick","2021A000213","Bananas, per kilogram","2.07"
"2022-10-01","New Brunswick","2021A000213","Potatoes, 4.54 kilograms","4.50"
"2022-10-01","New Brunswick","2021A000213","Tomatoes, per kilogram","4.93"
"2022-10-01","New Brunswick","2021A000213","Carrots, 1.36 kilograms","2.96"
"2022-10-01","New Brunswick","2021A000213","Onions, per kilogram","5.92"
"2022-10-01","New Brunswick","2021A000213","White bread, 675 grams","3.66"
"2022-10-01","New Brunswick","2021A000213","Dry or fresh pasta, 500 grams","3.55"
"2022-10-01","New Brunswick","2021A000213","White rice, 2 kilograms","11.65"
"2022-10-01","New Brunswick","2021A000213","Vegetable oil, 3 litres","14.68"
"2022-10-01","Quebec","2021A000224","Ground beef, per kilogram","11.18"
"2022-10-01","Quebec","2021A000224","Whole chicken, per kilogram","4.92"
"2022-10-01","Quebec","2021A000224","Milk, 2 litres","4.78"
"2022-10-01","Quebec","2021A000224","Block cheese, 500 grams","5.83"
"2022-10-01","Quebec","2021A000224","Yogurt, 500 grams","2.91"
"2022-10-01","Quebec","2021A000224","Eggs, 1 dozen","3.76"
"2022-10-01","Quebec","2021A000224","Apples, per kilogram","4.15"
"2022-10-01","Quebec","2021A000224","Bananas, per kilogram","1.78"
"2022-10-01","Quebec","2021A000224","Potatoes, 4.54 kilograms","2.15"
"2022-10-01","Quebec","2021A000224","Tomatoes, per kilogram","4.63"
"2022-10-01","Quebec","2021A000224","Carrots, 1.36 kilograms","2.79"
"2022-10-01","Quebec","2021A000224","Onions, per kilogram","4.83"
"2022-10-01","Quebec","2021A000224","White bread, 675 grams","3.78"
"2022-10-01","Quebec","2021A000224","Dry or fresh pasta, 500 grams","3.45"
"2022-10-01","Quebec","2021A000224","White rice, 2 kilograms","10.43"
"2022-10-01","Quebec","2021A000224","Vegetable oil, 3 litres","12.19"
"2022-10-01","Ontario","2021A000235","Ground beef, per kilogram","9.85"
"2022-10-01","Ontario","2021A000235","Whole chicken, per kilogram","6.30"
"2022-10-01","Ontario","2021A000235","Milk, 2 litres","5.40"
"2022-10-01","Ontario","2021A000235","Block cheese, 500 grams","6.58"
"2022-10-01","Ontario","2021A000235","Yogurt, 500 grams","2.89"
"2022-10-01","Ontario","2021A000235","Eggs, 1 dozen","4.69"
"2022-10-01","Ontario","2021A000235","Apples, per kilogram","4.14"
"2022-10-01","Ontario","2021A000235","Bananas, per kilogram","1.49"
"2022-10-01","Ontario","2021A000235","Potatoes, 4.54 kilograms","3.76"
"2022-10-01","Ontario","2021A000235","Tomatoes, per kilogram","4.38"
"2022-10-01","Ontario","2021A000235","Carrots, 1.36 kilograms","3.12"
"2022-10-01","Ontario","2021A000235","Onions, per kilogram","5.49"
"2022-10-01","Ontario","2021A000235","White bread, 675 grams","2.98"
"2022-10-01","Ontario","2021A000235","Dry or fresh pasta, 500 grams","3.26"
"2022-10-01","Ontario","2021A000235","White rice, 2 kilograms","8.94"
"2022-10-01","Ontario","2021A000235","Vegetable oil, 3 litres","9.93"
"2022-10-01","Manitoba","2021A000246","Ground beef, per kilogram","9.68"
"2022-10-01","Manitoba","2021A000246","Whole chicken, per kilogram","8.02"
"2022-10-01","Manitoba","2021A000246","Milk, 2 litres","4.20"
"2022-10-01","Manitoba","2021A000246","Block cheese, 500 grams","6.52"
"2022-10-01","Manitoba","2021A000246","Yogurt, 500 grams","3.07"
"2022-10-01","Manitoba","2021A000246","Eggs, 1 dozen","4.25"
"2022-10-01","Manitoba","2021A000246","Apples, per kilogram","4.08"
"2022-10-01","Manitoba","2021A000246","Bananas, per kilogram","1.69"
"2022-10-01","Manitoba","2021A000246","Potatoes, 4.54 kilograms","7.14"
"2022-10-01","Manitoba","2021A000246","Tomatoes, per kilogram","4.61"
"2022-10-01","Manitoba","2021A000246","Carrots, 1.36 kilograms","4.38"
"2022-10-01","Manitoba","2021A000246","Onions, per kilogram","5.40"
"2022-10-01","Manitoba","2021A000246","White bread, 675 grams","3.39"
"2022-10-01","Manitoba","2021A000246","Dry or fresh pasta, 500 grams","3.19"
"2022-10-01","Manitoba","2021A000246","White rice, 2 kilograms","7.89"
"2022-10-01","Manitoba","2021A000246","Vegetable oil, 3 litres","12.91"
"2022-10-01","Saskatchewan","2021A000247","Ground beef, per kilogram","9.76"
"2022-10-01","Saskatchewan","2021A000247","Whole chicken, per kilogram","7.92"
"2022-10-01","Saskatchewan","2021A000247","Milk, 2 litres","4.58"
"2022-10-01","Saskatchewan","2021A000247","Block cheese, 500 grams","6.55"
"2022-10-01","Saskatchewan","2021A000247","Yogurt, 500 grams","3.08"
"2022-10-01","Saskatchewan","2021A000247","Eggs, 1 dozen","4.31"
"2022-10-01","Saskatchewan","2021A000247","Apples, per kilogram","4.18"
"2022-10-01","Saskatchewan","2021A000247","Bananas, per kilogram","1.82"
"2022-10-01","Saskatchewan","2021A000247","Potatoes, 4.54 kilograms","7.48"
"2022-10-01","Saskatchewan","2021A000247","Tomatoes, per kilogram","4.74"
"2022-10-01","Saskatchewan","2021A000247","Carrots, 1.36 kilograms","4.64"
"2022-10-01","Saskatchewan","2021A000247","Onions, per kilogram","5.39"
"2022-10-01","Saskatchewan","2021A000247","White bread, 675 grams","3.49"
"2022-10-01","Saskatchewan","2021A000247","Dry or fresh pasta, 500 grams","3.30"
"2022-10-01","Saskatchewan","2021A000247","White rice, 2 kilograms","8.32"
"2022-10-01","Saskatchewan","2021A000247","Vegetable oil, 3 litres","13.89"
"2022-10-01","Alberta","2021A000248","Ground beef, per kilogram","10.03"
"2022-10-01","Alberta","2021A000248","Whole chicken, per kilogram","8.23"
"2022-10-01","Alberta","2021A000248","Milk, 2 litres","4.91"
"2022-10-01","Alberta","2021A000248","Block cheese, 500 grams","6.69"
"2022-10-01","Alberta","2021A000248","Yogurt, 500 grams","3.11"
"2022-10-01","Alberta","2021A000248","Eggs, 1 dozen","4.67"
"2022-10-01","Alberta","2021A000248","Apples, per kilogram","4.36"
"2022-10-01","Alberta","2021A000248","Bananas, per kilogram","1.82"
"2022-10-01","Alberta","2021A000248","Potatoes, 4.54 kilograms","7.70"
"2022-10-01","Alberta","2021A000248","Tomatoes, per kilogram","4.72"
"2022-10-01","Alberta","2021A000248","Carrots, 1.36 kilograms","4.65"
"2022-10-01","Alberta","2021A000248","Onions, per kilogram","5.38"
"2022-10-01","Alberta","2021A000248","White bread, 675 grams","3.62"
"2022-10-01","Alberta","2021A000248","Dry or fresh pasta, 500 grams","3.46"
"2022-10-01","Alberta","2021A000248","White rice, 2 kilograms","8.75"
"2022-10-01","Alberta","2021A000248","Vegetable oil, 3 litres","14.05"
"2022-10-01","British Columbia","2021A000259","Ground beef, per kilogram","10.21"
"2022-10-01","British Columbia","2021A000259","Whole chicken, per kilogram","8.81"
"2022-10-01","British Columbia","2021A000259","Milk, 2 litres","4.95"
"2022-10-01","British Columbia","2021A000259","Block cheese, 500 grams","6.75"
"2022-10-01","British Columbia","2021A000259","Yogurt, 500 grams","3.16"
"2022-10-01","British Columbia","2021A000259","Eggs, 1 dozen","5.13"
"2022-10-01","British Columbia","2021A000259","Apples, per kilogram","4.43"
"2022-10-01","British Columbia","2021A000259","Bananas, per kilogram","1.70"
"2022-10-01","British Columbia","2021A000259","Potatoes, 4.54 kilograms","6.91"
"2022-10-01","British Columbia","2021A000259","Tomatoes, per kilogram","4.84"
"2022-10-01","British Columbia","2021A000259","Carrots, 1.36 kilograms","4.95"
"2022-10-01","British Columbia","2021A000259","Onions, per kilogram","5.17"
"2022-10-01","British Columbia","2021A000259","White bread, 675 grams","3.83"
"2022-10-01","British Columbia","2021A000259","Dry or fresh pasta, 500 grams","3.50"
"2022-10-01","British Columbia","2021A000259","White rice, 2 kilograms","8.97"
"2022-10-01","British Columbia","2021A000259","Vegetable oil, 3 litres","13.58"
"2022-11-01","Newfoundland and Labrador","2021A000210","Ground beef, per kilogram","9.69"
"2022-11-01","Newfoundland and Labrador","2021A000210","Whole chicken, per kilogram","5.89"
"2022-11-01","Newfoundland and Labrador","2021A000210","Milk, 2 litres","4.72"
"2022-11-01","Newfoundland and Labrador","2021A000210","Block cheese, 500 grams","6.65"
"2022-11-01","Newfoundland and Labrador","2021A000210","Yogurt, 500 grams","3.75"
"2022-11-01","Newfoundland and Labrador","2021A000210","Eggs, 1 dozen","4.56"
"2022-11-01","Newfoundland and Labrador","2021A000210","Apples, per kilogram","7.07"
"2022-11-01","Newfoundland and Labrador","2021A000210","Bananas, per kilogram","2.15"
"2022-11-01","Newfoundland and Labrador","2021A000210","Potatoes, 4.54 kilograms","5.84"
"2022-11-01","Newfoundland and Labrador","2021A000210","Tomatoes, per kilogram","7.86"
"2022-11-01","Newfoundland and Labrador","2021A000210","Carrots, 1.36 kilograms","3.64"
"2022-11-01","Newfoundland and Labrador","2021A000210","Onions, per kilogram","5.54"
"2022-11-01","Newfoundland and Labrador","2021A000210","White bread, 675 grams","3.86"
"2022-11-01","Newfoundland and Labrador","2021A000210","Dry or fresh pasta, 500 grams","3.00"
"2022-11-01","Newfoundland and Labrador","2021A000210","White rice, 2 kilograms","11.90"
"2022-11-01","Newfoundland and Labrador","2021A000210","Vegetable oil, 3 litres","13.40"
"2022-11-01","Prince Edward Island","2021A000211","Ground beef, per kilogram","10.23"
"2022-11-01","Prince Edward Island","2021A000211","Whole chicken, per kilogram","5.63"
"2022-11-01","Prince Edward Island","2021A000211","Milk, 2 litres","4.21"
"2022-11-01","Prince Edward Island","2021A000211","Block cheese, 500 grams","6.80"
"2022-11-01","Prince Edward Island","2021A000211","Yogurt, 500 grams","3.63"
"2022-11-01","Prince Edward Island","2021A000211","Eggs, 1 dozen","4.62"
"2022-11-01","Prince Edward Island","2021A000211","Apples, per kilogram","6.75"
"2022-11-01","Prince Edward Island","2021A000211","Bananas, per kilogram","2.18"
"2022-11-01","Prince Edward Island","2021A000211","Potatoes, 4.54 kilograms","4.33"
"2022-11-01","Prince Edward Island","2021A000211","Tomatoes, per kilogram","7.03"
"2022-11-01","Prince Edward Island","2021A000211","Carrots, 1.36 kilograms","3.29"
"2022-11-01","Prince Edward Island","2021A000211","Onions, per kilogram","5.91"
"2022-11-01","Prince Edward Island","2021A000211","White bread, 675 grams","3.51"
"2022-11-01","Prince Edward Island","2021A000211","Dry or fresh pasta, 500 grams","3.41"
"2022-11-01","Prince Edward Island","2021A000211","White rice, 2 kilograms","11.59"
"2022-11-01","Prince Edward Island","2021A000211","Vegetable oil, 3 litres","13.93"
"2022-11-01","Nova Scotia","2021A000212","Ground beef, per kilogram","10.13"
"2022-11-01","Nova Scotia","2021A000212","Whole chicken, per kilogram","5.65"
"2022-11-01","Nova Scotia","2021A000212","Milk, 2 litres","4.42"
"2022-11-01","Nova Scotia","2021A000212","Block cheese, 500 grams","6.71"
"2022-11-01","Nova Scotia","2021A000212","Yogurt, 500 grams","3.56"
"2022-11-01","Nova Scotia","2021A000212","Eggs, 1 dozen","4.65"
"2022-11-01","Nova Scotia","2021A000212","Apples, per kilogram","6.66"
"2022-11-01","Nova Scotia","2021A000212","Bananas, per kilogram","2.18"
"2022-11-01","Nova Scotia","2021A000212","Potatoes, 4.54 kilograms","4.18"
"2022-11-01","Nova Scotia","2021A000212","Tomatoes, per kilogram","6.85"
"2022-11-01","Nova Scotia","2021A000212","Carrots, 1.36 kilograms","3.26"
"2022-11-01","Nova Scotia","2021A000212","Onions, per kilogram","5.94"
"2022-11-01","Nova Scotia","2021A000212","White bread, 675 grams","3.64"
"2022-11-01","Nova Scotia","2021A000212","Dry or fresh pasta, 500 grams","3.24"
"2022-11-01","Nova Scotia","2021A000212","White rice, 2 kilograms","11.61"
"2022-11-01","Nova Scotia","2021A000212","Vegetable oil, 3 litres","14.24"
"2022-11-01","New Brunswick","2021A000213","Ground beef, per kilogram","9.93"
"2022-11-01","New Brunswick","2021A000213","Whole chicken, per kilogram","5.62"
"2022-11-01","New Brunswick","2021A000213","Milk, 2 litres","4.66"
"2022-11-01","New Brunswick","2021A000213","Block cheese, 500 grams","6.71"
"2022-11-01","New Brunswick","2021A000213","Yogurt, 500 grams","3.65"
"2022-11-01","New Brunswick","2021A000213","Eggs, 1 dozen","4.59"
"2022-11-01","New Brunswick","2021A000213","Apples, per kilogram","6.43"
"2022-11-01","New Brunswick","2021A000213","Bananas, per kilogram","2.16"
"2022-11-01","New Brunswick","2021A000213","Potatoes, 4.54 kilograms","4.32"
"2022-11-01","New Brunswick","2021A000213","Tomatoes, per kilogram","7.25"
"2022-11-01","New Brunswick","2021A000213","Carrots, 1.36 kilograms","3.16"
"2022-11-01","New Brunswick","2021A000213","Onions, per kilogram","5.88"
"2022-11-01","New Brunswick","2021A000213","White bread, 675 grams","3.68"
"2022-11-01","New Brunswick","2021A000213","Dry or fresh pasta, 500 grams","3.10"
"2022-11-01","New Brunswick","2021A000213","White rice, 2 kilograms","11.81"
"2022-11-01","New Brunswick","2021A000213","Vegetable oil, 3 litres","14.87"
"2022-11-01","Quebec","2021A000224","Ground beef, per kilogram","9.75"
"2022-11-01","Quebec","2021A000224","Whole chicken, per kilogram","6.47"
"2022-11-01","Quebec","2021A000224","Milk, 2 litres","4.91"
"2022-11-01","Quebec","2021A000224","Block cheese, 500 grams","6.37"
"2022-11-01","Quebec","2021A000224","Yogurt, 500 grams","3.00"
"2022-11-01","Quebec","2021A000224","Eggs, 1 dozen","4.24"
"2022-11-01","Quebec","2021A000224","Apples, per kilogram","5.03"
"2022-11-01","Quebec","2021A000224","Bananas, per kilogram","1.82"
"2022-11-01","Quebec","2021A000224","Potatoes, 4.54 kilograms","4.66"
"2022-11-01","Quebec","2021A000224","Tomatoes, per kilogram","6.99"
"2022-11-01","Quebec","2021A000224","Carrots, 1.36 kilograms","2.09"
"2022-11-01","Quebec","2021A000224","Onions, per kilogram","4.61"
"2022-11-01","Quebec","2021A000224","White bread, 675 grams","4.25"
"2022-11-01","Quebec","2021A000224","Dry or fresh pasta, 500 grams","3.57"
"2022-11-01","Quebec","2021A000224","White rice, 2 kilograms","10.37"
"2022-11-01","Quebec","2021A000224","Vegetable oil, 3 litres","10.14"
"2022-11-01","Ontario","2021A000235","Ground beef, per kilogram","10.21"
"2022-11-01","Ontario","2021A000235","Whole chicken, per kilogram","6.02"
"2022-11-01","Ontario","2021A000235","Milk, 2 litres","5.42"
"2022-11-01","Ontario","2021A000235","Block cheese, 500 grams","6.67"
"2022-11-01","Ontario","2021A000235","Yogurt, 500 grams","2.88"
"2022-11-01","Ontario","2021A000235","Eggs, 1 dozen","4.57"
"2022-11-01","Ontario","2021A000235","Apples, per kilogram","4.89"
"2022-11-01","Ontario","2021A000235","Bananas, per kilogram","1.48"
"2022-11-01","Ontario","2021A000235","Potatoes, 4.54 kilograms","4.33"
"2022-11-01","Ontario","2021A000235","Tomatoes, per kilogram","6.20"
"2022-11-01","Ontario","2021A000235","Carrots, 1.36 kilograms","3.13"
"2022-11-01","Ontario","2021A000235","Onions, per kilogram","5.50"
"2022-11-01","Ontario","2021A000235","White bread, 675 grams","3.01"
"2022-11-01","Ontario","2021A000235","Dry or fresh pasta, 500 grams","3.48"
"2022-11-01","Ontario","2021A000235","White rice, 2 kilograms","9.24"
"2022-11-01","Ontario","2021A000235","Vegetable oil, 3 litres","10.99"
"2022-11-01","Manitoba","2021A000246","Ground beef, per kilogram","10.46"
"2022-11-01","Manitoba","2021A000246","Whole chicken, per kilogram","8.41"
"2022-11-01","Manitoba","2021A000246","Milk, 2 litres","4.16"
"2022-11-01","Manitoba","2021A000246","Block cheese, 500 grams","6.59"
"2022-11-01","Manitoba","2021A000246","Yogurt, 500 grams","3.13"
"2022-11-01","Manitoba","2021A000246","Eggs, 1 dozen","4.30"
"2022-11-01","Manitoba","2021A000246","Apples, per kilogram","4.97"
"2022-11-01","Manitoba","2021A000246","Bananas, per kilogram","1.72"
"2022-11-01","Manitoba","2021A000246","Potatoes, 4.54 kilograms","7.68"
"2022-11-01","Manitoba","2021A000246","Tomatoes, per kilogram","5.71"
"2022-11-01","Manitoba","2021A000246","Carrots, 1.36 kilograms","4.60"
"2022-11-01","Manitoba","2021A000246","Onions, per kilogram","5.21"
"2022-11-01","Manitoba","2021A000246","White bread, 675 grams","3.57"
"2022-11-01","Manitoba","2021A000246","Dry or fresh pasta, 500 grams","3.02"
"2022-11-01","Manitoba","2021A000246","White rice, 2 kilograms","8.19"
"2022-11-01","Manitoba","2021A000246","Vegetable oil, 3 litres","14.72"
"2022-11-01","Saskatchewan","2021A000247","Ground beef, per kilogram","10.49"
"2022-11-01","Saskatchewan","2021A000247","Whole chicken, per kilogram","8.27"
"2022-11-01","Saskatchewan","2021A000247","Milk, 2 litres","4.50"
"2022-11-01","Saskatchewan","2021A000247","Block cheese, 500 grams","6.56"
"2022-11-01","Saskatchewan","2021A000247","Yogurt, 500 grams","3.13"
"2022-11-01","Saskatchewan","2021A000247","Eggs, 1 dozen","4.40"
"2022-11-01","Saskatchewan","2021A000247","Apples, per kilogram","5.18"
"2022-11-01","Saskatchewan","2021A000247","Bananas, per kilogram","1.85"
"2022-11-01","Saskatchewan","2021A000247","Potatoes, 4.54 kilograms","7.75"
"2022-11-01","Saskatchewan","2021A000247","Tomatoes, per kilogram","5.81"
"2022-11-01","Saskatchewan","2021A000247","Carrots, 1.36 kilograms","4.65"
"2022-11-01","Saskatchewan","2021A000247","Onions, per kilogram","5.23"
"2022-11-01","Saskatchewan","2021A000247","White bread, 675 grams","3.73"
"2022-11-01","Saskatchewan","2021A000247","Dry or fresh pasta, 500 grams","3.15"
"2022-11-01","Saskatchewan","2021A000247","White rice, 2 kilograms","8.68"
"2022-11-01","Saskatchewan","2021A000247","Vegetable oil, 3 litres","15.11"
"2022-11-01","Alberta","2021A000248","Ground beef, per kilogram","11.02"
"2022-11-01","Alberta","2021A000248","Whole chicken, per kilogram","8.31"
"2022-11-01","Alberta","2021A000248","Milk, 2 litres","4.84"
"2022-11-01","Alberta","2021A000248","Block cheese, 500 grams","6.75"
"2022-11-01","Alberta","2021A000248","Yogurt, 500 grams","3.22"
"2022-11-01","Alberta","2021A000248","Eggs, 1 dozen","4.79"
"2022-11-01","Alberta","2021A000248","Apples, per kilogram","5.31"
"2022-11-01","Alberta","2021A000248","Bananas, per kilogram","1.82"
"2022-11-01","Alberta","2021A000248","Potatoes, 4.54 kilograms","8.00"
"2022-11-01","Alberta","2021A000248","Tomatoes, per kilogram","5.83"
"2022-11-01","Alberta","2021A000248","Carrots, 1.36 kilograms","4.79"
"2022-11-01","Alberta","2021A000248","Onions, per kilogram","5.21"
"2022-11-01","Alberta","2021A000248","White bread, 675 grams","3.69"
"2022-11-01","Alberta","2021A000248","Dry or fresh pasta, 500 grams","3.26"
"2022-11-01","Alberta","2021A000248","White rice, 2 kilograms","9.05"
"2022-11-01","Alberta","2021A000248","Vegetable oil, 3 litres","15.21"
"2022-11-01","British Columbia","2021A000259","Ground beef, per kilogram","11.52"
"2022-11-01","British Columbia","2021A000259","Whole chicken, per kilogram","7.82"
"2022-11-01","British Columbia","2021A000259","Milk, 2 litres","4.93"
"2022-11-01","British Columbia","2021A000259","Block cheese, 500 grams","6.80"
"2022-11-01","British Columbia","2021A000259","Yogurt, 500 grams","3.23"
"2022-11-01","British Columbia","2021A000259","Eggs, 1 dozen","5.21"
"2022-11-01","British Columbia","2021A000259","Apples, per kilogram","5.10"
"2022-11-01","British Columbia","2021A000259","Bananas, per kilogram","1.73"
"2022-11-01","British Columbia","2021A000259","Potatoes, 4.54 kilograms","7.78"
"2022-11-01","British Columbia","2021A000259","Tomatoes, per kilogram","5.94"
"2022-11-01","British Columbia","2021A000259","Carrots, 1.36 kilograms","5.11"
"2022-11-01","British Columbia","2021A000259","Onions, per kilogram","5.07"
"2022-11-01","British Columbia","2021A000259","White bread, 675 grams","3.93"
"2022-11-01","British Columbia","2021A000259","Dry or fresh pasta, 500 grams","3.37"
"2022-11-01","British Columbia","2021A000259","White rice, 2 kilograms","9.04"
"2022-11-01","British Columbia","2021A000259","Vegetable oil, 3 litres","15.00"
"2022-12-01","Newfoundland and Labrador","2021A000210","Ground beef, per kilogram","10.28"
"2022-12-01","Newfoundland and Labrador","2021A000210","Whole chicken, per kilogram","6.43"
"2022-12-01","Newfoundland and Labrador","2021A000210","Milk, 2 litres","4.75"
"2022-12-01","Newfoundland and Labrador","2021A000210","Block cheese, 500 grams","6.29"
"2022-12-01","Newfoundland and Labrador","2021A000210","Yogurt, 500 grams","3.78"
"2022-12-01","Newfoundland and Labrador","2021A000210","Eggs, 1 dozen","4.79"
"2022-12-01","Newfoundland and Labrador","2021A000210","Apples, per kilogram","6.78"
"2022-12-01","Newfoundland and Labrador","2021A000210","Bananas, per kilogram","2.15"
"2022-12-01","Newfoundland and Labrador","2021A000210","Potatoes, 4.54 kilograms","5.23"
"2022-12-01","Newfoundland and Labrador","2021A000210","Tomatoes, per kilogram","8.46"
"2022-12-01","Newfoundland and Labrador","2021A000210","Carrots, 1.36 kilograms","3.82"
"2022-12-01","Newfoundland and Labrador","2021A000210","Onions, per kilogram","5.87"
"2022-12-01","Newfoundland and Labrador","2021A000210","White bread, 675 grams","3.90"
"2022-12-01","Newfoundland and Labrador","2021A000210","Dry or fresh pasta, 500 grams","3.79"
"2022-12-01","Newfoundland and Labrador","2021A000210","White rice, 2 kilograms","11.25"
"2022-12-01","Newfoundland and Labrador","2021A000210","Vegetable oil, 3 litres","14.36"
"2022-12-01","Prince Edward Island","2021A000211","Ground beef, per kilogram","10.51"
"2022-12-01","Prince Edward Island","2021A000211","Whole chicken, per kilogram","6.26"
"2022-12-01","Prince Edward Island","2021A000211","Milk, 2 litres","4.21"
"2022-12-01","Prince Edward Island","2021A000211","Block cheese, 500 grams","6.40"
"2022-12-01","Prince Edward Island","2021A000211","Yogurt, 500 grams","3.65"
"2022-12-01","Prince Edward Island","2021A000211","Eggs, 1 dozen","4.77"
"2022-12-01","Prince Edward Island","2021A000211","Apples, per kilogram","6.45"
"2022-12-01","Prince Edward Island","2021A000211","Bananas, per kilogram","2.16"
"2022-12-01","Prince Edward Island","2021A000211","Potatoes, 4.54 kilograms","3.92"
"2022-12-01","Prince Edward Island","2021A000211","Tomatoes, per kilogram","7.47"
"2022-12-01","Prince Edward Island","2021A000211","Carrots, 1.36 kilograms","3.15"
"2022-12-01","Prince Edward Island","2021A000211","Onions, per kilogram","5.87"
"2022-12-01","Prince Edward Island","2021A000211","White bread, 675 grams","3.62"
"2022-12-01","Prince Edward Island","2021A000211","Dry or fresh pasta, 500 grams","3.96"
"2022-12-01","Prince Edward Island","2021A000211","White rice, 2 kilograms","11.00"
"2022-12-01","Prince Edward Island","2021A000211","Vegetable oil, 3 litres","14.64"
"2022-12-01","Nova Scotia","2021A000212","Ground beef, per kilogram","10.83"
"2022-12-01","Nova Scotia","2021A000212","Whole chicken, per kilogram","6.36"
"2022-12-01","Nova Scotia","2021A000212","Milk, 2 litres","4.43"
"2022-12-01","Nova Scotia","2021A000212","Block cheese, 500 grams","6.32"
"2022-12-01","Nova Scotia","2021A000212","Yogurt, 500 grams","3.60"
"2022-12-01","Nova Scotia","2021A000212","Eggs, 1 dozen","5.04"
"2022-12-01","Nova Scotia","2021A000212","Apples, per kilogram","6.24"
"2022-12-01","Nova Scotia","2021A000212","Bananas, per kilogram","2.16"
"2022-12-01","Nova Scotia","2021A000212","Potatoes, 4.54 kilograms","3.63"
"2022-12-01","Nova Scotia","2021A000212","Tomatoes, per kilogram","7.11"
"2022-12-01","Nova Scotia","2021A000212","Carrots, 1.36 kilograms","3.15"
"2022-12-01","Nova Scotia","2021A000212","Onions, per kilogram","5.83"
"2022-12-01","Nova Scotia","2021A000212","White bread, 675 grams","3.70"
"2022-12-01","Nova Scotia","2021A000212","Dry or fresh pasta, 500 grams","3.94"
"2022-12-01","Nova Scotia","2021A000212","White rice, 2 kilograms","11.09"
"2022-12-01","Nova Scotia","2021A000212","Vegetable oil, 3 litres","15.13"
"2022-12-01","New Brunswick","2021A000213","Ground beef, per kilogram","10.70"
"2022-12-01","New Brunswick","2021A000213","Whole chicken, per kilogram","6.16"
"2022-12-01","New Brunswick","2021A000213","Milk, 2 litres","4.65"
"2022-12-01","New Brunswick","2021A000213","Block cheese, 500 grams","6.35"
"2022-12-01","New Brunswick","2021A000213","Yogurt, 500 grams","3.70"
"2022-12-01","New Brunswick","2021A000213","Eggs, 1 dozen","4.57"
"2022-12-01","New Brunswick","2021A000213","Apples, per kilogram","6.27"
"2022-12-01","New Brunswick","2021A000213","Bananas, per kilogram","2.15"
"2022-12-01","New Brunswick","2021A000213","Potatoes, 4.54 kilograms","3.86"
"2022-12-01","New Brunswick","2021A000213","Tomatoes, per kilogram","7.49"
"2022-12-01","New Brunswick","2021A000213","Carrots, 1.36 kilograms","3.15"
"2022-12-01","New Brunswick","2021A000213","Onions, per kilogram","5.82"
"2022-12-01","New Brunswick","2021A000213","White bread, 675 grams","3.71"
"2022-12-01","New Brunswick","2021A000213","Dry or fresh pasta, 500 grams","3.68"
"2022-12-01","New Brunswick","2021A000213","White rice, 2 kilograms","11.13"
"2022-12-01","New Brunswick","2021A000213","Vegetable oil, 3 litres","14.95"
"2022-12-01","Quebec","2021A000224","Ground beef, per kilogram","11.58"
"2022-12-01","Quebec","2021A000224","Whole chicken, per kilogram","5.33"
"2022-12-01","Quebec","2021A000224","Milk, 2 litres","4.91"
"2022-12-01","Quebec","2021A000224","Block cheese, 500 grams","6.11"
"2022-12-01","Quebec","2021A000224","Yogurt, 500 grams","3.26"
"2022-12-01","Quebec","2021A000224","Eggs, 1 dozen","3.36"
"2022-12-01","Quebec","2021A000224","Apples, per kilogram","5.97"
"2022-12-01","Quebec","2021A000224","Bananas, per kilogram","1.84"
"2022-12-01","Quebec","2021A000224","Potatoes, 4.54 kilograms","3.78"
"2022-12-01","Quebec","2021A000224","Tomatoes, per kilogram","7.46"
"2022-12-01","Quebec","2021A000224","Carrots, 1.36 kilograms","2.93"
"2022-12-01","Quebec","2021A000224","Onions, per kilogram","4.42"
"2022-12-01","Quebec","2021A000224","White bread, 675 grams","4.38"
"2022-12-01","Quebec","2021A000224","Dry or fresh pasta, 500 grams","3.70"
"2022-12-01","Quebec","2021A000224","White rice, 2 kilograms","10.07"
"2022-12-01","Quebec","2021A000224","Vegetable oil, 3 litres","10.30"
"2022-12-01","Ontario","2021A000235","Ground beef, per kilogram","10.15"
"2022-12-01","Ontario","2021A000235","Whole chicken, per kilogram","7.05"
"2022-12-01","Ontario","2021A000235","Milk, 2 litres","5.37"
"2022-12-01","Ontario","2021A000235","Block cheese, 500 grams","6.36"
"2022-12-01","Ontario","2021A000235","Yogurt, 500 grams","3.08"
"2022-12-01","Ontario","2021A000235","Eggs, 1 dozen","4.56"
"2022-12-01","Ontario","2021A000235","Apples, per kilogram","5.67"
"2022-12-01","Ontario","2021A000235","Bananas, per kilogram","1.48"
"2022-12-01","Ontario","2021A000235","Potatoes, 4.54 kilograms","3.98"
"2022-12-01","Ontario","2021A000235","Tomatoes, per kilogram","6.80"
"2022-12-01","Ontario","2021A000235","Carrots, 1.36 kilograms","3.24"
"2022-12-01","Ontario","2021A000235","Onions, per kilogram","5.70"
"2022-12-01","Ontario","2021A000235","White bread, 675 grams","3.11"
"2022-12-01","Ontario","2021A000235","Dry or fresh pasta, 500 grams","3.56"
"2022-12-01","Ontario","2021A000235","White rice, 2 kilograms","9.08"
"2022-12-01","Ontario","2021A000235","Vegetable oil, 3 litres","11.21"
"2022-12-01","Manitoba","2021A000246","Ground beef, per kilogram","11.01"
"2022-12-01","Manitoba","2021A000246","Whole chicken, per kilogram","8.84"
"2022-12-01","Manitoba","2021A000246","Milk, 2 litres","4.29"
"2022-12-01","Manitoba","2021A000246","Block cheese, 500 grams","6.53"
"2022-12-01","Manitoba","2021A000246","Yogurt, 500 grams","3.27"
"2022-12-01","Manitoba","2021A000246","Eggs, 1 dozen","4.36"
"2022-12-01","Manitoba","2021A000246","Apples, per kilogram","5.92"
"2022-12-01","Manitoba","2021A000246","Bananas, per kilogram","1.71"
"2022-12-01","Manitoba","2021A000246","Potatoes, 4.54 kilograms","6.35"
"2022-12-01","Manitoba","2021A000246","Tomatoes, per kilogram","6.83"
"2022-12-01","Manitoba","2021A000246","Carrots, 1.36 kilograms","4.59"
"2022-12-01","Manitoba","2021A000246","Onions, per kilogram","5.21"
"2022-12-01","Manitoba","2021A000246","White bread, 675 grams","3.77"
"2022-12-01","Manitoba","2021A000246","Dry or fresh pasta, 500 grams","3.41"
"2022-12-01","Manitoba","2021A000246","White rice, 2 kilograms","8.31"
"2022-12-01","Manitoba","2021A000246","Vegetable oil, 3 litres","15.04"
"2022-12-01","Saskatchewan","2021A000247","Ground beef, per kilogram","10.16"
"2022-12-01","Saskatchewan","2021A000247","Whole chicken, per kilogram","8.46"
"2022-12-01","Saskatchewan","2021A000247","Milk, 2 litres","4.56"
"2022-12-01","Saskatchewan","2021A000247","Block cheese, 500 grams","6.50"
"2022-12-01","Saskatchewan","2021A000247","Yogurt, 500 grams","3.28"
"2022-12-01","Saskatchewan","2021A000247","Eggs, 1 dozen","4.44"
"2022-12-01","Saskatchewan","2021A000247","Apples, per kilogram","6.09"
"2022-12-01","Saskatchewan","2021A000247","Bananas, per kilogram","1.82"
"2022-12-01","Saskatchewan","2021A000247","Potatoes, 4.54 kilograms","6.84"
"2022-12-01","Saskatchewan","2021A000247","Tomatoes, per kilogram","7.10"
"2022-12-01","Saskatchewan","2021A000247","Carrots, 1.36 kilograms","4.80"
"2022-12-01","Saskatchewan","2021A000247","Onions, per kilogram","5.30"
"2022-12-01","Saskatchewan","2021A000247","White bread, 675 grams","3.87"
"2022-12-01","Saskatchewan","2021A000247","Dry or fresh pasta, 500 grams","3.49"
"2022-12-01","Saskatchewan","2021A000247","White rice, 2 kilograms","8.42"
"2022-12-01","Saskatchewan","2021A000247","Vegetable oil, 3 litres","15.24"
"2022-12-01","Alberta","2021A000248","Ground beef, per kilogram","11.40"
"2022-12-01","Alberta","2021A000248","Whole chicken, per kilogram","8.63"
"2022-12-01","Alberta","2021A000248","Milk, 2 litres","4.95"
"2022-12-01","Alberta","2021A000248","Block cheese, 500 grams","6.71"
"2022-12-01","Alberta","2021A000248","Yogurt, 500 grams","3.43"
"2022-12-01","Alberta","2021A000248","Eggs, 1 dozen","4.82"
"2022-12-01","Alberta","2021A000248","Apples, per kilogram","6.09"
"2022-12-01","Alberta","2021A000248","Bananas, per kilogram","1.83"
"2022-12-01","Alberta","2021A000248","Potatoes, 4.54 kilograms","6.99"
"2022-12-01","Alberta","2021A000248","Tomatoes, per kilogram","6.74"
"2022-12-01","Alberta","2021A000248","Carrots, 1.36 kilograms","4.83"
"2022-12-01","Alberta","2021A000248","Onions, per kilogram","5.28"
"2022-12-01","Alberta","2021A000248","White bread, 675 grams","3.84"
"2022-12-01","Alberta","2021A000248","Dry or fresh pasta, 500 grams","3.58"
"2022-12-01","Alberta","2021A000248","White rice, 2 kilograms","9.01"
"2022-12-01","Alberta","2021A000248","Vegetable oil, 3 litres","15.27"
"2022-12-01","British Columbia","2021A000259","Ground beef, per kilogram","11.76"
"2022-12-01","British Columbia","2021A000259","Whole chicken, per kilogram","9.08"
"2022-12-01","British Columbia","2021A000259","Milk, 2 litres","5.01"
"2022-12-01","British Columbia","2021A000259","Block cheese, 500 grams","6.73"
"2022-12-01","British Columbia","2021A000259","Yogurt, 500 grams","3.43"
"2022-12-01","British Columbia","2021A000259","Eggs, 1 dozen","5.39"
"2022-12-01","British Columbia","2021A000259","Apples, per kilogram","6.03"
"2022-12-01","British Columbia","2021A000259","Bananas, per kilogram","1.72"
"2022-12-01","British Columbia","2021A000259","Potatoes, 4.54 kilograms","6.75"
"2022-12-01","British Columbia","2021A000259","Tomatoes, per kilogram","6.94"
"2022-12-01","British Columbia","2021A000259","Carrots, 1.36 kilograms","5.04"
"2022-12-01","British Columbia","2021A000259","Onions, per kilogram","5.12"
"2022-12-01","British Columbia","2021A000259","White bread, 675 grams","4.14"
"2022-12-01","British Columbia","2021A000259","Dry or fresh pasta, 500 grams","3.69"
"2022-12-01","British Columbia","2021A000259","White rice, 2 kilograms","9.22"
"2022-12-01","British Columbia","2021A000259","Vegetable oil, 3 litres","15.03"
"2023-01-01","Newfoundland and Labrador","2021A000210","Ground beef, per kilogram","9.99"
"2023-01-01","Newfoundland and Labrador","2021A000210","Whole chicken, per kilogram","5.65"
"2023-01-01","Newfoundland and Labrador","2021A000210","Milk, 2 litres","4.73"
"2023-01-01","Newfoundland and Labrador","2021A000210","Block cheese, 500 grams","6.83"
"2023-01-01","Newfoundland and Labrador","2021A000210","Yogurt, 500 grams","3.77"
"2023-01-01","Newfoundland and Labrador","2021A000210","Eggs, 1 dozen","4.43"
"2023-01-01","Newfoundland and Labrador","2021A000210","Apples, per kilogram","6.16"
"2023-01-01","Newfoundland and Labrador","2021A000210","Bananas, per kilogram","2.17"
"2023-01-01","Newfoundland and Labrador","2021A000210","Potatoes, 4.54 kilograms","5.97"
"2023-01-01","Newfoundland and Labrador","2021A000210","Tomatoes, per kilogram","8.42"
"2023-01-01","Newfoundland and Labrador","2021A000210","Carrots, 1.36 kilograms","4.14"
"2023-01-01","Newfoundland and Labrador","2021A000210","Onions, per kilogram","5.83"
"2023-01-01","Newfoundland and Labrador","2021A000210","White bread, 675 grams","3.84"
"2023-01-01","Newfoundland and Labrador","2021A000210","Dry or fresh pasta, 500 grams","3.25"
"2023-01-01","Newfoundland and Labrador","2021A000210","White rice, 2 kilograms","10.94"
"2023-01-01","Newfoundland and Labrador","2021A000210","Vegetable oil, 3 litres","12.44"
"2023-01-01","Prince Edward Island","2021A000211","Ground beef, per kilogram","10.16"
"2023-01-01","Prince Edward Island","2021A000211","Whole chicken, per kilogram","5.76"
"2023-01-01","Prince Edward Island","2021A000211","Milk, 2 litres","4.24"
"2023-01-01","Prince Edward Island","2021A000211","Block cheese, 500 grams","7.00"
"2023-01-01","Prince Edward Island","2021A000211","Yogurt, 500 grams","3.59"
"2023-01-01","Prince Edward Island","2021A000211","Eggs, 1 dozen","4.52"
"2023-01-01","Prince Edward Island","2021A000211","Apples, per kilogram","5.86"
"2023-01-01","Prince Edward Island","2021A000211","Bananas, per kilogram","2.17"
"2023-01-01","Prince Edward Island","2021A000211","Potatoes, 4.54 kilograms","4.76"
"2023-01-01","Prince Edward Island","2021A000211","Tomatoes, per kilogram","8.13"
"2023-01-01","Prince Edward Island","2021A000211","Carrots, 1.36 kilograms","3.44"
"2023-01-01","Prince Edward Island","2021A000211","Onions, per kilogram","5.76"
"2023-01-01","Prince Edward Island","2021A000211","White bread, 675 grams","3.63"
"2023-01-01","Prince Edward Island","2021A000211","Dry or fresh pasta, 500 grams","3.70"
"2023-01-01","Prince Edward Island","2021A000211","White rice, 2 kilograms","10.77"
"2023-01-01","Prince Edward Island","2021A000211","Vegetable oil, 3 litres","13.10"
"2023-01-01","Nova Scotia","2021A000212","Ground beef, per kilogram","10.08"
"2023-01-01","Nova Scotia","2021A000212","Whole chicken, per kilogram","5.99"
"2023-01-01","Nova Scotia","2021A000212","Milk, 2 litres","4.44"
"2023-01-01","Nova Scotia","2021A000212","Block cheese, 500 grams","6.87"
"2023-01-01","Nova Scotia","2021A000212","Yogurt, 500 grams","3.56"
"2023-01-01","Nova Scotia","2021A000212","Eggs, 1 dozen","4.57"
"2023-01-01","Nova Scotia","2021A000212","Apples, per kilogram","5.82"
"2023-01-01","Nova Scotia","2021A000212","Bananas, per kilogram","2.17"
"2023-01-01","Nova Scotia","2021A000212","Potatoes, 4.54 kilograms","4.53"
"2023-01-01","Nova Scotia","2021A000212","Tomatoes, per kilogram","7.93"
"2023-01-01","Nova Scotia","2021A000212","Carrots, 1.36 kilograms","3.43"
"2023-01-01","Nova Scotia","2021A000212","Onions, per kilogram","5.73"
"2023-01-01","Nova Scotia","2021A000212","White bread, 675 grams","3.61"
"2023-01-01","Nova Scotia","2021A000212","Dry or fresh pasta, 500 grams","3.63"
"2023-01-01","Nova Scotia","2021A000212","White rice, 2 kilograms","10.77"
"2023-01-01","Nova Scotia","2021A000212","Vegetable oil, 3 litres","13.72"
"2023-01-01","New Brunswick","2021A000213","Ground beef, per kilogram","10.26"
"2023-01-01","New Brunswick","2021A000213","Whole chicken, per kilogram","5.89"
"2023-01-01","New Brunswick","2021A000213","Milk, 2 litres","4.65"
"2023-01-01","New Brunswick","2021A000213","Block cheese, 500 grams","6.86"
"2023-01-01","New Brunswick","2021A000213","Yogurt, 500 grams","3.56"
"2023-01-01","New Brunswick","2021A000213","Eggs, 1 dozen","4.30"
"2023-01-01","New Brunswick","2021A000213","Apples, per kilogram","5.78"
"2023-01-01","New Brunswick","2021A000213","Bananas, per kilogram","2.16"
"2023-01-01","New Brunswick","2021A000213","Potatoes, 4.54 kilograms","4.79"
"2023-01-01","New Brunswick","2021A000213","Tomatoes, per kilogram","8.27"
"2023-01-01","New Brunswick","2021A000213","Carrots, 1.36 kilograms","3.35"
"2023-01-01","New Brunswick","2021A000213","Onions, per kilogram","5.65"
"2023-01-01","New Brunswick","2021A000213","White bread, 675 grams","3.68"
"2023-01-01","New Brunswick","2021A000213","Dry or fresh pasta, 500 grams","3.42"
"2023-01-01","New Brunswick","2021A000213","White rice, 2 kilograms","10.79"
"2023-01-01","New Brunswick","2021A000213","Vegetable oil, 3 litres","14.12"
"2023-01-01","Quebec","2021A000224","Ground beef, per kilogram","11.53"
"2023-01-01","Quebec","2021A000224","Whole chicken, per kilogram","5.12"
"2023-01-01","Quebec","2021A000224","Milk, 2 litres","4.86"
"2023-01-01","Quebec","2021A000224","Block cheese, 500 grams","6.43"
"2023-01-01","Quebec","2021A000224","Yogurt, 500 grams","3.00"
"2023-01-01","Quebec","2021A000224","Eggs, 1 dozen","3.52"
"2023-01-01","Quebec","2021A000224","Apples, per kilogram","5.04"
"2023-01-01","Quebec","2021A000224","Bananas, per kilogram","1.84"
"2023-01-01","Quebec","2021A000224","Potatoes, 4.54 kilograms","4.90"
"2023-01-01","Quebec","2021A000224","Tomatoes, per kilogram","7.82"
"2023-01-01","Quebec","2021A000224","Carrots, 1.36 kilograms","2.61"
"2023-01-01","Quebec","2021A000224","Onions, per kilogram","4.24"
"2023-01-01","Quebec","2021A000224","White bread, 675 grams","4.23"
"2023-01-01","Quebec","2021A000224","Dry or fresh pasta, 500 grams","3.71"
"2023-01-01","Quebec","2021A000224","White rice, 2 kilograms","9.87"
"2023-01-01","Quebec","2021A000224","Vegetable oil, 3 litres","11.87"
"2023-01-01","Ontario","2021A000235","Ground beef, per kilogram","10.13"
"2023-01-01","Ontario","2021A000235","Whole chicken, per kilogram","5.72"
"2023-01-01","Ontario","2021A000235","Milk, 2 litres","5.45"
"2023-01-01","Ontario","2021A000235","Block cheese, 500 grams","6.91"
"2023-01-01","Ontario","2021A000235","Yogurt, 500 grams","3.02"
"2023-01-01","Ontario","2021A000235","Eggs, 1 dozen","4.62"
"2023-01-01","Ontario","2021A000235","Apples, per kilogram","5.29"
"2023-01-01","Ontario","2021A000235","Bananas, per kilogram","1.49"
"2023-01-01","Ontario","2021A000235","Potatoes, 4.54 kilograms","4.85"
"2023-01-01","Ontario","2021A000235","Tomatoes, per kilogram","6.54"
"2023-01-01","Ontario","2021A000235","Carrots, 1.36 kilograms","3.37"
"2023-01-01","Ontario","2021A000235","Onions, per kilogram","5.53"
"2023-01-01","Ontario","2021A000235","White bread, 675 grams","3.07"
"2023-01-01","Ontario","2021A000235","Dry or fresh pasta, 500 grams","3.57"
"2023-01-01","Ontario","2021A000235","White rice, 2 kilograms","9.23"
"2023-01-01","Ontario","2021A000235","Vegetable oil, 3 litres","10.74"
"2023-01-01","Manitoba","2021A000246","Ground beef, per kilogram","10.20"
"2023-01-01","Manitoba","2021A000246","Whole chicken, per kilogram","8.49"
"2023-01-01","Manitoba","2021A000246","Milk, 2 litres","4.26"
"2023-01-01","Manitoba","2021A000246","Block cheese, 500 grams","6.71"
"2023-01-01","Manitoba","2021A000246","Yogurt, 500 grams","3.26"
"2023-01-01","Manitoba","2021A000246","Eggs, 1 dozen","4.37"
"2023-01-01","Manitoba","2021A000246","Apples, per kilogram","5.59"
"2023-01-01","Manitoba","2021A000246","Bananas, per kilogram","1.72"
"2023-01-01","Manitoba","2021A000246","Potatoes, 4.54 kilograms","6.64"
"2023-01-01","Manitoba","2021A000246","Tomatoes, per kilogram","6.34"
"2023-01-01","Manitoba","2021A000246","Carrots, 1.36 kilograms","4.58"
"2023-01-01","Manitoba","2021A000246","Onions, per kilogram","5.18"
"2023-01-01","Manitoba","2021A000246","White bread, 675 grams","3.74"
"2023-01-01","Manitoba","2021A000246","Dry or fresh pasta, 500 grams","3.41"
"2023-01-01","Manitoba","2021A000246","White rice, 2 kilograms","10.69"
"2023-01-01","Manitoba","2021A000246","Vegetable oil, 3 litres","13.82"
"2023-01-01","Saskatchewan","2021A000247","Ground beef, per kilogram","10.51"
"2023-01-01","Saskatchewan","2021A000247","Whole chicken, per kilogram","8.23"
"2023-01-01","Saskatchewan","2021A000247","Milk, 2 litres","4.73"
"2023-01-01","Saskatchewan","2021A000247","Block cheese, 500 grams","6.66"
"2023-01-01","Saskatchewan","2021A000247","Yogurt, 500 grams","3.29"
"2023-01-01","Saskatchewan","2021A000247","Eggs, 1 dozen","4.45"
"2023-01-01","Saskatchewan","2021A000247","Apples, per kilogram","5.71"
"2023-01-01","Saskatchewan","2021A000247","Bananas, per kilogram","1.83"
"2023-01-01","Saskatchewan","2021A000247","Potatoes, 4.54 kilograms","6.95"
"2023-01-01","Saskatchewan","2021A000247","Tomatoes, per kilogram","6.48"
"2023-01-01","Saskatchewan","2021A000247","Carrots, 1.36 kilograms","4.65"
"2023-01-01","Saskatchewan","2021A000247","Onions, per kilogram","5.28"
"2023-01-01","Saskatchewan","2021A000247","White bread, 675 grams","3.85"
"2023-01-01","Saskatchewan","2021A000247","Dry or fresh pasta, 500 grams","3.49"
"2023-01-01","Saskatchewan","2021A000247","White rice, 2 kilograms","9.89"
"2023-01-01","Saskatchewan","2021A000247","Vegetable oil, 3 litres","13.72"
"2023-01-01","Alberta","2021A000248","Ground beef, per kilogram","10.78"
"2023-01-01","Alberta","2021A000248","Whole chicken, per kilogram","8.50"
"2023-01-01","Alberta","2021A000248","Milk, 2 litres","4.88"
"2023-01-01","Alberta","2021A000248","Block cheese, 500 grams","6.90"
"2023-01-01","Alberta","2021A000248","Yogurt, 500 grams","3.40"
"2023-01-01","Alberta","2021A000248","Eggs, 1 dozen","4.81"
"2023-01-01","Alberta","2021A000248","Apples, per kilogram","5.68"
"2023-01-01","Alberta","2021A000248","Bananas, per kilogram","1.85"
"2023-01-01","Alberta","2021A000248","Potatoes, 4.54 kilograms","6.90"
"2023-01-01","Alberta","2021A000248","Tomatoes, per kilogram","6.42"
"2023-01-01","Alberta","2021A000248","Carrots, 1.36 kilograms","4.91"
"2023-01-01","Alberta","2021A000248","Onions, per kilogram","5.19"
"2023-01-01","Alberta","2021A000248","White bread, 675 grams","3.86"
"2023-01-01","Alberta","2021A000248","Dry or fresh pasta, 500 grams","3.67"
"2023-01-01","Alberta","2021A000248","White rice, 2 kilograms","10.25"
"2023-01-01","Alberta","2021A000248","Vegetable oil, 3 litres","14.37"
"2023-01-01","British Columbia","2021A000259","Ground beef, per kilogram","11.23"
"2023-01-01","British Columbia","2021A000259","Whole chicken, per kilogram","7.90"
"2023-01-01","British Columbia","2021A000259","Milk, 2 litres","4.95"
"2023-01-01","British Columbia","2021A000259","Block cheese, 500 grams","6.94"
"2023-01-01","British Columbia","2021A000259","Yogurt, 500 grams","3.38"
"2023-01-01","British Columbia","2021A000259","Eggs, 1 dozen","5.22"
"2023-01-01","British Columbia","2021A000259","Apples, per kilogram","5.46"
"2023-01-01","British Columbia","2021A000259","Bananas, per kilogram","1.74"
"2023-01-01","British Columbia","2021A000259","Potatoes, 4.54 kilograms","6.80"
"2023-01-01","British Columbia","2021A000259","Tomatoes, per kilogram","6.49"
"2023-01-01","British Columbia","2021A000259","Carrots, 1.36 kilograms","5.08"
"2023-01-01","British Columbia","2021A000259","Onions, per kilogram","5.19"
"2023-01-01","British Columbia","2021A000259","White bread, 675 grams","4.16"
"2023-01-01","British Columbia","2021A000259","Dry or fresh pasta, 500 grams","3.72"
"2023-01-01","British Columbia","2021A000259","White rice, 2 kilograms","9.52"
"2023-01-01","British Columbia","2021A000259","Vegetable oil, 3 litres","13.90"
"2023-02-01","Newfoundland and Labrador","2021A000210","Ground beef, per kilogram","9.86"
"2023-02-01","Newfoundland and Labrador","2021A000210","Whole chicken, per kilogram","6.49"
"2023-02-01","Newfoundland and Labrador","2021A000210","Milk, 2 litres","4.91"
"2023-02-01","Newfoundland and Labrador","2021A000210","Block cheese, 500 grams","6.59"
"2023-02-01","Newfoundland and Labrador","2021A000210","Yogurt, 500 grams","3.75"
"2023-02-01","Newfoundland and Labrador","2021A000210","Eggs, 1 dozen","4.79"
"2023-02-01","Newfoundland and Labrador","2021A000210","Apples, per kilogram","6.97"
"2023-02-01","Newfoundland and Labrador","2021A000210","Bananas, per kilogram","2.17"
"2023-02-01","Newfoundland and Labrador","2021A000210","Potatoes, 4.54 kilograms","5.72"
"2023-02-01","Newfoundland and Labrador","2021A000210","Tomatoes, per kilogram","8.08"
"2023-02-01","Newfoundland and Labrador","2021A000210","Carrots, 1.36 kilograms","4.40"
"2023-02-01","Newfoundland and Labrador","2021A000210","Onions, per kilogram","5.88"
"2023-02-01","Newfoundland and Labrador","2021A000210","White bread, 675 grams","3.88"
"2023-02-01","Newfoundland and Labrador","2021A000210","Dry or fresh pasta, 500 grams","3.75"
"2023-02-01","Newfoundland and Labrador","2021A000210","White rice, 2 kilograms","11.54"
"2023-02-01","Newfoundland and Labrador","2021A000210","Vegetable oil, 3 litres","11.33"
"2023-02-01","Prince Edward Island","2021A000211","Ground beef, per kilogram","9.81"
"2023-02-01","Prince Edward Island","2021A000211","Whole chicken, per kilogram","5.74"
"2023-02-01","Prince Edward Island","2021A000211","Milk, 2 litres","4.48"
"2023-02-01","Prince Edward Island","2021A000211","Block cheese, 500 grams","6.71"
"2023-02-01","Prince Edward Island","2021A000211","Yogurt, 500 grams","3.56"
"2023-02-01","Prince Edward Island","2021A000211","Eggs, 1 dozen","4.88"
"2023-02-01","Prince Edward Island","2021A000211","Apples, per kilogram","6.54"
"2023-02-01","Prince Edward Island","2021A000211","Bananas, per kilogram","2.17"
"2023-02-01","Prince Edward Island","2021A000211","Potatoes, 4.54 kilograms","4.85"
"2023-02-01","Prince Edward Island","2021A000211","Tomatoes, per kilogram","7.82"
"2023-02-01","Prince Edward Island","2021A000211","Carrots, 1.36 kilograms","3.72"
"2023-02-01","Prince Edward Island","2021A000211","Onions, per kilogram","5.98"
"2023-02-01","Prince Edward Island","2021A000211","White bread, 675 grams","3.67"
"2023-02-01","Prince Edward Island","2021A000211","Dry or fresh pasta, 500 grams","3.96"
"2023-02-01","Prince Edward Island","2021A000211","White rice, 2 kilograms","11.55"
"2023-02-01","Prince Edward Island","2021A000211","Vegetable oil, 3 litres","13.30"
"2023-02-01","Nova Scotia","2021A000212","Ground beef, per kilogram","9.89"
"2023-02-01","Nova Scotia","2021A000212","Whole chicken, per kilogram","6.05"
"2023-02-01","Nova Scotia","2021A000212","Milk, 2 litres","4.63"
"2023-02-01","Nova Scotia","2021A000212","Block cheese, 500 grams","6.60"
"2023-02-01","Nova Scotia","2021A000212","Yogurt, 500 grams","3.53"
"2023-02-01","Nova Scotia","2021A000212","Eggs, 1 dozen","4.90"
"2023-02-01","Nova Scotia","2021A000212","Apples, per kilogram","6.45"
"2023-02-01","Nova Scotia","2021A000212","Bananas, per kilogram","2.16"
"2023-02-01","Nova Scotia","2021A000212","Potatoes, 4.54 kilograms","4.63"
"2023-02-01","Nova Scotia","2021A000212","Tomatoes, per kilogram","7.65"
"2023-02-01","Nova Scotia","2021A000212","Carrots, 1.36 kilograms","3.68"
"2023-02-01","Nova Scotia","2021A000212","Onions, per kilogram","5.94"
"2023-02-01","Nova Scotia","2021A000212","White bread, 675 grams","3.66"
"2023-02-01","Nova Scotia","2021A000212","Dry or fresh pasta, 500 grams","3.89"
"2023-02-01","Nova Scotia","2021A000212","White rice, 2 kilograms","11.42"
"2023-02-01","Nova Scotia","2021A000212","Vegetable oil, 3 litres","13.60"
"2023-02-01","New Brunswick","2021A000213","Ground beef, per kilogram","9.77"
"2023-02-01","New Brunswick","2021A000213","Whole chicken, per kilogram","5.52"
"2023-02-01","New Brunswick","2021A000213","Milk, 2 litres","4.85"
"2023-02-01","New Brunswick","2021A000213","Block cheese, 500 grams","6.57"
"2023-02-01","New Brunswick","2021A000213","Yogurt, 500 grams","3.61"
"2023-02-01","New Brunswick","2021A000213","Eggs, 1 dozen","4.68"
"2023-02-01","New Brunswick","2021A000213","Apples, per kilogram","6.57"
"2023-02-01","New Brunswick","2021A000213","Bananas, per kilogram","2.15"
"2023-02-01","New Brunswick","2021A000213","Potatoes, 4.54 kilograms","4.83"
"2023-02-01","New Brunswick","2021A000213","Tomatoes, per kilogram","7.80"
"2023-02-01","New Brunswick","2021A000213","Carrots, 1.36 kilograms","3.56"
"2023-02-01","New Brunswick","2021A000213","Onions, per kilogram","5.85"
"2023-02-01","New Brunswick","2021A000213","White bread, 675 grams","3.72"
"2023-02-01","New Brunswick","2021A000213","Dry or fresh pasta, 500 grams","3.64"
"2023-02-01","New Brunswick","2021A000213","White rice, 2 kilograms","11.55"
"2023-02-01","New Brunswick","2021A000213","Vegetable oil, 3 litres","14.34"
"2023-02-01","Quebec","2021A000224","Ground beef, per kilogram","9.82"
"2023-02-01","Quebec","2021A000224","Whole chicken, per kilogram","5.18"
"2023-02-01","Quebec","2021A000224","Milk, 2 litres","4.87"
"2023-02-01","Quebec","2021A000224","Block cheese, 500 grams","6.32"
"2023-02-01","Quebec","2021A000224","Yogurt, 500 grams","3.15"
"2023-02-01","Quebec","2021A000224","Eggs, 1 dozen","3.86"
"2023-02-01","Quebec","2021A000224","Apples, per kilogram","6.19"
"2023-02-01","Quebec","2021A000224","Bananas, per kilogram","1.84"
"2023-02-01","Quebec","2021A000224","Potatoes, 4.54 kilograms","4.10"
"2023-02-01","Quebec","2021A000224","Tomatoes, per kilogram","6.80"
"2023-02-01","Quebec","2021A000224","Carrots, 1.36 kilograms","2.74"
"2023-02-01","Quebec","2021A000224","Onions, per kilogram","4.48"
"2023-02-01","Quebec","2021A000224","White bread, 675 grams","4.08"
"2023-02-01","Quebec","2021A000224","Dry or fresh pasta, 500 grams","3.56"
"2023-02-01","Quebec","2021A000224","White rice, 2 kilograms","9.94"
"2023-02-01","Quebec","2021A000224","Vegetable oil, 3 litres","11.00"
"2023-02-01","Ontario","2021A000235","Ground beef, per kilogram","9.59"
"2023-02-01","Ontario","2021A000235","Whole chicken, per kilogram","6.84"
"2023-02-01","Ontario","2021A000235","Milk, 2 litres","5.61"
"2023-02-01","Ontario","2021A000235","Block cheese, 500 grams","6.80"
"2023-02-01","Ontario","2021A000235","Yogurt, 500 grams","2.95"
"2023-02-01","Ontario","2021A000235","Eggs, 1 dozen","4.64"
"2023-02-01","Ontario","2021A000235","Apples, per kilogram","5.04"
"2023-02-01","Ontario","2021A000235","Bananas, per kilogram","1.49"
"2023-02-01","Ontario","2021A000235","Potatoes, 4.54 kilograms","4.42"
"2023-02-01","Ontario","2021A000235","Tomatoes, per kilogram","5.39"
"2023-02-01","Ontario","2021A000235","Carrots, 1.36 kilograms","3.69"
"2023-02-01","Ontario","2021A000235","Onions, per kilogram","5.50"
"2023-02-01","Ontario","2021A000235","White bread, 675 grams","3.02"
"2023-02-01","Ontario","2021A000235","Dry or fresh pasta, 500 grams","3.78"
"2023-02-01","Ontario","2021A000235","White rice, 2 kilograms","9.16"
"2023-02-01","Ontario","2021A000235","Vegetable oil, 3 litres","10.78"
"2023-02-01","Manitoba","2021A000246","Ground beef, per kilogram","9.84"
"2023-02-01","Manitoba","2021A000246","Whole chicken, per kilogram","8.14"
"2023-02-01","Manitoba","2021A000246","Milk, 2 litres","4.47"
"2023-02-01","Manitoba","2021A000246","Block cheese, 500 grams","6.62"
"2023-02-01","Manitoba","2021A000246","Yogurt, 500 grams","3.12"
"2023-02-01","Manitoba","2021A000246","Eggs, 1 dozen","4.23"
"2023-02-01","Manitoba","2021A000246","Apples, per kilogram","6.06"
"2023-02-01","Manitoba","2021A000246","Bananas, per kilogram","1.71"
"2023-02-01","Manitoba","2021A000246","Potatoes, 4.54 kilograms","7.30"
"2023-02-01","Manitoba","2021A000246","Tomatoes, per kilogram","5.45"
"2023-02-01","Manitoba","2021A000246","Carrots, 1.36 kilograms","4.64"
"2023-02-01","Manitoba","2021A000246","Onions, per kilogram","5.55"
"2023-02-01","Manitoba","2021A000246","White bread, 675 grams","3.56"
"2023-02-01","Manitoba","2021A000246","Dry or fresh pasta, 500 grams","3.38"
"2023-02-01","Manitoba","2021A000246","White rice, 2 kilograms","8.20"
"2023-02-01","Manitoba","2021A000246","Vegetable oil, 3 litres","15.40"
"2023-02-01","Saskatchewan","2021A000247","Ground beef, per kilogram","9.92"
"2023-02-01","Saskatchewan","2021A000247","Whole chicken, per kilogram","7.95"
"2023-02-01","Saskatchewan","2021A000247","Milk, 2 litres","4.86"
"2023-02-01","Saskatchewan","2021A000247","Block cheese, 500 grams","6.59"
"2023-02-01","Saskatchewan","2021A000247","Yogurt, 500 grams","3.13"
"2023-02-01","Saskatchewan","2021A000247","Eggs, 1 dozen","4.34"
"2023-02-01","Saskatchewan","2021A000247","Apples, per kilogram","6.00"
"2023-02-01","Saskatchewan","2021A000247","Bananas, per kilogram","1.84"
"2023-02-01","Saskatchewan","2021A000247","Potatoes, 4.54 kilograms","7.24"
"2023-02-01","Saskatchewan","2021A000247","Tomatoes, per kilogram","5.60"
"2023-02-01","Saskatchewan","2021A000247","Carrots, 1.36 kilograms","4.75"
"2023-02-01","Saskatchewan","2021A000247","Onions, per kilogram","5.67"
"2023-02-01","Saskatchewan","2021A000247","White bread, 675 grams","3.60"
"2023-02-01","Saskatchewan","2021A000247","Dry or fresh pasta, 500 grams","3.50"
"2023-02-01","Saskatchewan","2021A000247","White rice, 2 kilograms","8.80"
"2023-02-01","Saskatchewan","2021A000247","Vegetable oil, 3 litres","15.49"
"2023-02-01","Alberta","2021A000248","Ground beef, per kilogram","10.29"
"2023-02-01","Alberta","2021A000248","Whole chicken, per kilogram","7.38"
"2023-02-01","Alberta","2021A000248","Milk, 2 litres","5.02"
"2023-02-01","Alberta","2021A000248","Block cheese, 500 grams","6.83"
"2023-02-01","Alberta","2021A000248","Yogurt, 500 grams","3.20"
"2023-02-01","Alberta","2021A000248","Eggs, 1 dozen","4.67"
"2023-02-01","Alberta","2021A000248","Apples, per kilogram","6.10"
"2023-02-01","Alberta","2021A000248","Bananas, per kilogram","1.83"
"2023-02-01","Alberta","2021A000248","Potatoes, 4.54 kilograms","7.31"
"2023-02-01","Alberta","2021A000248","Tomatoes, per kilogram","5.55"
"2023-02-01","Alberta","2021A000248","Carrots, 1.36 kilograms","4.90"
"2023-02-01","Alberta","2021A000248","Onions, per kilogram","5.57"
"2023-02-01","Alberta","2021A000248","White bread, 675 grams","3.77"
"2023-02-01","Alberta","2021A000248","Dry or fresh pasta, 500 grams","3.62"
"2023-02-01","Alberta","2021A000248","White rice, 2 kilograms","9.14"
"2023-02-01","Alberta","2021A000248","Vegetable oil, 3 litres","15.32"
"2023-02-01","British Columbia","2021A000259","Ground beef, per kilogram","11.11"
"2023-02-01","British Columbia","2021A000259","Whole chicken, per kilogram","8.72"
"2023-02-01","British Columbia","2021A000259","Milk, 2 litres","5.10"
"2023-02-01","British Columbia","2021A000259","Block cheese, 500 grams","6.92"
"2023-02-01","British Columbia","2021A000259","Yogurt, 500 grams","3.24"
"2023-02-01","British Columbia","2021A000259","Eggs, 1 dozen","5.13"
"2023-02-01","British Columbia","2021A000259","Apples, per kilogram","6.21"
"2023-02-01","British Columbia","2021A000259","Bananas, per kilogram","1.73"
"2023-02-01","British Columbia","2021A000259","Potatoes, 4.54 kilograms","7.30"
"2023-02-01","British Columbia","2021A000259","Tomatoes, per kilogram","5.67"
"2023-02-01","British Columbia","2021A000259","Carrots, 1.36 kilograms","5.21"
"2023-02-01","British Columbia","2021A000259","Onions, per kilogram","5.54"
"2023-02-01","British Columbia","2021A000259","White bread, 675 grams","4.06"
"2023-02-01","British Columbia","2021A000259","Dry or fresh pasta, 500 grams","3.69"
"2023-02-01","British Columbia","2021A000259","White rice, 2 kilograms","9.28"
"2023-02-01","British Columbia","2021A000259","Vegetable oil, 3 litres","15.19"
"2023-03-01","Newfoundland and Labrador","2021A000210","Ground beef, per kilogram","10.09"
"2023-03-01","Newfoundland and Labrador","2021A000210","Whole chicken, per kilogram","6.59"
"2023-03-01","Newfoundland and Labrador","2021A000210","Milk, 2 litres","4.95"
"2023-03-01","Newfoundland and Labrador","2021A000210","Block cheese, 500 grams","6.62"
"2023-03-01","Newfoundland and Labrador","2021A000210","Yogurt, 500 grams","3.78"
"2023-03-01","Newfoundland and Labrador","2021A000210","Eggs, 1 dozen","4.20"
"2023-03-01","Newfoundland and Labrador","2021A000210","Apples, per kilogram","7.03"
"2023-03-01","Newfoundland and Labrador","2021A000210","Bananas, per kilogram","2.16"
"2023-03-01","Newfoundland and Labrador","2021A000210","Potatoes, 4.54 kilograms","5.84"
"2023-03-01","Newfoundland and Labrador","2021A000210","Tomatoes, per kilogram","7.19"
"2023-03-01","Newfoundland and Labrador","2021A000210","Carrots, 1.36 kilograms","4.09"
"2023-03-01","Newfoundland and Labrador","2021A000210","Onions, per kilogram","5.82"
"2023-03-01","Newfoundland and Labrador","2021A000210","White bread, 675 grams","3.89"
"2023-03-01","Newfoundland and Labrador","2021A000210","Dry or fresh pasta, 500 grams","4.08"
"2023-03-01","Newfoundland and Labrador","2021A000210","White rice, 2 kilograms","11.50"
"2023-03-01","Newfoundland and Labrador","2021A000210","Vegetable oil, 3 litres","13.00"
"2023-03-01","Prince Edward Island","2021A000211","Ground beef, per kilogram","10.05"
"2023-03-01","Prince Edward Island","2021A000211","Whole chicken, per kilogram","6.02"
"2023-03-01","Prince Edward Island","2021A000211","Milk, 2 litres","4.41"
"2023-03-01","Prince Edward Island","2021A000211","Block cheese, 500 grams","6.74"
"2023-03-01","Prince Edward Island","2021A000211","Yogurt, 500 grams","3.66"
"2023-03-01","Prince Edward Island","2021A000211","Eggs, 1 dozen","3.97"
"2023-03-01","Prince Edward Island","2021A000211","Apples, per kilogram","6.30"
"2023-03-01","Prince Edward Island","2021A000211","Bananas, per kilogram","2.17"
"2023-03-01","Prince Edward Island","2021A000211","Potatoes, 4.54 kilograms","4.71"
"2023-03-01","Prince Edward Island","2021A000211","Tomatoes, per kilogram","6.53"
"2023-03-01","Prince Edward Island","2021A000211","Carrots, 1.36 kilograms","3.71"
"2023-03-01","Prince Edward Island","2021A000211","Onions, per kilogram","5.91"
"2023-03-01","Prince Edward Island","2021A000211","White bread, 675 grams","3.63"
"2023-03-01","Prince Edward Island","2021A000211","Dry or fresh pasta, 500 grams","4.11"
"2023-03-01","Prince Edward Island","2021A000211","White rice, 2 kilograms","11.41"
"2023-03-01","Prince Edward Island","2021A000211","Vegetable oil, 3 litres","13.77"
"2023-03-01","Nova Scotia","2021A000212","Ground beef, per kilogram","10.25"
"2023-03-01","Nova Scotia","2021A000212","Whole chicken, per kilogram","6.07"
"2023-03-01","Nova Scotia","2021A000212","Milk, 2 litres","4.66"
"2023-03-01","Nova Scotia","2021A000212","Block cheese, 500 grams","6.64"
"2023-03-01","Nova Scotia","2021A000212","Yogurt, 500 grams","3.60"
"2023-03-01","Nova Scotia","2021A000212","Eggs, 1 dozen","3.86"
"2023-03-01","Nova Scotia","2021A000212","Apples, per kilogram","6.07"
"2023-03-01","Nova Scotia","2021A000212","Bananas, per kilogram","2.16"
"2023-03-01","Nova Scotia","2021A000212","Potatoes, 4.54 kilograms","4.51"
"2023-03-01","Nova Scotia","2021A000212","Tomatoes, per kilogram","6.46"
"2023-03-01","Nova Scotia","2021A000212","Carrots, 1.36 kilograms","3.68"
"2023-03-01","Nova Scotia","2021A000212","Onions, per kilogram","5.96"
"2023-03-01","Nova Scotia","2021A000212","White bread, 675 grams","3.62"
"2023-03-01","Nova Scotia","2021A000212","Dry or fresh pasta, 500 grams","4.07"
"2023-03-01","Nova Scotia","2021A000212","White rice, 2 kilograms","11.35"
"2023-03-01","Nova Scotia","2021A000212","Vegetable oil, 3 litres","14.38"
"2023-03-01","New Brunswick","2021A000213","Ground beef, per kilogram","10.09"
"2023-03-01","New Brunswick","2021A000213","Whole chicken, per kilogram","5.63"
"2023-03-01","New Brunswick","2021A000213","Milk, 2 litres","4.87"
"2023-03-01","New Brunswick","2021A000213","Block cheese, 500 grams","6.67"
"2023-03-01","New Brunswick","2021A000213","Yogurt, 500 grams","3.68"
"2023-03-01","New Brunswick","2021A000213","Eggs, 1 dozen","3.87"
"2023-03-01","New Brunswick","2021A000213","Apples, per kilogram","6.33"
"2023-03-01","New Brunswick","2021A000213","Bananas, per kilogram","2.15"
"2023-03-01","New Brunswick","2021A000213","Potatoes, 4.54 kilograms","4.64"
"2023-03-01","New Brunswick","2021A000213","Tomatoes, per kilogram","6.54"
"2023-03-01","New Brunswick","2021A000213","Carrots, 1.36 kilograms","3.76"
"2023-03-01","New Brunswick","2021A000213","Onions, per kilogram","5.88"
"2023-03-01","New Brunswick","2021A000213","White bread, 675 grams","3.69"
"2023-03-01","New Brunswick","2021A000213","Dry or fresh pasta, 500 grams","3.71"
"2023-03-01","New Brunswick","2021A000213","White rice, 2 kilograms","11.50"
"2023-03-01","New Brunswick","2021A000213","Vegetable oil, 3 litres","14.48"
"2023-03-01","Quebec","2021A000224","Ground beef, per kilogram","10.13"
"2023-03-01","Quebec","2021A000224","Whole chicken, per kilogram","5.65"
"2023-03-01","Quebec","2021A000224","Milk, 2 litres","4.90"
"2023-03-01","Quebec","2021A000224","Block cheese, 500 grams","6.17"
"2023-03-01","Quebec","2021A000224","Yogurt, 500 grams","3.17"
"2023-03-01","Quebec","2021A000224","Eggs, 1 dozen","3.94"
"2023-03-01","Quebec","2021A000224","Apples, per kilogram","5.96"
"2023-03-01","Quebec","2021A000224","Bananas, per kilogram","1.84"
"2023-03-01","Quebec","2021A000224","Potatoes, 4.54 kilograms","4.51"
"2023-03-01","Quebec","2021A000224","Tomatoes, per kilogram","5.80"
"2023-03-01","Quebec","2021A000224","Carrots, 1.36 kilograms","3.53"
"2023-03-01","Quebec","2021A000224","Onions, per kilogram","4.33"
"2023-03-01","Quebec","2021A000224","White bread, 675 grams","4.15"
"2023-03-01","Quebec","2021A000224","Dry or fresh pasta, 500 grams","3.69"
"2023-03-01","Quebec","2021A000224","White rice, 2 kilograms","10.27"
"2023-03-01","Quebec","2021A000224","Vegetable oil, 3 litres","10.91"
"2023-03-01","Ontario","2021A000235","Ground beef, per kilogram","10.26"
"2023-03-01","Ontario","2021A000235","Whole chicken, per kilogram","5.95"
"2023-03-01","Ontario","2021A000235","Milk, 2 litres","5.71"
"2023-03-01","Ontario","2021A000235","Block cheese, 500 grams","6.91"
"2023-03-01","Ontario","2021A000235","Yogurt, 500 grams","3.02"
"2023-03-01","Ontario","2021A000235","Eggs, 1 dozen","4.66"
"2023-03-01","Ontario","2021A000235","Apples, per kilogram","5.72"
"2023-03-01","Ontario","2021A000235","Bananas, per kilogram","1.49"
"2023-03-01","Ontario","2021A000235","Potatoes, 4.54 kilograms","4.44"
"2023-03-01","Ontario","2021A000235","Tomatoes, per kilogram","4.92"
"2023-03-01","Ontario","2021A000235","Carrots, 1.36 kilograms","4.02"
"2023-03-01","Ontario","2021A000235","Onions, per kilogram","5.48"
"2023-03-01","Ontario","2021A000235","White bread, 675 grams","3.14"
"2023-03-01","Ontario","2021A000235","Dry or fresh pasta, 500 grams","3.70"
"2023-03-01","Ontario","2021A000235","White rice, 2 kilograms","9.24"
"2023-03-01","Ontario","2021A000235","Vegetable oil, 3 litres","10.81"
"2023-03-01","Manitoba","2021A000246","Ground beef, per kilogram","10.00"
"2023-03-01","Manitoba","2021A000246","Whole chicken, per kilogram","7.86"
"2023-03-01","Manitoba","2021A000246","Milk, 2 litres","4.57"
"2023-03-01","Manitoba","2021A000246","Block cheese, 500 grams","6.56"
"2023-03-01","Manitoba","2021A000246","Yogurt, 500 grams","3.22"
"2023-03-01","Manitoba","2021A000246","Eggs, 1 dozen","4.19"
"2023-03-01","Manitoba","2021A000246","Apples, per kilogram","6.06"
"2023-03-01","Manitoba","2021A000246","Bananas, per kilogram","1.66"
"2023-03-01","Manitoba","2021A000246","Potatoes, 4.54 kilograms","6.93"
"2023-03-01","Manitoba","2021A000246","Tomatoes, per kilogram","5.03"
"2023-03-01","Manitoba","2021A000246","Carrots, 1.36 kilograms","4.46"
"2023-03-01","Manitoba","2021A000246","Onions, per kilogram","5.38"
"2023-03-01","Manitoba","2021A000246","White bread, 675 grams","3.58"
"2023-03-01","Manitoba","2021A000246","Dry or fresh pasta, 500 grams","3.49"
"2023-03-01","Manitoba","2021A000246","White rice, 2 kilograms","8.61"
"2023-03-01","Manitoba","2021A000246","Vegetable oil, 3 litres","14.33"
"2023-03-01","Saskatchewan","2021A000247","Ground beef, per kilogram","9.85"
"2023-03-01","Saskatchewan","2021A000247","Whole chicken, per kilogram","7.68"
"2023-03-01","Saskatchewan","2021A000247","Milk, 2 litres","4.92"
"2023-03-01","Saskatchewan","2021A000247","Block cheese, 500 grams","6.56"
"2023-03-01","Saskatchewan","2021A000247","Yogurt, 500 grams","3.27"
"2023-03-01","Saskatchewan","2021A000247","Eggs, 1 dozen","4.29"
"2023-03-01","Saskatchewan","2021A000247","Apples, per kilogram","6.18"
"2023-03-01","Saskatchewan","2021A000247","Bananas, per kilogram","1.78"
"2023-03-01","Saskatchewan","2021A000247","Potatoes, 4.54 kilograms","7.09"
"2023-03-01","Saskatchewan","2021A000247","Tomatoes, per kilogram","5.11"
"2023-03-01","Saskatchewan","2021A000247","Carrots, 1.36 kilograms","4.52"
"2023-03-01","Saskatchewan","2021A000247","Onions, per kilogram","5.57"
"2023-03-01","Saskatchewan","2021A000247","White bread, 675 grams","3.66"
"2023-03-01","Saskatchewan","2021A000247","Dry or fresh pasta, 500 grams","3.63"
"2023-03-01","Saskatchewan","2021A000247","White rice, 2 kilograms","9.00"
"2023-03-01","Saskatchewan","2021A000247","Vegetable oil, 3 litres","14.49"
"2023-03-01","Alberta","2021A000248","Ground beef, per kilogram","10.70"
"2023-03-01","Alberta","2021A000248","Whole chicken, per kilogram","8.10"
"2023-03-01","Alberta","2021A000248","Milk, 2 litres","5.08"
"2023-03-01","Alberta","2021A000248","Block cheese, 500 grams","6.77"
"2023-03-01","Alberta","2021A000248","Yogurt, 500 grams","3.29"
"2023-03-01","Alberta","2021A000248","Eggs, 1 dozen","4.74"
"2023-03-01","Alberta","2021A000248","Apples, per kilogram","6.22"
"2023-03-01","Alberta","2021A000248","Bananas, per kilogram","1.77"
"2023-03-01","Alberta","2021A000248","Potatoes, 4.54 kilograms","7.11"
"2023-03-01","Alberta","2021A000248","Tomatoes, per kilogram","5.12"
"2023-03-01","Alberta","2021A000248","Carrots, 1.36 kilograms","4.65"
"2023-03-01","Alberta","2021A000248","Onions, per kilogram","5.43"
"2023-03-01","Alberta","2021A000248","White bread, 675 grams","3.71"
"2023-03-01","Alberta","2021A000248","Dry or fresh pasta, 500 grams","3.76"
"2023-03-01","Alberta","2021A000248","White rice, 2 kilograms","9.53"
"2023-03-01","Alberta","2021A000248","Vegetable oil, 3 litres","14.74"
"2023-03-01","British Columbia","2021A000259","Ground beef, per kilogram","11.20"
"2023-03-01","British Columbia","2021A000259","Whole chicken, per kilogram","6.90"
"2023-03-01","British Columbia","2021A000259","Milk, 2 litres","5.16"
"2023-03-01","British Columbia","2021A000259","Block cheese, 500 grams","6.90"
"2023-03-01","British Columbia","2021A000259","Yogurt, 500 grams","3.35"
"2023-03-01","British Columbia","2021A000259","Eggs, 1 dozen","5.21"
"2023-03-01","British Columbia","2021A000259","Apples, per kilogram","6.31"
"2023-03-01","British Columbia","2021A000259","Bananas, per kilogram","1.67"
"2023-03-01","British Columbia","2021A000259","Potatoes, 4.54 kilograms","7.18"
"2023-03-01","British Columbia","2021A000259","Tomatoes, per kilogram","5.17"
"2023-03-01","British Columbia","2021A000259","Carrots, 1.36 kilograms","5.03"
"2023-03-01","British Columbia","2021A000259","Onions, per kilogram","5.37"
"2023-03-01","British Columbia","2021A000259","White bread, 675 grams","3.98"
"2023-03-01","British Columbia","2021A000259","Dry or fresh pasta, 500 grams","3.85"
"2023-03-01","British Columbia","2021A000259","White rice, 2 kilograms","9.59"
"2023-03-01","British Columbia","2021A000259","Vegetable oil, 3 litres","14.50"
"2023-04-01","Newfoundland and Labrador","2021A000210","Ground beef, per kilogram","10.20"
"2023-04-01","Newfoundland and Labrador","2021A000210","Whole chicken, per kilogram","6.02"
"2023-04-01","Newfoundland and Labrador","2021A000210","Milk, 2 litres","4.94"
"2023-04-01","Newfoundland and Labrador","2021A000210","Block cheese, 500 grams","6.65"
"2023-04-01","Newfoundland and Labrador","2021A000210","Yogurt, 500 grams","3.83"
"2023-04-01","Newfoundland and Labrador","2021A000210","Eggs, 1 dozen","5.01"
"2023-04-01","Newfoundland and Labrador","2021A000210","Apples, per kilogram","6.56"
"2023-04-01","Newfoundland and Labrador","2021A000210","Bananas, per kilogram","2.22"
"2023-04-01","Newfoundland and Labrador","2021A000210","Potatoes, 4.54 kilograms","6.22"
"2023-04-01","Newfoundland and Labrador","2021A000210","Tomatoes, per kilogram","6.57"
"2023-04-01","Newfoundland and Labrador","2021A000210","Carrots, 1.36 kilograms","4.32"
"2023-04-01","Newfoundland and Labrador","2021A000210","Onions, per kilogram","5.76"
"2023-04-01","Newfoundland and Labrador","2021A000210","White bread, 675 grams","3.93"
"2023-04-01","Newfoundland and Labrador","2021A000210","Dry or fresh pasta, 500 grams","4.01"
"2023-04-01","Newfoundland and Labrador","2021A000210","White rice, 2 kilograms","11.61"
"2023-04-01","Newfoundland and Labrador","2021A000210","Vegetable oil, 3 litres","12.09"
"2023-04-01","Prince Edward Island","2021A000211","Ground beef, per kilogram","10.27"
"2023-04-01","Prince Edward Island","2021A000211","Whole chicken, per kilogram","5.64"
"2023-04-01","Prince Edward Island","2021A000211","Milk, 2 litres","4.38"
"2023-04-01","Prince Edward Island","2021A000211","Block cheese, 500 grams","6.80"
"2023-04-01","Prince Edward Island","2021A000211","Yogurt, 500 grams","3.66"
"2023-04-01","Prince Edward Island","2021A000211","Eggs, 1 dozen","5.16"
"2023-04-01","Prince Edward Island","2021A000211","Apples, per kilogram","5.89"
"2023-04-01","Prince Edward Island","2021A000211","Bananas, per kilogram","2.20"
"2023-04-01","Prince Edward Island","2021A000211","Potatoes, 4.54 kilograms","5.40"
"2023-04-01","Prince Edward Island","2021A000211","Tomatoes, per kilogram","5.79"
"2023-04-01","Prince Edward Island","2021A000211","Carrots, 1.36 kilograms","3.86"
"2023-04-01","Prince Edward Island","2021A000211","Onions, per kilogram","5.78"
"2023-04-01","Prince Edward Island","2021A000211","White bread, 675 grams","3.66"
"2023-04-01","Prince Edward Island","2021A000211","Dry or fresh pasta, 500 grams","4.12"
"2023-04-01","Prince Edward Island","2021A000211","White rice, 2 kilograms","11.44"
"2023-04-01","Prince Edward Island","2021A000211","Vegetable oil, 3 litres","13.58"
"2023-04-01","Nova Scotia","2021A000212","Ground beef, per kilogram","10.37"
"2023-04-01","Nova Scotia","2021A000212","Whole chicken, per kilogram","5.58"
"2023-04-01","Nova Scotia","2021A000212","Milk, 2 litres","4.62"
"2023-04-01","Nova Scotia","2021A000212","Block cheese, 500 grams","6.69"
"2023-04-01","Nova Scotia","2021A000212","Yogurt, 500 grams","3.61"
"2023-04-01","Nova Scotia","2021A000212","Eggs, 1 dozen","5.16"
"2023-04-01","Nova Scotia","2021A000212","Apples, per kilogram","6.18"
"2023-04-01","Nova Scotia","2021A000212","Bananas, per kilogram","2.17"
"2023-04-01","Nova Scotia","2021A000212","Potatoes, 4.54 kilograms","5.21"
"2023-04-01","Nova Scotia","2021A000212","Tomatoes, per kilogram","5.71"
"2023-04-01","Nova Scotia","2021A000212","Carrots, 1.36 kilograms","3.76"
"2023-04-01","Nova Scotia","2021A000212","Onions, per kilogram","5.69"
"2023-04-01","Nova Scotia","2021A000212","White bread, 675 grams","3.63"
"2023-04-01","Nova Scotia","2021A000212","Dry or fresh pasta, 500 grams","4.11"
"2023-04-01","Nova Scotia","2021A000212","White rice, 2 kilograms","11.48"
"2023-04-01","Nova Scotia","2021A000212","Vegetable oil, 3 litres","13.67"
"2023-04-01","New Brunswick","2021A000213","Ground beef, per kilogram","10.46"
"2023-04-01","New Brunswick","2021A000213","Whole chicken, per kilogram","5.39"
"2023-04-01","New Brunswick","2021A000213","Milk, 2 litres","4.84"
"2023-04-01","New Brunswick","2021A000213","Block cheese, 500 grams","6.78"
"2023-04-01","New Brunswick","2021A000213","Yogurt, 500 grams","3.69"
"2023-04-01","New Brunswick","2021A000213","Eggs, 1 dozen","4.75"
"2023-04-01","New Brunswick","2021A000213","Apples, per kilogram","6.30"
"2023-04-01","New Brunswick","2021A000213","Bananas, per kilogram","2.17"
"2023-04-01","New Brunswick","2021A000213","Potatoes, 4.54 kilograms","5.14"
"2023-04-01","New Brunswick","2021A000213","Tomatoes, per kilogram","5.78"
"2023-04-01","New Brunswick","2021A000213","Carrots, 1.36 kilograms","3.97"
"2023-04-01","New Brunswick","2021A000213","Onions, per kilogram","5.71"
"2023-04-01","New Brunswick","2021A000213","White bread, 675 grams","3.71"
"2023-04-01","New Brunswick","2021A000213","Dry or fresh pasta, 500 grams","3.27"
"2023-04-01","New Brunswick","2021A000213","White rice, 2 kilograms","11.68"
"2023-04-01","New Brunswick","2021A000213","Vegetable oil, 3 litres","14.26"
"2023-04-01","Quebec","2021A000224","Ground beef, per kilogram","12.61"
"2023-04-01","Quebec","2021A000224","Whole chicken, per kilogram","5.07"
"2023-04-01","Quebec","2021A000224","Milk, 2 litres","4.91"
"2023-04-01","Quebec","2021A000224","Block cheese, 500 grams","6.60"
"2023-04-01","Quebec","2021A000224","Yogurt, 500 grams","3.19"
"2023-04-01","Quebec","2021A000224","Eggs, 1 dozen","3.68"
"2023-04-01","Quebec","2021A000224","Apples, per kilogram","5.72"
"2023-04-01","Quebec","2021A000224","Bananas, per kilogram","1.85"
"2023-04-01","Quebec","2021A000224","Potatoes, 4.54 kilograms","5.04"
"2023-04-01","Quebec","2021A000224","Tomatoes, per kilogram","5.28"
"2023-04-01","Quebec","2021A000224","Carrots, 1.36 kilograms","3.96"
"2023-04-01","Quebec","2021A000224","Onions, per kilogram","4.66"
"2023-04-01","Quebec","2021A000224","White bread, 675 grams","4.33"
"2023-04-01","Quebec","2021A000224","Dry or fresh pasta, 500 grams","3.19"
"2023-04-01","Quebec","2021A000224","White rice, 2 kilograms","10.43"
"2023-04-01","Quebec","2021A000224","Vegetable oil, 3 litres","10.67"
"2023-04-01","Ontario","2021A000235","Ground beef, per kilogram","10.47"
"2023-04-01","Ontario","2021A000235","Whole chicken, per kilogram","6.08"
"2023-04-01","Ontario","2021A000235","Milk, 2 litres","5.64"
"2023-04-01","Ontario","2021A000235","Block cheese, 500 grams","6.81"
"2023-04-01","Ontario","2021A000235","Yogurt, 500 grams","3.03"
"2023-04-01","Ontario","2021A000235","Eggs, 1 dozen","4.67"
"2023-04-01","Ontario","2021A000235","Apples, per kilogram","5.38"
"2023-04-01","Ontario","2021A000235","Bananas, per kilogram","1.48"
"2023-04-01","Ontario","2021A000235","Potatoes, 4.54 kilograms","4.52"
"2023-04-01","Ontario","2021A000235","Tomatoes, per kilogram","4.20"
"2023-04-01","Ontario","2021A000235","Carrots, 1.36 kilograms","3.97"
"2023-04-01","Ontario","2021A000235","Onions, per kilogram","5.36"
"2023-04-01","Ontario","2021A000235","White bread, 675 grams","3.12"
"2023-04-01","Ontario","2021A000235","Dry or fresh pasta, 500 grams","3.67"
"2023-04-01","Ontario","2021A000235","White rice, 2 kilograms","8.74"
"2023-04-01","Ontario","2021A000235","Vegetable oil, 3 litres","10.83"
"2023-04-01","Manitoba","2021A000246","Ground beef, per kilogram","10.48"
"2023-04-01","Manitoba","2021A000246","Whole chicken, per kilogram","7.08"
"2023-04-01","Manitoba","2021A000246","Milk, 2 litres","4.54"
"2023-04-01","Manitoba","2021A000246","Block cheese, 500 grams","6.58"
"2023-04-01","Manitoba","2021A000246","Yogurt, 500 grams","3.19"
"2023-04-01","Manitoba","2021A000246","Eggs, 1 dozen","4.33"
"2023-04-01","Manitoba","2021A000246","Apples, per kilogram","6.20"
"2023-04-01","Manitoba","2021A000246","Bananas, per kilogram","1.64"
"2023-04-01","Manitoba","2021A000246","Potatoes, 4.54 kilograms","7.43"
"2023-04-01","Manitoba","2021A000246","Tomatoes, per kilogram","4.81"
"2023-04-01","Manitoba","2021A000246","Carrots, 1.36 kilograms","4.59"
"2023-04-01","Manitoba","2021A000246","Onions, per kilogram","5.31"
"2023-04-01","Manitoba","2021A000246","White bread, 675 grams","3.55"
"2023-04-01","Manitoba","2021A000246","Dry or fresh pasta, 500 grams","3.50"
"2023-04-01","Manitoba","2021A000246","White rice, 2 kilograms","8.58"
"2023-04-01","Manitoba","2021A000246","Vegetable oil, 3 litres","15.40"
"2023-04-01","Saskatchewan","2021A000247","Ground beef, per kilogram","10.62"
"2023-04-01","Saskatchewan","2021A000247","Whole chicken, per kilogram","7.30"
"2023-04-01","Saskatchewan","2021A000247","Milk, 2 litres","4.90"
"2023-04-01","Saskatchewan","2021A000247","Block cheese, 500 grams","6.53"
"2023-04-01","Saskatchewan","2021A000247","Yogurt, 500 grams","3.20"
"2023-04-01","Saskatchewan","2021A000247","Eggs, 1 dozen","4.41"
"2023-04-01","Saskatchewan","2021A000247","Apples, per kilogram","6.29"
"2023-04-01","Saskatchewan","2021A000247","Bananas, per kilogram","1.72"
"2023-04-01","Saskatchewan","2021A000247","Potatoes, 4.54 kilograms","7.49"
"2023-04-01","Saskatchewan","2021A000247","Tomatoes, per kilogram","4.93"
"2023-04-01","Saskatchewan","2021A000247","Carrots, 1.36 kilograms","4.67"
"2023-04-01","Saskatchewan","2021A000247","Onions, per kilogram","5.56"
"2023-04-01","Saskatchewan","2021A000247","White bread, 675 grams","3.68"
"2023-04-01","Saskatchewan","2021A000247","Dry or fresh pasta, 500 grams","3.62"
"2023-04-01","Saskatchewan","2021A000247","White rice, 2 kilograms","8.73"
"2023-04-01","Saskatchewan","2021A000247","Vegetable oil, 3 litres","15.91"
"2023-04-01","Alberta","2021A000248","Ground beef, per kilogram","11.04"
"2023-04-01","Alberta","2021A000248","Whole chicken, per kilogram","7.45"
"2023-04-01","Alberta","2021A000248","Milk, 2 litres","5.04"
"2023-04-01","Alberta","2021A000248","Block cheese, 500 grams","6.73"
"2023-04-01","Alberta","2021A000248","Yogurt, 500 grams","3.24"
"2023-04-01","Alberta","2021A000248","Eggs, 1 dozen","4.76"
"2023-04-01","Alberta","2021A000248","Apples, per kilogram","6.34"
"2023-04-01","Alberta","2021A000248","Bananas, per kilogram","1.75"
"2023-04-01","Alberta","2021A000248","Potatoes, 4.54 kilograms","7.25"
"2023-04-01","Alberta","2021A000248","Tomatoes, per kilogram","4.87"
"2023-04-01","Alberta","2021A000248","Carrots, 1.36 kilograms","4.71"
"2023-04-01","Alberta","2021A000248","Onions, per kilogram","5.36"
"2023-04-01","Alberta","2021A000248","White bread, 675 grams","3.70"
"2023-04-01","Alberta","2021A000248","Dry or fresh pasta, 500 grams","3.77"
"2023-04-01","Alberta","2021A000248","White rice, 2 kilograms","9.14"
"2023-04-01","Alberta","2021A000248","Vegetable oil, 3 litres","15.64"
"2023-04-01","British Columbia","2021A000259","Ground beef, per kilogram","11.66"
"2023-04-01","British Columbia","2021A000259","Whole chicken, per kilogram","8.03"
"2023-04-01","British Columbia","2021A000259","Milk, 2 litres","5.15"
"2023-04-01","British Columbia","2021A000259","Block cheese, 500 grams","6.76"
"2023-04-01","British Columbia","2021A000259","Yogurt, 500 grams","3.31"
"2023-04-01","British Columbia","2021A000259","Eggs, 1 dozen","5.26"
"2023-04-01","British Columbia","2021A000259","Apples, per kilogram","6.48"
"2023-04-01","British Columbia","2021A000259","Bananas, per kilogram","1.65"
"2023-04-01","British Columbia","2021A000259","Potatoes, 4.54 kilograms","7.23"
"2023-04-01","British Columbia","2021A000259","Tomatoes, per kilogram","4.91"
"2023-04-01","British Columbia","2021A000259","Carrots, 1.36 kilograms","5.07"
"2023-04-01","British Columbia","2021A000259","Onions, per kilogram","5.47"
"2023-04-01","British Columbia","2021A000259","White bread, 675 grams","4.02"
"2023-04-01","British Columbia","2021A000259","Dry or fresh pasta, 500 grams","3.87"
"2023-04-01","British Columbia","2021A000259","White rice, 2 kilograms","9.51"
"2023-04-01","British Columbia","2021A000259","Vegetable oil, 3 litres","15.39"
"2023-05-01","Newfoundland and Labrador","2021A000210","Ground beef, per kilogram","11.02"
"2023-05-01","Newfoundland and Labrador","2021A000210","Whole chicken, per kilogram","6.21"
"2023-05-01","Newfoundland and Labrador","2021A000210","Milk, 2 litres","4.95"
"2023-05-01","Newfoundland and Labrador","2021A000210","Block cheese, 500 grams","6.58"
"2023-05-01","Newfoundland and Labrador","2021A000210","Yogurt, 500 grams","3.80"
"2023-05-01","Newfoundland and Labrador","2021A000210","Eggs, 1 dozen","5.06"
"2023-05-01","Newfoundland and Labrador","2021A000210","Apples, per kilogram","6.88"
"2023-05-01","Newfoundland and Labrador","2021A000210","Bananas, per kilogram","2.18"
"2023-05-01","Newfoundland and Labrador","2021A000210","Potatoes, 4.54 kilograms","6.50"
"2023-05-01","Newfoundland and Labrador","2021A000210","Tomatoes, per kilogram","6.47"
"2023-05-01","Newfoundland and Labrador","2021A000210","Carrots, 1.36 kilograms","4.56"
"2023-05-01","Newfoundland and Labrador","2021A000210","Onions, per kilogram","5.61"
"2023-05-01","Newfoundland and Labrador","2021A000210","White bread, 675 grams","4.03"
"2023-05-01","Newfoundland and Labrador","2021A000210","Dry or fresh pasta, 500 grams","3.68"
"2023-05-01","Newfoundland and Labrador","2021A000210","White rice, 2 kilograms","11.20"
"2023-05-01","Newfoundland and Labrador","2021A000210","Vegetable oil, 3 litres","13.40"
"2023-05-01","Prince Edward Island","2021A000211","Ground beef, per kilogram","11.21"
"2023-05-01","Prince Edward Island","2021A000211","Whole chicken, per kilogram","6.05"
"2023-05-01","Prince Edward Island","2021A000211","Milk, 2 litres","4.39"
"2023-05-01","Prince Edward Island","2021A000211","Block cheese, 500 grams","6.78"
"2023-05-01","Prince Edward Island","2021A000211","Yogurt, 500 grams","3.64"
"2023-05-01","Prince Edward Island","2021A000211","Eggs, 1 dozen","5.20"
"2023-05-01","Prince Edward Island","2021A000211","Apples, per kilogram","6.53"
"2023-05-01","Prince Edward Island","2021A000211","Bananas, per kilogram","2.20"
"2023-05-01","Prince Edward Island","2021A000211","Potatoes, 4.54 kilograms","5.44"
"2023-05-01","Prince Edward Island","2021A000211","Tomatoes, per kilogram","5.67"
"2023-05-01","Prince Edward Island","2021A000211","Carrots, 1.36 kilograms","4.08"
"2023-05-01","Prince Edward Island","2021A000211","Onions, per kilogram","5.65"
"2023-05-01","Prince Edward Island","2021A000211","White bread, 675 grams","3.78"
"2023-05-01","Prince Edward Island","2021A000211","Dry or fresh pasta, 500 grams","3.92"
"2023-05-01","Prince Edward Island","2021A000211","White rice, 2 kilograms","11.08"
"2023-05-01","Prince Edward Island","2021A000211","Vegetable oil, 3 litres","13.47"
"2023-05-01","Nova Scotia","2021A000212","Ground beef, per kilogram","11.10"
"2023-05-01","Nova Scotia","2021A000212","Whole chicken, per kilogram","6.07"
"2023-05-01","Nova Scotia","2021A000212","Milk, 2 litres","4.64"
"2023-05-01","Nova Scotia","2021A000212","Block cheese, 500 grams","6.64"
"2023-05-01","Nova Scotia","2021A000212","Yogurt, 500 grams","3.62"
"2023-05-01","Nova Scotia","2021A000212","Eggs, 1 dozen","5.21"
"2023-05-01","Nova Scotia","2021A000212","Apples, per kilogram","6.37"
"2023-05-01","Nova Scotia","2021A000212","Bananas, per kilogram","2.18"
"2023-05-01","Nova Scotia","2021A000212","Potatoes, 4.54 kilograms","5.13"
"2023-05-01","Nova Scotia","2021A000212","Tomatoes, per kilogram","5.49"
"2023-05-01","Nova Scotia","2021A000212","Carrots, 1.36 kilograms","3.97"
"2023-05-01","Nova Scotia","2021A000212","Onions, per kilogram","5.62"
"2023-05-01","Nova Scotia","2021A000212","White bread, 675 grams","3.80"
"2023-05-01","Nova Scotia","2021A000212","Dry or fresh pasta, 500 grams","3.82"
"2023-05-01","Nova Scotia","2021A000212","White rice, 2 kilograms","10.96"
"2023-05-01","Nova Scotia","2021A000212","Vegetable oil, 3 litres","13.73"
"2023-05-01","New Brunswick","2021A000213","Ground beef, per kilogram","11.19"
"2023-05-01","New Brunswick","2021A000213","Whole chicken, per kilogram","5.56"
"2023-05-01","New Brunswick","2021A000213","Milk, 2 litres","4.87"
"2023-05-01","New Brunswick","2021A000213","Block cheese, 500 grams","6.72"
"2023-05-01","New Brunswick","2021A000213","Yogurt, 500 grams","3.70"
"2023-05-01","New Brunswick","2021A000213","Eggs, 1 dozen","4.70"
"2023-05-01","New Brunswick","2021A000213","Apples, per kilogram","6.48"
"2023-05-01","New Brunswick","2021A000213","Bananas, per kilogram","2.17"
"2023-05-01","New Brunswick","2021A000213","Potatoes, 4.54 kilograms","5.44"
"2023-05-01","New Brunswick","2021A000213","Tomatoes, per kilogram","5.43"
"2023-05-01","New Brunswick","2021A000213","Carrots, 1.36 kilograms","4.20"
"2023-05-01","New Brunswick","2021A000213","Onions, per kilogram","5.62"
"2023-05-01","New Brunswick","2021A000213","White bread, 675 grams","3.84"
"2023-05-01","New Brunswick","2021A000213","Dry or fresh pasta, 500 grams","3.61"
"2023-05-01","New Brunswick","2021A000213","White rice, 2 kilograms","11.23"
"2023-05-01","New Brunswick","2021A000213","Vegetable oil, 3 litres","14.62"
"2023-05-01","Quebec","2021A000224","Ground beef, per kilogram","11.78"
"2023-05-01","Quebec","2021A000224","Whole chicken, per kilogram","5.04"
"2023-05-01","Quebec","2021A000224","Milk, 2 litres","4.92"
"2023-05-01","Quebec","2021A000224","Block cheese, 500 grams","6.53"
"2023-05-01","Quebec","2021A000224","Yogurt, 500 grams","3.30"
"2023-05-01","Quebec","2021A000224","Eggs, 1 dozen","3.50"
"2023-05-01","Quebec","2021A000224","Apples, per kilogram","6.20"
"2023-05-01","Quebec","2021A000224","Bananas, per kilogram","1.84"
"2023-05-01","Quebec","2021A000224","Potatoes, 4.54 kilograms","4.78"
"2023-05-01","Quebec","2021A000224","Tomatoes, per kilogram","3.78"
"2023-05-01","Quebec","2021A000224","Carrots, 1.36 kilograms","4.46"
"2023-05-01","Quebec","2021A000224","Onions, per kilogram","4.70"
"2023-05-01","Quebec","2021A000224","White bread, 675 grams","4.26"
"2023-05-01","Quebec","2021A000224","Dry or fresh pasta, 500 grams","3.33"
"2023-05-01","Quebec","2021A000224","White rice, 2 kilograms","10.16"
"2023-05-01","Quebec","2021A000224","Vegetable oil, 3 litres","12.29"
"2023-05-01","Ontario","2021A000235","Ground beef, per kilogram","10.88"
"2023-05-01","Ontario","2021A000235","Whole chicken, per kilogram","6.23"
"2023-05-01","Ontario","2021A000235","Milk, 2 litres","5.60"
"2023-05-01","Ontario","2021A000235","Block cheese, 500 grams","6.95"
"2023-05-01","Ontario","2021A000235","Yogurt, 500 grams","3.04"
"2023-05-01","Ontario","2021A000235","Eggs, 1 dozen","4.55"
"2023-05-01","Ontario","2021A000235","Apples, per kilogram","5.63"
"2023-05-01","Ontario","2021A000235","Bananas, per kilogram","1.49"
"2023-05-01","Ontario","2021A000235","Potatoes, 4.54 kilograms","5.35"
"2023-05-01","Ontario","2021A000235","Tomatoes, per kilogram","4.06"
"2023-05-01","Ontario","2021A000235","Carrots, 1.36 kilograms","3.93"
"2023-05-01","Ontario","2021A000235","Onions, per kilogram","5.30"
"2023-05-01","Ontario","2021A000235","White bread, 675 grams","3.15"
"2023-05-01","Ontario","2021A000235","Dry or fresh pasta, 500 grams","3.54"
"2023-05-01","Ontario","2021A000235","White rice, 2 kilograms","9.08"
"2023-05-01","Ontario","2021A000235","Vegetable oil, 3 litres","10.97"
"2023-05-01","Manitoba","2021A000246","Ground beef, per kilogram","10.47"
"2023-05-01","Manitoba","2021A000246","Whole chicken, per kilogram","6.26"
"2023-05-01","Manitoba","2021A000246","Milk, 2 litres","4.43"
"2023-05-01","Manitoba","2021A000246","Block cheese, 500 grams","6.59"
"2023-05-01","Manitoba","2021A000246","Yogurt, 500 grams","3.22"
"2023-05-01","Manitoba","2021A000246","Eggs, 1 dozen","4.32"
"2023-05-01","Manitoba","2021A000246","Apples, per kilogram","5.96"
"2023-05-01","Manitoba","2021A000246","Bananas, per kilogram","1.68"
"2023-05-01","Manitoba","2021A000246","Potatoes, 4.54 kilograms","7.59"
"2023-05-01","Manitoba","2021A000246","Tomatoes, per kilogram","4.55"
"2023-05-01","Manitoba","2021A000246","Carrots, 1.36 kilograms","4.63"
"2023-05-01","Manitoba","2021A000246","Onions, per kilogram","5.34"
"2023-05-01","Manitoba","2021A000246","White bread, 675 grams","3.49"
"2023-05-01","Manitoba","2021A000246","Dry or fresh pasta, 500 grams","3.34"
"2023-05-01","Manitoba","2021A000246","White rice, 2 kilograms","11.47"
"2023-05-01","Manitoba","2021A000246","Vegetable oil, 3 litres","15.53"
"2023-05-01","Saskatchewan","2021A000247","Ground beef, per kilogram","10.26"
"2023-05-01","Saskatchewan","2021A000247","Whole chicken, per kilogram","6.31"
"2023-05-01","Saskatchewan","2021A000247","Milk, 2 litres","4.84"
"2023-05-01","Saskatchewan","2021A000247","Block cheese, 500 grams","6.57"
"2023-05-01","Saskatchewan","2021A000247","Yogurt, 500 grams","3.22"
"2023-05-01","Saskatchewan","2021A000247","Eggs, 1 dozen","4.40"
"2023-05-01","Saskatchewan","2021A000247","Apples, per kilogram","6.07"
"2023-05-01","Saskatchewan","2021A000247","Bananas, per kilogram","1.77"
"2023-05-01","Saskatchewan","2021A000247","Potatoes, 4.54 kilograms","7.67"
"2023-05-01","Saskatchewan","2021A000247","Tomatoes, per kilogram","4.71"
"2023-05-01","Saskatchewan","2021A000247","Carrots, 1.36 kilograms","4.74"
"2023-05-01","Saskatchewan","2021A000247","Onions, per kilogram","5.47"
"2023-05-01","Saskatchewan","2021A000247","White bread, 675 grams","3.68"
"2023-05-01","Saskatchewan","2021A000247","Dry or fresh pasta, 500 grams","3.46"
"2023-05-01","Saskatchewan","2021A000247","White rice, 2 kilograms","10.50"
"2023-05-01","Saskatchewan","2021A000247","Vegetable oil, 3 litres","15.84"
"2023-05-01","Alberta","2021A000248","Ground beef, per kilogram","11.25"
"2023-05-01","Alberta","2021A000248","Whole chicken, per kilogram","6.95"
"2023-05-01","Alberta","2021A000248","Milk, 2 litres","4.97"
"2023-05-01","Alberta","2021A000248","Block cheese, 500 grams","6.80"
"2023-05-01","Alberta","2021A000248","Yogurt, 500 grams","3.26"
"2023-05-01","Alberta","2021A000248","Eggs, 1 dozen","4.81"
"2023-05-01","Alberta","2021A000248","Apples, per kilogram","6.09"
"2023-05-01","Alberta","2021A000248","Bananas, per kilogram","1.79"
"2023-05-01","Alberta","2021A000248","Potatoes, 4.54 kilograms","7.64"
"2023-05-01","Alberta","2021A000248","Tomatoes, per kilogram","4.68"
"2023-05-01","Alberta","2021A000248","Carrots, 1.36 kilograms","4.84"
"2023-05-01","Alberta","2021A000248","Onions, per kilogram","5.33"
"2023-05-01","Alberta","2021A000248","White bread, 675 grams","3.64"
"2023-05-01","Alberta","2021A000248","Dry or fresh pasta, 500 grams","3.57"
"2023-05-01","Alberta","2021A000248","White rice, 2 kilograms","10.49"
"2023-05-01","Alberta","2021A000248","Vegetable oil, 3 litres","15.32"
"2023-05-01","British Columbia","2021A000259","Ground beef, per kilogram","11.30"
"2023-05-01","British Columbia","2021A000259","Whole chicken, per kilogram","6.89"
"2023-05-01","British Columbia","2021A000259","Milk, 2 litres","5.10"
"2023-05-01","British Columbia","2021A000259","Block cheese, 500 grams","6.83"
"2023-05-01","British Columbia","2021A000259","Yogurt, 500 grams","3.35"
"2023-05-01","British Columbia","2021A000259","Eggs, 1 dozen","5.30"
"2023-05-01","British Columbia","2021A000259","Apples, per kilogram","6.21"
"2023-05-01","British Columbia","2021A000259","Bananas, per kilogram","1.66"
"2023-05-01","British Columbia","2021A000259","Potatoes, 4.54 kilograms","7.58"
"2023-05-01","British Columbia","2021A000259","Tomatoes, per kilogram","4.54"
"2023-05-01","British Columbia","2021A000259","Carrots, 1.36 kilograms","5.09"
"2023-05-01","British Columbia","2021A000259","Onions, per kilogram","5.41"
"2023-05-01","British Columbia","2021A000259","White bread, 675 grams","3.91"
"2023-05-01","British Columbia","2021A000259","Dry or fresh pasta, 500 grams","3.75"
"2023-05-01","British Columbia","2021A000259","White rice, 2 kilograms","9.91"
"2023-05-01","British Columbia","2021A000259","Vegetable oil, 3 litres","15.34"
"2023-06-01","Newfoundland and Labrador","2021A000210","Ground beef, per kilogram","11.09"
"2023-06-01","Newfoundland and Labrador","2021A000210","Whole chicken, per kilogram","6.44"
"2023-06-01","Newfoundland and Labrador","2021A000210","Milk, 2 litres","4.97"
"2023-06-01","Newfoundland and Labrador","2021A000210","Block cheese, 500 grams","6.86"
"2023-06-01","Newfoundland and Labrador","2021A000210","Yogurt, 500 grams","3.83"
"2023-06-01","Newfoundland and Labrador","2021A000210","Eggs, 1 dozen","5.09"
"2023-06-01","Newfoundland and Labrador","2021A000210","Apples, per kilogram","6.97"
"2023-06-01","Newfoundland and Labrador","2021A000210","Bananas, per kilogram","2.19"
"2023-06-01","Newfoundland and Labrador","2021A000210","Potatoes, 4.54 kilograms","6.84"
"2023-06-01","Newfoundland and Labrador","2021A000210","Tomatoes, per kilogram","5.98"
"2023-06-01","Newfoundland and Labrador","2021A000210","Carrots, 1.36 kilograms","4.68"
"2023-06-01","Newfoundland and Labrador","2021A000210","Onions, per kilogram","5.81"
"2023-06-01","Newfoundland and Labrador","2021A000210","White bread, 675 grams","4.06"
"2023-06-01","Newfoundland and Labrador","2021A000210","Dry or fresh pasta, 500 grams","3.56"
"2023-06-01","Newfoundland and Labrador","2021A000210","White rice, 2 kilograms","11.06"
"2023-06-01","Newfoundland and Labrador","2021A000210","Vegetable oil, 3 litres","13.96"
"2023-06-01","Prince Edward Island","2021A000211","Ground beef, per kilogram","11.70"
"2023-06-01","Prince Edward Island","2021A000211","Whole chicken, per kilogram","5.80"
"2023-06-01","Prince Edward Island","2021A000211","Milk, 2 litres","4.42"
"2023-06-01","Prince Edward Island","2021A000211","Block cheese, 500 grams","7.02"
"2023-06-01","Prince Edward Island","2021A000211","Yogurt, 500 grams","3.71"
"2023-06-01","Prince Edward Island","2021A000211","Eggs, 1 dozen","5.22"
"2023-06-01","Prince Edward Island","2021A000211","Apples, per kilogram","6.27"
"2023-06-01","Prince Edward Island","2021A000211","Bananas, per kilogram","2.18"
"2023-06-01","Prince Edward Island","2021A000211","Potatoes, 4.54 kilograms","5.72"
"2023-06-01","Prince Edward Island","2021A000211","Tomatoes, per kilogram","5.44"
"2023-06-01","Prince Edward Island","2021A000211","Carrots, 1.36 kilograms","4.30"
"2023-06-01","Prince Edward Island","2021A000211","Onions, per kilogram","5.69"
"2023-06-01","Prince Edward Island","2021A000211","White bread, 675 grams","3.78"
"2023-06-01","Prince Edward Island","2021A000211","Dry or fresh pasta, 500 grams","3.74"
"2023-06-01","Prince Edward Island","2021A000211","White rice, 2 kilograms","11.13"
"2023-06-01","Prince Edward Island","2021A000211","Vegetable oil, 3 litres","14.24"
"2023-06-01","Nova Scotia","2021A000212","Ground beef, per kilogram","11.62"
"2023-06-01","Nova Scotia","2021A000212","Whole chicken, per kilogram","6.01"
"2023-06-01","Nova Scotia","2021A000212","Milk, 2 litres","4.67"
"2023-06-01","Nova Scotia","2021A000212","Block cheese, 500 grams","6.91"
"2023-06-01","Nova Scotia","2021A000212","Yogurt, 500 grams","3.63"
"2023-06-01","Nova Scotia","2021A000212","Eggs, 1 dozen","5.26"
"2023-06-01","Nova Scotia","2021A000212","Apples, per kilogram","6.11"
"2023-06-01","Nova Scotia","2021A000212","Bananas, per kilogram","2.17"
"2023-06-01","Nova Scotia","2021A000212","Potatoes, 4.54 kilograms","5.63"
"2023-06-01","Nova Scotia","2021A000212","Tomatoes, per kilogram","5.34"
"2023-06-01","Nova Scotia","2021A000212","Carrots, 1.36 kilograms","4.21"
"2023-06-01","Nova Scotia","2021A000212","Onions, per kilogram","5.62"
"2023-06-01","Nova Scotia","2021A000212","White bread, 675 grams","3.78"
"2023-06-01","Nova Scotia","2021A000212","Dry or fresh pasta, 500 grams","3.72"
"2023-06-01","Nova Scotia","2021A000212","White rice, 2 kilograms","11.02"
"2023-06-01","Nova Scotia","2021A000212","Vegetable oil, 3 litres","14.19"
"2023-06-01","New Brunswick","2021A000213","Ground beef, per kilogram","11.34"
"2023-06-01","New Brunswick","2021A000213","Whole chicken, per kilogram","5.92"
"2023-06-01","New Brunswick","2021A000213","Milk, 2 litres","4.88"
"2023-06-01","New Brunswick","2021A000213","Block cheese, 500 grams","6.96"
"2023-06-01","New Brunswick","2021A000213","Yogurt, 500 grams","3.71"
"2023-06-01","New Brunswick","2021A000213","Eggs, 1 dozen","4.87"
"2023-06-01","New Brunswick","2021A000213","Apples, per kilogram","6.28"
"2023-06-01","New Brunswick","2021A000213","Bananas, per kilogram","2.15"
"2023-06-01","New Brunswick","2021A000213","Potatoes, 4.54 kilograms","5.79"
"2023-06-01","New Brunswick","2021A000213","Tomatoes, per kilogram","5.15"
"2023-06-01","New Brunswick","2021A000213","Carrots, 1.36 kilograms","4.43"
"2023-06-01","New Brunswick","2021A000213","Onions, per kilogram","5.68"
"2023-06-01","New Brunswick","2021A000213","White bread, 675 grams","3.82"
"2023-06-01","New Brunswick","2021A000213","Dry or fresh pasta, 500 grams","3.43"
"2023-06-01","New Brunswick","2021A000213","White rice, 2 kilograms","11.28"
"2023-06-01","New Brunswick","2021A000213","Vegetable oil, 3 litres","14.83"
"2023-06-01","Quebec","2021A000224","Ground beef, per kilogram","11.99"
"2023-06-01","Quebec","2021A000224","Whole chicken, per kilogram","4.94"
"2023-06-01","Quebec","2021A000224","Milk, 2 litres","4.95"
"2023-06-01","Quebec","2021A000224","Block cheese, 500 grams","6.45"
"2023-06-01","Quebec","2021A000224","Yogurt, 500 grams","3.22"
"2023-06-01","Quebec","2021A000224","Eggs, 1 dozen","3.84"
"2023-06-01","Quebec","2021A000224","Apples, per kilogram","6.35"
"2023-06-01","Quebec","2021A000224","Bananas, per kilogram","1.84"
"2023-06-01","Quebec","2021A000224","Potatoes, 4.54 kilograms","5.66"
"2023-06-01","Quebec","2021A000224","Tomatoes, per kilogram","4.53"
"2023-06-01","Quebec","2021A000224","Carrots, 1.36 kilograms","4.69"
"2023-06-01","Quebec","2021A000224","Onions, per kilogram","4.85"
"2023-06-01","Quebec","2021A000224","White bread, 675 grams","4.40"
"2023-06-01","Quebec","2021A000224","Dry or fresh pasta, 500 grams","2.93"
"2023-06-01","Quebec","2021A000224","White rice, 2 kilograms","9.99"
"2023-06-01","Quebec","2021A000224","Vegetable oil, 3 litres","11.99"
"2023-06-01","Ontario","2021A000235","Ground beef, per kilogram","10.51"
"2023-06-01","Ontario","2021A000235","Whole chicken, per kilogram","6.51"
"2023-06-01","Ontario","2021A000235","Milk, 2 litres","5.68"
"2023-06-01","Ontario","2021A000235","Block cheese, 500 grams","6.68"
"2023-06-01","Ontario","2021A000235","Yogurt, 500 grams","3.07"
"2023-06-01","Ontario","2021A000235","Eggs, 1 dozen","4.67"
"2023-06-01","Ontario","2021A000235","Apples, per kilogram","5.74"
"2023-06-01","Ontario","2021A000235","Bananas, per kilogram","1.50"
"2023-06-01","Ontario","2021A000235","Potatoes, 4.54 kilograms","5.36"
"2023-06-01","Ontario","2021A000235","Tomatoes, per kilogram","4.43"
"2023-06-01","Ontario","2021A000235","Carrots, 1.36 kilograms","4.06"
"2023-06-01","Ontario","2021A000235","Onions, per kilogram","5.30"
"2023-06-01","Ontario","2021A000235","White bread, 675 grams","3.09"
"2023-06-01","Ontario","2021A000235","Dry or fresh pasta, 500 grams","3.27"
"2023-06-01","Ontario","2021A000235","White rice, 2 kilograms","9.00"
"2023-06-01","Ontario","2021A000235","Vegetable oil, 3 litres","12.44"
"2023-06-01","Manitoba","2021A000246","Ground beef, per kilogram","11.70"
"2023-06-01","Manitoba","2021A000246","Whole chicken, per kilogram","7.53"
"2023-06-01","Manitoba","2021A000246","Milk, 2 litres","4.50"
"2023-06-01","Manitoba","2021A000246","Block cheese, 500 grams","6.61"
"2023-06-01","Manitoba","2021A000246","Yogurt, 500 grams","3.24"
"2023-06-01","Manitoba","2021A000246","Eggs, 1 dozen","4.30"
"2023-06-01","Manitoba","2021A000246","Apples, per kilogram","6.37"
"2023-06-01","Manitoba","2021A000246","Bananas, per kilogram","1.65"
"2023-06-01","Manitoba","2021A000246","Potatoes, 4.54 kilograms","7.63"
"2023-06-01","Manitoba","2021A000246","Tomatoes, per kilogram","4.37"
"2023-06-01","Manitoba","2021A000246","Carrots, 1.36 kilograms","4.73"
"2023-06-01","Manitoba","2021A000246","Onions, per kilogram","5.38"
"2023-06-01","Manitoba","2021A000246","White bread, 675 grams","3.36"
"2023-06-01","Manitoba","2021A000246","Dry or fresh pasta, 500 grams","3.13"
"2023-06-01","Manitoba","2021A000246","White rice, 2 kilograms","8.38"
"2023-06-01","Manitoba","2021A000246","Vegetable oil, 3 litres","15.14"
"2023-06-01","Saskatchewan","2021A000247","Ground beef, per kilogram","11.39"
"2023-06-01","Saskatchewan","2021A000247","Whole chicken, per kilogram","7.36"
"2023-06-01","Saskatchewan","2021A000247","Milk, 2 litres","4.82"
"2023-06-01","Saskatchewan","2021A000247","Block cheese, 500 grams","6.61"
"2023-06-01","Saskatchewan","2021A000247","Yogurt, 500 grams","3.25"
"2023-06-01","Saskatchewan","2021A000247","Eggs, 1 dozen","4.43"
"2023-06-01","Saskatchewan","2021A000247","Apples, per kilogram","6.34"
"2023-06-01","Saskatchewan","2021A000247","Bananas, per kilogram","1.77"
"2023-06-01","Saskatchewan","2021A000247","Potatoes, 4.54 kilograms","7.50"
"2023-06-01","Saskatchewan","2021A000247","Tomatoes, per kilogram","4.49"
"2023-06-01","Saskatchewan","2021A000247","Carrots, 1.36 kilograms","4.85"
"2023-06-01","Saskatchewan","2021A000247","Onions, per kilogram","5.44"
"2023-06-01","Saskatchewan","2021A000247","White bread, 675 grams","3.56"
"2023-06-01","Saskatchewan","2021A000247","Dry or fresh pasta, 500 grams","3.16"
"2023-06-01","Saskatchewan","2021A000247","White rice, 2 kilograms","8.85"
"2023-06-01","Saskatchewan","2021A000247","Vegetable oil, 3 litres","15.42"
"2023-06-01","Alberta","2021A000248","Ground beef, per kilogram","12.38"
"2023-06-01","Alberta","2021A000248","Whole chicken, per kilogram","8.06"
"2023-06-01","Alberta","2021A000248","Milk, 2 litres","5.05"
"2023-06-01","Alberta","2021A000248","Block cheese, 500 grams","6.82"
"2023-06-01","Alberta","2021A000248","Yogurt, 500 grams","3.30"
"2023-06-01","Alberta","2021A000248","Eggs, 1 dozen","4.79"
"2023-06-01","Alberta","2021A000248","Apples, per kilogram","6.36"
"2023-06-01","Alberta","2021A000248","Bananas, per kilogram","1.83"
"2023-06-01","Alberta","2021A000248","Potatoes, 4.54 kilograms","7.62"
"2023-06-01","Alberta","2021A000248","Tomatoes, per kilogram","4.60"
"2023-06-01","Alberta","2021A000248","Carrots, 1.36 kilograms","4.91"
"2023-06-01","Alberta","2021A000248","Onions, per kilogram","5.28"
"2023-06-01","Alberta","2021A000248","White bread, 675 grams","3.59"
"2023-06-01","Alberta","2021A000248","Dry or fresh pasta, 500 grams","3.32"
"2023-06-01","Alberta","2021A000248","White rice, 2 kilograms","9.36"
"2023-06-01","Alberta","2021A000248","Vegetable oil, 3 litres","15.04"
"2023-06-01","British Columbia","2021A000259","Ground beef, per kilogram","12.34"
"2023-06-01","British Columbia","2021A000259","Whole chicken, per kilogram","8.49"
"2023-06-01","British Columbia","2021A000259","Milk, 2 litres","5.17"
"2023-06-01","British Columbia","2021A000259","Block cheese, 500 grams","6.95"
"2023-06-01","British Columbia","2021A000259","Yogurt, 500 grams","3.37"
"2023-06-01","British Columbia","2021A000259","Eggs, 1 dozen","5.30"
"2023-06-01","British Columbia","2021A000259","Apples, per kilogram","6.61"
"2023-06-01","British Columbia","2021A000259","Bananas, per kilogram","1.67"
"2023-06-01","British Columbia","2021A000259","Potatoes, 4.54 kilograms","7.34"
"2023-06-01","British Columbia","2021A000259","Tomatoes, per kilogram","4.63"
"2023-06-01","British Columbia","2021A000259","Carrots, 1.36 kilograms","5.22"
"2023-06-01","British Columbia","2021A000259","Onions, per kilogram","5.39"
"2023-06-01","British Columbia","2021A000259","White bread, 675 grams","3.89"
"2023-06-01","British Columbia","2021A000259","Dry or fresh pasta, 500 grams","3.49"
"2023-06-01","British Columbia","2021A000259","White rice, 2 kilograms","9.53"
"2023-06-01","British Columbia","2021A000259","Vegetable oil, 3 litres","14.90"
"2023-07-01","Newfoundland and Labrador","2021A000210","Ground beef, per kilogram","11.34"
"2023-07-01","Newfoundland and Labrador","2021A000210","Whole chicken, per kilogram","6.63"
"2023-07-01","Newfoundland and Labrador","2021A000210","Milk, 2 litres","4.99"
"2023-07-01","Newfoundland and Labrador","2021A000210","Block cheese, 500 grams","6.86"
"2023-07-01","Newfoundland and Labrador","2021A000210","Yogurt, 500 grams","4.00"
"2023-07-01","Newfoundland and Labrador","2021A000210","Eggs, 1 dozen","5.16"
"2023-07-01","Newfoundland and Labrador","2021A000210","Apples, per kilogram","7.15"
"2023-07-01","Newfoundland and Labrador","2021A000210","Bananas, per kilogram","2.17"
"2023-07-01","Newfoundland and Labrador","2021A000210","Potatoes, 4.54 kilograms","6.29"
"2023-07-01","Newfoundland and Labrador","2021A000210","Tomatoes, per kilogram","6.43"
"2023-07-01","Newfoundland and Labrador","2021A000210","Carrots, 1.36 kilograms","4.57"
"2023-07-01","Newfoundland and Labrador","2021A000210","Onions, per kilogram","6.15"
"2023-07-01","Newfoundland and Labrador","2021A000210","White bread, 675 grams","4.05"
"2023-07-01","Newfoundland and Labrador","2021A000210","Dry or fresh pasta, 500 grams","3.53"
"2023-07-01","Newfoundland and Labrador","2021A000210","White rice, 2 kilograms","11.35"
"2023-07-01","Newfoundland and Labrador","2021A000210","Vegetable oil, 3 litres","12.04"
"2023-07-01","Prince Edward Island","2021A000211","Ground beef, per kilogram","11.88"
"2023-07-01","Prince Edward Island","2021A000211","Whole chicken, per kilogram","7.08"
"2023-07-01","Prince Edward Island","2021A000211","Milk, 2 litres","4.42"
"2023-07-01","Prince Edward Island","2021A000211","Block cheese, 500 grams","7.09"
"2023-07-01","Prince Edward Island","2021A000211","Yogurt, 500 grams","3.91"
"2023-07-01","Prince Edward Island","2021A000211","Eggs, 1 dozen","4.79"
"2023-07-01","Prince Edward Island","2021A000211","Apples, per kilogram","6.59"
"2023-07-01","Prince Edward Island","2021A000211","Bananas, per kilogram","2.15"
"2023-07-01","Prince Edward Island","2021A000211","Potatoes, 4.54 kilograms","5.10"
"2023-07-01","Prince Edward Island","2021A000211","Tomatoes, per kilogram","5.63"
"2023-07-01","Prince Edward Island","2021A000211","Carrots, 1.36 kilograms","4.22"
"2023-07-01","Prince Edward Island","2021A000211","Onions, per kilogram","5.95"
"2023-07-01","Prince Edward Island","2021A000211","White bread, 675 grams","3.68"
"2023-07-01","Prince Edward Island","2021A000211","Dry or fresh pasta, 500 grams","3.88"
"2023-07-01","Prince Edward Island","2021A000211","White rice, 2 kilograms","11.52"
"2023-07-01","Prince Edward Island","2021A000211","Vegetable oil, 3 litres","13.33"
"2023-07-01","Nova Scotia","2021A000212","Ground beef, per kilogram","11.68"
"2023-07-01","Nova Scotia","2021A000212","Whole chicken, per kilogram","7.02"
"2023-07-01","Nova Scotia","2021A000212","Milk, 2 litres","4.68"
"2023-07-01","Nova Scotia","2021A000212","Block cheese, 500 grams","7.00"
"2023-07-01","Nova Scotia","2021A000212","Yogurt, 500 grams","3.83"
"2023-07-01","Nova Scotia","2021A000212","Eggs, 1 dozen","4.81"
"2023-07-01","Nova Scotia","2021A000212","Apples, per kilogram","6.52"
"2023-07-01","Nova Scotia","2021A000212","Bananas, per kilogram","2.15"
"2023-07-01","Nova Scotia","2021A000212","Potatoes, 4.54 kilograms","5.09"
"2023-07-01","Nova Scotia","2021A000212","Tomatoes, per kilogram","5.38"
"2023-07-01","Nova Scotia","2021A000212","Carrots, 1.36 kilograms","4.14"
"2023-07-01","Nova Scotia","2021A000212","Onions, per kilogram","5.92"
"2023-07-01","Nova Scotia","2021A000212","White bread, 675 grams","3.78"
"2023-07-01","Nova Scotia","2021A000212","Dry or fresh pasta, 500 grams","3.72"
"2023-07-01","Nova Scotia","2021A000212","White rice, 2 kilograms","11.29"
"2023-07-01","Nova Scotia","2021A000212","Vegetable oil, 3 litres","13.21"
"2023-07-01","New Brunswick","2021A000213","Ground beef, per kilogram","11.53"
"2023-07-01","New Brunswick","2021A000213","Whole chicken, per kilogram","6.98"
"2023-07-01","New Brunswick","2021A000213","Milk, 2 litres","4.89"
"2023-07-01","New Brunswick","2021A000213","Block cheese, 500 grams","6.93"
"2023-07-01","New Brunswick","2021A000213","Yogurt, 500 grams","3.92"
"2023-07-01","New Brunswick","2021A000213","Eggs, 1 dozen","4.58"
"2023-07-01","New Brunswick","2021A000213","Apples, per kilogram","6.58"
"2023-07-01","New Brunswick","2021A000213","Bananas, per kilogram","2.15"
"2023-07-01","New Brunswick","2021A000213","Potatoes, 4.54 kilograms","5.32"
"2023-07-01","New Brunswick","2021A000213","Tomatoes, per kilogram","5.50"
"2023-07-01","New Brunswick","2021A000213","Carrots, 1.36 kilograms","4.33"
"2023-07-01","New Brunswick","2021A000213","Onions, per kilogram","5.92"
"2023-07-01","New Brunswick","2021A000213","White bread, 675 grams","3.82"
"2023-07-01","New Brunswick","2021A000213","Dry or fresh pasta, 500 grams","3.61"
"2023-07-01","New Brunswick","2021A000213","White rice, 2 kilograms","11.54"
"2023-07-01","New Brunswick","2021A000213","Vegetable oil, 3 litres","14.60"
"2023-07-01","Quebec","2021A000224","Ground beef, per kilogram","11.79"
"2023-07-01","Quebec","2021A000224","Whole chicken, per kilogram","7.32"
"2023-07-01","Quebec","2021A000224","Milk, 2 litres","5.04"
"2023-07-01","Quebec","2021A000224","Block cheese, 500 grams","6.61"
"2023-07-01","Quebec","2021A000224","Yogurt, 500 grams","3.40"
"2023-07-01","Quebec","2021A000224","Eggs, 1 dozen","4.26"
"2023-07-01","Quebec","2021A000224","Apples, per kilogram","6.23"
"2023-07-01","Quebec","2021A000224","Bananas, per kilogram","1.83"
"2023-07-01","Quebec","2021A000224","Potatoes, 4.54 kilograms","5.35"
"2023-07-01","Quebec","2021A000224","Tomatoes, per kilogram","5.00"
"2023-07-01","Quebec","2021A000224","Carrots, 1.36 kilograms","4.21"
"2023-07-01","Quebec","2021A000224","Onions, per kilogram","5.03"
"2023-07-01","Quebec","2021A000224","White bread, 675 grams","4.37"
"2023-07-01","Quebec","2021A000224","Dry or fresh pasta, 500 grams","3.21"
"2023-07-01","Quebec","2021A000224","White rice, 2 kilograms","9.85"
"2023-07-01","Quebec","2021A000224","Vegetable oil, 3 litres","11.35"
"2023-07-01","Ontario","2021A000235","Ground beef, per kilogram","10.60"
"2023-07-01","Ontario","2021A000235","Whole chicken, per kilogram","6.45"
"2023-07-01","Ontario","2021A000235","Milk, 2 litres","5.70"
"2023-07-01","Ontario","2021A000235","Block cheese, 500 grams","6.99"
"2023-07-01","Ontario","2021A000235","Yogurt, 500 grams","3.15"
"2023-07-01","Ontario","2021A000235","Eggs, 1 dozen","4.75"
"2023-07-01","Ontario","2021A000235","Apples, per kilogram","5.64"
"2023-07-01","Ontario","2021A000235","Bananas, per kilogram","1.49"
"2023-07-01","Ontario","2021A000235","Potatoes, 4.54 kilograms","5.23"
"2023-07-01","Ontario","2021A000235","Tomatoes, per kilogram","4.50"
"2023-07-01","Ontario","2021A000235","Carrots, 1.36 kilograms","3.86"
"2023-07-01","Ontario","2021A000235","Onions, per kilogram","5.40"
"2023-07-01","Ontario","2021A000235","White bread, 675 grams","3.09"
"2023-07-01","Ontario","2021A000235","Dry or fresh pasta, 500 grams","3.54"
"2023-07-01","Ontario","2021A000235","White rice, 2 kilograms","9.14"
"2023-07-01","Ontario","2021A000235","Vegetable oil, 3 litres","10.69"
"2023-07-01","Manitoba","2021A000246","Ground beef, per kilogram","10.34"
"2023-07-01","Manitoba","2021A000246","Whole chicken, per kilogram","8.38"
"2023-07-01","Manitoba","2021A000246","Milk, 2 litres","4.51"
"2023-07-01","Manitoba","2021A000246","Block cheese, 500 grams","6.70"
"2023-07-01","Manitoba","2021A000246","Yogurt, 500 grams","3.26"
"2023-07-01","Manitoba","2021A000246","Eggs, 1 dozen","4.44"
"2023-07-01","Manitoba","2021A000246","Apples, per kilogram","6.39"
"2023-07-01","Manitoba","2021A000246","Bananas, per kilogram","1.62"
"2023-07-01","Manitoba","2021A000246","Potatoes, 4.54 kilograms","7.65"
"2023-07-01","Manitoba","2021A000246","Tomatoes, per kilogram","4.22"
"2023-07-01","Manitoba","2021A000246","Carrots, 1.36 kilograms","4.79"
"2023-07-01","Manitoba","2021A000246","Onions, per kilogram","5.40"
"2023-07-01","Manitoba","2021A000246","White bread, 675 grams","3.29"
"2023-07-01","Manitoba","2021A000246","Dry or fresh pasta, 500 grams","3.18"
"2023-07-01","Manitoba","2021A000246","White rice, 2 kilograms","8.45"
"2023-07-01","Manitoba","2021A000246","Vegetable oil, 3 litres","13.92"
"2023-07-01","Saskatchewan","2021A000247","Ground beef, per kilogram","10.49"
"2023-07-01","Saskatchewan","2021A000247","Whole chicken, per kilogram","7.93"
"2023-07-01","Saskatchewan","2021A000247","Milk, 2 litres","4.74"
"2023-07-01","Saskatchewan","2021A000247","Block cheese, 500 grams","6.67"
"2023-07-01","Saskatchewan","2021A000247","Yogurt, 500 grams","3.26"
"2023-07-01","Saskatchewan","2021A000247","Eggs, 1 dozen","4.49"
"2023-07-01","Saskatchewan","2021A000247","Apples, per kilogram","6.46"
"2023-07-01","Saskatchewan","2021A000247","Bananas, per kilogram","1.75"
"2023-07-01","Saskatchewan","2021A000247","Potatoes, 4.54 kilograms","7.75"
"2023-07-01","Saskatchewan","2021A000247","Tomatoes, per kilogram","4.30"
"2023-07-01","Saskatchewan","2021A000247","Carrots, 1.36 kilograms","4.83"
"2023-07-01","Saskatchewan","2021A000247","Onions, per kilogram","5.53"
"2023-07-01","Saskatchewan","2021A000247","White bread, 675 grams","3.48"
"2023-07-01","Saskatchewan","2021A000247","Dry or fresh pasta, 500 grams","3.25"
"2023-07-01","Saskatchewan","2021A000247","White rice, 2 kilograms","8.78"
"2023-07-01","Saskatchewan","2021A000247","Vegetable oil, 3 litres","14.57"
"2023-07-01","Alberta","2021A000248","Ground beef, per kilogram","11.06"
"2023-07-01","Alberta","2021A000248","Whole chicken, per kilogram","8.51"
"2023-07-01","Alberta","2021A000248","Milk, 2 litres","5.07"
"2023-07-01","Alberta","2021A000248","Block cheese, 500 grams","6.90"
"2023-07-01","Alberta","2021A000248","Yogurt, 500 grams","3.34"
"2023-07-01","Alberta","2021A000248","Eggs, 1 dozen","4.87"
"2023-07-01","Alberta","2021A000248","Apples, per kilogram","6.48"
"2023-07-01","Alberta","2021A000248","Bananas, per kilogram","1.81"
"2023-07-01","Alberta","2021A000248","Potatoes, 4.54 kilograms","7.74"
"2023-07-01","Alberta","2021A000248","Tomatoes, per kilogram","4.46"
"2023-07-01","Alberta","2021A000248","Carrots, 1.36 kilograms","4.96"
"2023-07-01","Alberta","2021A000248","Onions, per kilogram","5.42"
"2023-07-01","Alberta","2021A000248","White bread, 675 grams","3.50"
"2023-07-01","Alberta","2021A000248","Dry or fresh pasta, 500 grams","3.43"
"2023-07-01","Alberta","2021A000248","White rice, 2 kilograms","9.46"
"2023-07-01","Alberta","2021A000248","Vegetable oil, 3 litres","14.30"
"2023-07-01","British Columbia","2021A000259","Ground beef, per kilogram","11.38"
"2023-07-01","British Columbia","2021A000259","Whole chicken, per kilogram","8.59"
"2023-07-01","British Columbia","2021A000259","Milk, 2 litres","5.18"
"2023-07-01","British Columbia","2021A000259","Block cheese, 500 grams","6.86"
"2023-07-01","British Columbia","2021A000259","Yogurt, 500 grams","3.41"
"2023-07-01","British Columbia","2021A000259","Eggs, 1 dozen","5.37"
"2023-07-01","British Columbia","2021A000259","Apples, per kilogram","6.60"
"2023-07-01","British Columbia","2021A000259","Bananas, per kilogram","1.68"
"2023-07-01","British Columbia","2021A000259","Potatoes, 4.54 kilograms","7.77"
"2023-07-01","British Columbia","2021A000259","Tomatoes, per kilogram","4.56"
"2023-07-01","British Columbia","2021A000259","Carrots, 1.36 kilograms","5.15"
"2023-07-01","British Columbia","2021A000259","Onions, per kilogram","5.49"
"2023-07-01","British Columbia","2021A000259","White bread, 675 grams","3.85"
"2023-07-01","British Columbia","2021A000259","Dry or fresh pasta, 500 grams","3.57"
"2023-07-01","British Columbia","2021A000259","White rice, 2 kilograms","9.70"
"2023-07-01","British Columbia","2021A000259","Vegetable oil, 3 litres","13.72"
"2023-08-01","Newfoundland and Labrador","2021A000210","Ground beef, per kilogram","12.06"
"2023-08-01","Newfoundland and Labrador","2021A000210","Whole chicken, per kilogram","6.04"
"2023-08-01","Newfoundland and Labrador","2021A000210","Milk, 2 litres","4.98"
"2023-08-01","Newfoundland and Labrador","2021A000210","Block cheese, 500 grams","6.76"
"2023-08-01","Newfoundland and Labrador","2021A000210","Yogurt, 500 grams","3.89"
"2023-08-01","Newfoundland and Labrador","2021A000210","Eggs, 1 dozen","4.87"
"2023-08-01","Newfoundland and Labrador","2021A000210","Apples, per kilogram","7.48"
"2023-08-01","Newfoundland and Labrador","2021A000210","Bananas, per kilogram","2.16"
"2023-08-01","Newfoundland and Labrador","2021A000210","Potatoes, 4.54 kilograms","6.83"
"2023-08-01","Newfoundland and Labrador","2021A000210","Tomatoes, per kilogram","6.15"
"2023-08-01","Newfoundland and Labrador","2021A000210","Carrots, 1.36 kilograms","4.16"
"2023-08-01","Newfoundland and Labrador","2021A000210","Onions, per kilogram","6.12"
"2023-08-01","Newfoundland and Labrador","2021A000210","White bread, 675 grams","3.98"
"2023-08-01","Newfoundland and Labrador","2021A000210","Dry or fresh pasta, 500 grams","4.17"
"2023-08-01","Newfoundland and Labrador","2021A000210","White rice, 2 kilograms","11.25"
"2023-08-01","Newfoundland and Labrador","2021A000210","Vegetable oil, 3 litres","12.94"
"2023-08-01","Prince Edward Island","2021A000211","Ground beef, per kilogram","12.43"
"2023-08-01","Prince Edward Island","2021A000211","Whole chicken, per kilogram","5.80"
"2023-08-01","Prince Edward Island","2021A000211","Milk, 2 litres","4.41"
"2023-08-01","Prince Edward Island","2021A000211","Block cheese, 500 grams","6.84"
"2023-08-01","Prince Edward Island","2021A000211","Yogurt, 500 grams","3.74"
"2023-08-01","Prince Edward Island","2021A000211","Eggs, 1 dozen","4.83"
"2023-08-01","Prince Edward Island","2021A000211","Apples, per kilogram","7.00"
"2023-08-01","Prince Edward Island","2021A000211","Bananas, per kilogram","2.16"
"2023-08-01","Prince Edward Island","2021A000211","Potatoes, 4.54 kilograms","5.85"
"2023-08-01","Prince Edward Island","2021A000211","Tomatoes, per kilogram","5.79"
"2023-08-01","Prince Edward Island","2021A000211","Carrots, 1.36 kilograms","3.82"
"2023-08-01","Prince Edward Island","2021A000211","Onions, per kilogram","6.06"
"2023-08-01","Prince Edward Island","2021A000211","White bread, 675 grams","3.67"
"2023-08-01","Prince Edward Island","2021A000211","Dry or fresh pasta, 500 grams","4.15"
"2023-08-01","Prince Edward Island","2021A000211","White rice, 2 kilograms","11.17"
"2023-08-01","Prince Edward Island","2021A000211","Vegetable oil, 3 litres","14.03"
"2023-08-01","Nova Scotia","2021A000212","Ground beef, per kilogram","12.17"
"2023-08-01","Nova Scotia","2021A000212","Whole chicken, per kilogram","5.87"
"2023-08-01","Nova Scotia","2021A000212","Milk, 2 litres","4.67"
"2023-08-01","Nova Scotia","2021A000212","Block cheese, 500 grams","6.69"
"2023-08-01","Nova Scotia","2021A000212","Yogurt, 500 grams","3.63"
"2023-08-01","Nova Scotia","2021A000212","Eggs, 1 dozen","4.80"
"2023-08-01","Nova Scotia","2021A000212","Apples, per kilogram","6.99"
"2023-08-01","Nova Scotia","2021A000212","Bananas, per kilogram","2.15"
"2023-08-01","Nova Scotia","2021A000212","Potatoes, 4.54 kilograms","5.89"
"2023-08-01","Nova Scotia","2021A000212","Tomatoes, per kilogram","5.56"
"2023-08-01","Nova Scotia","2021A000212","Carrots, 1.36 kilograms","3.65"
"2023-08-01","Nova Scotia","2021A000212","Onions, per kilogram","5.95"
"2023-08-01","Nova Scotia","2021A000212","White bread, 675 grams","3.66"
"2023-08-01","Nova Scotia","2021A000212","Dry or fresh pasta, 500 grams","4.12"
"2023-08-01","Nova Scotia","2021A000212","White rice, 2 kilograms","11.04"
"2023-08-01","Nova Scotia","2021A000212","Vegetable oil, 3 litres","13.59"
"2023-08-01","New Brunswick","2021A000213","Ground beef, per kilogram","12.31"
"2023-08-01","New Brunswick","2021A000213","Whole chicken, per kilogram","6.14"
"2023-08-01","New Brunswick","2021A000213","Milk, 2 litres","4.87"
"2023-08-01","New Brunswick","2021A000213","Block cheese, 500 grams","6.74"
"2023-08-01","New Brunswick","2021A000213","Yogurt, 500 grams","3.76"
"2023-08-01","New Brunswick","2021A000213","Eggs, 1 dozen","4.50"
"2023-08-01","New Brunswick","2021A000213","Apples, per kilogram","6.99"
"2023-08-01","New Brunswick","2021A000213","Bananas, per kilogram","2.15"
"2023-08-01","New Brunswick","2021A000213","Potatoes, 4.54 kilograms","6.09"
"2023-08-01","New Brunswick","2021A000213","Tomatoes, per kilogram","5.58"
"2023-08-01","New Brunswick","2021A000213","Carrots, 1.36 kilograms","3.90"
"2023-08-01","New Brunswick","2021A000213","Onions, per kilogram","6.05"
"2023-08-01","New Brunswick","2021A000213","White bread, 675 grams","3.76"
"2023-08-01","New Brunswick","2021A000213","Dry or fresh pasta, 500 grams","3.78"
"2023-08-01","New Brunswick","2021A000213","White rice, 2 kilograms","11.15"
"2023-08-01","New Brunswick","2021A000213","Vegetable oil, 3 litres","14.40"
"2023-08-01","Quebec","2021A000224","Ground beef, per kilogram","12.84"
"2023-08-01","Quebec","2021A000224","Whole chicken, per kilogram","7.87"
"2023-08-01","Quebec","2021A000224","Milk, 2 litres","4.96"
"2023-08-01","Quebec","2021A000224","Block cheese, 500 grams","6.95"
"2023-08-01","Quebec","2021A000224","Yogurt, 500 grams","3.43"
"2023-08-01","Quebec","2021A000224","Eggs, 1 dozen","3.87"
"2023-08-01","Quebec","2021A000224","Apples, per kilogram","6.35"
"2023-08-01","Quebec","2021A000224","Bananas, per kilogram","1.82"
"2023-08-01","Quebec","2021A000224","Potatoes, 4.54 kilograms","5.65"
"2023-08-01","Quebec","2021A000224","Tomatoes, per kilogram","4.62"
"2023-08-01","Quebec","2021A000224","Carrots, 1.36 kilograms","3.84"
"2023-08-01","Quebec","2021A000224","Onions, per kilogram","5.33"
"2023-08-01","Quebec","2021A000224","White bread, 675 grams","4.28"
"2023-08-01","Quebec","2021A000224","Dry or fresh pasta, 500 grams","2.98"
"2023-08-01","Quebec","2021A000224","White rice, 2 kilograms","9.87"
"2023-08-01","Quebec","2021A000224","Vegetable oil, 3 litres","11.25"
"2023-08-01","Ontario","2021A000235","Ground beef, per kilogram","10.62"
"2023-08-01","Ontario","2021A000235","Whole chicken, per kilogram","7.03"
"2023-08-01","Ontario","2021A000235","Milk, 2 litres","5.63"
"2023-08-01","Ontario","2021A000235","Block cheese, 500 grams","6.65"
"2023-08-01","Ontario","2021A000235","Yogurt, 500 grams","3.09"
"2023-08-01","Ontario","2021A000235","Eggs, 1 dozen","4.75"
"2023-08-01","Ontario","2021A000235","Apples, per kilogram","5.82"
"2023-08-01","Ontario","2021A000235","Bananas, per kilogram","1.48"
"2023-08-01","Ontario","2021A000235","Potatoes, 4.54 kilograms","5.05"
"2023-08-01","Ontario","2021A000235","Tomatoes, per kilogram","4.12"
"2023-08-01","Ontario","2021A000235","Carrots, 1.36 kilograms","3.53"
"2023-08-01","Ontario","2021A000235","Onions, per kilogram","5.47"
"2023-08-01","Ontario","2021A000235","White bread, 675 grams","3.05"
"2023-08-01","Ontario","2021A000235","Dry or fresh pasta, 500 grams","3.49"
"2023-08-01","Ontario","2021A000235","White rice, 2 kilograms","9.19"
"2023-08-01","Ontario","2021A000235","Vegetable oil, 3 litres","10.76"
"2023-08-01","Manitoba","2021A000246","Ground beef, per kilogram","10.09"
"2023-08-01","Manitoba","2021A000246","Whole chicken, per kilogram","7.18"
"2023-08-01","Manitoba","2021A000246","Milk, 2 litres","4.46"
"2023-08-01","Manitoba","2021A000246","Block cheese, 500 grams","6.66"
"2023-08-01","Manitoba","2021A000246","Yogurt, 500 grams","3.14"
"2023-08-01","Manitoba","2021A000246","Eggs, 1 dozen","4.57"
"2023-08-01","Manitoba","2021A000246","Apples, per kilogram","5.94"
"2023-08-01","Manitoba","2021A000246","Bananas, per kilogram","1.63"
"2023-08-01","Manitoba","2021A000246","Potatoes, 4.54 kilograms","7.99"
"2023-08-01","Manitoba","2021A000246","Tomatoes, per kilogram","3.98"
"2023-08-01","Manitoba","2021A000246","Carrots, 1.36 kilograms","4.60"
"2023-08-01","Manitoba","2021A000246","Onions, per kilogram","5.32"
"2023-08-01","Manitoba","2021A000246","White bread, 675 grams","3.32"
"2023-08-01","Manitoba","2021A000246","Dry or fresh pasta, 500 grams","3.40"
"2023-08-01","Manitoba","2021A000246","White rice, 2 kilograms","8.50"
"2023-08-01","Manitoba","2021A000246","Vegetable oil, 3 litres","12.88"
"2023-08-01","Saskatchewan","2021A000247","Ground beef, per kilogram","10.44"
"2023-08-01","Saskatchewan","2021A000247","Whole chicken, per kilogram","7.46"
"2023-08-01","Saskatchewan","2021A000247","Milk, 2 litres","4.76"
"2023-08-01","Saskatchewan","2021A000247","Block cheese, 500 grams","6.66"
"2023-08-01","Saskatchewan","2021A000247","Yogurt, 500 grams","3.14"
"2023-08-01","Saskatchewan","2021A000247","Eggs, 1 dozen","4.55"
"2023-08-01","Saskatchewan","2021A000247","Apples, per kilogram","6.01"
"2023-08-01","Saskatchewan","2021A000247","Bananas, per kilogram","1.76"
"2023-08-01","Saskatchewan","2021A000247","Potatoes, 4.54 kilograms","8.01"
"2023-08-01","Saskatchewan","2021A000247","Tomatoes, per kilogram","4.12"
"2023-08-01","Saskatchewan","2021A000247","Carrots, 1.36 kilograms","4.87"
"2023-08-01","Saskatchewan","2021A000247","Onions, per kilogram","5.45"
"2023-08-01","Saskatchewan","2021A000247","White bread, 675 grams","3.47"
"2023-08-01","Saskatchewan","2021A000247","Dry or fresh pasta, 500 grams","3.41"
"2023-08-01","Saskatchewan","2021A000247","White rice, 2 kilograms","8.76"
"2023-08-01","Saskatchewan","2021A000247","Vegetable oil, 3 litres","13.33"
"2023-08-01","Alberta","2021A000248","Ground beef, per kilogram","10.98"
"2023-08-01","Alberta","2021A000248","Whole chicken, per kilogram","7.53"
"2023-08-01","Alberta","2021A000248","Milk, 2 litres","5.06"
"2023-08-01","Alberta","2021A000248","Block cheese, 500 grams","6.86"
"2023-08-01","Alberta","2021A000248","Yogurt, 500 grams","3.21"
"2023-08-01","Alberta","2021A000248","Eggs, 1 dozen","4.90"
"2023-08-01","Alberta","2021A000248","Apples, per kilogram","6.21"
"2023-08-01","Alberta","2021A000248","Bananas, per kilogram","1.76"
"2023-08-01","Alberta","2021A000248","Potatoes, 4.54 kilograms","7.87"
"2023-08-01","Alberta","2021A000248","Tomatoes, per kilogram","4.24"
"2023-08-01","Alberta","2021A000248","Carrots, 1.36 kilograms","4.82"
"2023-08-01","Alberta","2021A000248","Onions, per kilogram","5.32"
"2023-08-01","Alberta","2021A000248","White bread, 675 grams","3.45"
"2023-08-01","Alberta","2021A000248","Dry or fresh pasta, 500 grams","3.54"
"2023-08-01","Alberta","2021A000248","White rice, 2 kilograms","9.58"
"2023-08-01","Alberta","2021A000248","Vegetable oil, 3 litres","13.23"
"2023-08-01","British Columbia","2021A000259","Ground beef, per kilogram","11.16"
"2023-08-01","British Columbia","2021A000259","Whole chicken, per kilogram","7.95"
"2023-08-01","British Columbia","2021A000259","Milk, 2 litres","5.17"
"2023-08-01","British Columbia","2021A000259","Block cheese, 500 grams","6.87"
"2023-08-01","British Columbia","2021A000259","Yogurt, 500 grams","3.29"
"2023-08-01","British Columbia","2021A000259","Eggs, 1 dozen","5.40"
"2023-08-01","British Columbia","2021A000259","Apples, per kilogram","6.21"
"2023-08-01","British Columbia","2021A000259","Bananas, per kilogram","1.64"
"2023-08-01","British Columbia","2021A000259","Potatoes, 4.54 kilograms","7.90"
"2023-08-01","British Columbia","2021A000259","Tomatoes, per kilogram","4.35"
"2023-08-01","British Columbia","2021A000259","Carrots, 1.36 kilograms","5.02"
"2023-08-01","British Columbia","2021A000259","Onions, per kilogram","5.39"
"2023-08-01","British Columbia","2021A000259","White bread, 675 grams","3.80"
"2023-08-01","British Columbia","2021A000259","Dry or fresh pasta, 500 grams","3.65"
"2023-08-01","British Columbia","2021A000259","White rice, 2 kilograms","9.68"
"2023-08-01","British Columbia","2021A000259","Vegetable oil, 3 litres","13.15"
"2023-09-01","Newfoundland and Labrador","2021A000210","Ground beef, per kilogram","11.52"
"2023-09-01","Newfoundland and Labrador","2021A000210","Whole chicken, per kilogram","6.42"
"2023-09-01","Newfoundland and Labrador","2021A000210","Milk, 2 litres","4.95"
"2023-09-01","Newfoundland and Labrador","2021A000210","Block cheese, 500 grams","6.75"
"2023-09-01","Newfoundland and Labrador","2021A000210","Yogurt, 500 grams","3.97"
"2023-09-01","Newfoundland and Labrador","2021A000210","Eggs, 1 dozen","5.19"
"2023-09-01","Newfoundland and Labrador","2021A000210","Apples, per kilogram","7.06"
"2023-09-01","Newfoundland and Labrador","2021A000210","Bananas, per kilogram","2.18"
"2023-09-01","Newfoundland and Labrador","2021A000210","Potatoes, 4.54 kilograms","6.27"
"2023-09-01","Newfoundland and Labrador","2021A000210","Tomatoes, per kilogram","6.11"
"2023-09-01","Newfoundland and Labrador","2021A000210","Carrots, 1.36 kilograms","4.19"
"2023-09-01","Newfoundland and Labrador","2021A000210","Onions, per kilogram","6.06"
"2023-09-01","Newfoundland and Labrador","2021A000210","White bread, 675 grams","4.03"
"2023-09-01","Newfoundland and Labrador","2021A000210","Dry or fresh pasta, 500 grams","3.70"
"2023-09-01","Newfoundland and Labrador","2021A000210","White rice, 2 kilograms","11.24"
"2023-09-01","Newfoundland and Labrador","2021A000210","Vegetable oil, 3 litres","11.66"
"2023-09-01","Prince Edward Island","2021A000211","Ground beef, per kilogram","11.52"
"2023-09-01","Prince Edward Island","2021A000211","Whole chicken, per kilogram","7.40"
"2023-09-01","Prince Edward Island","2021A000211","Milk, 2 litres","4.38"
"2023-09-01","Prince Edward Island","2021A000211","Block cheese, 500 grams","6.92"
"2023-09-01","Prince Edward Island","2021A000211","Yogurt, 500 grams","3.83"
"2023-09-01","Prince Edward Island","2021A000211","Eggs, 1 dozen","4.42"
"2023-09-01","Prince Edward Island","2021A000211","Apples, per kilogram","6.63"
"2023-09-01","Prince Edward Island","2021A000211","Bananas, per kilogram","2.17"
"2023-09-01","Prince Edward Island","2021A000211","Potatoes, 4.54 kilograms","5.53"
"2023-09-01","Prince Edward Island","2021A000211","Tomatoes, per kilogram","5.38"
"2023-09-01","Prince Edward Island","2021A000211","Carrots, 1.36 kilograms","3.71"
"2023-09-01","Prince Edward Island","2021A000211","Onions, per kilogram","6.03"
"2023-09-01","Prince Edward Island","2021A000211","White bread, 675 grams","3.79"
"2023-09-01","Prince Edward Island","2021A000211","Dry or fresh pasta, 500 grams","3.73"
"2023-09-01","Prince Edward Island","2021A000211","White rice, 2 kilograms","11.09"
"2023-09-01","Prince Edward Island","2021A000211","Vegetable oil, 3 litres","12.91"
"2023-09-01","Nova Scotia","2021A000212","Ground beef, per kilogram","11.57"
"2023-09-01","Nova Scotia","2021A000212","Whole chicken, per kilogram","6.91"
"2023-09-01","Nova Scotia","2021A000212","Milk, 2 litres","4.62"
"2023-09-01","Nova Scotia","2021A000212","Block cheese, 500 grams","6.77"
"2023-09-01","Nova Scotia","2021A000212","Yogurt, 500 grams","3.78"
"2023-09-01","Nova Scotia","2021A000212","Eggs, 1 dozen","4.41"
"2023-09-01","Nova Scotia","2021A000212","Apples, per kilogram","6.50"
"2023-09-01","Nova Scotia","2021A000212","Bananas, per kilogram","2.14"
"2023-09-01","Nova Scotia","2021A000212","Potatoes, 4.54 kilograms","5.22"
"2023-09-01","Nova Scotia","2021A000212","Tomatoes, per kilogram","5.16"
"2023-09-01","Nova Scotia","2021A000212","Carrots, 1.36 kilograms","3.70"
"2023-09-01","Nova Scotia","2021A000212","Onions, per kilogram","5.94"
"2023-09-01","Nova Scotia","2021A000212","White bread, 675 grams","3.80"
"2023-09-01","Nova Scotia","2021A000212","Dry or fresh pasta, 500 grams","3.71"
"2023-09-01","Nova Scotia","2021A000212","White rice, 2 kilograms","11.10"
"2023-09-01","Nova Scotia","2021A000212","Vegetable oil, 3 litres","13.18"
"2023-09-01","New Brunswick","2021A000213","Ground beef, per kilogram","11.38"
"2023-09-01","New Brunswick","2021A000213","Whole chicken, per kilogram","6.86"
"2023-09-01","New Brunswick","2021A000213","Milk, 2 litres","4.83"
"2023-09-01","New Brunswick","2021A000213","Block cheese, 500 grams","6.82"
"2023-09-01","New Brunswick","2021A000213","Yogurt, 500 grams","3.85"
"2023-09-01","New Brunswick","2021A000213","Eggs, 1 dozen","4.15"
"2023-09-01","New Brunswick","2021A000213","Apples, per kilogram","6.25"
"2023-09-01","New Brunswick","2021A000213","Bananas, per kilogram","2.13"
"2023-09-01","New Brunswick","2021A000213","Potatoes, 4.54 kilograms","5.18"
"2023-09-01","New Brunswick","2021A000213","Tomatoes, per kilogram","5.23"
"2023-09-01","New Brunswick","2021A000213","Carrots, 1.36 kilograms","3.63"
"2023-09-01","New Brunswick","2021A000213","Onions, per kilogram","6.03"
"2023-09-01","New Brunswick","2021A000213","White bread, 675 grams","3.82"
"2023-09-01","New Brunswick","2021A000213","Dry or fresh pasta, 500 grams","3.40"
"2023-09-01","New Brunswick","2021A000213","White rice, 2 kilograms","11.28"
"2023-09-01","New Brunswick","2021A000213","Vegetable oil, 3 litres","13.97"
"2023-09-01","Quebec","2021A000224","Ground beef, per kilogram","11.44"
"2023-09-01","Quebec","2021A000224","Whole chicken, per kilogram","5.00"
"2023-09-01","Quebec","2021A000224","Milk, 2 litres","4.89"
"2023-09-01","Quebec","2021A000224","Block cheese, 500 grams","6.66"
"2023-09-01","Quebec","2021A000224","Yogurt, 500 grams","3.23"
"2023-09-01","Quebec","2021A000224","Eggs, 1 dozen","3.77"
"2023-09-01","Quebec","2021A000224","Apples, per kilogram","4.59"
"2023-09-01","Quebec","2021A000224","Bananas, per kilogram","1.82"
"2023-09-01","Quebec","2021A000224","Potatoes, 4.54 kilograms","4.08"
"2023-09-01","Quebec","2021A000224","Tomatoes, per kilogram","4.54"
"2023-09-01","Quebec","2021A000224","Carrots, 1.36 kilograms","3.32"
"2023-09-01","Quebec","2021A000224","Onions, per kilogram","5.27"
"2023-09-01","Quebec","2021A000224","White bread, 675 grams","4.25"
"2023-09-01","Quebec","2021A000224","Dry or fresh pasta, 500 grams","3.06"
"2023-09-01","Quebec","2021A000224","White rice, 2 kilograms","9.70"
"2023-09-01","Quebec","2021A000224","Vegetable oil, 3 litres","10.74"
"2023-09-01","Ontario","2021A000235","Ground beef, per kilogram","11.30"
"2023-09-01","Ontario","2021A000235","Whole chicken, per kilogram","6.71"
"2023-09-01","Ontario","2021A000235","Milk, 2 litres","5.65"
"2023-09-01","Ontario","2021A000235","Block cheese, 500 grams","7.03"
"2023-09-01","Ontario","2021A000235","Yogurt, 500 grams","3.14"
"2023-09-01","Ontario","2021A000235","Eggs, 1 dozen","4.52"
"2023-09-01","Ontario","2021A000235","Apples, per kilogram","4.27"
"2023-09-01","Ontario","2021A000235","Bananas, per kilogram","1.48"
"2023-09-01","Ontario","2021A000235","Potatoes, 4.54 kilograms","3.81"
"2023-09-01","Ontario","2021A000235","Tomatoes, per kilogram","3.93"
"2023-09-01","Ontario","2021A000235","Carrots, 1.36 kilograms","3.50"
"2023-09-01","Ontario","2021A000235","Onions, per kilogram","5.39"
"2023-09-01","Ontario","2021A000235","White bread, 675 grams","3.01"
"2023-09-01","Ontario","2021A000235","Dry or fresh pasta, 500 grams","3.37"
"2023-09-01","Ontario","2021A000235","White rice, 2 kilograms","9.00"
"2023-09-01","Ontario","2021A000235","Vegetable oil, 3 litres","9.63"
"2023-09-01","Manitoba","2021A000246","Ground beef, per kilogram","12.17"
"2023-09-01","Manitoba","2021A000246","Whole chicken, per kilogram","6.38"
"2023-09-01","Manitoba","2021A000246","Milk, 2 litres","4.46"
"2023-09-01","Manitoba","2021A000246","Block cheese, 500 grams","6.51"
"2023-09-01","Manitoba","2021A000246","Yogurt, 500 grams","3.23"
"2023-09-01","Manitoba","2021A000246","Eggs, 1 dozen","4.57"
"2023-09-01","Manitoba","2021A000246","Apples, per kilogram","4.23"
"2023-09-01","Manitoba","2021A000246","Bananas, per kilogram","1.65"
"2023-09-01","Manitoba","2021A000246","Potatoes, 4.54 kilograms","7.08"
"2023-09-01","Manitoba","2021A000246","Tomatoes, per kilogram","4.11"
"2023-09-01","Manitoba","2021A000246","Carrots, 1.36 kilograms","4.44"
"2023-09-01","Manitoba","2021A000246","Onions, per kilogram","5.45"
"2023-09-01","Manitoba","2021A000246","White bread, 675 grams","3.44"
"2023-09-01","Manitoba","2021A000246","Dry or fresh pasta, 500 grams","3.31"
"2023-09-01","Manitoba","2021A000246","White rice, 2 kilograms","11.35"
"2023-09-01","Manitoba","2021A000246","Vegetable oil, 3 litres","13.42"
"2023-09-01","Saskatchewan","2021A000247","Ground beef, per kilogram","11.84"
"2023-09-01","Saskatchewan","2021A000247","Whole chicken, per kilogram","6.48"
"2023-09-01","Saskatchewan","2021A000247","Milk, 2 litres","4.77"
"2023-09-01","Saskatchewan","2021A000247","Block cheese, 500 grams","6.57"
"2023-09-01","Saskatchewan","2021A000247","Yogurt, 500 grams","3.25"
"2023-09-01","Saskatchewan","2021A000247","Eggs, 1 dozen","4.58"
"2023-09-01","Saskatchewan","2021A000247","Apples, per kilogram","4.37"
"2023-09-01","Saskatchewan","2021A000247","Bananas, per kilogram","1.77"
"2023-09-01","Saskatchewan","2021A000247","Potatoes, 4.54 kilograms","7.27"
"2023-09-01","Saskatchewan","2021A000247","Tomatoes, per kilogram","4.28"
"2023-09-01","Saskatchewan","2021A000247","Carrots, 1.36 kilograms","4.79"
"2023-09-01","Saskatchewan","2021A000247","Onions, per kilogram","5.49"
"2023-09-01","Saskatchewan","2021A000247","White bread, 675 grams","3.48"
"2023-09-01","Saskatchewan","2021A000247","Dry or fresh pasta, 500 grams","3.40"
"2023-09-01","Saskatchewan","2021A000247","White rice, 2 kilograms","10.83"
"2023-09-01","Saskatchewan","2021A000247","Vegetable oil, 3 litres","13.81"
"2023-09-01","Alberta","2021A000248","Ground beef, per kilogram","12.67"
"2023-09-01","Alberta","2021A000248","Whole chicken, per kilogram","6.77"
"2023-09-01","Alberta","2021A000248","Milk, 2 litres","5.07"
"2023-09-01","Alberta","2021A000248","Block cheese, 500 grams","6.72"
"2023-09-01","Alberta","2021A000248","Yogurt, 500 grams","3.29"
"2023-09-01","Alberta","2021A000248","Eggs, 1 dozen","4.94"
"2023-09-01","Alberta","2021A000248","Apples, per kilogram","4.62"
"2023-09-01","Alberta","2021A000248","Bananas, per kilogram","1.77"
"2023-09-01","Alberta","2021A000248","Potatoes, 4.54 kilograms","7.16"
"2023-09-01","Alberta","2021A000248","Tomatoes, per kilogram","4.34"
"2023-09-01","Alberta","2021A000248","Carrots, 1.36 kilograms","4.63"
"2023-09-01","Alberta","2021A000248","Onions, per kilogram","5.44"
"2023-09-01","Alberta","2021A000248","White bread, 675 grams","3.60"
"2023-09-01","Alberta","2021A000248","Dry or fresh pasta, 500 grams","3.47"
"2023-09-01","Alberta","2021A000248","White rice, 2 kilograms","10.55"
"2023-09-01","Alberta","2021A000248","Vegetable oil, 3 litres","13.81"
"2023-09-01","British Columbia","2021A000259","Ground beef, per kilogram","12.81"
"2023-09-01","British Columbia","2021A000259","Whole chicken, per kilogram","7.30"
"2023-09-01","British Columbia","2021A000259","Milk, 2 litres","5.17"
"2023-09-01","British Columbia","2021A000259","Block cheese, 500 grams","6.84"
"2023-09-01","British Columbia","2021A000259","Yogurt, 500 grams","3.32"
"2023-09-01","British Columbia","2021A000259","Eggs, 1 dozen","5.40"
"2023-09-01","British Columbia","2021A000259","Apples, per kilogram","4.65"
"2023-09-01","British Columbia","2021A000259","Bananas, per kilogram","1.65"
"2023-09-01","British Columbia","2021A000259","Potatoes, 4.54 kilograms","7.33"
"2023-09-01","British Columbia","2021A000259","Tomatoes, per kilogram","4.41"
"2023-09-01","British Columbia","2021A000259","Carrots, 1.36 kilograms","4.94"
"2023-09-01","British Columbia","2021A000259","Onions, per kilogram","5.47"
"2023-09-01","British Columbia","2021A000259","White bread, 675 grams","3.86"
"2023-09-01","British Columbia","2021A000259","Dry or fresh pasta, 500 grams","3.63"
"2023-09-01","British Columbia","2021A000259","White rice, 2 kilograms","9.92"
"2023-09-01","British Columbia","2021A000259","Vegetable oil, 3 litres","13.52"
"2023-10-01","Newfoundland and Labrador","2021A000210","Ground beef, per kilogram","11.78"
"2023-10-01","Newfoundland and Labrador","2021A000210","Whole chicken, per kilogram","6.40"
"2023-10-01","Newfoundland and Labrador","2021A000210","Milk, 2 litres","4.95"
"2023-10-01","Newfoundland and Labrador","2021A000210","Block cheese, 500 grams","6.68"
"2023-10-01","Newfoundland and Labrador","2021A000210","Yogurt, 500 grams","3.87"
"2023-10-01","Newfoundland and Labrador","2021A000210","Eggs, 1 dozen","5.19"
"2023-10-01","Newfoundland and Labrador","2021A000210","Apples, per kilogram","6.03"
"2023-10-01","Newfoundland and Labrador","2021A000210","Bananas, per kilogram","2.16"
"2023-10-01","Newfoundland and Labrador","2021A000210","Potatoes, 4.54 kilograms","5.97"
"2023-10-01","Newfoundland and Labrador","2021A000210","Tomatoes, per kilogram","6.69"
"2023-10-01","Newfoundland and Labrador","2021A000210","Carrots, 1.36 kilograms","3.20"
"2023-10-01","Newfoundland and Labrador","2021A000210","Onions, per kilogram","6.08"
"2023-10-01","Newfoundland and Labrador","2021A000210","White bread, 675 grams","4.03"
"2023-10-01","Newfoundland and Labrador","2021A000210","Dry or fresh pasta, 500 grams","3.92"
"2023-10-01","Newfoundland and Labrador","2021A000210","White rice, 2 kilograms","10.90"
"2023-10-01","Newfoundland and Labrador","2021A000210","Vegetable oil, 3 litres","12.89"
"2023-10-01","Prince Edward Island","2021A000211","Ground beef, per kilogram","11.44"
"2023-10-01","Prince Edward Island","2021A000211","Whole chicken, per kilogram","6.74"
"2023-10-01","Prince Edward Island","2021A000211","Milk, 2 litres","4.40"
"2023-10-01","Prince Edward Island","2021A000211","Block cheese, 500 grams","6.86"
"2023-10-01","Prince Edward Island","2021A000211","Yogurt, 500 grams","3.76"
"2023-10-01","Prince Edward Island","2021A000211","Eggs, 1 dozen","5.29"
"2023-10-01","Prince Edward Island","2021A000211","Apples, per kilogram","5.88"
"2023-10-01","Prince Edward Island","2021A000211","Bananas, per kilogram","2.17"
"2023-10-01","Prince Edward Island","2021A000211","Potatoes, 4.54 kilograms","5.72"
"2023-10-01","Prince Edward Island","2021A000211","Tomatoes, per kilogram","5.92"
"2023-10-01","Prince Edward Island","2021A000211","Carrots, 1.36 kilograms","3.24"
"2023-10-01","Prince Edward Island","2021A000211","Onions, per kilogram","6.06"
"2023-10-01","Prince Edward Island","2021A000211","White bread, 675 grams","3.72"
"2023-10-01","Prince Edward Island","2021A000211","Dry or fresh pasta, 500 grams","4.00"
"2023-10-01","Prince Edward Island","2021A000211","White rice, 2 kilograms","11.01"
"2023-10-01","Prince Edward Island","2021A000211","Vegetable oil, 3 litres","13.63"
"2023-10-01","Nova Scotia","2021A000212","Ground beef, per kilogram","11.34"
"2023-10-01","Nova Scotia","2021A000212","Whole chicken, per kilogram","6.33"
"2023-10-01","Nova Scotia","2021A000212","Milk, 2 litres","4.64"
"2023-10-01","Nova Scotia","2021A000212","Block cheese, 500 grams","6.79"
"2023-10-01","Nova Scotia","2021A000212","Yogurt, 500 grams","3.70"
"2023-10-01","Nova Scotia","2021A000212","Eggs, 1 dozen","5.34"
"2023-10-01","Nova Scotia","2021A000212","Apples, per kilogram","5.62"
"2023-10-01","Nova Scotia","2021A000212","Bananas, per kilogram","2.17"
"2023-10-01","Nova Scotia","2021A000212","Potatoes, 4.54 kilograms","5.47"
"2023-10-01","Nova Scotia","2021A000212","Tomatoes, per kilogram","5.72"
"2023-10-01","Nova Scotia","2021A000212","Carrots, 1.36 kilograms","3.16"
"2023-10-01","Nova Scotia","2021A000212","Onions, per kilogram","6.05"
"2023-10-01","Nova Scotia","2021A000212","White bread, 675 grams","3.75"
"2023-10-01","Nova Scotia","2021A000212","Dry or fresh pasta, 500 grams","4.04"
"2023-10-01","Nova Scotia","2021A000212","White rice, 2 kilograms","10.91"
"2023-10-01","Nova Scotia","2021A000212","Vegetable oil, 3 litres","13.77"
"2023-10-01","New Brunswick","2021A000213","Ground beef, per kilogram","11.45"
"2023-10-01","New Brunswick","2021A000213","Whole chicken, per kilogram","6.34"
"2023-10-01","New Brunswick","2021A000213","Milk, 2 litres","4.84"
"2023-10-01","New Brunswick","2021A000213","Block cheese, 500 grams","6.78"
"2023-10-01","New Brunswick","2021A000213","Yogurt, 500 grams","3.81"
"2023-10-01","New Brunswick","2021A000213","Eggs, 1 dozen","4.83"
"2023-10-01","New Brunswick","2021A000213","Apples, per kilogram","5.77"
"2023-10-01","New Brunswick","2021A000213","Bananas, per kilogram","2.16"
"2023-10-01","New Brunswick","2021A000213","Potatoes, 4.54 kilograms","5.27"
"2023-10-01","New Brunswick","2021A000213","Tomatoes, per kilogram","5.88"
"2023-10-01","New Brunswick","2021A000213","Carrots, 1.36 kilograms","3.17"
"2023-10-01","New Brunswick","2021A000213","Onions, per kilogram","5.95"
"2023-10-01","New Brunswick","2021A000213","White bread, 675 grams","3.77"
"2023-10-01","New Brunswick","2021A000213","Dry or fresh pasta, 500 grams","3.67"
"2023-10-01","New Brunswick","2021A000213","White rice, 2 kilograms","10.99"
"2023-10-01","New Brunswick","2021A000213","Vegetable oil, 3 litres","14.46"
"2023-10-01","Quebec","2021A000224","Ground beef, per kilogram","13.27"
"2023-10-01","Quebec","2021A000224","Whole chicken, per kilogram","7.14"
"2023-10-01","Quebec","2021A000224","Milk, 2 litres","4.92"
"2023-10-01","Quebec","2021A000224","Block cheese, 500 grams","6.22"
"2023-10-01","Quebec","2021A000224","Yogurt, 500 grams","3.36"
"2023-10-01","Quebec","2021A000224","Eggs, 1 dozen","3.43"
"2023-10-01","Quebec","2021A000224","Apples, per kilogram","5.21"
"2023-10-01","Quebec","2021A000224","Bananas, per kilogram","1.82"
"2023-10-01","Quebec","2021A000224","Potatoes, 4.54 kilograms","2.42"
"2023-10-01","Quebec","2021A000224","Tomatoes, per kilogram","4.90"
"2023-10-01","Quebec","2021A000224","Carrots, 1.36 kilograms","3.35"
"2023-10-01","Quebec","2021A000224","Onions, per kilogram","4.50"
"2023-10-01","Quebec","2021A000224","White bread, 675 grams","4.25"
"2023-10-01","Quebec","2021A000224","Dry or fresh pasta, 500 grams","3.11"
"2023-10-01","Quebec","2021A000224","White rice, 2 kilograms","10.05"
"2023-10-01","Quebec","2021A000224","Vegetable oil, 3 litres","11.18"
"2023-10-01","Ontario","2021A000235","Ground beef, per kilogram","11.49"
"2023-10-01","Ontario","2021A000235","Whole chicken, per kilogram","6.26"
"2023-10-01","Ontario","2021A000235","Milk, 2 litres","5.68"
"2023-10-01","Ontario","2021A000235","Block cheese, 500 grams","6.49"
"2023-10-01","Ontario","2021A000235","Yogurt, 500 grams","3.08"
"2023-10-01","Ontario","2021A000235","Eggs, 1 dozen","4.80"
"2023-10-01","Ontario","2021A000235","Apples, per kilogram","4.30"
"2023-10-01","Ontario","2021A000235","Bananas, per kilogram","1.48"
"2023-10-01","Ontario","2021A000235","Potatoes, 4.54 kilograms","4.03"
"2023-10-01","Ontario","2021A000235","Tomatoes, per kilogram","4.58"
"2023-10-01","Ontario","2021A000235","Carrots, 1.36 kilograms","3.54"
"2023-10-01","Ontario","2021A000235","Onions, per kilogram","5.25"
"2023-10-01","Ontario","2021A000235","White bread, 675 grams","3.08"
"2023-10-01","Ontario","2021A000235","Dry or fresh pasta, 500 grams","3.41"
"2023-10-01","Ontario","2021A000235","White rice, 2 kilograms","9.05"
"2023-10-01","Ontario","2021A000235","Vegetable oil, 3 litres","10.38"
"2023-10-01","Manitoba","2021A000246","Ground beef, per kilogram","11.04"
"2023-10-01","Manitoba","2021A000246","Whole chicken, per kilogram","7.37"
"2023-10-01","Manitoba","2021A000246","Milk, 2 litres","4.46"
"2023-10-01","Manitoba","2021A000246","Block cheese, 500 grams","6.52"
"2023-10-01","Manitoba","2021A000246","Yogurt, 500 grams","3.24"
"2023-10-01","Manitoba","2021A000246","Eggs, 1 dozen","4.59"
"2023-10-01","Manitoba","2021A000246","Apples, per kilogram","4.52"
"2023-10-01","Manitoba","2021A000246","Bananas, per kilogram","1.65"
"2023-10-01","Manitoba","2021A000246","Potatoes, 4.54 kilograms","7.87"
"2023-10-01","Manitoba","2021A000246","Tomatoes, per kilogram","4.63"
"2023-10-01","Manitoba","2021A000246","Carrots, 1.36 kilograms","4.26"
"2023-10-01","Manitoba","2021A000246","Onions, per kilogram","5.38"
"2023-10-01","Manitoba","2021A000246","White bread, 675 grams","3.10"
"2023-10-01","Manitoba","2021A000246","Dry or fresh pasta, 500 grams","3.36"
"2023-10-01","Manitoba","2021A000246","White rice, 2 kilograms","8.66"
"2023-10-01","Manitoba","2021A000246","Vegetable oil, 3 litres","12.68"
"2023-10-01","Saskatchewan","2021A000247","Ground beef, per kilogram","10.26"
"2023-10-01","Saskatchewan","2021A000247","Whole chicken, per kilogram","7.55"
"2023-10-01","Saskatchewan","2021A000247","Milk, 2 litres","4.76"
"2023-10-01","Saskatchewan","2021A000247","Block cheese, 500 grams","6.54"
"2023-10-01","Saskatchewan","2021A000247","Yogurt, 500 grams","3.23"
"2023-10-01","Saskatchewan","2021A000247","Eggs, 1 dozen","4.58"
"2023-10-01","Saskatchewan","2021A000247","Apples, per kilogram","4.53"
"2023-10-01","Saskatchewan","2021A000247","Bananas, per kilogram","1.77"
"2023-10-01","Saskatchewan","2021A000247","Potatoes, 4.54 kilograms","7.91"
"2023-10-01","Saskatchewan","2021A000247","Tomatoes, per kilogram","4.71"
"2023-10-01","Saskatchewan","2021A000247","Carrots, 1.36 kilograms","4.47"
"2023-10-01","Saskatchewan","2021A000247","Onions, per kilogram","5.31"
"2023-10-01","Saskatchewan","2021A000247","White bread, 675 grams","3.32"
"2023-10-01","Saskatchewan","2021A000247","Dry or fresh pasta, 500 grams","3.45"
"2023-10-01","Saskatchewan","2021A000247","White rice, 2 kilograms","8.83"
"2023-10-01","Saskatchewan","2021A000247","Vegetable oil, 3 litres","13.36"
"2023-10-01","Alberta","2021A000248","Ground beef, per kilogram","11.26"
"2023-10-01","Alberta","2021A000248","Whole chicken, per kilogram","7.53"
"2023-10-01","Alberta","2021A000248","Milk, 2 litres","5.07"
"2023-10-01","Alberta","2021A000248","Block cheese, 500 grams","6.74"
"2023-10-01","Alberta","2021A000248","Yogurt, 500 grams","3.27"
"2023-10-01","Alberta","2021A000248","Eggs, 1 dozen","4.94"
"2023-10-01","Alberta","2021A000248","Apples, per kilogram","4.61"
"2023-10-01","Alberta","2021A000248","Bananas, per kilogram","1.77"
"2023-10-01","Alberta","2021A000248","Potatoes, 4.54 kilograms","8.01"
"2023-10-01","Alberta","2021A000248","Tomatoes, per kilogram","4.82"
"2023-10-01","Alberta","2021A000248","Carrots, 1.36 kilograms","4.49"
"2023-10-01","Alberta","2021A000248","Onions, per kilogram","5.36"
"2023-10-01","Alberta","2021A000248","White bread, 675 grams","3.29"
"2023-10-01","Alberta","2021A000248","Dry or fresh pasta, 500 grams","3.54"
"2023-10-01","Alberta","2021A000248","White rice, 2 kilograms","9.48"
"2023-10-01","Alberta","2021A000248","Vegetable oil, 3 litres","13.11"
"2023-10-01","British Columbia","2021A000259","Ground beef, per kilogram","11.45"
"2023-10-01","British Columbia","2021A000259","Whole chicken, per kilogram","8.20"
"2023-10-01","British Columbia","2021A000259","Milk, 2 litres","5.18"
"2023-10-01","British Columbia","2021A000259","Block cheese, 500 grams","6.79"
"2023-10-01","British Columbia","2021A000259","Yogurt, 500 grams","3.34"
"2023-10-01","British Columbia","2021A000259","Eggs, 1 dozen","5.43"
"2023-10-01","British Columbia","2021A000259","Apples, per kilogram","4.72"
"2023-10-01","British Columbia","2021A000259","Bananas, per kilogram","1.65"
"2023-10-01","British Columbia","2021A000259","Potatoes, 4.54 kilograms","7.81"
"2023-10-01","British Columbia","2021A000259","Tomatoes, per kilogram","4.88"
"2023-10-01","British Columbia","2021A000259","Carrots, 1.36 kilograms","4.74"
"2023-10-01","British Columbia","2021A000259","Onions, per kilogram","5.38"
"2023-10-01","British Columbia","2021A000259","White bread, 675 grams","3.57"
"2023-10-01","British Columbia","2021A000259","Dry or fresh pasta, 500 grams","3.69"
"2023-10-01","British Columbia","2021A000259","White rice, 2 kilograms","9.72"
"2023-10-01","British Columbia","2021A000259","Vegetable oil, 3 litres","13.17"
"2023-11-01","Newfoundland and Labrador","2021A000210","Ground beef, per kilogram","11.72"
"2023-11-01","Newfoundland and Labrador","2021A000210","Whole chicken, per kilogram","6.23"
"2023-11-01","Newfoundland and Labrador","2021A000210","Milk, 2 litres","4.95"
"2023-11-01","Newfoundland and Labrador","2021A000210","Block cheese, 500 grams","6.83"
"2023-11-01","Newfoundland and Labrador","2021A000210","Yogurt, 500 grams","3.77"
"2023-11-01","Newfoundland and Labrador","2021A000210","Eggs, 1 dozen","5.12"
"2023-11-01","Newfoundland and Labrador","2021A000210","Apples, per kilogram","6.17"
"2023-11-01","Newfoundland and Labrador","2021A000210","Bananas, per kilogram","2.13"
"2023-11-01","Newfoundland and Labrador","2021A000210","Potatoes, 4.54 kilograms","5.98"
"2023-11-01","Newfoundland and Labrador","2021A000210","Tomatoes, per kilogram","6.87"
"2023-11-01","Newfoundland and Labrador","2021A000210","Carrots, 1.36 kilograms","4.07"
"2023-11-01","Newfoundland and Labrador","2021A000210","Onions, per kilogram","6.16"
"2023-11-01","Newfoundland and Labrador","2021A000210","White bread, 675 grams","3.79"
"2023-11-01","Newfoundland and Labrador","2021A000210","Dry or fresh pasta, 500 grams","3.59"
"2023-11-01","Newfoundland and Labrador","2021A000210","White rice, 2 kilograms","10.84"
"2023-11-01","Newfoundland and Labrador","2021A000210","Vegetable oil, 3 litres","12.02"
"2023-11-01","Prince Edward Island","2021A000211","Ground beef, per kilogram","11.75"
"2023-11-01","Prince Edward Island","2021A000211","Whole chicken, per kilogram","6.59"
"2023-11-01","Prince Edward Island","2021A000211","Milk, 2 litres","4.40"
"2023-11-01","Prince Edward Island","2021A000211","Block cheese, 500 grams","6.88"
"2023-11-01","Prince Edward Island","2021A000211","Yogurt, 500 grams","3.62"
"2023-11-01","Prince Edward Island","2021A000211","Eggs, 1 dozen","5.07"
"2023-11-01","Prince Edward Island","2021A000211","Apples, per kilogram","5.82"
"2023-11-01","Prince Edward Island","2021A000211","Bananas, per kilogram","2.17"
"2023-11-01","Prince Edward Island","2021A000211","Potatoes, 4.54 kilograms","5.14"
"2023-11-01","Prince Edward Island","2021A000211","Tomatoes, per kilogram","5.95"
"2023-11-01","Prince Edward Island","2021A000211","Carrots, 1.36 kilograms","3.77"
"2023-11-01","Prince Edward Island","2021A000211","Onions, per kilogram","6.08"
"2023-11-01","Prince Edward Island","2021A000211","White bread, 675 grams","3.59"
"2023-11-01","Prince Edward Island","2021A000211","Dry or fresh pasta, 500 grams","3.69"
"2023-11-01","Prince Edward Island","2021A000211","White rice, 2 kilograms","10.81"
"2023-11-01","Prince Edward Island","2021A000211","Vegetable oil, 3 litres","13.23"
"2023-11-01","Nova Scotia","2021A000212","Ground beef, per kilogram","11.66"
"2023-11-01","Nova Scotia","2021A000212","Whole chicken, per kilogram","6.44"
"2023-11-01","Nova Scotia","2021A000212","Milk, 2 litres","4.65"
"2023-11-01","Nova Scotia","2021A000212","Block cheese, 500 grams","6.95"
"2023-11-01","Nova Scotia","2021A000212","Yogurt, 500 grams","3.56"
"2023-11-01","Nova Scotia","2021A000212","Eggs, 1 dozen","5.15"
"2023-11-01","Nova Scotia","2021A000212","Apples, per kilogram","5.63"
"2023-11-01","Nova Scotia","2021A000212","Bananas, per kilogram","2.16"
"2023-11-01","Nova Scotia","2021A000212","Potatoes, 4.54 kilograms","4.85"
"2023-11-01","Nova Scotia","2021A000212","Tomatoes, per kilogram","5.83"
"2023-11-01","Nova Scotia","2021A000212","Carrots, 1.36 kilograms","3.73"
"2023-11-01","Nova Scotia","2021A000212","Onions, per kilogram","5.97"
"2023-11-01","Nova Scotia","2021A000212","White bread, 675 grams","3.50"
"2023-11-01","Nova Scotia","2021A000212","Dry or fresh pasta, 500 grams","3.71"
"2023-11-01","Nova Scotia","2021A000212","White rice, 2 kilograms","10.83"
"2023-11-01","Nova Scotia","2021A000212","Vegetable oil, 3 litres","12.92"
"2023-11-01","New Brunswick","2021A000213","Ground beef, per kilogram","11.52"
"2023-11-01","New Brunswick","2021A000213","Whole chicken, per kilogram","6.59"
"2023-11-01","New Brunswick","2021A000213","Milk, 2 litres","4.85"
"2023-11-01","New Brunswick","2021A000213","Block cheese, 500 grams","7.05"
"2023-11-01","New Brunswick","2021A000213","Yogurt, 500 grams","3.64"
"2023-11-01","New Brunswick","2021A000213","Eggs, 1 dozen","4.69"
"2023-11-01","New Brunswick","2021A000213","Apples, per kilogram","5.57"
"2023-11-01","New Brunswick","2021A000213","Bananas, per kilogram","2.16"
"2023-11-01","New Brunswick","2021A000213","Potatoes, 4.54 kilograms","5.04"
"2023-11-01","New Brunswick","2021A000213","Tomatoes, per kilogram","6.15"
"2023-11-01","New Brunswick","2021A000213","Carrots, 1.36 kilograms","3.82"
"2023-11-01","New Brunswick","2021A000213","Onions, per kilogram","5.93"
"2023-11-01","New Brunswick","2021A000213","White bread, 675 grams","3.64"
"2023-11-01","New Brunswick","2021A000213","Dry or fresh pasta, 500 grams","3.52"
"2023-11-01","New Brunswick","2021A000213","White rice, 2 kilograms","10.85"
"2023-11-01","New Brunswick","2021A000213","Vegetable oil, 3 litres","13.61"
"2023-11-01","Quebec","2021A000224","Ground beef, per kilogram","11.82"
"2023-11-01","Quebec","2021A000224","Whole chicken, per kilogram","4.97"
"2023-11-01","Quebec","2021A000224","Milk, 2 litres","4.94"
"2023-11-01","Quebec","2021A000224","Block cheese, 500 grams","7.07"
"2023-11-01","Quebec","2021A000224","Yogurt, 500 grams","3.25"
"2023-11-01","Quebec","2021A000224","Eggs, 1 dozen","3.89"
"2023-11-01","Quebec","2021A000224","Apples, per kilogram","4.86"
"2023-11-01","Quebec","2021A000224","Bananas, per kilogram","1.81"
"2023-11-01","Quebec","2021A000224","Potatoes, 4.54 kilograms","4.62"
"2023-11-01","Quebec","2021A000224","Tomatoes, per kilogram","5.62"
"2023-11-01","Quebec","2021A000224","Carrots, 1.36 kilograms","2.75"
"2023-11-01","Quebec","2021A000224","Onions, per kilogram","4.50"
"2023-11-01","Quebec","2021A000224","White bread, 675 grams","4.22"
"2023-11-01","Quebec","2021A000224","Dry or fresh pasta, 500 grams","3.34"
"2023-11-01","Quebec","2021A000224","White rice, 2 kilograms","10.00"
"2023-11-01","Quebec","2021A000224","Vegetable oil, 3 litres","10.09"
"2023-11-01","Ontario","2021A000235","Ground beef, per kilogram","11.58"
"2023-11-01","Ontario","2021A000235","Whole chicken, per kilogram","5.72"
"2023-11-01","Ontario","2021A000235","Milk, 2 litres","5.70"
"2023-11-01","Ontario","2021A000235","Block cheese, 500 grams","6.81"
"2023-11-01","Ontario","2021A000235","Yogurt, 500 grams","3.05"
"2023-11-01","Ontario","2021A000235","Eggs, 1 dozen","4.74"
"2023-11-01","Ontario","2021A000235","Apples, per kilogram","4.58"
"2023-11-01","Ontario","2021A000235","Bananas, per kilogram","1.47"
"2023-11-01","Ontario","2021A000235","Potatoes, 4.54 kilograms","4.30"
"2023-11-01","Ontario","2021A000235","Tomatoes, per kilogram","5.14"
"2023-11-01","Ontario","2021A000235","Carrots, 1.36 kilograms","3.64"
"2023-11-01","Ontario","2021A000235","Onions, per kilogram","5.27"
"2023-11-01","Ontario","2021A000235","White bread, 675 grams","3.04"
"2023-11-01","Ontario","2021A000235","Dry or fresh pasta, 500 grams","3.31"
"2023-11-01","Ontario","2021A000235","White rice, 2 kilograms","9.25"
"2023-11-01","Ontario","2021A000235","Vegetable oil, 3 litres","9.78"
"2023-11-01","Manitoba","2021A000246","Ground beef, per kilogram","11.22"
"2023-11-01","Manitoba","2021A000246","Whole chicken, per kilogram","8.89"
"2023-11-01","Manitoba","2021A000246","Milk, 2 litres","4.49"
"2023-11-01","Manitoba","2021A000246","Block cheese, 500 grams","6.65"
"2023-11-01","Manitoba","2021A000246","Yogurt, 500 grams","3.15"
"2023-11-01","Manitoba","2021A000246","Eggs, 1 dozen","4.57"
"2023-11-01","Manitoba","2021A000246","Apples, per kilogram","5.61"
"2023-11-01","Manitoba","2021A000246","Bananas, per kilogram","1.65"
"2023-11-01","Manitoba","2021A000246","Potatoes, 4.54 kilograms","7.56"
"2023-11-01","Manitoba","2021A000246","Tomatoes, per kilogram","4.35"
"2023-11-01","Manitoba","2021A000246","Carrots, 1.36 kilograms","4.33"
"2023-11-01","Manitoba","2021A000246","Onions, per kilogram","5.30"
"2023-11-01","Manitoba","2021A000246","White bread, 675 grams","3.53"
"2023-11-01","Manitoba","2021A000246","Dry or fresh pasta, 500 grams","3.32"
"2023-11-01","Manitoba","2021A000246","White rice, 2 kilograms","8.58"
"2023-11-01","Manitoba","2021A000246","Vegetable oil, 3 litres","13.57"
"2023-11-01","Saskatchewan","2021A000247","Ground beef, per kilogram","11.42"
"2023-11-01","Saskatchewan","2021A000247","Whole chicken, per kilogram","8.29"
"2023-11-01","Saskatchewan","2021A000247","Milk, 2 litres","4.78"
"2023-11-01","Saskatchewan","2021A000247","Block cheese, 500 grams","6.61"
"2023-11-01","Saskatchewan","2021A000247","Yogurt, 500 grams","3.17"
"2023-11-01","Saskatchewan","2021A000247","Eggs, 1 dozen","4.57"
"2023-11-01","Saskatchewan","2021A000247","Apples, per kilogram","5.66"
"2023-11-01","Saskatchewan","2021A000247","Bananas, per kilogram","1.76"
"2023-11-01","Saskatchewan","2021A000247","Potatoes, 4.54 kilograms","7.48"
"2023-11-01","Saskatchewan","2021A000247","Tomatoes, per kilogram","4.34"
"2023-11-01","Saskatchewan","2021A000247","Carrots, 1.36 kilograms","4.61"
"2023-11-01","Saskatchewan","2021A000247","Onions, per kilogram","5.28"
"2023-11-01","Saskatchewan","2021A000247","White bread, 675 grams","3.61"
"2023-11-01","Saskatchewan","2021A000247","Dry or fresh pasta, 500 grams","3.43"
"2023-11-01","Saskatchewan","2021A000247","White rice, 2 kilograms","8.85"
"2023-11-01","Saskatchewan","2021A000247","Vegetable oil, 3 litres","14.13"
"2023-11-01","Alberta","2021A000248","Ground beef, per kilogram","11.92"
"2023-11-01","Alberta","2021A000248","Whole chicken, per kilogram","8.39"
"2023-11-01","Alberta","2021A000248","Milk, 2 litres","5.08"
"2023-11-01","Alberta","2021A000248","Block cheese, 500 grams","6.81"
"2023-11-01","Alberta","2021A000248","Yogurt, 500 grams","3.22"
"2023-11-01","Alberta","2021A000248","Eggs, 1 dozen","4.96"
"2023-11-01","Alberta","2021A000248","Apples, per kilogram","5.71"
"2023-11-01","Alberta","2021A000248","Bananas, per kilogram","1.77"
"2023-11-01","Alberta","2021A000248","Potatoes, 4.54 kilograms","7.57"
"2023-11-01","Alberta","2021A000248","Tomatoes, per kilogram","4.74"
"2023-11-01","Alberta","2021A000248","Carrots, 1.36 kilograms","4.59"
"2023-11-01","Alberta","2021A000248","Onions, per kilogram","5.37"
"2023-11-01","Alberta","2021A000248","White bread, 675 grams","3.67"
"2023-11-01","Alberta","2021A000248","Dry or fresh pasta, 500 grams","3.50"
"2023-11-01","Alberta","2021A000248","White rice, 2 kilograms","9.32"
"2023-11-01","Alberta","2021A000248","Vegetable oil, 3 litres","13.66"
"2023-11-01","British Columbia","2021A000259","Ground beef, per kilogram","12.10"
"2023-11-01","British Columbia","2021A000259","Whole chicken, per kilogram","8.95"
"2023-11-01","British Columbia","2021A000259","Milk, 2 litres","5.19"
"2023-11-01","British Columbia","2021A000259","Block cheese, 500 grams","6.91"
"2023-11-01","British Columbia","2021A000259","Yogurt, 500 grams","3.28"
"2023-11-01","British Columbia","2021A000259","Eggs, 1 dozen","5.46"
"2023-11-01","British Columbia","2021A000259","Apples, per kilogram","5.76"
"2023-11-01","British Columbia","2021A000259","Bananas, per kilogram","1.64"
"2023-11-01","British Columbia","2021A000259","Potatoes, 4.54 kilograms","7.39"
"2023-11-01","British Columbia","2021A000259","Tomatoes, per kilogram","5.00"
"2023-11-01","British Columbia","2021A000259","Carrots, 1.36 kilograms","4.84"
"2023-11-01","British Columbia","2021A000259","Onions, per kilogram","5.37"
"2023-11-01","British Columbia","2021A000259","White bread, 675 grams","3.95"
"2023-11-01","British Columbia","2021A000259","Dry or fresh pasta, 500 grams","3.63"
"2023-11-01","British Columbia","2021A000259","White rice, 2 kilograms","9.57"
"2023-11-01","British Columbia","2021A000259","Vegetable oil, 3 litres","14.05"
"2023-12-01","Newfoundland and Labrador","2021A000210","Ground beef, per kilogram","12.85"
"2023-12-01","Newfoundland and Labrador","2021A000210","Whole chicken, per kilogram","7.01"
"2023-12-01","Newfoundland and Labrador","2021A000210","Milk, 2 litres","4.96"
"2023-12-01","Newfoundland and Labrador","2021A000210","Block cheese, 500 grams","6.37"
"2023-12-01","Newfoundland and Labrador","2021A000210","Yogurt, 500 grams","4.03"
"2023-12-01","Newfoundland and Labrador","2021A000210","Eggs, 1 dozen","5.12"
"2023-12-01","Newfoundland and Labrador","2021A000210","Apples, per kilogram","6.65"
"2023-12-01","Newfoundland and Labrador","2021A000210","Bananas, per kilogram","2.14"
"2023-12-01","Newfoundland and Labrador","2021A000210","Potatoes, 4.54 kilograms","6.60"
"2023-12-01","Newfoundland and Labrador","2021A000210","Tomatoes, per kilogram","7.47"
"2023-12-01","Newfoundland and Labrador","2021A000210","Carrots, 1.36 kilograms","4.20"
"2023-12-01","Newfoundland and Labrador","2021A000210","Onions, per kilogram","6.56"
"2023-12-01","Newfoundland and Labrador","2021A000210","White bread, 675 grams","4.04"
"2023-12-01","Newfoundland and Labrador","2021A000210","Dry or fresh pasta, 500 grams","3.92"
"2023-12-01","Newfoundland and Labrador","2021A000210","White rice, 2 kilograms","10.84"
"2023-12-01","Newfoundland and Labrador","2021A000210","Vegetable oil, 3 litres","13.28"
"2023-12-01","Prince Edward Island","2021A000211","Ground beef, per kilogram","12.91"
"2023-12-01","Prince Edward Island","2021A000211","Whole chicken, per kilogram","8.19"
"2023-12-01","Prince Edward Island","2021A000211","Milk, 2 litres","4.41"
"2023-12-01","Prince Edward Island","2021A000211","Block cheese, 500 grams","6.38"
"2023-12-01","Prince Edward Island","2021A000211","Yogurt, 500 grams","3.90"
"2023-12-01","Prince Edward Island","2021A000211","Eggs, 1 dozen","5.03"
"2023-12-01","Prince Edward Island","2021A000211","Apples, per kilogram","6.15"
"2023-12-01","Prince Edward Island","2021A000211","Bananas, per kilogram","2.09"
"2023-12-01","Prince Edward Island","2021A000211","Potatoes, 4.54 kilograms","5.73"
"2023-12-01","Prince Edward Island","2021A000211","Tomatoes, per kilogram","6.93"
"2023-12-01","Prince Edward Island","2021A000211","Carrots, 1.36 kilograms","3.72"
"2023-12-01","Prince Edward Island","2021A000211","Onions, per kilogram","6.35"
"2023-12-01","Prince Edward Island","2021A000211","White bread, 675 grams","3.69"
"2023-12-01","Prince Edward Island","2021A000211","Dry or fresh pasta, 500 grams","3.95"
"2023-12-01","Prince Edward Island","2021A000211","White rice, 2 kilograms","10.70"
"2023-12-01","Prince Edward Island","2021A000211","Vegetable oil, 3 litres","13.65"
"2023-12-01","Nova Scotia","2021A000212","Ground beef, per kilogram","12.67"
"2023-12-01","Nova Scotia","2021A000212","Whole chicken, per kilogram","7.86"
"2023-12-01","Nova Scotia","2021A000212","Milk, 2 litres","4.66"
"2023-12-01","Nova Scotia","2021A000212","Block cheese, 500 grams","6.43"
"2023-12-01","Nova Scotia","2021A000212","Yogurt, 500 grams","3.85"
"2023-12-01","Nova Scotia","2021A000212","Eggs, 1 dozen","5.14"
"2023-12-01","Nova Scotia","2021A000212","Apples, per kilogram","6.05"
"2023-12-01","Nova Scotia","2021A000212","Bananas, per kilogram","2.10"
"2023-12-01","Nova Scotia","2021A000212","Potatoes, 4.54 kilograms","5.46"
"2023-12-01","Nova Scotia","2021A000212","Tomatoes, per kilogram","6.83"
"2023-12-01","Nova Scotia","2021A000212","Carrots, 1.36 kilograms","3.68"
"2023-12-01","Nova Scotia","2021A000212","Onions, per kilogram","6.31"
"2023-12-01","Nova Scotia","2021A000212","White bread, 675 grams","3.68"
"2023-12-01","Nova Scotia","2021A000212","Dry or fresh pasta, 500 grams","3.95"
"2023-12-01","Nova Scotia","2021A000212","White rice, 2 kilograms","10.71"
"2023-12-01","Nova Scotia","2021A000212","Vegetable oil, 3 litres","13.26"
"2023-12-01","New Brunswick","2021A000213","Ground beef, per kilogram","12.99"
"2023-12-01","New Brunswick","2021A000213","Whole chicken, per kilogram","7.05"
"2023-12-01","New Brunswick","2021A000213","Milk, 2 litres","4.86"
"2023-12-01","New Brunswick","2021A000213","Block cheese, 500 grams","6.46"
"2023-12-01","New Brunswick","2021A000213","Yogurt, 500 grams","3.97"
"2023-12-01","New Brunswick","2021A000213","Eggs, 1 dozen","4.52"
"2023-12-01","New Brunswick","2021A000213","Apples, per kilogram","6.28"
"2023-12-01","New Brunswick","2021A000213","Bananas, per kilogram","2.09"
"2023-12-01","New Brunswick","2021A000213","Potatoes, 4.54 kilograms","5.59"
"2023-12-01","New Brunswick","2021A000213","Tomatoes, per kilogram","6.64"
"2023-12-01","New Brunswick","2021A000213","Carrots, 1.36 kilograms","3.73"
"2023-12-01","New Brunswick","2021A000213","Onions, per kilogram","6.22"
"2023-12-01","New Brunswick","2021A000213","White bread, 675 grams","3.73"
"2023-12-01","New Brunswick","2021A000213","Dry or fresh pasta, 500 grams","3.81"
"2023-12-01","New Brunswick","2021A000213","White rice, 2 kilograms","10.83"
"2023-12-01","New Brunswick","2021A000213","Vegetable oil, 3 litres","13.68"
"2023-12-01","Quebec","2021A000224","Ground beef, per kilogram","13.95"
"2023-12-01","Quebec","2021A000224","Whole chicken, per kilogram","5.95"
"2023-12-01","Quebec","2021A000224","Milk, 2 litres","5.02"
"2023-12-01","Quebec","2021A000224","Block cheese, 500 grams","5.94"
"2023-12-01","Quebec","2021A000224","Yogurt, 500 grams","3.35"
"2023-12-01","Quebec","2021A000224","Eggs, 1 dozen","3.38"
"2023-12-01","Quebec","2021A000224","Apples, per kilogram","6.10"
"2023-12-01","Quebec","2021A000224","Bananas, per kilogram","1.82"
"2023-12-01","Quebec","2021A000224","Potatoes, 4.54 kilograms","4.46"
"2023-12-01","Quebec","2021A000224","Tomatoes, per kilogram","5.86"
"2023-12-01","Quebec","2021A000224","Carrots, 1.36 kilograms","2.57"
"2023-12-01","Quebec","2021A000224","Onions, per kilogram","4.46"
"2023-12-01","Quebec","2021A000224","White bread, 675 grams","3.80"
"2023-12-01","Quebec","2021A000224","Dry or fresh pasta, 500 grams","3.56"
"2023-12-01","Quebec","2021A000224","White rice, 2 kilograms","9.83"
"2023-12-01","Quebec","2021A000224","Vegetable oil, 3 litres","9.44"
"2023-12-01","Ontario","2021A000235","Ground beef, per kilogram","12.23"
"2023-12-01","Ontario","2021A000235","Whole chicken, per kilogram","5.80"
"2023-12-01","Ontario","2021A000235","Milk, 2 litres","5.70"
"2023-12-01","Ontario","2021A000235","Block cheese, 500 grams","6.30"
"2023-12-01","Ontario","2021A000235","Yogurt, 500 grams","3.33"
"2023-12-01","Ontario","2021A000235","Eggs, 1 dozen","4.85"
"2023-12-01","Ontario","2021A000235","Apples, per kilogram","5.31"
"2023-12-01","Ontario","2021A000235","Bananas, per kilogram","1.47"
"2023-12-01","Ontario","2021A000235","Potatoes, 4.54 kilograms","4.40"
"2023-12-01","Ontario","2021A000235","Tomatoes, per kilogram","5.49"
"2023-12-01","Ontario","2021A000235","Carrots, 1.36 kilograms","3.70"
"2023-12-01","Ontario","2021A000235","Onions, per kilogram","5.56"
"2023-12-01","Ontario","2021A000235","White bread, 675 grams","3.11"
"2023-12-01","Ontario","2021A000235","Dry or fresh pasta, 500 grams","3.49"
"2023-12-01","Ontario","2021A000235","White rice, 2 kilograms","9.11"
"2023-12-01","Ontario","2021A000235","Vegetable oil, 3 litres","10.26"
"2023-12-01","Manitoba","2021A000246","Ground beef, per kilogram","11.75"
"2023-12-01","Manitoba","2021A000246","Whole chicken, per kilogram","8.51"
"2023-12-01","Manitoba","2021A000246","Milk, 2 litres","4.52"
"2023-12-01","Manitoba","2021A000246","Block cheese, 500 grams","6.46"
"2023-12-01","Manitoba","2021A000246","Yogurt, 500 grams","3.37"
"2023-12-01","Manitoba","2021A000246","Eggs, 1 dozen","4.60"
"2023-12-01","Manitoba","2021A000246","Apples, per kilogram","6.21"
"2023-12-01","Manitoba","2021A000246","Bananas, per kilogram","1.67"
"2023-12-01","Manitoba","2021A000246","Potatoes, 4.54 kilograms","6.66"
"2023-12-01","Manitoba","2021A000246","Tomatoes, per kilogram","5.04"
"2023-12-01","Manitoba","2021A000246","Carrots, 1.36 kilograms","4.52"
"2023-12-01","Manitoba","2021A000246","Onions, per kilogram","5.56"
"2023-12-01","Manitoba","2021A000246","White bread, 675 grams","3.73"
"2023-12-01","Manitoba","2021A000246","Dry or fresh pasta, 500 grams","3.30"
"2023-12-01","Manitoba","2021A000246","White rice, 2 kilograms","8.42"
"2023-12-01","Manitoba","2021A000246","Vegetable oil, 3 litres","14.94"
"2023-12-01","Saskatchewan","2021A000247","Ground beef, per kilogram","11.62"
"2023-12-01","Saskatchewan","2021A000247","Whole chicken, per kilogram","8.14"
"2023-12-01","Saskatchewan","2021A000247","Milk, 2 litres","4.81"
"2023-12-01","Saskatchewan","2021A000247","Block cheese, 500 grams","6.46"
"2023-12-01","Saskatchewan","2021A000247","Yogurt, 500 grams","3.38"
"2023-12-01","Saskatchewan","2021A000247","Eggs, 1 dozen","4.61"
"2023-12-01","Saskatchewan","2021A000247","Apples, per kilogram","6.26"
"2023-12-01","Saskatchewan","2021A000247","Bananas, per kilogram","1.75"
"2023-12-01","Saskatchewan","2021A000247","Potatoes, 4.54 kilograms","6.97"
"2023-12-01","Saskatchewan","2021A000247","Tomatoes, per kilogram","5.13"
"2023-12-01","Saskatchewan","2021A000247","Carrots, 1.36 kilograms","4.70"
"2023-12-01","Saskatchewan","2021A000247","Onions, per kilogram","5.56"
"2023-12-01","Saskatchewan","2021A000247","White bread, 675 grams","3.80"
"2023-12-01","Saskatchewan","2021A000247","Dry or fresh pasta, 500 grams","3.35"
"2023-12-01","Saskatchewan","2021A000247","White rice, 2 kilograms","9.14"
"2023-12-01","Saskatchewan","2021A000247","Vegetable oil, 3 litres","15.06"
"2023-12-01","Alberta","2021A000248","Ground beef, per kilogram","12.18"
"2023-12-01","Alberta","2021A000248","Whole chicken, per kilogram","8.43"
"2023-12-01","Alberta","2021A000248","Milk, 2 litres","5.12"
"2023-12-01","Alberta","2021A000248","Block cheese, 500 grams","6.64"
"2023-12-01","Alberta","2021A000248","Yogurt, 500 grams","3.41"
"2023-12-01","Alberta","2021A000248","Eggs, 1 dozen","4.99"
"2023-12-01","Alberta","2021A000248","Apples, per kilogram","6.31"
"2023-12-01","Alberta","2021A000248","Bananas, per kilogram","1.77"
"2023-12-01","Alberta","2021A000248","Potatoes, 4.54 kilograms","6.98"
"2023-12-01","Alberta","2021A000248","Tomatoes, per kilogram","5.40"
"2023-12-01","Alberta","2021A000248","Carrots, 1.36 kilograms","4.66"
"2023-12-01","Alberta","2021A000248","Onions, per kilogram","5.72"
"2023-12-01","Alberta","2021A000248","White bread, 675 grams","3.84"
"2023-12-01","Alberta","2021A000248","Dry or fresh pasta, 500 grams","3.46"
"2023-12-01","Alberta","2021A000248","White rice, 2 kilograms","9.15"
"2023-12-01","Alberta","2021A000248","Vegetable oil, 3 litres","14.79"
"2023-12-01","British Columbia","2021A000259","Ground beef, per kilogram","12.00"
"2023-12-01","British Columbia","2021A000259","Whole chicken, per kilogram","8.49"
"2023-12-01","British Columbia","2021A000259","Milk, 2 litres","5.20"
"2023-12-01","British Columbia","2021A000259","Block cheese, 500 grams","6.67"
"2023-12-01","British Columbia","2021A000259","Yogurt, 500 grams","3.49"
"2023-12-01","British Columbia","2021A000259","Eggs, 1 dozen","5.45"
"2023-12-01","British Columbia","2021A000259","Apples, per kilogram","6.29"
"2023-12-01","British Columbia","2021A000259","Bananas, per kilogram","1.65"
"2023-12-01","British Columbia","2021A000259","Potatoes, 4.54 kilograms","7.04"
"2023-12-01","British Columbia","2021A000259","Tomatoes, per kilogram","5.78"
"2023-12-01","British Columbia","2021A000259","Carrots, 1.36 kilograms","4.99"
"2023-12-01","British Columbia","2021A000259","Onions, per kilogram","5.72"
"2023-12-01","British Columbia","2021A000259","White bread, 675 grams","4.12"
"2023-12-01","British Columbia","2021A000259","Dry or fresh pasta, 500 grams","3.65"
"2023-12-01","British Columbia","2021A000259","White rice, 2 kilograms","9.50"
"2023-12-01","British Columbia","2021A000259","Vegetable oil, 3 litres","14.83"
"2024-01-01","Newfoundland and Labrador","2021A000210","Ground beef, per kilogram","11.82"
"2024-01-01","Newfoundland and Labrador","2021A000210","Whole chicken, per kilogram","6.34"
"2024-01-01","Newfoundland and Labrador","2021A000210","Milk, 2 litres","4.92"
"2024-01-01","Newfoundland and Labrador","2021A000210","Block cheese, 500 grams","7.20"
"2024-01-01","Newfoundland and Labrador","2021A000210","Yogurt, 500 grams","3.85"
"2024-01-01","Newfoundland and Labrador","2021A000210","Eggs, 1 dozen","5.14"
"2024-01-01","Newfoundland and Labrador","2021A000210","Apples, per kilogram","7.04"
"2024-01-01","Newfoundland and Labrador","2021A000210","Bananas, per kilogram","2.15"
"2024-01-01","Newfoundland and Labrador","2021A000210","Potatoes, 4.54 kilograms","6.63"
"2024-01-01","Newfoundland and Labrador","2021A000210","Tomatoes, per kilogram","7.89"
"2024-01-01","Newfoundland and Labrador","2021A000210","Carrots, 1.36 kilograms","4.28"
"2024-01-01","Newfoundland and Labrador","2021A000210","Onions, per kilogram","6.18"
"2024-01-01","Newfoundland and Labrador","2021A000210","White bread, 675 grams","4.02"
"2024-01-01","Newfoundland and Labrador","2021A000210","Dry or fresh pasta, 500 grams","3.38"
"2024-01-01","Newfoundland and Labrador","2021A000210","White rice, 2 kilograms","10.66"
"2024-01-01","Newfoundland and Labrador","2021A000210","Vegetable oil, 3 litres","12.08"
"2024-01-01","Prince Edward Island","2021A000211","Ground beef, per kilogram","11.70"
"2024-01-01","Prince Edward Island","2021A000211","Whole chicken, per kilogram","5.64"
"2024-01-01","Prince Edward Island","2021A000211","Milk, 2 litres","4.40"
"2024-01-01","Prince Edward Island","2021A000211","Block cheese, 500 grams","7.31"
"2024-01-01","Prince Edward Island","2021A000211","Yogurt, 500 grams","3.57"
"2024-01-01","Prince Edward Island","2021A000211","Eggs, 1 dozen","4.91"
"2024-01-01","Prince Edward Island","2021A000211","Apples, per kilogram","6.39"
"2024-01-01","Prince Edward Island","2021A000211","Bananas, per kilogram","2.12"
"2024-01-01","Prince Edward Island","2021A000211","Potatoes, 4.54 kilograms","5.80"
"2024-01-01","Prince Edward Island","2021A000211","Tomatoes, per kilogram","6.98"
"2024-01-01","Prince Edward Island","2021A000211","Carrots, 1.36 kilograms","4.00"
"2024-01-01","Prince Edward Island","2021A000211","Onions, per kilogram","5.95"
"2024-01-01","Prince Edward Island","2021A000211","White bread, 675 grams","3.76"
"2024-01-01","Prince Edward Island","2021A000211","Dry or fresh pasta, 500 grams","3.59"
"2024-01-01","Prince Edward Island","2021A000211","White rice, 2 kilograms","10.79"
"2024-01-01","Prince Edward Island","2021A000211","Vegetable oil, 3 litres","13.10"
"2024-01-01","Nova Scotia","2021A000212","Ground beef, per kilogram","11.56"
"2024-01-01","Nova Scotia","2021A000212","Whole chicken, per kilogram","5.57"
"2024-01-01","Nova Scotia","2021A000212","Milk, 2 litres","4.65"
"2024-01-01","Nova Scotia","2021A000212","Block cheese, 500 grams","7.22"
"2024-01-01","Nova Scotia","2021A000212","Yogurt, 500 grams","3.57"
"2024-01-01","Nova Scotia","2021A000212","Eggs, 1 dozen","5.03"
"2024-01-01","Nova Scotia","2021A000212","Apples, per kilogram","6.28"
"2024-01-01","Nova Scotia","2021A000212","Bananas, per kilogram","2.14"
"2024-01-01","Nova Scotia","2021A000212","Potatoes, 4.54 kilograms","5.67"
"2024-01-01","Nova Scotia","2021A000212","Tomatoes, per kilogram","6.89"
"2024-01-01","Nova Scotia","2021A000212","Carrots, 1.36 kilograms","3.99"
"2024-01-01","Nova Scotia","2021A000212","Onions, per kilogram","5.86"
"2024-01-01","Nova Scotia","2021A000212","White bread, 675 grams","3.72"
"2024-01-01","Nova Scotia","2021A000212","Dry or fresh pasta, 500 grams","3.54"
"2024-01-01","Nova Scotia","2021A000212","White rice, 2 kilograms","10.82"
"2024-01-01","Nova Scotia","2021A000212","Vegetable oil, 3 litres","12.57"
"2024-01-01","New Brunswick","2021A000213","Ground beef, per kilogram","11.60"
"2024-01-01","New Brunswick","2021A000213","Whole chicken, per kilogram","5.56"
"2024-01-01","New Brunswick","2021A000213","Milk, 2 litres","4.86"
"2024-01-01","New Brunswick","2021A000213","Block cheese, 500 grams","7.15"
"2024-01-01","New Brunswick","2021A000213","Yogurt, 500 grams","3.65"
"2024-01-01","New Brunswick","2021A000213","Eggs, 1 dozen","4.79"
"2024-01-01","New Brunswick","2021A000213","Apples, per kilogram","6.33"
"2024-01-01","New Brunswick","2021A000213","Bananas, per kilogram","2.14"
"2024-01-01","New Brunswick","2021A000213","Potatoes, 4.54 kilograms","5.69"
"2024-01-01","New Brunswick","2021A000213","Tomatoes, per kilogram","7.16"
"2024-01-01","New Brunswick","2021A000213","Carrots, 1.36 kilograms","4.04"
"2024-01-01","New Brunswick","2021A000213","Onions, per kilogram","5.92"
"2024-01-01","New Brunswick","2021A000213","White bread, 675 grams","3.76"
"2024-01-01","New Brunswick","2021A000213","Dry or fresh pasta, 500 grams","3.29"
"2024-01-01","New Brunswick","2021A000213","White rice, 2 kilograms","10.82"
"2024-01-01","New Brunswick","2021A000213","Vegetable oil, 3 litres","13.18"
"2024-01-01","Quebec","2021A000224","Ground beef, per kilogram","10.85"
"2024-01-01","Quebec","2021A000224","Whole chicken, per kilogram","6.57"
"2024-01-01","Quebec","2021A000224","Milk, 2 litres","4.98"
"2024-01-01","Quebec","2021A000224","Block cheese, 500 grams","6.33"
"2024-01-01","Quebec","2021A000224","Yogurt, 500 grams","3.28"
"2024-01-01","Quebec","2021A000224","Eggs, 1 dozen","3.70"
"2024-01-01","Quebec","2021A000224","Apples, per kilogram","4.86"
"2024-01-01","Quebec","2021A000224","Bananas, per kilogram","1.78"
"2024-01-01","Quebec","2021A000224","Potatoes, 4.54 kilograms","5.03"
"2024-01-01","Quebec","2021A000224","Tomatoes, per kilogram","7.45"
"2024-01-01","Quebec","2021A000224","Carrots, 1.36 kilograms","3.19"
"2024-01-01","Quebec","2021A000224","Onions, per kilogram","5.14"
"2024-01-01","Quebec","2021A000224","White bread, 675 grams","3.76"
"2024-01-01","Quebec","2021A000224","Dry or fresh pasta, 500 grams","3.28"
"2024-01-01","Quebec","2021A000224","White rice, 2 kilograms","10.15"
"2024-01-01","Quebec","2021A000224","Vegetable oil, 3 litres","10.29"
"2024-01-01","Ontario","2021A000235","Ground beef, per kilogram","11.06"
"2024-01-01","Ontario","2021A000235","Whole chicken, per kilogram","5.16"
"2024-01-01","Ontario","2021A000235","Milk, 2 litres","5.58"
"2024-01-01","Ontario","2021A000235","Block cheese, 500 grams","6.84"
"2024-01-01","Ontario","2021A000235","Yogurt, 500 grams","3.25"
"2024-01-01","Ontario","2021A000235","Eggs, 1 dozen","4.66"
"2024-01-01","Ontario","2021A000235","Apples, per kilogram","4.98"
"2024-01-01","Ontario","2021A000235","Bananas, per kilogram","1.45"
"2024-01-01","Ontario","2021A000235","Potatoes, 4.54 kilograms","5.15"
"2024-01-01","Ontario","2021A000235","Tomatoes, per kilogram","6.26"
"2024-01-01","Ontario","2021A000235","Carrots, 1.36 kilograms","3.76"
"2024-01-01","Ontario","2021A000235","Onions, per kilogram","5.37"
"2024-01-01","Ontario","2021A000235","White bread, 675 grams","3.03"
"2024-01-01","Ontario","2021A000235","Dry or fresh pasta, 500 grams","3.17"
"2024-01-01","Ontario","2021A000235","White rice, 2 kilograms","9.26"
"2024-01-01","Ontario","2021A000235","Vegetable oil, 3 litres","10.11"
"2024-01-01","Manitoba","2021A000246","Ground beef, per kilogram","11.10"
"2024-01-01","Manitoba","2021A000246","Whole chicken, per kilogram","7.42"
"2024-01-01","Manitoba","2021A000246","Milk, 2 litres","4.56"
"2024-01-01","Manitoba","2021A000246","Block cheese, 500 grams","6.71"
"2024-01-01","Manitoba","2021A000246","Yogurt, 500 grams","3.33"
"2024-01-01","Manitoba","2021A000246","Eggs, 1 dozen","4.55"
"2024-01-01","Manitoba","2021A000246","Apples, per kilogram","5.60"
"2024-01-01","Manitoba","2021A000246","Bananas, per kilogram","1.72"
"2024-01-01","Manitoba","2021A000246","Potatoes, 4.54 kilograms","7.77"
"2024-01-01","Manitoba","2021A000246","Tomatoes, per kilogram","5.80"
"2024-01-01","Manitoba","2021A000246","Carrots, 1.36 kilograms","4.46"
"2024-01-01","Manitoba","2021A000246","Onions, per kilogram","5.48"
"2024-01-01","Manitoba","2021A000246","White bread, 675 grams","3.50"
"2024-01-01","Manitoba","2021A000246","Dry or fresh pasta, 500 grams","3.10"
"2024-01-01","Manitoba","2021A000246","White rice, 2 kilograms","8.90"
"2024-01-01","Manitoba","2021A000246","Vegetable oil, 3 litres","13.35"
"2024-01-01","Saskatchewan","2021A000247","Ground beef, per kilogram","11.04"
"2024-01-01","Saskatchewan","2021A000247","Whole chicken, per kilogram","7.82"
"2024-01-01","Saskatchewan","2021A000247","Milk, 2 litres","4.80"
"2024-01-01","Saskatchewan","2021A000247","Block cheese, 500 grams","6.67"
"2024-01-01","Saskatchewan","2021A000247","Yogurt, 500 grams","3.30"
"2024-01-01","Saskatchewan","2021A000247","Eggs, 1 dozen","4.55"
"2024-01-01","Saskatchewan","2021A000247","Apples, per kilogram","5.71"
"2024-01-01","Saskatchewan","2021A000247","Bananas, per kilogram","1.78"
"2024-01-01","Saskatchewan","2021A000247","Potatoes, 4.54 kilograms","7.80"
"2024-01-01","Saskatchewan","2021A000247","Tomatoes, per kilogram","5.98"
"2024-01-01","Saskatchewan","2021A000247","Carrots, 1.36 kilograms","4.49"
"2024-01-01","Saskatchewan","2021A000247","Onions, per kilogram","5.29"
"2024-01-01","Saskatchewan","2021A000247","White bread, 675 grams","3.57"
"2024-01-01","Saskatchewan","2021A000247","Dry or fresh pasta, 500 grams","3.06"
"2024-01-01","Saskatchewan","2021A000247","White rice, 2 kilograms","8.95"
"2024-01-01","Saskatchewan","2021A000247","Vegetable oil, 3 litres","13.71"
"2024-01-01","Alberta","2021A000248","Ground beef, per kilogram","11.72"
"2024-01-01","Alberta","2021A000248","Whole chicken, per kilogram","7.96"
"2024-01-01","Alberta","2021A000248","Milk, 2 litres","5.11"
"2024-01-01","Alberta","2021A000248","Block cheese, 500 grams","6.90"
"2024-01-01","Alberta","2021A000248","Yogurt, 500 grams","3.40"
"2024-01-01","Alberta","2021A000248","Eggs, 1 dozen","4.89"
"2024-01-01","Alberta","2021A000248","Apples, per kilogram","5.72"
"2024-01-01","Alberta","2021A000248","Bananas, per kilogram","1.79"
"2024-01-01","Alberta","2021A000248","Potatoes, 4.54 kilograms","7.90"
"2024-01-01","Alberta","2021A000248","Tomatoes, per kilogram","6.07"
"2024-01-01","Alberta","2021A000248","Carrots, 1.36 kilograms","4.69"
"2024-01-01","Alberta","2021A000248","Onions, per kilogram","5.47"
"2024-01-01","Alberta","2021A000248","White bread, 675 grams","3.57"
"2024-01-01","Alberta","2021A000248","Dry or fresh pasta, 500 grams","3.25"
"2024-01-01","Alberta","2021A000248","White rice, 2 kilograms","9.40"
"2024-01-01","Alberta","2021A000248","Vegetable oil, 3 litres","13.48"
"2024-01-01","British Columbia","2021A000259","Ground beef, per kilogram","12.07"
"2024-01-01","British Columbia","2021A000259","Whole chicken, per kilogram","6.51"
"2024-01-01","British Columbia","2021A000259","Milk, 2 litres","5.23"
"2024-01-01","British Columbia","2021A000259","Block cheese, 500 grams","6.89"
"2024-01-01","British Columbia","2021A000259","Yogurt, 500 grams","3.40"
"2024-01-01","British Columbia","2021A000259","Eggs, 1 dozen","5.24"
"2024-01-01","British Columbia","2021A000259","Apples, per kilogram","5.69"
"2024-01-01","British Columbia","2021A000259","Bananas, per kilogram","1.63"
"2024-01-01","British Columbia","2021A000259","Potatoes, 4.54 kilograms","7.88"
"2024-01-01","British Columbia","2021A000259","Tomatoes, per kilogram","6.10"
"2024-01-01","British Columbia","2021A000259","Carrots, 1.36 kilograms","4.88"
"2024-01-01","British Columbia","2021A000259","Onions, per kilogram","5.44"
"2024-01-01","British Columbia","2021A000259","White bread, 675 grams","3.89"
"2024-01-01","British Columbia","2021A000259","Dry or fresh pasta, 500 grams","3.36"
"2024-01-01","British Columbia","2021A000259","White rice, 2 kilograms","9.44"
"2024-01-01","British Columbia","2021A000259","Vegetable oil, 3 litres","13.41"
"2024-02-01","Newfoundland and Labrador","2021A000210","Ground beef, per kilogram","11.51"
"2024-02-01","Newfoundland and Labrador","2021A000210","Whole chicken, per kilogram","7.48"
"2024-02-01","Newfoundland and Labrador","2021A000210","Milk, 2 litres","4.93"
"2024-02-01","Newfoundland and Labrador","2021A000210","Block cheese, 500 grams","6.86"
"2024-02-01","Newfoundland and Labrador","2021A000210","Yogurt, 500 grams","3.96"
"2024-02-01","Newfoundland and Labrador","2021A000210","Eggs, 1 dozen","5.05"
"2024-02-01","Newfoundland and Labrador","2021A000210","Apples, per kilogram","6.82"
"2024-02-01","Newfoundland and Labrador","2021A000210","Bananas, per kilogram","2.18"
"2024-02-01","Newfoundland and Labrador","2021A000210","Potatoes, 4.54 kilograms","5.29"
"2024-02-01","Newfoundland and Labrador","2021A000210","Tomatoes, per kilogram","7.81"
"2024-02-01","Newfoundland and Labrador","2021A000210","Carrots, 1.36 kilograms","4.31"
"2024-02-01","Newfoundland and Labrador","2021A000210","Onions, per kilogram","6.87"
"2024-02-01","Newfoundland and Labrador","2021A000210","White bread, 675 grams","4.07"
"2024-02-01","Newfoundland and Labrador","2021A000210","Dry or fresh pasta, 500 grams","3.05"
"2024-02-01","Newfoundland and Labrador","2021A000210","White rice, 2 kilograms","10.46"
"2024-02-01","Newfoundland and Labrador","2021A000210","Vegetable oil, 3 litres","12.86"
"2024-02-01","Prince Edward Island","2021A000211","Ground beef, per kilogram","11.54"
"2024-02-01","Prince Edward Island","2021A000211","Whole chicken, per kilogram","5.47"
"2024-02-01","Prince Edward Island","2021A000211","Milk, 2 litres","4.41"
"2024-02-01","Prince Edward Island","2021A000211","Block cheese, 500 grams","6.99"
"2024-02-01","Prince Edward Island","2021A000211","Yogurt, 500 grams","3.65"
"2024-02-01","Prince Edward Island","2021A000211","Eggs, 1 dozen","4.95"
"2024-02-01","Prince Edward Island","2021A000211","Apples, per kilogram","6.04"
"2024-02-01","Prince Edward Island","2021A000211","Bananas, per kilogram","2.14"
"2024-02-01","Prince Edward Island","2021A000211","Potatoes, 4.54 kilograms","5.12"
"2024-02-01","Prince Edward Island","2021A000211","Tomatoes, per kilogram","7.08"
"2024-02-01","Prince Edward Island","2021A000211","Carrots, 1.36 kilograms","4.18"
"2024-02-01","Prince Edward Island","2021A000211","Onions, per kilogram","6.65"
"2024-02-01","Prince Edward Island","2021A000211","White bread, 675 grams","3.82"
"2024-02-01","Prince Edward Island","2021A000211","Dry or fresh pasta, 500 grams","3.19"
"2024-02-01","Prince Edward Island","2021A000211","White rice, 2 kilograms","10.42"
"2024-02-01","Prince Edward Island","2021A000211","Vegetable oil, 3 litres","13.72"
"2024-02-01","Nova Scotia","2021A000212","Ground beef, per kilogram","9.03"
"2024-02-01","Nova Scotia","2021A000212","Whole chicken, per kilogram","5.44"
"2024-02-01","Nova Scotia","2021A000212","Milk, 2 litres","4.65"
"2024-02-01","Nova Scotia","2021A000212","Block cheese, 500 grams","6.89"
"2024-02-01","Nova Scotia","2021A000212","Yogurt, 500 grams","3.63"
"2024-02-01","Nova Scotia","2021A000212","Eggs, 1 dozen","5.01"
"2024-02-01","Nova Scotia","2021A000212","Apples, per kilogram","6.01"
"2024-02-01","Nova Scotia","2021A000212","Bananas, per kilogram","2.14"
"2024-02-01","Nova Scotia","2021A000212","Potatoes, 4.54 kilograms","4.70"
"2024-02-01","Nova Scotia","2021A000212","Tomatoes, per kilogram","7.04"
"2024-02-01","Nova Scotia","2021A000212","Carrots, 1.36 kilograms","4.16"
"2024-02-01","Nova Scotia","2021A000212","Onions, per kilogram","6.61"
"2024-02-01","Nova Scotia","2021A000212","White bread, 675 grams","3.79"
"2024-02-01","Nova Scotia","2021A000212","Dry or fresh pasta, 500 grams","3.16"
"2024-02-01","Nova Scotia","2021A000212","White rice, 2 kilograms","10.41"
"2024-02-01","Nova Scotia","2021A000212","Vegetable oil, 3 litres","13.10"
"2024-02-01","New Brunswick","2021A000213","Ground beef, per kilogram","11.30"
"2024-02-01","New Brunswick","2021A000213","Whole chicken, per kilogram","5.09"
"2024-02-01","New Brunswick","2021A000213","Milk, 2 litres","4.86"
"2024-02-01","New Brunswick","2021A000213","Block cheese, 500 grams","6.90"
"2024-02-01","New Brunswick","2021A000213","Yogurt, 500 grams","3.76"
"2024-02-01","New Brunswick","2021A000213","Eggs, 1 dozen","4.59"
"2024-02-01","New Brunswick","2021A000213","Apples, per kilogram","6.17"
"2024-02-01","New Brunswick","2021A000213","Bananas, per kilogram","2.13"
"2024-02-01","New Brunswick","2021A000213","Potatoes, 4.54 kilograms","4.88"
"2024-02-01","New Brunswick","2021A000213","Tomatoes, per kilogram","7.42"
"2024-02-01","New Brunswick","2021A000213","Carrots, 1.36 kilograms","4.19"
"2024-02-01","New Brunswick","2021A000213","Onions, per kilogram","6.68"
"2024-02-01","New Brunswick","2021A000213","White bread, 675 grams","3.77"
"2024-02-01","New Brunswick","2021A000213","Dry or fresh pasta, 500 grams","2.99"
"2024-02-01","New Brunswick","2021A000213","White rice, 2 kilograms","10.57"
"2024-02-01","New Brunswick","2021A000213","Vegetable oil, 3 litres","13.67"
"2024-02-01","Quebec","2021A000224","Ground beef, per kilogram","11.95"
"2024-02-01","Quebec","2021A000224","Whole chicken, per kilogram","5.36"
"2024-02-01","Quebec","2021A000224","Milk, 2 litres","5.02"
"2024-02-01","Quebec","2021A000224","Block cheese, 500 grams","6.29"
"2024-02-01","Quebec","2021A000224","Yogurt, 500 grams","3.34"
"2024-02-01","Quebec","2021A000224","Eggs, 1 dozen","3.66"
"2024-02-01","Quebec","2021A000224","Apples, per kilogram","4.92"
"2024-02-01","Quebec","2021A000224","Bananas, per kilogram","1.79"
"2024-02-01","Quebec","2021A000224","Potatoes, 4.54 kilograms","3.99"
"2024-02-01","Quebec","2021A000224","Tomatoes, per kilogram","6.88"
"2024-02-01","Quebec","2021A000224","Carrots, 1.36 kilograms","3.61"
"2024-02-01","Quebec","2021A000224","Onions, per kilogram","5.75"
"2024-02-01","Quebec","2021A000224","White bread, 675 grams","3.69"
"2024-02-01","Quebec","2021A000224","Dry or fresh pasta, 500 grams","3.23"
"2024-02-01","Quebec","2021A000224","White rice, 2 kilograms","10.16"
"2024-02-01","Quebec","2021A000224","Vegetable oil, 3 litres","10.31"
"2024-02-01","Ontario","2021A000235","Ground beef, per kilogram","11.09"
"2024-02-01","Ontario","2021A000235","Whole chicken, per kilogram","5.27"
"2024-02-01","Ontario","2021A000235","Milk, 2 litres","5.52"
"2024-02-01","Ontario","2021A000235","Block cheese, 500 grams","6.60"
"2024-02-01","Ontario","2021A000235","Yogurt, 500 grams","3.28"
"2024-02-01","Ontario","2021A000235","Eggs, 1 dozen","4.70"
"2024-02-01","Ontario","2021A000235","Apples, per kilogram","4.94"
"2024-02-01","Ontario","2021A000235","Bananas, per kilogram","1.45"
"2024-02-01","Ontario","2021A000235","Potatoes, 4.54 kilograms","3.67"
"2024-02-01","Ontario","2021A000235","Tomatoes, per kilogram","5.58"
"2024-02-01","Ontario","2021A000235","Carrots, 1.36 kilograms","4.06"
"2024-02-01","Ontario","2021A000235","Onions, per kilogram","5.61"
"2024-02-01","Ontario","2021A000235","White bread, 675 grams","3.06"
"2024-02-01","Ontario","2021A000235","Dry or fresh pasta, 500 grams","2.96"
"2024-02-01","Ontario","2021A000235","White rice, 2 kilograms","8.99"
"2024-02-01","Ontario","2021A000235","Vegetable oil, 3 litres","10.73"
"2024-02-01","Manitoba","2021A000246","Ground beef, per kilogram","10.77"
"2024-02-01","Manitoba","2021A000246","Whole chicken, per kilogram","6.71"
"2024-02-01","Manitoba","2021A000246","Milk, 2 litres","4.56"
"2024-02-01","Manitoba","2021A000246","Block cheese, 500 grams","6.64"
"2024-02-01","Manitoba","2021A000246","Yogurt, 500 grams","3.37"
"2024-02-01","Manitoba","2021A000246","Eggs, 1 dozen","4.57"
"2024-02-01","Manitoba","2021A000246","Apples, per kilogram","5.49"
"2024-02-01","Manitoba","2021A000246","Bananas, per kilogram","1.73"
"2024-02-01","Manitoba","2021A000246","Potatoes, 4.54 kilograms","7.60"
"2024-02-01","Manitoba","2021A000246","Tomatoes, per kilogram","5.23"
"2024-02-01","Manitoba","2021A000246","Carrots, 1.36 kilograms","4.59"
"2024-02-01","Manitoba","2021A000246","Onions, per kilogram","5.37"
"2024-02-01","Manitoba","2021A000246","White bread, 675 grams","3.38"
"2024-02-01","Manitoba","2021A000246","Dry or fresh pasta, 500 grams","2.88"
"2024-02-01","Manitoba","2021A000246","White rice, 2 kilograms","8.84"
"2024-02-01","Manitoba","2021A000246","Vegetable oil, 3 litres","13.68"
"2024-02-01","Saskatchewan","2021A000247","Ground beef, per kilogram","11.14"
"2024-02-01","Saskatchewan","2021A000247","Whole chicken, per kilogram","6.59"
"2024-02-01","Saskatchewan","2021A000247","Milk, 2 litres","4.77"
"2024-02-01","Saskatchewan","2021A000247","Block cheese, 500 grams","6.65"
"2024-02-01","Saskatchewan","2021A000247","Yogurt, 500 grams","3.36"
"2024-02-01","Saskatchewan","2021A000247","Eggs, 1 dozen","4.56"
"2024-02-01","Saskatchewan","2021A000247","Apples, per kilogram","5.73"
"2024-02-01","Saskatchewan","2021A000247","Bananas, per kilogram","1.78"
"2024-02-01","Saskatchewan","2021A000247","Potatoes, 4.54 kilograms","7.59"
"2024-02-01","Saskatchewan","2021A000247","Tomatoes, per kilogram","5.46"
"2024-02-01","Saskatchewan","2021A000247","Carrots, 1.36 kilograms","4.57"
"2024-02-01","Saskatchewan","2021A000247","Onions, per kilogram","5.32"
"2024-02-01","Saskatchewan","2021A000247","White bread, 675 grams","3.44"
"2024-02-01","Saskatchewan","2021A000247","Dry or fresh pasta, 500 grams","2.91"
"2024-02-01","Saskatchewan","2021A000247","White rice, 2 kilograms","8.92"
"2024-02-01","Saskatchewan","2021A000247","Vegetable oil, 3 litres","13.76"
"2024-02-01","Alberta","2021A000248","Ground beef, per kilogram","11.63"
"2024-02-01","Alberta","2021A000248","Whole chicken, per kilogram","6.61"
"2024-02-01","Alberta","2021A000248","Milk, 2 litres","5.02"
"2024-02-01","Alberta","2021A000248","Block cheese, 500 grams","6.86"
"2024-02-01","Alberta","2021A000248","Yogurt, 500 grams","3.44"
"2024-02-01","Alberta","2021A000248","Eggs, 1 dozen","4.92"
"2024-02-01","Alberta","2021A000248","Apples, per kilogram","5.75"
"2024-02-01","Alberta","2021A000248","Bananas, per kilogram","1.79"
"2024-02-01","Alberta","2021A000248","Potatoes, 4.54 kilograms","7.51"
"2024-02-01","Alberta","2021A000248","Tomatoes, per kilogram","5.59"
"2024-02-01","Alberta","2021A000248","Carrots, 1.36 kilograms","4.70"
"2024-02-01","Alberta","2021A000248","Onions, per kilogram","5.55"
"2024-02-01","Alberta","2021A000248","White bread, 675 grams","3.44"
"2024-02-01","Alberta","2021A000248","Dry or fresh pasta, 500 grams","3.05"
"2024-02-01","Alberta","2021A000248","White rice, 2 kilograms","9.37"
"2024-02-01","Alberta","2021A000248","Vegetable oil, 3 litres","13.62"
"2024-02-01","British Columbia","2021A000259","Ground beef, per kilogram","12.11"
"2024-02-01","British Columbia","2021A000259","Whole chicken, per kilogram","7.02"
"2024-02-01","British Columbia","2021A000259","Milk, 2 litres","5.08"
"2024-02-01","British Columbia","2021A000259","Block cheese, 500 grams","6.91"
"2024-02-01","British Columbia","2021A000259","Yogurt, 500 grams","3.41"
"2024-02-01","British Columbia","2021A000259","Eggs, 1 dozen","5.28"
"2024-02-01","British Columbia","2021A000259","Apples, per kilogram","5.83"
"2024-02-01","British Columbia","2021A000259","Bananas, per kilogram","1.63"
"2024-02-01","British Columbia","2021A000259","Potatoes, 4.54 kilograms","7.51"
"2024-02-01","British Columbia","2021A000259","Tomatoes, per kilogram","5.68"
"2024-02-01","British Columbia","2021A000259","Carrots, 1.36 kilograms","4.84"
"2024-02-01","British Columbia","2021A000259","Onions, per kilogram","5.56"
"2024-02-01","British Columbia","2021A000259","White bread, 675 grams","3.80"
"2024-02-01","British Columbia","2021A000259","Dry or fresh pasta, 500 grams","3.17"
"2024-02-01","British Columbia","2021A000259","White rice, 2 kilograms","9.19"
"2024-02-01","British Columbia","2021A000259","Vegetable oil, 3 litres","13.64"
"2024-03-01","Newfoundland and Labrador","2021A000210","Ground beef, per kilogram","11.96"
"2024-03-01","Newfoundland and Labrador","2021A000210","Whole chicken, per kilogram","6.18"
"2024-03-01","Newfoundland and Labrador","2021A000210","Milk, 2 litres","4.92"
"2024-03-01","Newfoundland and Labrador","2021A000210","Block cheese, 500 grams","6.89"
"2024-03-01","Newfoundland and Labrador","2021A000210","Yogurt, 500 grams","3.93"
"2024-03-01","Newfoundland and Labrador","2021A000210","Eggs, 1 dozen","4.61"
"2024-03-01","Newfoundland and Labrador","2021A000210","Apples, per kilogram","6.57"
"2024-03-01","Newfoundland and Labrador","2021A000210","Bananas, per kilogram","2.19"
"2024-03-01","Newfoundland and Labrador","2021A000210","Potatoes, 4.54 kilograms","6.68"
"2024-03-01","Newfoundland and Labrador","2021A000210","Tomatoes, per kilogram","7.18"
"2024-03-01","Newfoundland and Labrador","2021A000210","Carrots, 1.36 kilograms","3.78"
"2024-03-01","Newfoundland and Labrador","2021A000210","Onions, per kilogram","7.21"
"2024-03-01","Newfoundland and Labrador","2021A000210","White bread, 675 grams","4.01"
"2024-03-01","Newfoundland and Labrador","2021A000210","Dry or fresh pasta, 500 grams","2.85"
"2024-03-01","Newfoundland and Labrador","2021A000210","White rice, 2 kilograms","10.49"
"2024-03-01","Newfoundland and Labrador","2021A000210","Vegetable oil, 3 litres","13.09"
"2024-03-01","Prince Edward Island","2021A000211","Ground beef, per kilogram","12.11"
"2024-03-01","Prince Edward Island","2021A000211","Whole chicken, per kilogram","5.77"
"2024-03-01","Prince Edward Island","2021A000211","Milk, 2 litres","4.40"
"2024-03-01","Prince Edward Island","2021A000211","Block cheese, 500 grams","6.94"
"2024-03-01","Prince Edward Island","2021A000211","Yogurt, 500 grams","3.62"
"2024-03-01","Prince Edward Island","2021A000211","Eggs, 1 dozen","4.51"
"2024-03-01","Prince Edward Island","2021A000211","Apples, per kilogram","5.49"
"2024-03-01","Prince Edward Island","2021A000211","Bananas, per kilogram","2.14"
"2024-03-01","Prince Edward Island","2021A000211","Potatoes, 4.54 kilograms","5.86"
"2024-03-01","Prince Edward Island","2021A000211","Tomatoes, per kilogram","6.03"
"2024-03-01","Prince Edward Island","2021A000211","Carrots, 1.36 kilograms","3.75"
"2024-03-01","Prince Edward Island","2021A000211","Onions, per kilogram","7.00"
"2024-03-01","Prince Edward Island","2021A000211","White bread, 675 grams","3.72"
"2024-03-01","Prince Edward Island","2021A000211","Dry or fresh pasta, 500 grams","3.13"
"2024-03-01","Prince Edward Island","2021A000211","White rice, 2 kilograms","10.61"
"2024-03-01","Prince Edward Island","2021A000211","Vegetable oil, 3 litres","13.84"
"2024-03-01","Nova Scotia","2021A000212","Ground beef, per kilogram","11.99"
"2024-03-01","Nova Scotia","2021A000212","Whole chicken, per kilogram","5.80"
"2024-03-01","Nova Scotia","2021A000212","Milk, 2 litres","4.65"
"2024-03-01","Nova Scotia","2021A000212","Block cheese, 500 grams","6.88"
"2024-03-01","Nova Scotia","2021A000212","Yogurt, 500 grams","3.61"
"2024-03-01","Nova Scotia","2021A000212","Eggs, 1 dozen","4.54"
"2024-03-01","Nova Scotia","2021A000212","Apples, per kilogram","5.65"
"2024-03-01","Nova Scotia","2021A000212","Bananas, per kilogram","2.14"
"2024-03-01","Nova Scotia","2021A000212","Potatoes, 4.54 kilograms","5.67"
"2024-03-01","Nova Scotia","2021A000212","Tomatoes, per kilogram","5.98"
"2024-03-01","Nova Scotia","2021A000212","Carrots, 1.36 kilograms","3.68"
"2024-03-01","Nova Scotia","2021A000212","Onions, per kilogram","7.02"
"2024-03-01","Nova Scotia","2021A000212","White bread, 675 grams","3.69"
"2024-03-01","Nova Scotia","2021A000212","Dry or fresh pasta, 500 grams","3.07"
"2024-03-01","Nova Scotia","2021A000212","White rice, 2 kilograms","10.66"
"2024-03-01","Nova Scotia","2021A000212","Vegetable oil, 3 litres","12.82"
"2024-03-01","New Brunswick","2021A000213","Ground beef, per kilogram","12.39"
"2024-03-01","New Brunswick","2021A000213","Whole chicken, per kilogram","5.95"
"2024-03-01","New Brunswick","2021A000213","Milk, 2 litres","4.85"
"2024-03-01","New Brunswick","2021A000213","Block cheese, 500 grams","6.87"
"2024-03-01","New Brunswick","2021A000213","Yogurt, 500 grams","3.74"
"2024-03-01","New Brunswick","2021A000213","Eggs, 1 dozen","4.27"
"2024-03-01","New Brunswick","2021A000213","Apples, per kilogram","5.94"
"2024-03-01","New Brunswick","2021A000213","Bananas, per kilogram","2.15"
"2024-03-01","New Brunswick","2021A000213","Potatoes, 4.54 kilograms","5.87"
"2024-03-01","New Brunswick","2021A000213","Tomatoes, per kilogram","6.24"
"2024-03-01","New Brunswick","2021A000213","Carrots, 1.36 kilograms","3.83"
"2024-03-01","New Brunswick","2021A000213","Onions, per kilogram","6.97"
"2024-03-01","New Brunswick","2021A000213","White bread, 675 grams","3.71"
"2024-03-01","New Brunswick","2021A000213","Dry or fresh pasta, 500 grams","2.87"
"2024-03-01","New Brunswick","2021A000213","White rice, 2 kilograms","10.84"
"2024-03-01","New Brunswick","2021A000213","Vegetable oil, 3 litres","13.36"
"2024-03-01","Quebec","2021A000224","Ground beef, per kilogram","11.75"
"2024-03-01","Quebec","2021A000224","Whole chicken, per kilogram","7.96"
"2024-03-01","Quebec","2021A000224","Milk, 2 litres","4.97"
"2024-03-01","Quebec","2021A000224","Block cheese, 500 grams","6.41"
"2024-03-01","Quebec","2021A000224","Yogurt, 500 grams","3.40"
"2024-03-01","Quebec","2021A000224","Eggs, 1 dozen","3.66"
"2024-03-01","Quebec","2021A000224","Apples, per kilogram","5.11"
"2024-03-01","Quebec","2021A000224","Bananas, per kilogram","1.79"
"2024-03-01","Quebec","2021A000224","Potatoes, 4.54 kilograms","4.48"
"2024-03-01","Quebec","2021A000224","Tomatoes, per kilogram","6.08"
"2024-03-01","Quebec","2021A000224","Carrots, 1.36 kilograms","3.17"
"2024-03-01","Quebec","2021A000224","Onions, per kilogram","6.05"
"2024-03-01","Quebec","2021A000224","White bread, 675 grams","3.68"
"2024-03-01","Quebec","2021A000224","Dry or fresh pasta, 500 grams","2.77"
"2024-03-01","Quebec","2021A000224","White rice, 2 kilograms","10.10"
"2024-03-01","Quebec","2021A000224","Vegetable oil, 3 litres","10.53"
"2024-03-01","Ontario","2021A000235","Ground beef, per kilogram","11.49"
"2024-03-01","Ontario","2021A000235","Whole chicken, per kilogram","6.20"
"2024-03-01","Ontario","2021A000235","Milk, 2 litres","5.58"
"2024-03-01","Ontario","2021A000235","Block cheese, 500 grams","6.62"
"2024-03-01","Ontario","2021A000235","Yogurt, 500 grams","3.27"
"2024-03-01","Ontario","2021A000235","Eggs, 1 dozen","4.53"
"2024-03-01","Ontario","2021A000235","Apples, per kilogram","4.55"
"2024-03-01","Ontario","2021A000235","Bananas, per kilogram","1.45"
"2024-03-01","Ontario","2021A000235","Potatoes, 4.54 kilograms","4.83"
"2024-03-01","Ontario","2021A000235","Tomatoes, per kilogram","4.72"
"2024-03-01","Ontario","2021A000235","Carrots, 1.36 kilograms","3.33"
"2024-03-01","Ontario","2021A000235","Onions, per kilogram","5.86"
"2024-03-01","Ontario","2021A000235","White bread, 675 grams","3.03"
"2024-03-01","Ontario","2021A000235","Dry or fresh pasta, 500 grams","3.07"
"2024-03-01","Ontario","2021A000235","White rice, 2 kilograms","8.96"
"2024-03-01","Ontario","2021A000235","Vegetable oil, 3 litres","9.65"
"2024-03-01","Manitoba","2021A000246","Ground beef, per kilogram","11.37"
"2024-03-01","Manitoba","2021A000246","Whole chicken, per kilogram","6.89"
"2024-03-01","Manitoba","2021A000246","Milk, 2 litres","4.57"
"2024-03-01","Manitoba","2021A000246","Block cheese, 500 grams","6.59"
"2024-03-01","Manitoba","2021A000246","Yogurt, 500 grams","3.42"
"2024-03-01","Manitoba","2021A000246","Eggs, 1 dozen","3.99"
"2024-03-01","Manitoba","2021A000246","Apples, per kilogram","5.49"
"2024-03-01","Manitoba","2021A000246","Bananas, per kilogram","1.76"
"2024-03-01","Manitoba","2021A000246","Potatoes, 4.54 kilograms","7.85"
"2024-03-01","Manitoba","2021A000246","Tomatoes, per kilogram","5.13"
"2024-03-01","Manitoba","2021A000246","Carrots, 1.36 kilograms","4.10"
"2024-03-01","Manitoba","2021A000246","Onions, per kilogram","5.42"
"2024-03-01","Manitoba","2021A000246","White bread, 675 grams","3.32"
"2024-03-01","Manitoba","2021A000246","Dry or fresh pasta, 500 grams","2.93"
"2024-03-01","Manitoba","2021A000246","White rice, 2 kilograms","8.59"
"2024-03-01","Manitoba","2021A000246","Vegetable oil, 3 litres","10.98"
"2024-03-01","Saskatchewan","2021A000247","Ground beef, per kilogram","11.16"
"2024-03-01","Saskatchewan","2021A000247","Whole chicken, per kilogram","6.92"
"2024-03-01","Saskatchewan","2021A000247","Milk, 2 litres","4.82"
"2024-03-01","Saskatchewan","2021A000247","Block cheese, 500 grams","6.51"
"2024-03-01","Saskatchewan","2021A000247","Yogurt, 500 grams","3.40"
"2024-03-01","Saskatchewan","2021A000247","Eggs, 1 dozen","4.05"
"2024-03-01","Saskatchewan","2021A000247","Apples, per kilogram","5.57"
"2024-03-01","Saskatchewan","2021A000247","Bananas, per kilogram","1.76"
"2024-03-01","Saskatchewan","2021A000247","Potatoes, 4.54 kilograms","7.71"
"2024-03-01","Saskatchewan","2021A000247","Tomatoes, per kilogram","5.18"
"2024-03-01","Saskatchewan","2021A000247","Carrots, 1.36 kilograms","4.04"
"2024-03-01","Saskatchewan","2021A000247","Onions, per kilogram","5.39"
"2024-03-01","Saskatchewan","2021A000247","White bread, 675 grams","3.34"
"2024-03-01","Saskatchewan","2021A000247","Dry or fresh pasta, 500 grams","2.86"
"2024-03-01","Saskatchewan","2021A000247","White rice, 2 kilograms","8.96"
"2024-03-01","Saskatchewan","2021A000247","Vegetable oil, 3 litres","11.60"
"2024-03-01","Alberta","2021A000248","Ground beef, per kilogram","11.90"
"2024-03-01","Alberta","2021A000248","Whole chicken, per kilogram","6.95"
"2024-03-01","Alberta","2021A000248","Milk, 2 litres","5.07"
"2024-03-01","Alberta","2021A000248","Block cheese, 500 grams","6.78"
"2024-03-01","Alberta","2021A000248","Yogurt, 500 grams","3.48"
"2024-03-01","Alberta","2021A000248","Eggs, 1 dozen","4.47"
"2024-03-01","Alberta","2021A000248","Apples, per kilogram","5.68"
"2024-03-01","Alberta","2021A000248","Bananas, per kilogram","1.79"
"2024-03-01","Alberta","2021A000248","Potatoes, 4.54 kilograms","7.64"
"2024-03-01","Alberta","2021A000248","Tomatoes, per kilogram","5.47"
"2024-03-01","Alberta","2021A000248","Carrots, 1.36 kilograms","4.38"
"2024-03-01","Alberta","2021A000248","Onions, per kilogram","5.56"
"2024-03-01","Alberta","2021A000248","White bread, 675 grams","3.33"
"2024-03-01","Alberta","2021A000248","Dry or fresh pasta, 500 grams","3.06"
"2024-03-01","Alberta","2021A000248","White rice, 2 kilograms","9.30"
"2024-03-01","Alberta","2021A000248","Vegetable oil, 3 litres","11.41"
"2024-03-01","British Columbia","2021A000259","Ground beef, per kilogram","12.00"
"2024-03-01","British Columbia","2021A000259","Whole chicken, per kilogram","7.59"
"2024-03-01","British Columbia","2021A000259","Milk, 2 litres","5.17"
"2024-03-01","British Columbia","2021A000259","Block cheese, 500 grams","6.78"
"2024-03-01","British Columbia","2021A000259","Yogurt, 500 grams","3.44"
"2024-03-01","British Columbia","2021A000259","Eggs, 1 dozen","4.89"
"2024-03-01","British Columbia","2021A000259","Apples, per kilogram","5.59"
"2024-03-01","British Columbia","2021A000259","Bananas, per kilogram","1.63"
"2024-03-01","British Columbia","2021A000259","Potatoes, 4.54 kilograms","7.44"
"2024-03-01","British Columbia","2021A000259","Tomatoes, per kilogram","5.47"
"2024-03-01","British Columbia","2021A000259","Carrots, 1.36 kilograms","4.47"
"2024-03-01","British Columbia","2021A000259","Onions, per kilogram","5.48"
"2024-03-01","British Columbia","2021A000259","White bread, 675 grams","3.67"
"2024-03-01","British Columbia","2021A000259","Dry or fresh pasta, 500 grams","3.24"
"2024-03-01","British Columbia","2021A000259","White rice, 2 kilograms","9.16"
"2024-03-01","British Columbia","2021A000259","Vegetable oil, 3 litres","11.67"
"2024-04-01","Newfoundland and Labrador","2021A000210","Ground beef, per kilogram","11.30"
"2024-04-01","Newfoundland and Labrador","2021A000210","Whole chicken, per kilogram","6.22"
"2024-04-01","Newfoundland and Labrador","2021A000210","Milk, 2 litres","4.91"
"2024-04-01","Newfoundland and Labrador","2021A000210","Block cheese, 500 grams","6.91"
"2024-04-01","Newfoundland and Labrador","2021A000210","Yogurt, 500 grams","3.89"
"2024-04-01","Newfoundland and Labrador","2021A000210","Eggs, 1 dozen","4.86"
"2024-04-01","Newfoundland and Labrador","2021A000210","Apples, per kilogram","6.56"
"2024-04-01","Newfoundland and Labrador","2021A000210","Bananas, per kilogram","2.18"
"2024-04-01","Newfoundland and Labrador","2021A000210","Potatoes, 4.54 kilograms","6.76"
"2024-04-01","Newfoundland and Labrador","2021A000210","Tomatoes, per kilogram","6.23"
"2024-04-01","Newfoundland and Labrador","2021A000210","Carrots, 1.36 kilograms","4.27"
"2024-04-01","Newfoundland and Labrador","2021A000210","Onions, per kilogram","6.99"
"2024-04-01","Newfoundland and Labrador","2021A000210","White bread, 675 grams","3.90"
"2024-04-01","Newfoundland and Labrador","2021A000210","Dry or fresh pasta, 500 grams","3.13"
"2024-04-01","Newfoundland and Labrador","2021A000210","White rice, 2 kilograms","10.61"
"2024-04-01","Newfoundland and Labrador","2021A000210","Vegetable oil, 3 litres","12.01"
"2024-04-01","Prince Edward Island","2021A000211","Ground beef, per kilogram","11.72"
"2024-04-01","Prince Edward Island","2021A000211","Whole chicken, per kilogram","6.23"
"2024-04-01","Prince Edward Island","2021A000211","Milk, 2 litres","4.41"
"2024-04-01","Prince Edward Island","2021A000211","Block cheese, 500 grams","7.02"
"2024-04-01","Prince Edward Island","2021A000211","Yogurt, 500 grams","3.58"
"2024-04-01","Prince Edward Island","2021A000211","Eggs, 1 dozen","4.98"
"2024-04-01","Prince Edward Island","2021A000211","Apples, per kilogram","6.19"
"2024-04-01","Prince Edward Island","2021A000211","Bananas, per kilogram","2.08"
"2024-04-01","Prince Edward Island","2021A000211","Potatoes, 4.54 kilograms","6.01"
"2024-04-01","Prince Edward Island","2021A000211","Tomatoes, per kilogram","5.32"
"2024-04-01","Prince Edward Island","2021A000211","Carrots, 1.36 kilograms","4.22"
"2024-04-01","Prince Edward Island","2021A000211","Onions, per kilogram","7.03"
"2024-04-01","Prince Edward Island","2021A000211","White bread, 675 grams","3.62"
"2024-04-01","Prince Edward Island","2021A000211","Dry or fresh pasta, 500 grams","3.26"
"2024-04-01","Prince Edward Island","2021A000211","White rice, 2 kilograms","10.59"
"2024-04-01","Prince Edward Island","2021A000211","Vegetable oil, 3 litres","12.28"
"2024-04-01","Nova Scotia","2021A000212","Ground beef, per kilogram","11.70"
"2024-04-01","Nova Scotia","2021A000212","Whole chicken, per kilogram","6.19"
"2024-04-01","Nova Scotia","2021A000212","Milk, 2 litres","4.66"
"2024-04-01","Nova Scotia","2021A000212","Block cheese, 500 grams","6.93"
"2024-04-01","Nova Scotia","2021A000212","Yogurt, 500 grams","3.52"
"2024-04-01","Nova Scotia","2021A000212","Eggs, 1 dozen","4.98"
"2024-04-01","Nova Scotia","2021A000212","Apples, per kilogram","6.11"
"2024-04-01","Nova Scotia","2021A000212","Bananas, per kilogram","2.13"
"2024-04-01","Nova Scotia","2021A000212","Potatoes, 4.54 kilograms","5.75"
"2024-04-01","Nova Scotia","2021A000212","Tomatoes, per kilogram","5.16"
"2024-04-01","Nova Scotia","2021A000212","Carrots, 1.36 kilograms","4.19"
"2024-04-01","Nova Scotia","2021A000212","Onions, per kilogram","6.98"
"2024-04-01","Nova Scotia","2021A000212","White bread, 675 grams","3.57"
"2024-04-01","Nova Scotia","2021A000212","Dry or fresh pasta, 500 grams","3.24"
"2024-04-01","Nova Scotia","2021A000212","White rice, 2 kilograms","10.61"
"2024-04-01","Nova Scotia","2021A000212","Vegetable oil, 3 litres","12.23"
"2024-04-01","New Brunswick","2021A000213","Ground beef, per kilogram","11.63"
"2024-04-01","New Brunswick","2021A000213","Whole chicken, per kilogram","6.21"
"2024-04-01","New Brunswick","2021A000213","Milk, 2 litres","4.86"
"2024-04-01","New Brunswick","2021A000213","Block cheese, 500 grams","6.91"
"2024-04-01","New Brunswick","2021A000213","Yogurt, 500 grams","3.65"
"2024-04-01","New Brunswick","2021A000213","Eggs, 1 dozen","4.63"
"2024-04-01","New Brunswick","2021A000213","Apples, per kilogram","6.35"
"2024-04-01","New Brunswick","2021A000213","Bananas, per kilogram","2.14"
"2024-04-01","New Brunswick","2021A000213","Potatoes, 4.54 kilograms","6.07"
"2024-04-01","New Brunswick","2021A000213","Tomatoes, per kilogram","5.23"
"2024-04-01","New Brunswick","2021A000213","Carrots, 1.36 kilograms","4.32"
"2024-04-01","New Brunswick","2021A000213","Onions, per kilogram","6.98"
"2024-04-01","New Brunswick","2021A000213","White bread, 675 grams","3.67"
"2024-04-01","New Brunswick","2021A000213","Dry or fresh pasta, 500 grams","3.06"
"2024-04-01","New Brunswick","2021A000213","White rice, 2 kilograms","10.60"
"2024-04-01","New Brunswick","2021A000213","Vegetable oil, 3 litres","12.90"
"2024-04-01","Quebec","2021A000224","Ground beef, per kilogram","11.39"
"2024-04-01","Quebec","2021A000224","Whole chicken, per kilogram","5.26"
"2024-04-01","Quebec","2021A000224","Milk, 2 litres","4.97"
"2024-04-01","Quebec","2021A000224","Block cheese, 500 grams","6.57"
"2024-04-01","Quebec","2021A000224","Yogurt, 500 grams","3.33"
"2024-04-01","Quebec","2021A000224","Eggs, 1 dozen","3.98"
"2024-04-01","Quebec","2021A000224","Apples, per kilogram","4.85"
"2024-04-01","Quebec","2021A000224","Bananas, per kilogram","1.79"
"2024-04-01","Quebec","2021A000224","Potatoes, 4.54 kilograms","5.70"
"2024-04-01","Quebec","2021A000224","Tomatoes, per kilogram","4.02"
"2024-04-01","Quebec","2021A000224","Carrots, 1.36 kilograms","3.80"
"2024-04-01","Quebec","2021A000224","Onions, per kilogram","6.43"
"2024-04-01","Quebec","2021A000224","White bread, 675 grams","3.81"
"2024-04-01","Quebec","2021A000224","Dry or fresh pasta, 500 grams","3.20"
"2024-04-01","Quebec","2021A000224","White rice, 2 kilograms","10.11"
"2024-04-01","Quebec","2021A000224","Vegetable oil, 3 litres","10.18"
"2024-04-01","Ontario","2021A000235","Ground beef, per kilogram","11.29"
"2024-04-01","Ontario","2021A000235","Whole chicken, per kilogram","5.86"
"2024-04-01","Ontario","2021A000235","Milk, 2 litres","5.50"
"2024-04-01","Ontario","2021A000235","Block cheese, 500 grams","6.99"
"2024-04-01","Ontario","2021A000235","Yogurt, 500 grams","3.28"
"2024-04-01","Ontario","2021A000235","Eggs, 1 dozen","4.76"
"2024-04-01","Ontario","2021A000235","Apples, per kilogram","4.68"
"2024-04-01","Ontario","2021A000235","Bananas, per kilogram","1.45"
"2024-04-01","Ontario","2021A000235","Potatoes, 4.54 kilograms","5.18"
"2024-04-01","Ontario","2021A000235","Tomatoes, per kilogram","4.02"
"2024-04-01","Ontario","2021A000235","Carrots, 1.36 kilograms","4.05"
"2024-04-01","Ontario","2021A000235","Onions, per kilogram","5.72"
"2024-04-01","Ontario","2021A000235","White bread, 675 grams","3.01"
"2024-04-01","Ontario","2021A000235","Dry or fresh pasta, 500 grams","3.05"
"2024-04-01","Ontario","2021A000235","White rice, 2 kilograms","8.86"
"2024-04-01","Ontario","2021A000235","Vegetable oil, 3 litres","9.97"
"2024-04-01","Manitoba","2021A000246","Ground beef, per kilogram","11.75"
"2024-04-01","Manitoba","2021A000246","Whole chicken, per kilogram","6.97"
"2024-04-01","Manitoba","2021A000246","Milk, 2 litres","4.56"
"2024-04-01","Manitoba","2021A000246","Block cheese, 500 grams","6.81"
"2024-04-01","Manitoba","2021A000246","Yogurt, 500 grams","3.35"
"2024-04-01","Manitoba","2021A000246","Eggs, 1 dozen","4.62"
"2024-04-01","Manitoba","2021A000246","Apples, per kilogram","5.94"
"2024-04-01","Manitoba","2021A000246","Bananas, per kilogram","1.75"
"2024-04-01","Manitoba","2021A000246","Potatoes, 4.54 kilograms","7.93"
"2024-04-01","Manitoba","2021A000246","Tomatoes, per kilogram","4.35"
"2024-04-01","Manitoba","2021A000246","Carrots, 1.36 kilograms","4.71"
"2024-04-01","Manitoba","2021A000246","Onions, per kilogram","5.18"
"2024-04-01","Manitoba","2021A000246","White bread, 675 grams","3.43"
"2024-04-01","Manitoba","2021A000246","Dry or fresh pasta, 500 grams","2.94"
"2024-04-01","Manitoba","2021A000246","White rice, 2 kilograms","10.48"
"2024-04-01","Manitoba","2021A000246","Vegetable oil, 3 litres","13.71"
"2024-04-01","Saskatchewan","2021A000247","Ground beef, per kilogram","11.37"
"2024-04-01","Saskatchewan","2021A000247","Whole chicken, per kilogram","7.17"
"2024-04-01","Saskatchewan","2021A000247","Milk, 2 litres","4.81"
"2024-04-01","Saskatchewan","2021A000247","Block cheese, 500 grams","6.77"
"2024-04-01","Saskatchewan","2021A000247","Yogurt, 500 grams","3.34"
"2024-04-01","Saskatchewan","2021A000247","Eggs, 1 dozen","4.64"
"2024-04-01","Saskatchewan","2021A000247","Apples, per kilogram","6.04"
"2024-04-01","Saskatchewan","2021A000247","Bananas, per kilogram","1.77"
"2024-04-01","Saskatchewan","2021A000247","Potatoes, 4.54 kilograms","8.01"
"2024-04-01","Saskatchewan","2021A000247","Tomatoes, per kilogram","4.48"
"2024-04-01","Saskatchewan","2021A000247","Carrots, 1.36 kilograms","4.74"
"2024-04-01","Saskatchewan","2021A000247","Onions, per kilogram","5.20"
"2024-04-01","Saskatchewan","2021A000247","White bread, 675 grams","3.45"
"2024-04-01","Saskatchewan","2021A000247","Dry or fresh pasta, 500 grams","2.95"
"2024-04-01","Saskatchewan","2021A000247","White rice, 2 kilograms","9.67"
"2024-04-01","Saskatchewan","2021A000247","Vegetable oil, 3 litres","13.91"
"2024-04-01","Alberta","2021A000248","Ground beef, per kilogram","12.24"
"2024-04-01","Alberta","2021A000248","Whole chicken, per kilogram","7.16"
"2024-04-01","Alberta","2021A000248","Milk, 2 litres","5.08"
"2024-04-01","Alberta","2021A000248","Block cheese, 500 grams","6.98"
"2024-04-01","Alberta","2021A000248","Yogurt, 500 grams","3.41"
"2024-04-01","Alberta","2021A000248","Eggs, 1 dozen","4.93"
"2024-04-01","Alberta","2021A000248","Apples, per kilogram","6.09"
"2024-04-01","Alberta","2021A000248","Bananas, per kilogram","1.79"
"2024-04-01","Alberta","2021A000248","Potatoes, 4.54 kilograms","7.80"
"2024-04-01","Alberta","2021A000248","Tomatoes, per kilogram","4.69"
"2024-04-01","Alberta","2021A000248","Carrots, 1.36 kilograms","4.92"
"2024-04-01","Alberta","2021A000248","Onions, per kilogram","5.21"
"2024-04-01","Alberta","2021A000248","White bread, 675 grams","3.44"
"2024-04-01","Alberta","2021A000248","Dry or fresh pasta, 500 grams","3.12"
"2024-04-01","Alberta","2021A000248","White rice, 2 kilograms","9.87"
"2024-04-01","Alberta","2021A000248","Vegetable oil, 3 litres","13.83"
"2024-04-01","British Columbia","2021A000259","Ground beef, per kilogram","12.44"
"2024-04-01","British Columbia","2021A000259","Whole chicken, per kilogram","7.80"
"2024-04-01","British Columbia","2021A000259","Milk, 2 litres","5.20"
"2024-04-01","British Columbia","2021A000259","Block cheese, 500 grams","7.05"
"2024-04-01","British Columbia","2021A000259","Yogurt, 500 grams","3.38"
"2024-04-01","British Columbia","2021A000259","Eggs, 1 dozen","5.34"
"2024-04-01","British Columbia","2021A000259","Apples, per kilogram","6.05"
"2024-04-01","British Columbia","2021A000259","Bananas, per kilogram","1.63"
"2024-04-01","British Columbia","2021A000259","Potatoes, 4.54 kilograms","7.91"
"2024-04-01","British Columbia","2021A000259","Tomatoes, per kilogram","4.63"
"2024-04-01","British Columbia","2021A000259","Carrots, 1.36 kilograms","5.06"
"2024-04-01","British Columbia","2021A000259","Onions, per kilogram","5.20"
"2024-04-01","British Columbia","2021A000259","White bread, 675 grams","3.79"
"2024-04-01","British Columbia","2021A000259","Dry or fresh pasta, 500 grams","3.26"
"2024-04-01","British Columbia","2021A000259","White rice, 2 kilograms","9.47"
"2024-04-01","British Columbia","2021A000259","Vegetable oil, 3 litres","13.94"
"2024-05-01","Newfoundland and Labrador","2021A000210","Ground beef, per kilogram","12.64"
"2024-05-01","Newfoundland and Labrador","2021A000210","Whole chicken, per kilogram","6.46"
"2024-05-01","Newfoundland and Labrador","2021A000210","Milk, 2 litres","5.04"
"2024-05-01","Newfoundland and Labrador","2021A000210","Block cheese, 500 grams","6.89"
"2024-05-01","Newfoundland and Labrador","2021A000210","Yogurt, 500 grams","3.98"
"2024-05-01","Newfoundland and Labrador","2021A000210","Eggs, 1 dozen","5.09"
"2024-05-01","Newfoundland and Labrador","2021A000210","Apples, per kilogram","6.94"
"2024-05-01","Newfoundland and Labrador","2021A000210","Bananas, per kilogram","2.18"
"2024-05-01","Newfoundland and Labrador","2021A000210","Potatoes, 4.54 kilograms","7.43"
"2024-05-01","Newfoundland and Labrador","2021A000210","Tomatoes, per kilogram","5.89"
"2024-05-01","Newfoundland and Labrador","2021A000210","Carrots, 1.36 kilograms","4.58"
"2024-05-01","Newfoundland and Labrador","2021A000210","Onions, per kilogram","7.22"
"2024-05-01","Newfoundland and Labrador","2021A000210","White bread, 675 grams","4.04"
"2024-05-01","Newfoundland and Labrador","2021A000210","Dry or fresh pasta, 500 grams","3.44"
"2024-05-01","Newfoundland and Labrador","2021A000210","White rice, 2 kilograms","8.50"
"2024-05-01","Newfoundland and Labrador","2021A000210","Vegetable oil, 3 litres","10.81"
"2024-05-01","Prince Edward Island","2021A000211","Ground beef, per kilogram","12.96"
"2024-05-01","Prince Edward Island","2021A000211","Whole chicken, per kilogram","6.39"
"2024-05-01","Prince Edward Island","2021A000211","Milk, 2 litres","4.51"
"2024-05-01","Prince Edward Island","2021A000211","Block cheese, 500 grams","7.03"
"2024-05-01","Prince Edward Island","2021A000211","Yogurt, 500 grams","3.78"
"2024-05-01","Prince Edward Island","2021A000211","Eggs, 1 dozen","5.08"
"2024-05-01","Prince Edward Island","2021A000211","Apples, per kilogram","6.54"
"2024-05-01","Prince Edward Island","2021A000211","Bananas, per kilogram","2.15"
"2024-05-01","Prince Edward Island","2021A000211","Potatoes, 4.54 kilograms","6.30"
"2024-05-01","Prince Edward Island","2021A000211","Tomatoes, per kilogram","4.97"
"2024-05-01","Prince Edward Island","2021A000211","Carrots, 1.36 kilograms","4.42"
"2024-05-01","Prince Edward Island","2021A000211","Onions, per kilogram","7.13"
"2024-05-01","Prince Edward Island","2021A000211","White bread, 675 grams","3.77"
"2024-05-01","Prince Edward Island","2021A000211","Dry or fresh pasta, 500 grams","3.52"
"2024-05-01","Prince Edward Island","2021A000211","White rice, 2 kilograms","8.45"
"2024-05-01","Prince Edward Island","2021A000211","Vegetable oil, 3 litres","11.21"
"2024-05-01","Nova Scotia","2021A000212","Ground beef, per kilogram","13.02"
"2024-05-01","Nova Scotia","2021A000212","Whole chicken, per kilogram","6.29"
"2024-05-01","Nova Scotia","2021A000212","Milk, 2 litres","4.77"
"2024-05-01","Nova Scotia","2021A000212","Block cheese, 500 grams","6.89"
"2024-05-01","Nova Scotia","2021A000212","Yogurt, 500 grams","3.71"
"2024-05-01","Nova Scotia","2021A000212","Eggs, 1 dozen","5.10"
"2024-05-01","Nova Scotia","2021A000212","Apples, per kilogram","6.47"
"2024-05-01","Nova Scotia","2021A000212","Bananas, per kilogram","2.15"
"2024-05-01","Nova Scotia","2021A000212","Potatoes, 4.54 kilograms","6.22"
"2024-05-01","Nova Scotia","2021A000212","Tomatoes, per kilogram","4.98"
"2024-05-01","Nova Scotia","2021A000212","Carrots, 1.36 kilograms","4.32"
"2024-05-01","Nova Scotia","2021A000212","Onions, per kilogram","7.09"
"2024-05-01","Nova Scotia","2021A000212","White bread, 675 grams","3.75"
"2024-05-01","Nova Scotia","2021A000212","Dry or fresh pasta, 500 grams","3.51"
"2024-05-01","Nova Scotia","2021A000212","White rice, 2 kilograms","8.50"
"2024-05-01","Nova Scotia","2021A000212","Vegetable oil, 3 litres","11.39"
"2024-05-01","New Brunswick","2021A000213","Ground beef, per kilogram","12.81"
"2024-05-01","New Brunswick","2021A000213","Whole chicken, per kilogram","5.93"
"2024-05-01","New Brunswick","2021A000213","Milk, 2 litres","4.92"
"2024-05-01","New Brunswick","2021A000213","Block cheese, 500 grams","6.91"
"2024-05-01","New Brunswick","2021A000213","Yogurt, 500 grams","3.83"
"2024-05-01","New Brunswick","2021A000213","Eggs, 1 dozen","4.56"
"2024-05-01","New Brunswick","2021A000213","Apples, per kilogram","6.63"
"2024-05-01","New Brunswick","2021A000213","Bananas, per kilogram","2.15"
"2024-05-01","New Brunswick","2021A000213","Potatoes, 4.54 kilograms","6.32"
"2024-05-01","New Brunswick","2021A000213","Tomatoes, per kilogram","5.03"
"2024-05-01","New Brunswick","2021A000213","Carrots, 1.36 kilograms","4.44"
"2024-05-01","New Brunswick","2021A000213","Onions, per kilogram","7.22"
"2024-05-01","New Brunswick","2021A000213","White bread, 675 grams","3.73"
"2024-05-01","New Brunswick","2021A000213","Dry or fresh pasta, 500 grams","3.30"
"2024-05-01","New Brunswick","2021A000213","White rice, 2 kilograms","8.43"
"2024-05-01","New Brunswick","2021A000213","Vegetable oil, 3 litres","12.30"
"2024-05-01","Quebec","2021A000224","Ground beef, per kilogram","12.09"
"2024-05-01","Quebec","2021A000224","Whole chicken, per kilogram","5.21"
"2024-05-01","Quebec","2021A000224","Milk, 2 litres","5.11"
"2024-05-01","Quebec","2021A000224","Block cheese, 500 grams","6.59"
"2024-05-01","Quebec","2021A000224","Yogurt, 500 grams","3.48"
"2024-05-01","Quebec","2021A000224","Eggs, 1 dozen","3.59"
"2024-05-01","Quebec","2021A000224","Apples, per kilogram","6.02"
"2024-05-01","Quebec","2021A000224","Bananas, per kilogram","1.77"
"2024-05-01","Quebec","2021A000224","Potatoes, 4.54 kilograms","5.46"
"2024-05-01","Quebec","2021A000224","Tomatoes, per kilogram","4.00"
"2024-05-01","Quebec","2021A000224","Carrots, 1.36 kilograms","4.03"
"2024-05-01","Quebec","2021A000224","Onions, per kilogram","6.92"
"2024-05-01","Quebec","2021A000224","White bread, 675 grams","3.77"
"2024-05-01","Quebec","2021A000224","Dry or fresh pasta, 500 grams","3.32"
"2024-05-01","Quebec","2021A000224","White rice, 2 kilograms","8.68"
"2024-05-01","Quebec","2021A000224","Vegetable oil, 3 litres","10.31"
"2024-05-01","Ontario","2021A000235","Ground beef, per kilogram","12.23"
"2024-05-01","Ontario","2021A000235","Whole chicken, per kilogram","5.75"
"2024-05-01","Ontario","2021A000235","Milk, 2 litres","5.62"
"2024-05-01","Ontario","2021A000235","Block cheese, 500 grams","6.86"
"2024-05-01","Ontario","2021A000235","Yogurt, 500 grams","3.38"
"2024-05-01","Ontario","2021A000235","Eggs, 1 dozen","4.79"
"2024-05-01","Ontario","2021A000235","Apples, per kilogram","4.85"
"2024-05-01","Ontario","2021A000235","Bananas, per kilogram","1.45"
"2024-05-01","Ontario","2021A000235","Potatoes, 4.54 kilograms","5.93"
"2024-05-01","Ontario","2021A000235","Tomatoes, per kilogram","4.16"
"2024-05-01","Ontario","2021A000235","Carrots, 1.36 kilograms","3.85"
"2024-05-01","Ontario","2021A000235","Onions, per kilogram","5.81"
"2024-05-01","Ontario","2021A000235","White bread, 675 grams","2.93"
"2024-05-01","Ontario","2021A000235","Dry or fresh pasta, 500 grams","3.35"
"2024-05-01","Ontario","2021A000235","White rice, 2 kilograms","6.88"
"2024-05-01","Ontario","2021A000235","Vegetable oil, 3 litres","9.23"
"2024-05-01","Manitoba","2021A000246","Ground beef, per kilogram","13.40"
"2024-05-01","Manitoba","2021A000246","Whole chicken, per kilogram","7.64"
"2024-05-01","Manitoba","2021A000246","Milk, 2 litres","4.55"
"2024-05-01","Manitoba","2021A000246","Block cheese, 500 grams","6.74"
"2024-05-01","Manitoba","2021A000246","Yogurt, 500 grams","3.41"
"2024-05-01","Manitoba","2021A000246","Eggs, 1 dozen","4.62"
"2024-05-01","Manitoba","2021A000246","Apples, per kilogram","6.15"
"2024-05-01","Manitoba","2021A000246","Bananas, per kilogram","1.76"
"2024-05-01","Manitoba","2021A000246","Potatoes, 4.54 kilograms","8.35"
"2024-05-01","Manitoba","2021A000246","Tomatoes, per kilogram","4.53"
"2024-05-01","Manitoba","2021A000246","Carrots, 1.36 kilograms","4.89"
"2024-05-01","Manitoba","2021A000246","Onions, per kilogram","5.44"
"2024-05-01","Manitoba","2021A000246","White bread, 675 grams","3.32"
"2024-05-01","Manitoba","2021A000246","Dry or fresh pasta, 500 grams","3.20"
"2024-05-01","Manitoba","2021A000246","White rice, 2 kilograms","7.61"
"2024-05-01","Manitoba","2021A000246","Vegetable oil, 3 litres","13.21"
"2024-05-01","Saskatchewan","2021A000247","Ground beef, per kilogram","12.97"
"2024-05-01","Saskatchewan","2021A000247","Whole chicken, per kilogram","7.62"
"2024-05-01","Saskatchewan","2021A000247","Milk, 2 litres","4.87"
"2024-05-01","Saskatchewan","2021A000247","Block cheese, 500 grams","6.67"
"2024-05-01","Saskatchewan","2021A000247","Yogurt, 500 grams","3.37"
"2024-05-01","Saskatchewan","2021A000247","Eggs, 1 dozen","4.62"
"2024-05-01","Saskatchewan","2021A000247","Apples, per kilogram","6.21"
"2024-05-01","Saskatchewan","2021A000247","Bananas, per kilogram","1.77"
"2024-05-01","Saskatchewan","2021A000247","Potatoes, 4.54 kilograms","8.24"
"2024-05-01","Saskatchewan","2021A000247","Tomatoes, per kilogram","4.76"
"2024-05-01","Saskatchewan","2021A000247","Carrots, 1.36 kilograms","4.91"
"2024-05-01","Saskatchewan","2021A000247","Onions, per kilogram","5.44"
"2024-05-01","Saskatchewan","2021A000247","White bread, 675 grams","3.39"
"2024-05-01","Saskatchewan","2021A000247","Dry or fresh pasta, 500 grams","3.21"
"2024-05-01","Saskatchewan","2021A000247","White rice, 2 kilograms","7.28"
"2024-05-01","Saskatchewan","2021A000247","Vegetable oil, 3 litres","13.26"
"2024-05-01","Alberta","2021A000248","Ground beef, per kilogram","13.97"
"2024-05-01","Alberta","2021A000248","Whole chicken, per kilogram","7.79"
"2024-05-01","Alberta","2021A000248","Milk, 2 litres","5.12"
"2024-05-01","Alberta","2021A000248","Block cheese, 500 grams","6.92"
"2024-05-01","Alberta","2021A000248","Yogurt, 500 grams","3.46"
"2024-05-01","Alberta","2021A000248","Eggs, 1 dozen","4.96"
"2024-05-01","Alberta","2021A000248","Apples, per kilogram","6.24"
"2024-05-01","Alberta","2021A000248","Bananas, per kilogram","1.78"
"2024-05-01","Alberta","2021A000248","Potatoes, 4.54 kilograms","8.30"
"2024-05-01","Alberta","2021A000248","Tomatoes, per kilogram","4.78"
"2024-05-01","Alberta","2021A000248","Carrots, 1.36 kilograms","4.99"
"2024-05-01","Alberta","2021A000248","Onions, per kilogram","5.44"
"2024-05-01","Alberta","2021A000248","White bread, 675 grams","3.44"
"2024-05-01","Alberta","2021A000248","Dry or fresh pasta, 500 grams","3.37"
"2024-05-01","Alberta","2021A000248","White rice, 2 kilograms","7.69"
"2024-05-01","Alberta","2021A000248","Vegetable oil, 3 litres","13.23"
"2024-05-01","British Columbia","2021A000259","Ground beef, per kilogram","14.10"
"2024-05-01","British Columbia","2021A000259","Whole chicken, per kilogram","8.49"
"2024-05-01","British Columbia","2021A000259","Milk, 2 litres","5.25"
"2024-05-01","British Columbia","2021A000259","Block cheese, 500 grams","6.94"
"2024-05-01","British Columbia","2021A000259","Yogurt, 500 grams","3.47"
"2024-05-01","British Columbia","2021A000259","Eggs, 1 dozen","5.37"
"2024-05-01","British Columbia","2021A000259","Apples, per kilogram","6.05"
"2024-05-01","British Columbia","2021A000259","Bananas, per kilogram","1.63"
"2024-05-01","British Columbia","2021A000259","Potatoes, 4.54 kilograms","8.31"
"2024-05-01","British Columbia","2021A000259","Tomatoes, per kilogram","4.87"
"2024-05-01","British Columbia","2021A000259","Carrots, 1.36 kilograms","5.17"
"2024-05-01","British Columbia","2021A000259","Onions, per kilogram","5.38"
"2024-05-01","British Columbia","2021A000259","White bread, 675 grams","3.82"
"2024-05-01","British Columbia","2021A000259","Dry or fresh pasta, 500 grams","3.46"
"2024-05-01","British Columbia","2021A000259","White rice, 2 kilograms","8.02"
"2024-05-01","British Columbia","2021A000259","Vegetable oil, 3 litres","13.32"
"2024-06-01","Newfoundland and Labrador","2021A000210","Ground beef, per kilogram","11.67"
"2024-06-01","Newfoundland and Labrador","2021A000210","Whole chicken, per kilogram","6.98"
"2024-06-01","Newfoundland and Labrador","2021A000210","Milk, 2 litres","5.06"
"2024-06-01","Newfoundland and Labrador","2021A000210","Block cheese, 500 grams","7.03"
"2024-06-01","Newfoundland and Labrador","2021A000210","Yogurt, 500 grams","4.06"
"2024-06-01","Newfoundland and Labrador","2021A000210","Eggs, 1 dozen","5.33"
"2024-06-01","Newfoundland and Labrador","2021A000210","Apples, per kilogram","7.00"
"2024-06-01","Newfoundland and Labrador","2021A000210","Bananas, per kilogram","2.18"
"2024-06-01","Newfoundland and Labrador","2021A000210","Potatoes, 4.54 kilograms","7.17"
"2024-06-01","Newfoundland and Labrador","2021A000210","Tomatoes, per kilogram","6.72"
"2024-06-01","Newfoundland and Labrador","2021A000210","Carrots, 1.36 kilograms","4.79"
"2024-06-01","Newfoundland and Labrador","2021A000210","Onions, per kilogram","7.07"
"2024-06-01","Newfoundland and Labrador","2021A000210","White bread, 675 grams","4.03"
"2024-06-01","Newfoundland and Labrador","2021A000210","Dry or fresh pasta, 500 grams","3.29"
"2024-06-01","Newfoundland and Labrador","2021A000210","White rice, 2 kilograms","7.42"
"2024-06-01","Newfoundland and Labrador","2021A000210","Vegetable oil, 3 litres","8.58"
"2024-06-01","Prince Edward Island","2021A000211","Ground beef, per kilogram","11.84"
"2024-06-01","Prince Edward Island","2021A000211","Whole chicken, per kilogram","6.90"
"2024-06-01","Prince Edward Island","2021A000211","Milk, 2 litres","4.55"
"2024-06-01","Prince Edward Island","2021A000211","Block cheese, 500 grams","7.09"
"2024-06-01","Prince Edward Island","2021A000211","Yogurt, 500 grams","3.81"
"2024-06-01","Prince Edward Island","2021A000211","Eggs, 1 dozen","5.28"
"2024-06-01","Prince Edward Island","2021A000211","Apples, per kilogram","6.68"
"2024-06-01","Prince Edward Island","2021A000211","Bananas, per kilogram","2.12"
"2024-06-01","Prince Edward Island","2021A000211","Potatoes, 4.54 kilograms","6.06"
"2024-06-01","Prince Edward Island","2021A000211","Tomatoes, per kilogram","5.72"
"2024-06-01","Prince Edward Island","2021A000211","Carrots, 1.36 kilograms","4.45"
"2024-06-01","Prince Edward Island","2021A000211","Onions, per kilogram","7.04"
"2024-06-01","Prince Edward Island","2021A000211","White bread, 675 grams","3.74"
"2024-06-01","Prince Edward Island","2021A000211","Dry or fresh pasta, 500 grams","3.36"
"2024-06-01","Prince Edward Island","2021A000211","White rice, 2 kilograms","7.53"
"2024-06-01","Prince Edward Island","2021A000211","Vegetable oil, 3 litres","8.76"
"2024-06-01","Nova Scotia","2021A000212","Ground beef, per kilogram","11.92"
"2024-06-01","Nova Scotia","2021A000212","Whole chicken, per kilogram","6.51"
"2024-06-01","Nova Scotia","2021A000212","Milk, 2 litres","4.81"
"2024-06-01","Nova Scotia","2021A000212","Block cheese, 500 grams","7.01"
"2024-06-01","Nova Scotia","2021A000212","Yogurt, 500 grams","3.74"
"2024-06-01","Nova Scotia","2021A000212","Eggs, 1 dozen","5.14"
"2024-06-01","Nova Scotia","2021A000212","Apples, per kilogram","6.60"
"2024-06-01","Nova Scotia","2021A000212","Bananas, per kilogram","2.13"
"2024-06-01","Nova Scotia","2021A000212","Potatoes, 4.54 kilograms","5.82"
"2024-06-01","Nova Scotia","2021A000212","Tomatoes, per kilogram","5.59"
"2024-06-01","Nova Scotia","2021A000212","Carrots, 1.36 kilograms","4.40"
"2024-06-01","Nova Scotia","2021A000212","Onions, per kilogram","7.05"
"2024-06-01","Nova Scotia","2021A000212","White bread, 675 grams","3.72"
"2024-06-01","Nova Scotia","2021A000212","Dry or fresh pasta, 500 grams","3.32"
"2024-06-01","Nova Scotia","2021A000212","White rice, 2 kilograms","7.57"
"2024-06-01","Nova Scotia","2021A000212","Vegetable oil, 3 litres","8.87"
"2024-06-01","New Brunswick","2021A000213","Ground beef, per kilogram","11.58"
"2024-06-01","New Brunswick","2021A000213","Whole chicken, per kilogram","6.36"
"2024-06-01","New Brunswick","2021A000213","Milk, 2 litres","4.95"
"2024-06-01","New Brunswick","2021A000213","Block cheese, 500 grams","7.11"
"2024-06-01","New Brunswick","2021A000213","Yogurt, 500 grams","3.82"
"2024-06-01","New Brunswick","2021A000213","Eggs, 1 dozen","5.21"
"2024-06-01","New Brunswick","2021A000213","Apples, per kilogram","6.70"
"2024-06-01","New Brunswick","2021A000213","Bananas, per kilogram","2.13"
"2024-06-01","New Brunswick","2021A000213","Potatoes, 4.54 kilograms","6.07"
"2024-06-01","New Brunswick","2021A000213","Tomatoes, per kilogram","5.47"
"2024-06-01","New Brunswick","2021A000213","Carrots, 1.36 kilograms","4.54"
"2024-06-01","New Brunswick","2021A000213","Onions, per kilogram","7.06"
"2024-06-01","New Brunswick","2021A000213","White bread, 675 grams","3.78"
"2024-06-01","New Brunswick","2021A000213","Dry or fresh pasta, 500 grams","3.14"
"2024-06-01","New Brunswick","2021A000213","White rice, 2 kilograms","7.83"
"2024-06-01","New Brunswick","2021A000213","Vegetable oil, 3 litres","8.88"
"2024-06-01","Quebec","2021A000224","Ground beef, per kilogram","12.63"
"2024-06-01","Quebec","2021A000224","Whole chicken, per kilogram","4.98"
"2024-06-01","Quebec","2021A000224","Milk, 2 litres","5.13"
"2024-06-01","Quebec","2021A000224","Block cheese, 500 grams","6.64"
"2024-06-01","Quebec","2021A000224","Yogurt, 500 grams","3.43"
"2024-06-01","Quebec","2021A000224","Eggs, 1 dozen","3.66"
"2024-06-01","Quebec","2021A000224","Apples, per kilogram","5.89"
"2024-06-01","Quebec","2021A000224","Bananas, per kilogram","1.78"
"2024-06-01","Quebec","2021A000224","Potatoes, 4.54 kilograms","4.81"
"2024-06-01","Quebec","2021A000224","Tomatoes, per kilogram","3.82"
"2024-06-01","Quebec","2021A000224","Carrots, 1.36 kilograms","4.27"
"2024-06-01","Quebec","2021A000224","Onions, per kilogram","6.84"
"2024-06-01","Quebec","2021A000224","White bread, 675 grams","3.81"
"2024-06-01","Quebec","2021A000224","Dry or fresh pasta, 500 grams","3.19"
"2024-06-01","Quebec","2021A000224","White rice, 2 kilograms","9.24"
"2024-06-01","Quebec","2021A000224","Vegetable oil, 3 litres","8.70"
"2024-06-01","Ontario","2021A000235","Ground beef, per kilogram","12.83"
"2024-06-01","Ontario","2021A000235","Whole chicken, per kilogram","5.19"
"2024-06-01","Ontario","2021A000235","Milk, 2 litres","5.72"
"2024-06-01","Ontario","2021A000235","Block cheese, 500 grams","6.85"
"2024-06-01","Ontario","2021A000235","Yogurt, 500 grams","3.41"
"2024-06-01","Ontario","2021A000235","Eggs, 1 dozen","4.53"
"2024-06-01","Ontario","2021A000235","Apples, per kilogram","5.38"
"2024-06-01","Ontario","2021A000235","Bananas, per kilogram","1.45"
"2024-06-01","Ontario","2021A000235","Potatoes, 4.54 kilograms","5.84"
"2024-06-01","Ontario","2021A000235","Tomatoes, per kilogram","4.20"
"2024-06-01","Ontario","2021A000235","Carrots, 1.36 kilograms","4.11"
"2024-06-01","Ontario","2021A000235","Onions, per kilogram","5.97"
"2024-06-01","Ontario","2021A000235","White bread, 675 grams","3.01"
"2024-06-01","Ontario","2021A000235","Dry or fresh pasta, 500 grams","3.07"
"2024-06-01","Ontario","2021A000235","White rice, 2 kilograms","4.79"
"2024-06-01","Ontario","2021A000235","Vegetable oil, 3 litres","9.25"
"2024-06-01","Manitoba","2021A000246","Ground beef, per kilogram","12.76"
"2024-06-01","Manitoba","2021A000246","Whole chicken, per kilogram","7.14"
"2024-06-01","Manitoba","2021A000246","Milk, 2 litres","4.61"
"2024-06-01","Manitoba","2021A000246","Block cheese, 500 grams","6.78"
"2024-06-01","Manitoba","2021A000246","Yogurt, 500 grams","3.49"
"2024-06-01","Manitoba","2021A000246","Eggs, 1 dozen","4.62"
"2024-06-01","Manitoba","2021A000246","Apples, per kilogram","6.19"
"2024-06-01","Manitoba","2021A000246","Bananas, per kilogram","1.76"
"2024-06-01","Manitoba","2021A000246","Potatoes, 4.54 kilograms","8.44"
"2024-06-01","Manitoba","2021A000246","Tomatoes, per kilogram","4.61"
"2024-06-01","Manitoba","2021A000246","Carrots, 1.36 kilograms","4.87"
"2024-06-01","Manitoba","2021A000246","Onions, per kilogram","5.98"
"2024-06-01","Manitoba","2021A000246","White bread, 675 grams","3.24"
"2024-06-01","Manitoba","2021A000246","Dry or fresh pasta, 500 grams","3.07"
"2024-06-01","Manitoba","2021A000246","White rice, 2 kilograms","6.52"
"2024-06-01","Manitoba","2021A000246","Vegetable oil, 3 litres","11.73"
"2024-06-01","Saskatchewan","2021A000247","Ground beef, per kilogram","12.66"
"2024-06-01","Saskatchewan","2021A000247","Whole chicken, per kilogram","6.89"
"2024-06-01","Saskatchewan","2021A000247","Milk, 2 litres","4.93"
"2024-06-01","Saskatchewan","2021A000247","Block cheese, 500 grams","6.71"
"2024-06-01","Saskatchewan","2021A000247","Yogurt, 500 grams","3.43"
"2024-06-01","Saskatchewan","2021A000247","Eggs, 1 dozen","4.62"
"2024-06-01","Saskatchewan","2021A000247","Apples, per kilogram","6.31"
"2024-06-01","Saskatchewan","2021A000247","Bananas, per kilogram","1.78"
"2024-06-01","Saskatchewan","2021A000247","Potatoes, 4.54 kilograms","8.25"
"2024-06-01","Saskatchewan","2021A000247","Tomatoes, per kilogram","4.76"
"2024-06-01","Saskatchewan","2021A000247","Carrots, 1.36 kilograms","4.95"
"2024-06-01","Saskatchewan","2021A000247","Onions, per kilogram","5.95"
"2024-06-01","Saskatchewan","2021A000247","White bread, 675 grams","3.34"
"2024-06-01","Saskatchewan","2021A000247","Dry or fresh pasta, 500 grams","3.07"
"2024-06-01","Saskatchewan","2021A000247","White rice, 2 kilograms","7.15"
"2024-06-01","Saskatchewan","2021A000247","Vegetable oil, 3 litres","11.87"
"2024-06-01","Alberta","2021A000248","Ground beef, per kilogram","13.52"
"2024-06-01","Alberta","2021A000248","Whole chicken, per kilogram","7.05"
"2024-06-01","Alberta","2021A000248","Milk, 2 litres","5.20"
"2024-06-01","Alberta","2021A000248","Block cheese, 500 grams","6.97"
"2024-06-01","Alberta","2021A000248","Yogurt, 500 grams","3.53"
"2024-06-01","Alberta","2021A000248","Eggs, 1 dozen","4.97"
"2024-06-01","Alberta","2021A000248","Apples, per kilogram","6.35"
"2024-06-01","Alberta","2021A000248","Bananas, per kilogram","1.78"
"2024-06-01","Alberta","2021A000248","Potatoes, 4.54 kilograms","8.38"
"2024-06-01","Alberta","2021A000248","Tomatoes, per kilogram","4.93"
"2024-06-01","Alberta","2021A000248","Carrots, 1.36 kilograms","5.03"
"2024-06-01","Alberta","2021A000248","Onions, per kilogram","5.98"
"2024-06-01","Alberta","2021A000248","White bread, 675 grams","3.40"
"2024-06-01","Alberta","2021A000248","Dry or fresh pasta, 500 grams","3.26"
"2024-06-01","Alberta","2021A000248","White rice, 2 kilograms","7.51"
"2024-06-01","Alberta","2021A000248","Vegetable oil, 3 litres","11.90"
"2024-06-01","British Columbia","2021A000259","Ground beef, per kilogram","13.34"
"2024-06-01","British Columbia","2021A000259","Whole chicken, per kilogram","7.36"
"2024-06-01","British Columbia","2021A000259","Milk, 2 litres","5.30"
"2024-06-01","British Columbia","2021A000259","Block cheese, 500 grams","7.06"
"2024-06-01","British Columbia","2021A000259","Yogurt, 500 grams","3.56"
"2024-06-01","British Columbia","2021A000259","Eggs, 1 dozen","5.35"
"2024-06-01","British Columbia","2021A000259","Apples, per kilogram","6.35"
"2024-06-01","British Columbia","2021A000259","Bananas, per kilogram","1.63"
"2024-06-01","British Columbia","2021A000259","Potatoes, 4.54 kilograms","8.54"
"2024-06-01","British Columbia","2021A000259","Tomatoes, per kilogram","4.86"
"2024-06-01","British Columbia","2021A000259","Carrots, 1.36 kilograms","5.20"
"2024-06-01","British Columbia","2021A000259","Onions, per kilogram","5.90"
"2024-06-01","British Columbia","2021A000259","White bread, 675 grams","3.83"
"2024-06-01","British Columbia","2021A000259","Dry or fresh pasta, 500 grams","3.37"
"2024-06-01","British Columbia","2021A000259","White rice, 2 kilograms","7.89"
"2024-06-01","British Columbia","2021A000259","Vegetable oil, 3 litres","11.97"
"2024-07-01","Newfoundland and Labrador","2021A000210","Ground beef, per kilogram","12.53"
"2024-07-01","Newfoundland and Labrador","2021A000210","Whole chicken, per kilogram","6.61"
"2024-07-01","Newfoundland and Labrador","2021A000210","Milk, 2 litres","5.07"
"2024-07-01","Newfoundland and Labrador","2021A000210","Block cheese, 500 grams","6.93"
"2024-07-01","Newfoundland and Labrador","2021A000210","Yogurt, 500 grams","4.13"
"2024-07-01","Newfoundland and Labrador","2021A000210","Eggs, 1 dozen","5.21"
"2024-07-01","Newfoundland and Labrador","2021A000210","Apples, per kilogram","7.13"
"2024-07-01","Newfoundland and Labrador","2021A000210","Bananas, per kilogram","2.15"
"2024-07-01","Newfoundland and Labrador","2021A000210","Potatoes, 4.54 kilograms","7.49"
"2024-07-01","Newfoundland and Labrador","2021A000210","Tomatoes, per kilogram","6.60"
"2024-07-01","Newfoundland and Labrador","2021A000210","Carrots, 1.36 kilograms","4.94"
"2024-07-01","Newfoundland and Labrador","2021A000210","Onions, per kilogram","7.14"
"2024-07-01","Newfoundland and Labrador","2021A000210","White bread, 675 grams","4.15"
"2024-07-01","Newfoundland and Labrador","2021A000210","Dry or fresh pasta, 500 grams","3.53"
"2024-07-01","Newfoundland and Labrador","2021A000210","White rice, 2 kilograms","9.36"
"2024-07-01","Newfoundland and Labrador","2021A000210","Vegetable oil, 3 litres","12.03"
"2024-07-01","Prince Edward Island","2021A000211","Ground beef, per kilogram","12.14"
"2024-07-01","Prince Edward Island","2021A000211","Whole chicken, per kilogram","6.46"
"2024-07-01","Prince Edward Island","2021A000211","Milk, 2 litres","4.57"
"2024-07-01","Prince Edward Island","2021A000211","Block cheese, 500 grams","7.07"
"2024-07-01","Prince Edward Island","2021A000211","Yogurt, 500 grams","3.88"
"2024-07-01","Prince Edward Island","2021A000211","Eggs, 1 dozen","5.22"
"2024-07-01","Prince Edward Island","2021A000211","Apples, per kilogram","6.80"
"2024-07-01","Prince Edward Island","2021A000211","Bananas, per kilogram","2.12"
"2024-07-01","Prince Edward Island","2021A000211","Potatoes, 4.54 kilograms","6.25"
"2024-07-01","Prince Edward Island","2021A000211","Tomatoes, per kilogram","5.92"
"2024-07-01","Prince Edward Island","2021A000211","Carrots, 1.36 kilograms","4.40"
"2024-07-01","Prince Edward Island","2021A000211","Onions, per kilogram","6.84"
"2024-07-01","Prince Edward Island","2021A000211","White bread, 675 grams","3.80"
"2024-07-01","Prince Edward Island","2021A000211","Dry or fresh pasta, 500 grams","3.64"
"2024-07-01","Prince Edward Island","2021A000211","White rice, 2 kilograms","8.46"
"2024-07-01","Prince Edward Island","2021A000211","Vegetable oil, 3 litres","12.04"
"2024-07-01","Nova Scotia","2021A000212","Ground beef, per kilogram","12.20"
"2024-07-01","Nova Scotia","2021A000212","Whole chicken, per kilogram","6.50"
"2024-07-01","Nova Scotia","2021A000212","Milk, 2 litres","4.81"
"2024-07-01","Nova Scotia","2021A000212","Block cheese, 500 grams","6.87"
"2024-07-01","Nova Scotia","2021A000212","Yogurt, 500 grams","3.80"
"2024-07-01","Nova Scotia","2021A000212","Eggs, 1 dozen","5.23"
"2024-07-01","Nova Scotia","2021A000212","Apples, per kilogram","6.63"
"2024-07-01","Nova Scotia","2021A000212","Bananas, per kilogram","2.11"
"2024-07-01","Nova Scotia","2021A000212","Potatoes, 4.54 kilograms","6.18"
"2024-07-01","Nova Scotia","2021A000212","Tomatoes, per kilogram","5.65"
"2024-07-01","Nova Scotia","2021A000212","Carrots, 1.36 kilograms","4.27"
"2024-07-01","Nova Scotia","2021A000212","Onions, per kilogram","6.72"
"2024-07-01","Nova Scotia","2021A000212","White bread, 675 grams","3.74"
"2024-07-01","Nova Scotia","2021A000212","Dry or fresh pasta, 500 grams","3.60"
"2024-07-01","Nova Scotia","2021A000212","White rice, 2 kilograms","8.91"
"2024-07-01","Nova Scotia","2021A000212","Vegetable oil, 3 litres","10.98"
"2024-07-01","New Brunswick","2021A000213","Ground beef, per kilogram","11.97"
"2024-07-01","New Brunswick","2021A000213","Whole chicken, per kilogram","6.03"
"2024-07-01","New Brunswick","2021A000213","Milk, 2 litres","4.96"
"2024-07-01","New Brunswick","2021A000213","Block cheese, 500 grams","7.04"
"2024-07-01","New Brunswick","2021A000213","Yogurt, 500 grams","3.90"
"2024-07-01","New Brunswick","2021A000213","Eggs, 1 dozen","4.95"
"2024-07-01","New Brunswick","2021A000213","Apples, per kilogram","6.83"
"2024-07-01","New Brunswick","2021A000213","Bananas, per kilogram","2.12"
"2024-07-01","New Brunswick","2021A000213","Potatoes, 4.54 kilograms","6.07"
"2024-07-01","New Brunswick","2021A000213","Tomatoes, per kilogram","5.68"
"2024-07-01","New Brunswick","2021A000213","Carrots, 1.36 kilograms","4.43"
"2024-07-01","New Brunswick","2021A000213","Onions, per kilogram","6.86"
"2024-07-01","New Brunswick","2021A000213","White bread, 675 grams","3.80"
"2024-07-01","New Brunswick","2021A000213","Dry or fresh pasta, 500 grams","3.41"
"2024-07-01","New Brunswick","2021A000213","White rice, 2 kilograms","7.64"
"2024-07-01","New Brunswick","2021A000213","Vegetable oil, 3 litres","11.76"
"2024-07-01","Quebec","2021A000224","Ground beef, per kilogram","12.75"
"2024-07-01","Quebec","2021A000224","Whole chicken, per kilogram","5.70"
"2024-07-01","Quebec","2021A000224","Milk, 2 litres","5.20"
"2024-07-01","Quebec","2021A000224","Block cheese, 500 grams","6.44"
"2024-07-01","Quebec","2021A000224","Yogurt, 500 grams","3.59"
"2024-07-01","Quebec","2021A000224","Eggs, 1 dozen","4.32"
"2024-07-01","Quebec","2021A000224","Apples, per kilogram","5.14"
"2024-07-01","Quebec","2021A000224","Bananas, per kilogram","1.77"
"2024-07-01","Quebec","2021A000224","Potatoes, 4.54 kilograms","5.41"
"2024-07-01","Quebec","2021A000224","Tomatoes, per kilogram","4.47"
"2024-07-01","Quebec","2021A000224","Carrots, 1.36 kilograms","3.95"
"2024-07-01","Quebec","2021A000224","Onions, per kilogram","6.67"
"2024-07-01","Quebec","2021A000224","White bread, 675 grams","3.81"
"2024-07-01","Quebec","2021A000224","Dry or fresh pasta, 500 grams","3.06"
"2024-07-01","Quebec","2021A000224","White rice, 2 kilograms","8.94"
"2024-07-01","Quebec","2021A000224","Vegetable oil, 3 litres","9.96"
"2024-07-01","Ontario","2021A000235","Ground beef, per kilogram","13.14"
"2024-07-01","Ontario","2021A000235","Whole chicken, per kilogram","5.40"
"2024-07-01","Ontario","2021A000235","Milk, 2 litres","5.77"
"2024-07-01","Ontario","2021A000235","Block cheese, 500 grams","7.00"
"2024-07-01","Ontario","2021A000235","Yogurt, 500 grams","3.47"
"2024-07-01","Ontario","2021A000235","Eggs, 1 dozen","4.73"
"2024-07-01","Ontario","2021A000235","Apples, per kilogram","5.54"
"2024-07-01","Ontario","2021A000235","Bananas, per kilogram","1.44"
"2024-07-01","Ontario","2021A000235","Potatoes, 4.54 kilograms","5.16"
"2024-07-01","Ontario","2021A000235","Tomatoes, per kilogram","4.26"
"2024-07-01","Ontario","2021A000235","Carrots, 1.36 kilograms","4.16"
"2024-07-01","Ontario","2021A000235","Onions, per kilogram","6.18"
"2024-07-01","Ontario","2021A000235","White bread, 675 grams","3.05"
"2024-07-01","Ontario","2021A000235","Dry or fresh pasta, 500 grams","3.18"
"2024-07-01","Ontario","2021A000235","White rice, 2 kilograms","7.25"
"2024-07-01","Ontario","2021A000235","Vegetable oil, 3 litres","9.32"
"2024-07-01","Manitoba","2021A000246","Ground beef, per kilogram","12.34"
"2024-07-01","Manitoba","2021A000246","Whole chicken, per kilogram","7.69"
"2024-07-01","Manitoba","2021A000246","Milk, 2 litres","4.62"
"2024-07-01","Manitoba","2021A000246","Block cheese, 500 grams","6.91"
"2024-07-01","Manitoba","2021A000246","Yogurt, 500 grams","3.53"
"2024-07-01","Manitoba","2021A000246","Eggs, 1 dozen","4.61"
"2024-07-01","Manitoba","2021A000246","Apples, per kilogram","6.19"
"2024-07-01","Manitoba","2021A000246","Bananas, per kilogram","1.74"
"2024-07-01","Manitoba","2021A000246","Potatoes, 4.54 kilograms","8.29"
"2024-07-01","Manitoba","2021A000246","Tomatoes, per kilogram","4.29"
"2024-07-01","Manitoba","2021A000246","Carrots, 1.36 kilograms","5.01"
"2024-07-01","Manitoba","2021A000246","Onions, per kilogram","5.99"
"2024-07-01","Manitoba","2021A000246","White bread, 675 grams","3.14"
"2024-07-01","Manitoba","2021A000246","Dry or fresh pasta, 500 grams","3.18"
"2024-07-01","Manitoba","2021A000246","White rice, 2 kilograms","6.24"
"2024-07-01","Manitoba","2021A000246","Vegetable oil, 3 litres","13.23"
"2024-07-01","Saskatchewan","2021A000247","Ground beef, per kilogram","12.11"
"2024-07-01","Saskatchewan","2021A000247","Whole chicken, per kilogram","7.73"
"2024-07-01","Saskatchewan","2021A000247","Milk, 2 litres","4.91"
"2024-07-01","Saskatchewan","2021A000247","Block cheese, 500 grams","6.89"
"2024-07-01","Saskatchewan","2021A000247","Yogurt, 500 grams","3.51"
"2024-07-01","Saskatchewan","2021A000247","Eggs, 1 dozen","4.60"
"2024-07-01","Saskatchewan","2021A000247","Apples, per kilogram","6.36"
"2024-07-01","Saskatchewan","2021A000247","Bananas, per kilogram","1.77"
"2024-07-01","Saskatchewan","2021A000247","Potatoes, 4.54 kilograms","8.32"
"2024-07-01","Saskatchewan","2021A000247","Tomatoes, per kilogram","4.47"
"2024-07-01","Saskatchewan","2021A000247","Carrots, 1.36 kilograms","5.06"
"2024-07-01","Saskatchewan","2021A000247","Onions, per kilogram","6.11"
"2024-07-01","Saskatchewan","2021A000247","White bread, 675 grams","3.23"
"2024-07-01","Saskatchewan","2021A000247","Dry or fresh pasta, 500 grams","3.16"
"2024-07-01","Saskatchewan","2021A000247","White rice, 2 kilograms","7.04"
"2024-07-01","Saskatchewan","2021A000247","Vegetable oil, 3 litres","13.37"
"2024-07-01","Alberta","2021A000248","Ground beef, per kilogram","12.85"
"2024-07-01","Alberta","2021A000248","Whole chicken, per kilogram","7.69"
"2024-07-01","Alberta","2021A000248","Milk, 2 litres","5.17"
"2024-07-01","Alberta","2021A000248","Block cheese, 500 grams","7.13"
"2024-07-01","Alberta","2021A000248","Yogurt, 500 grams","3.55"
"2024-07-01","Alberta","2021A000248","Eggs, 1 dozen","4.95"
"2024-07-01","Alberta","2021A000248","Apples, per kilogram","6.37"
"2024-07-01","Alberta","2021A000248","Bananas, per kilogram","1.78"
"2024-07-01","Alberta","2021A000248","Potatoes, 4.54 kilograms","8.34"
"2024-07-01","Alberta","2021A000248","Tomatoes, per kilogram","4.53"
"2024-07-01","Alberta","2021A000248","Carrots, 1.36 kilograms","5.08"
"2024-07-01","Alberta","2021A000248","Onions, per kilogram","6.01"
"2024-07-01","Alberta","2021A000248","White bread, 675 grams","3.36"
"2024-07-01","Alberta","2021A000248","Dry or fresh pasta, 500 grams","3.32"
"2024-07-01","Alberta","2021A000248","White rice, 2 kilograms","7.37"
"2024-07-01","Alberta","2021A000248","Vegetable oil, 3 litres","13.20"
"2024-07-01","British Columbia","2021A000259","Ground beef, per kilogram","13.16"
"2024-07-01","British Columbia","2021A000259","Whole chicken, per kilogram","8.13"
"2024-07-01","British Columbia","2021A000259","Milk, 2 litres","5.29"
"2024-07-01","British Columbia","2021A000259","Block cheese, 500 grams","7.16"
"2024-07-01","British Columbia","2021A000259","Yogurt, 500 grams","3.61"
"2024-07-01","British Columbia","2021A000259","Eggs, 1 dozen","5.34"
"2024-07-01","British Columbia","2021A000259","Apples, per kilogram","6.41"
"2024-07-01","British Columbia","2021A000259","Bananas, per kilogram","1.61"
"2024-07-01","British Columbia","2021A000259","Potatoes, 4.54 kilograms","8.34"
"2024-07-01","British Columbia","2021A000259","Tomatoes, per kilogram","4.72"
"2024-07-01","British Columbia","2021A000259","Carrots, 1.36 kilograms","5.13"
"2024-07-01","British Columbia","2021A000259","Onions, per kilogram","5.93"
"2024-07-01","British Columbia","2021A000259","White bread, 675 grams","3.76"
"2024-07-01","British Columbia","2021A000259","Dry or fresh pasta, 500 grams","3.49"
"2024-07-01","British Columbia","2021A000259","White rice, 2 kilograms","8.21"
"2024-07-01","British Columbia","2021A000259","Vegetable oil, 3 litres","13.37"
"2024-08-01","Newfoundland and Labrador","2021A000210","Ground beef, per kilogram","12.61"
"2024-08-01","Newfoundland and Labrador","2021A000210","Whole chicken, per kilogram","5.70"
"2024-08-01","Newfoundland and Labrador","2021A000210","Milk, 2 litres","5.09"
"2024-08-01","Newfoundland and Labrador","2021A000210","Block cheese, 500 grams","6.95"
"2024-08-01","Newfoundland and Labrador","2021A000210","Yogurt, 500 grams","4.05"
"2024-08-01","Newfoundland and Labrador","2021A000210","Eggs, 1 dozen","5.27"
"2024-08-01","Newfoundland and Labrador","2021A000210","Apples, per kilogram","7.07"
"2024-08-01","Newfoundland and Labrador","2021A000210","Bananas, per kilogram","2.13"
"2024-08-01","Newfoundland and Labrador","2021A000210","Potatoes, 4.54 kilograms","6.66"
"2024-08-01","Newfoundland and Labrador","2021A000210","Tomatoes, per kilogram","6.26"
"2024-08-01","Newfoundland and Labrador","2021A000210","Carrots, 1.36 kilograms","4.28"
"2024-08-01","Newfoundland and Labrador","2021A000210","Onions, per kilogram","6.89"
"2024-08-01","Newfoundland and Labrador","2021A000210","White bread, 675 grams","4.07"
"2024-08-01","Newfoundland and Labrador","2021A000210","Dry or fresh pasta, 500 grams","3.32"
"2024-08-01","Newfoundland and Labrador","2021A000210","White rice, 2 kilograms","10.26"
"2024-08-01","Newfoundland and Labrador","2021A000210","Vegetable oil, 3 litres","11.73"
"2024-08-01","Prince Edward Island","2021A000211","Ground beef, per kilogram","12.82"
"2024-08-01","Prince Edward Island","2021A000211","Whole chicken, per kilogram","6.00"
"2024-08-01","Prince Edward Island","2021A000211","Milk, 2 litres","4.56"
"2024-08-01","Prince Edward Island","2021A000211","Block cheese, 500 grams","7.12"
"2024-08-01","Prince Edward Island","2021A000211","Yogurt, 500 grams","3.85"
"2024-08-01","Prince Edward Island","2021A000211","Eggs, 1 dozen","5.28"
"2024-08-01","Prince Edward Island","2021A000211","Apples, per kilogram","6.72"
"2024-08-01","Prince Edward Island","2021A000211","Bananas, per kilogram","2.13"
"2024-08-01","Prince Edward Island","2021A000211","Potatoes, 4.54 kilograms","5.93"
"2024-08-01","Prince Edward Island","2021A000211","Tomatoes, per kilogram","5.46"
"2024-08-01","Prince Edward Island","2021A000211","Carrots, 1.36 kilograms","3.88"
"2024-08-01","Prince Edward Island","2021A000211","Onions, per kilogram","6.23"
"2024-08-01","Prince Edward Island","2021A000211","White bread, 675 grams","3.77"
"2024-08-01","Prince Edward Island","2021A000211","Dry or fresh pasta, 500 grams","3.44"
"2024-08-01","Prince Edward Island","2021A000211","White rice, 2 kilograms","8.42"
"2024-08-01","Prince Edward Island","2021A000211","Vegetable oil, 3 litres","11.78"
"2024-08-01","Nova Scotia","2021A000212","Ground beef, per kilogram","12.74"
"2024-08-01","Nova Scotia","2021A000212","Whole chicken, per kilogram","5.82"
"2024-08-01","Nova Scotia","2021A000212","Milk, 2 litres","4.83"
"2024-08-01","Nova Scotia","2021A000212","Block cheese, 500 grams","7.00"
"2024-08-01","Nova Scotia","2021A000212","Yogurt, 500 grams","3.77"
"2024-08-01","Nova Scotia","2021A000212","Eggs, 1 dozen","5.33"
"2024-08-01","Nova Scotia","2021A000212","Apples, per kilogram","6.64"
"2024-08-01","Nova Scotia","2021A000212","Bananas, per kilogram","2.12"
"2024-08-01","Nova Scotia","2021A000212","Potatoes, 4.54 kilograms","5.89"
"2024-08-01","Nova Scotia","2021A000212","Tomatoes, per kilogram","5.23"
"2024-08-01","Nova Scotia","2021A000212","Carrots, 1.36 kilograms","3.79"
"2024-08-01","Nova Scotia","2021A000212","Onions, per kilogram","6.05"
"2024-08-01","Nova Scotia","2021A000212","White bread, 675 grams","3.66"
"2024-08-01","Nova Scotia","2021A000212","Dry or fresh pasta, 500 grams","3.39"
"2024-08-01","Nova Scotia","2021A000212","White rice, 2 kilograms","10.61"
"2024-08-01","Nova Scotia","2021A000212","Vegetable oil, 3 litres","12.14"
"2024-08-01","New Brunswick","2021A000213","Ground beef, per kilogram","12.86"
"2024-08-01","New Brunswick","2021A000213","Whole chicken, per kilogram","6.03"
"2024-08-01","New Brunswick","2021A000213","Milk, 2 litres","4.97"
"2024-08-01","New Brunswick","2021A000213","Block cheese, 500 grams","7.11"
"2024-08-01","New Brunswick","2021A000213","Yogurt, 500 grams","3.87"
"2024-08-01","New Brunswick","2021A000213","Eggs, 1 dozen","4.83"
"2024-08-01","New Brunswick","2021A000213","Apples, per kilogram","6.70"
"2024-08-01","New Brunswick","2021A000213","Bananas, per kilogram","2.12"
"2024-08-01","New Brunswick","2021A000213","Potatoes, 4.54 kilograms","5.67"
"2024-08-01","New Brunswick","2021A000213","Tomatoes, per kilogram","5.36"
"2024-08-01","New Brunswick","2021A000213","Carrots, 1.36 kilograms","3.93"
"2024-08-01","New Brunswick","2021A000213","Onions, per kilogram","6.22"
"2024-08-01","New Brunswick","2021A000213","White bread, 675 grams","3.77"
"2024-08-01","New Brunswick","2021A000213","Dry or fresh pasta, 500 grams","3.21"
"2024-08-01","New Brunswick","2021A000213","White rice, 2 kilograms","8.84"
"2024-08-01","New Brunswick","2021A000213","Vegetable oil, 3 litres","12.25"
"2024-08-01","Quebec","2021A000224","Ground beef, per kilogram","13.81"
"2024-08-01","Quebec","2021A000224","Whole chicken, per kilogram","8.51"
"2024-08-01","Quebec","2021A000224","Milk, 2 litres","5.17"
"2024-08-01","Quebec","2021A000224","Block cheese, 500 grams","6.49"
"2024-08-01","Quebec","2021A000224","Yogurt, 500 grams","3.55"
"2024-08-01","Quebec","2021A000224","Eggs, 1 dozen","4.11"
"2024-08-01","Quebec","2021A000224","Apples, per kilogram","5.32"
"2024-08-01","Quebec","2021A000224","Bananas, per kilogram","1.78"
"2024-08-01","Quebec","2021A000224","Potatoes, 4.54 kilograms","4.86"
"2024-08-01","Quebec","2021A000224","Tomatoes, per kilogram","5.09"
"2024-08-01","Quebec","2021A000224","Carrots, 1.36 kilograms","3.66"
"2024-08-01","Quebec","2021A000224","Onions, per kilogram","6.10"
"2024-08-01","Quebec","2021A000224","White bread, 675 grams","3.85"
"2024-08-01","Quebec","2021A000224","Dry or fresh pasta, 500 grams","3.32"
"2024-08-01","Quebec","2021A000224","White rice, 2 kilograms","9.85"
"2024-08-01","Quebec","2021A000224","Vegetable oil, 3 litres","10.98"
"2024-08-01","Ontario","2021A000235","Ground beef, per kilogram","13.47"
"2024-08-01","Ontario","2021A000235","Whole chicken, per kilogram","5.51"
"2024-08-01","Ontario","2021A000235","Milk, 2 litres","5.71"
"2024-08-01","Ontario","2021A000235","Block cheese, 500 grams","7.00"
"2024-08-01","Ontario","2021A000235","Yogurt, 500 grams","3.47"
"2024-08-01","Ontario","2021A000235","Eggs, 1 dozen","4.82"
"2024-08-01","Ontario","2021A000235","Apples, per kilogram","5.48"
"2024-08-01","Ontario","2021A000235","Bananas, per kilogram","1.45"
"2024-08-01","Ontario","2021A000235","Potatoes, 4.54 kilograms","4.40"
"2024-08-01","Ontario","2021A000235","Tomatoes, per kilogram","4.23"
"2024-08-01","Ontario","2021A000235","Carrots, 1.36 kilograms","3.87"
"2024-08-01","Ontario","2021A000235","Onions, per kilogram","5.93"
"2024-08-01","Ontario","2021A000235","White bread, 675 grams","3.00"
"2024-08-01","Ontario","2021A000235","Dry or fresh pasta, 500 grams","3.21"
"2024-08-01","Ontario","2021A000235","White rice, 2 kilograms","8.46"
"2024-08-01","Ontario","2021A000235","Vegetable oil, 3 litres","9.14"
"2024-08-01","Manitoba","2021A000246","Ground beef, per kilogram","13.48"
"2024-08-01","Manitoba","2021A000246","Whole chicken, per kilogram","6.27"
"2024-08-01","Manitoba","2021A000246","Milk, 2 litres","4.64"
"2024-08-01","Manitoba","2021A000246","Block cheese, 500 grams","7.07"
"2024-08-01","Manitoba","2021A000246","Yogurt, 500 grams","3.54"
"2024-08-01","Manitoba","2021A000246","Eggs, 1 dozen","4.65"
"2024-08-01","Manitoba","2021A000246","Apples, per kilogram","5.85"
"2024-08-01","Manitoba","2021A000246","Bananas, per kilogram","1.72"
"2024-08-01","Manitoba","2021A000246","Potatoes, 4.54 kilograms","7.92"
"2024-08-01","Manitoba","2021A000246","Tomatoes, per kilogram","4.29"
"2024-08-01","Manitoba","2021A000246","Carrots, 1.36 kilograms","4.48"
"2024-08-01","Manitoba","2021A000246","Onions, per kilogram","5.66"
"2024-08-01","Manitoba","2021A000246","White bread, 675 grams","3.23"
"2024-08-01","Manitoba","2021A000246","Dry or fresh pasta, 500 grams","3.17"
"2024-08-01","Manitoba","2021A000246","White rice, 2 kilograms","8.40"
"2024-08-01","Manitoba","2021A000246","Vegetable oil, 3 litres","13.45"
"2024-08-01","Saskatchewan","2021A000247","Ground beef, per kilogram","12.92"
"2024-08-01","Saskatchewan","2021A000247","Whole chicken, per kilogram","6.54"
"2024-08-01","Saskatchewan","2021A000247","Milk, 2 litres","4.93"
"2024-08-01","Saskatchewan","2021A000247","Block cheese, 500 grams","7.07"
"2024-08-01","Saskatchewan","2021A000247","Yogurt, 500 grams","3.51"
"2024-08-01","Saskatchewan","2021A000247","Eggs, 1 dozen","4.64"
"2024-08-01","Saskatchewan","2021A000247","Apples, per kilogram","5.95"
"2024-08-01","Saskatchewan","2021A000247","Bananas, per kilogram","1.76"
"2024-08-01","Saskatchewan","2021A000247","Potatoes, 4.54 kilograms","8.11"
"2024-08-01","Saskatchewan","2021A000247","Tomatoes, per kilogram","4.37"
"2024-08-01","Saskatchewan","2021A000247","Carrots, 1.36 kilograms","4.61"
"2024-08-01","Saskatchewan","2021A000247","Onions, per kilogram","5.85"
"2024-08-01","Saskatchewan","2021A000247","White bread, 675 grams","3.33"
"2024-08-01","Saskatchewan","2021A000247","Dry or fresh pasta, 500 grams","3.15"
"2024-08-01","Saskatchewan","2021A000247","White rice, 2 kilograms","7.88"
"2024-08-01","Saskatchewan","2021A000247","Vegetable oil, 3 litres","13.61"
"2024-08-01","Alberta","2021A000248","Ground beef, per kilogram","14.24"
"2024-08-01","Alberta","2021A000248","Whole chicken, per kilogram","6.70"
"2024-08-01","Alberta","2021A000248","Milk, 2 litres","5.21"
"2024-08-01","Alberta","2021A000248","Block cheese, 500 grams","7.30"
"2024-08-01","Alberta","2021A000248","Yogurt, 500 grams","3.59"
"2024-08-01","Alberta","2021A000248","Eggs, 1 dozen","4.96"
"2024-08-01","Alberta","2021A000248","Apples, per kilogram","6.01"
"2024-08-01","Alberta","2021A000248","Bananas, per kilogram","1.79"
"2024-08-01","Alberta","2021A000248","Potatoes, 4.54 kilograms","8.09"
"2024-08-01","Alberta","2021A000248","Tomatoes, per kilogram","4.73"
"2024-08-01","Alberta","2021A000248","Carrots, 1.36 kilograms","4.66"
"2024-08-01","Alberta","2021A000248","Onions, per kilogram","5.70"
"2024-08-01","Alberta","2021A000248","White bread, 675 grams","3.37"
"2024-08-01","Alberta","2021A000248","Dry or fresh pasta, 500 grams","3.30"
"2024-08-01","Alberta","2021A000248","White rice, 2 kilograms","8.27"
"2024-08-01","Alberta","2021A000248","Vegetable oil, 3 litres","13.42"
"2024-08-01","British Columbia","2021A000259","Ground beef, per kilogram","14.05"
"2024-08-01","British Columbia","2021A000259","Whole chicken, per kilogram","7.20"
"2024-08-01","British Columbia","2021A000259","Milk, 2 litres","5.33"
"2024-08-01","British Columbia","2021A000259","Block cheese, 500 grams","7.36"
"2024-08-01","British Columbia","2021A000259","Yogurt, 500 grams","3.61"
"2024-08-01","British Columbia","2021A000259","Eggs, 1 dozen","5.42"
"2024-08-01","British Columbia","2021A000259","Apples, per kilogram","6.12"
"2024-08-01","British Columbia","2021A000259","Bananas, per kilogram","1.62"
"2024-08-01","British Columbia","2021A000259","Potatoes, 4.54 kilograms","7.96"
"2024-08-01","British Columbia","2021A000259","Tomatoes, per kilogram","4.75"
"2024-08-01","British Columbia","2021A000259","Carrots, 1.36 kilograms","4.78"
"2024-08-01","British Columbia","2021A000259","Onions, per kilogram","5.77"
"2024-08-01","British Columbia","2021A000259","White bread, 675 grams","3.82"
"2024-08-01","British Columbia","2021A000259","Dry or fresh pasta, 500 grams","3.45"
"2024-08-01","British Columbia","2021A000259","White rice, 2 kilograms","8.92"
"2024-08-01","British Columbia","2021A000259","Vegetable oil, 3 litres","13.49"
"2024-09-01","Newfoundland and Labrador","2021A000210","Ground beef, per kilogram","12.37"
"2024-09-01","Newfoundland and Labrador","2021A000210","Whole chicken, per kilogram","6.58"
"2024-09-01","Newfoundland and Labrador","2021A000210","Milk, 2 litres","5.08"
"2024-09-01","Newfoundland and Labrador","2021A000210","Block cheese, 500 grams","6.90"
"2024-09-01","Newfoundland and Labrador","2021A000210","Yogurt, 500 grams","3.95"
"2024-09-01","Newfoundland and Labrador","2021A000210","Eggs, 1 dozen","5.22"
"2024-09-01","Newfoundland and Labrador","2021A000210","Apples, per kilogram","6.06"
"2024-09-01","Newfoundland and Labrador","2021A000210","Bananas, per kilogram","2.18"
"2024-09-01","Newfoundland and Labrador","2021A000210","Potatoes, 4.54 kilograms","5.61"
"2024-09-01","Newfoundland and Labrador","2021A000210","Tomatoes, per kilogram","6.24"
"2024-09-01","Newfoundland and Labrador","2021A000210","Carrots, 1.36 kilograms","4.11"
"2024-09-01","Newfoundland and Labrador","2021A000210","Onions, per kilogram","7.14"
"2024-09-01","Newfoundland and Labrador","2021A000210","White bread, 675 grams","3.93"
"2024-09-01","Newfoundland and Labrador","2021A000210","Dry or fresh pasta, 500 grams","2.80"
"2024-09-01","Newfoundland and Labrador","2021A000210","White rice, 2 kilograms","9.89"
"2024-09-01","Newfoundland and Labrador","2021A000210","Vegetable oil, 3 litres","10.33"
"2024-09-01","Prince Edward Island","2021A000211","Ground beef, per kilogram","12.48"
"2024-09-01","Prince Edward Island","2021A000211","Whole chicken, per kilogram","6.45"
"2024-09-01","Prince Edward Island","2021A000211","Milk, 2 litres","4.54"
"2024-09-01","Prince Edward Island","2021A000211","Block cheese, 500 grams","7.06"
"2024-09-01","Prince Edward Island","2021A000211","Yogurt, 500 grams","3.73"
"2024-09-01","Prince Edward Island","2021A000211","Eggs, 1 dozen","5.15"
"2024-09-01","Prince Edward Island","2021A000211","Apples, per kilogram","5.80"
"2024-09-01","Prince Edward Island","2021A000211","Bananas, per kilogram","2.12"
"2024-09-01","Prince Edward Island","2021A000211","Potatoes, 4.54 kilograms","5.09"
"2024-09-01","Prince Edward Island","2021A000211","Tomatoes, per kilogram","5.84"
"2024-09-01","Prince Edward Island","2021A000211","Carrots, 1.36 kilograms","3.71"
"2024-09-01","Prince Edward Island","2021A000211","Onions, per kilogram","6.20"
"2024-09-01","Prince Edward Island","2021A000211","White bread, 675 grams","3.59"
"2024-09-01","Prince Edward Island","2021A000211","Dry or fresh pasta, 500 grams","3.20"
"2024-09-01","Prince Edward Island","2021A000211","White rice, 2 kilograms","9.36"
"2024-09-01","Prince Edward Island","2021A000211","Vegetable oil, 3 litres","11.48"
"2024-09-01","Nova Scotia","2021A000212","Ground beef, per kilogram","12.63"
"2024-09-01","Nova Scotia","2021A000212","Whole chicken, per kilogram","6.81"
"2024-09-01","Nova Scotia","2021A000212","Milk, 2 litres","4.81"
"2024-09-01","Nova Scotia","2021A000212","Block cheese, 500 grams","6.92"
"2024-09-01","Nova Scotia","2021A000212","Yogurt, 500 grams","3.67"
"2024-09-01","Nova Scotia","2021A000212","Eggs, 1 dozen","5.24"
"2024-09-01","Nova Scotia","2021A000212","Apples, per kilogram","5.68"
"2024-09-01","Nova Scotia","2021A000212","Bananas, per kilogram","2.13"
"2024-09-01","Nova Scotia","2021A000212","Potatoes, 4.54 kilograms","4.55"
"2024-09-01","Nova Scotia","2021A000212","Tomatoes, per kilogram","5.55"
"2024-09-01","Nova Scotia","2021A000212","Carrots, 1.36 kilograms","3.67"
"2024-09-01","Nova Scotia","2021A000212","Onions, per kilogram","6.08"
"2024-09-01","Nova Scotia","2021A000212","White bread, 675 grams","3.47"
"2024-09-01","Nova Scotia","2021A000212","Dry or fresh pasta, 500 grams","3.02"
"2024-09-01","Nova Scotia","2021A000212","White rice, 2 kilograms","10.18"
"2024-09-01","Nova Scotia","2021A000212","Vegetable oil, 3 litres","11.37"
"2024-09-01","New Brunswick","2021A000213","Ground beef, per kilogram","12.49"
"2024-09-01","New Brunswick","2021A000213","Whole chicken, per kilogram","6.01"
"2024-09-01","New Brunswick","2021A000213","Milk, 2 litres","4.96"
"2024-09-01","New Brunswick","2021A000213","Block cheese, 500 grams","6.93"
"2024-09-01","New Brunswick","2021A000213","Yogurt, 500 grams","3.76"
"2024-09-01","New Brunswick","2021A000213","Eggs, 1 dozen","5.13"
"2024-09-01","New Brunswick","2021A000213","Apples, per kilogram","5.72"
"2024-09-01","New Brunswick","2021A000213","Bananas, per kilogram","2.13"
"2024-09-01","New Brunswick","2021A000213","Potatoes, 4.54 kilograms","4.52"
"2024-09-01","New Brunswick","2021A000213","Tomatoes, per kilogram","5.74"
"2024-09-01","New Brunswick","2021A000213","Carrots, 1.36 kilograms","3.71"
"2024-09-01","New Brunswick","2021A000213","Onions, per kilogram","6.12"
"2024-09-01","New Brunswick","2021A000213","White bread, 675 grams","3.68"
"2024-09-01","New Brunswick","2021A000213","Dry or fresh pasta, 500 grams","2.79"
"2024-09-01","New Brunswick","2021A000213","White rice, 2 kilograms","9.78"
"2024-09-01","New Brunswick","2021A000213","Vegetable oil, 3 litres","11.74"
"2024-09-01","Quebec","2021A000224","Ground beef, per kilogram","12.36"
"2024-09-01","Quebec","2021A000224","Whole chicken, per kilogram","5.65"
"2024-09-01","Quebec","2021A000224","Milk, 2 litres","5.18"
"2024-09-01","Quebec","2021A000224","Block cheese, 500 grams","6.78"
"2024-09-01","Quebec","2021A000224","Yogurt, 500 grams","3.45"
"2024-09-01","Quebec","2021A000224","Eggs, 1 dozen","4.52"
"2024-09-01","Quebec","2021A000224","Apples, per kilogram","4.61"
"2024-09-01","Quebec","2021A000224","Bananas, per kilogram","1.78"
"2024-09-01","Quebec","2021A000224","Potatoes, 4.54 kilograms","3.85"
"2024-09-01","Quebec","2021A000224","Tomatoes, per kilogram","4.91"
"2024-09-01","Quebec","2021A000224","Carrots, 1.36 kilograms","3.48"
"2024-09-01","Quebec","2021A000224","Onions, per kilogram","5.51"
"2024-09-01","Quebec","2021A000224","White bread, 675 grams","3.89"
"2024-09-01","Quebec","2021A000224","Dry or fresh pasta, 500 grams","2.84"
"2024-09-01","Quebec","2021A000224","White rice, 2 kilograms","10.02"
"2024-09-01","Quebec","2021A000224","Vegetable oil, 3 litres","8.89"
"2024-09-01","Ontario","2021A000235","Ground beef, per kilogram","13.59"
"2024-09-01","Ontario","2021A000235","Whole chicken, per kilogram","5.55"
"2024-09-01","Ontario","2021A000235","Milk, 2 litres","5.79"
"2024-09-01","Ontario","2021A000235","Block cheese, 500 grams","6.69"
"2024-09-01","Ontario","2021A000235","Yogurt, 500 grams","3.45"
"2024-09-01","Ontario","2021A000235","Eggs, 1 dozen","4.85"
"2024-09-01","Ontario","2021A000235","Apples, per kilogram","4.10"
"2024-09-01","Ontario","2021A000235","Bananas, per kilogram","1.44"
"2024-09-01","Ontario","2021A000235","Potatoes, 4.54 kilograms","3.54"
"2024-09-01","Ontario","2021A000235","Tomatoes, per kilogram","4.32"
"2024-09-01","Ontario","2021A000235","Carrots, 1.36 kilograms","3.24"
"2024-09-01","Ontario","2021A000235","Onions, per kilogram","5.96"
"2024-09-01","Ontario","2021A000235","White bread, 675 grams","3.05"
"2024-09-01","Ontario","2021A000235","Dry or fresh pasta, 500 grams","3.02"
"2024-09-01","Ontario","2021A000235","White rice, 2 kilograms","8.62"
"2024-09-01","Ontario","2021A000235","Vegetable oil, 3 litres","9.16"
"2024-09-01","Manitoba","2021A000246","Ground beef, per kilogram","13.48"
"2024-09-01","Manitoba","2021A000246","Whole chicken, per kilogram","7.80"
"2024-09-01","Manitoba","2021A000246","Milk, 2 litres","4.61"
"2024-09-01","Manitoba","2021A000246","Block cheese, 500 grams","7.09"
"2024-09-01","Manitoba","2021A000246","Yogurt, 500 grams","3.45"
"2024-09-01","Manitoba","2021A000246","Eggs, 1 dozen","4.64"
"2024-09-01","Manitoba","2021A000246","Apples, per kilogram","4.26"
"2024-09-01","Manitoba","2021A000246","Bananas, per kilogram","1.76"
"2024-09-01","Manitoba","2021A000246","Potatoes, 4.54 kilograms","7.09"
"2024-09-01","Manitoba","2021A000246","Tomatoes, per kilogram","4.45"
"2024-09-01","Manitoba","2021A000246","Carrots, 1.36 kilograms","4.38"
"2024-09-01","Manitoba","2021A000246","Onions, per kilogram","5.97"
"2024-09-01","Manitoba","2021A000246","White bread, 675 grams","3.22"
"2024-09-01","Manitoba","2021A000246","Dry or fresh pasta, 500 grams","2.91"
"2024-09-01","Manitoba","2021A000246","White rice, 2 kilograms","8.14"
"2024-09-01","Manitoba","2021A000246","Vegetable oil, 3 litres","12.47"
"2024-09-01","Saskatchewan","2021A000247","Ground beef, per kilogram","13.35"
"2024-09-01","Saskatchewan","2021A000247","Whole chicken, per kilogram","7.78"
"2024-09-01","Saskatchewan","2021A000247","Milk, 2 litres","4.92"
"2024-09-01","Saskatchewan","2021A000247","Block cheese, 500 grams","7.05"
"2024-09-01","Saskatchewan","2021A000247","Yogurt, 500 grams","3.45"
"2024-09-01","Saskatchewan","2021A000247","Eggs, 1 dozen","4.63"
"2024-09-01","Saskatchewan","2021A000247","Apples, per kilogram","4.29"
"2024-09-01","Saskatchewan","2021A000247","Bananas, per kilogram","1.78"
"2024-09-01","Saskatchewan","2021A000247","Potatoes, 4.54 kilograms","7.08"
"2024-09-01","Saskatchewan","2021A000247","Tomatoes, per kilogram","4.70"
"2024-09-01","Saskatchewan","2021A000247","Carrots, 1.36 kilograms","4.50"
"2024-09-01","Saskatchewan","2021A000247","Onions, per kilogram","5.99"
"2024-09-01","Saskatchewan","2021A000247","White bread, 675 grams","3.33"
"2024-09-01","Saskatchewan","2021A000247","Dry or fresh pasta, 500 grams","2.88"
"2024-09-01","Saskatchewan","2021A000247","White rice, 2 kilograms","7.86"
"2024-09-01","Saskatchewan","2021A000247","Vegetable oil, 3 litres","12.83"
"2024-09-01","Alberta","2021A000248","Ground beef, per kilogram","14.12"
"2024-09-01","Alberta","2021A000248","Whole chicken, per kilogram","8.27"
"2024-09-01","Alberta","2021A000248","Milk, 2 litres","5.18"
"2024-09-01","Alberta","2021A000248","Block cheese, 500 grams","7.23"
"2024-09-01","Alberta","2021A000248","Yogurt, 500 grams","3.52"
"2024-09-01","Alberta","2021A000248","Eggs, 1 dozen","4.99"
"2024-09-01","Alberta","2021A000248","Apples, per kilogram","4.49"
"2024-09-01","Alberta","2021A000248","Bananas, per kilogram","1.79"
"2024-09-01","Alberta","2021A000248","Potatoes, 4.54 kilograms","7.00"
"2024-09-01","Alberta","2021A000248","Tomatoes, per kilogram","4.78"
"2024-09-01","Alberta","2021A000248","Carrots, 1.36 kilograms","4.52"
"2024-09-01","Alberta","2021A000248","Onions, per kilogram","5.98"
"2024-09-01","Alberta","2021A000248","White bread, 675 grams","3.37"
"2024-09-01","Alberta","2021A000248","Dry or fresh pasta, 500 grams","3.04"
"2024-09-01","Alberta","2021A000248","White rice, 2 kilograms","8.39"
"2024-09-01","Alberta","2021A000248","Vegetable oil, 3 litres","12.75"
"2024-09-01","British Columbia","2021A000259","Ground beef, per kilogram","14.38"
"2024-09-01","British Columbia","2021A000259","Whole chicken, per kilogram","8.22"
"2024-09-01","British Columbia","2021A000259","Milk, 2 litres","5.32"
"2024-09-01","British Columbia","2021A000259","Block cheese, 500 grams","7.26"
"2024-09-01","British Columbia","2021A000259","Yogurt, 500 grams","3.54"
"2024-09-01","British Columbia","2021A000259","Eggs, 1 dozen","5.44"
"2024-09-01","British Columbia","2021A000259","Apples, per kilogram","4.58"
"2024-09-01","British Columbia","2021A000259","Bananas, per kilogram","1.61"
"2024-09-01","British Columbia","2021A000259","Potatoes, 4.54 kilograms","6.72"
"2024-09-01","British Columbia","2021A000259","Tomatoes, per kilogram","4.94"
"2024-09-01","British Columbia","2021A000259","Carrots, 1.36 kilograms","4.70"
"2024-09-01","British Columbia","2021A000259","Onions, per kilogram","5.87"
"2024-09-01","British Columbia","2021A000259","White bread, 675 grams","3.84"
"2024-09-01","British Columbia","2021A000259","Dry or fresh pasta, 500 grams","3.24"
"2024-09-01","British Columbia","2021A000259","White rice, 2 kilograms","8.41"
"2024-09-01","British Columbia","2021A000259","Vegetable oil, 3 litres","12.70"
"2024-10-01","Newfoundland and Labrador","2021A000210","Ground beef, per kilogram","13.85"
"2024-10-01","Newfoundland and Labrador","2021A000210","Whole chicken, per kilogram","7.03"
"2024-10-01","Newfoundland and Labrador","2021A000210","Milk, 2 litres","5.05"
"2024-10-01","Newfoundland and Labrador","2021A000210","Block cheese, 500 grams","6.84"
"2024-10-01","Newfoundland and Labrador","2021A000210","Yogurt, 500 grams","4.02"
"2024-10-01","Newfoundland and Labrador","2021A000210","Eggs, 1 dozen","5.18"
"2024-10-01","Newfoundland and Labrador","2021A000210","Apples, per kilogram","5.57"
"2024-10-01","Newfoundland and Labrador","2021A000210","Bananas, per kilogram","2.15"
"2024-10-01","Newfoundland and Labrador","2021A000210","Potatoes, 4.54 kilograms","5.54"
"2024-10-01","Newfoundland and Labrador","2021A000210","Tomatoes, per kilogram","6.39"
"2024-10-01","Newfoundland and Labrador","2021A000210","Carrots, 1.36 kilograms","3.34"
"2024-10-01","Newfoundland and Labrador","2021A000210","Onions, per kilogram","6.46"
"2024-10-01","Newfoundland and Labrador","2021A000210","White bread, 675 grams","3.95"
"2024-10-01","Newfoundland and Labrador","2021A000210","Dry or fresh pasta, 500 grams","3.21"
"2024-10-01","Newfoundland and Labrador","2021A000210","White rice, 2 kilograms","10.17"
"2024-10-01","Newfoundland and Labrador","2021A000210","Vegetable oil, 3 litres","9.56"
"2024-10-01","Prince Edward Island","2021A000211","Ground beef, per kilogram","13.75"
"2024-10-01","Prince Edward Island","2021A000211","Whole chicken, per kilogram","7.22"
"2024-10-01","Prince Edward Island","2021A000211","Milk, 2 litres","4.53"
"2024-10-01","Prince Edward Island","2021A000211","Block cheese, 500 grams","6.82"
"2024-10-01","Prince Edward Island","2021A000211","Yogurt, 500 grams","3.81"
"2024-10-01","Prince Edward Island","2021A000211","Eggs, 1 dozen","5.13"
"2024-10-01","Prince Edward Island","2021A000211","Apples, per kilogram","4.56"
"2024-10-01","Prince Edward Island","2021A000211","Bananas, per kilogram","2.02"
"2024-10-01","Prince Edward Island","2021A000211","Potatoes, 4.54 kilograms","5.08"
"2024-10-01","Prince Edward Island","2021A000211","Tomatoes, per kilogram","5.61"
"2024-10-01","Prince Edward Island","2021A000211","Carrots, 1.36 kilograms","3.33"
"2024-10-01","Prince Edward Island","2021A000211","Onions, per kilogram","6.16"
"2024-10-01","Prince Edward Island","2021A000211","White bread, 675 grams","3.70"
"2024-10-01","Prince Edward Island","2021A000211","Dry or fresh pasta, 500 grams","3.49"
"2024-10-01","Prince Edward Island","2021A000211","White rice, 2 kilograms","10.23"
"2024-10-01","Prince Edward Island","2021A000211","Vegetable oil, 3 litres","9.95"
"2024-10-01","Nova Scotia","2021A000212","Ground beef, per kilogram","13.73"
"2024-10-01","Nova Scotia","2021A000212","Whole chicken, per kilogram","7.11"
"2024-10-01","Nova Scotia","2021A000212","Milk, 2 litres","4.81"
"2024-10-01","Nova Scotia","2021A000212","Block cheese, 500 grams","6.82"
"2024-10-01","Nova Scotia","2021A000212","Yogurt, 500 grams","3.77"
"2024-10-01","Nova Scotia","2021A000212","Eggs, 1 dozen","5.23"
"2024-10-01","Nova Scotia","2021A000212","Apples, per kilogram","4.87"
"2024-10-01","Nova Scotia","2021A000212","Bananas, per kilogram","2.01"
"2024-10-01","Nova Scotia","2021A000212","Potatoes, 4.54 kilograms","4.63"
"2024-10-01","Nova Scotia","2021A000212","Tomatoes, per kilogram","5.60"
"2024-10-01","Nova Scotia","2021A000212","Carrots, 1.36 kilograms","3.08"
"2024-10-01","Nova Scotia","2021A000212","Onions, per kilogram","6.14"
"2024-10-01","Nova Scotia","2021A000212","White bread, 675 grams","3.62"
"2024-10-01","Nova Scotia","2021A000212","Dry or fresh pasta, 500 grams","3.48"
"2024-10-01","Nova Scotia","2021A000212","White rice, 2 kilograms","10.83"
"2024-10-01","Nova Scotia","2021A000212","Vegetable oil, 3 litres","10.03"
"2024-10-01","New Brunswick","2021A000213","Ground beef, per kilogram","13.60"
"2024-10-01","New Brunswick","2021A000213","Whole chicken, per kilogram","6.98"
"2024-10-01","New Brunswick","2021A000213","Milk, 2 litres","4.96"
"2024-10-01","New Brunswick","2021A000213","Block cheese, 500 grams","6.89"
"2024-10-01","New Brunswick","2021A000213","Yogurt, 500 grams","3.88"
"2024-10-01","New Brunswick","2021A000213","Eggs, 1 dozen","5.08"
"2024-10-01","New Brunswick","2021A000213","Apples, per kilogram","4.98"
"2024-10-01","New Brunswick","2021A000213","Bananas, per kilogram","2.03"
"2024-10-01","New Brunswick","2021A000213","Potatoes, 4.54 kilograms","4.66"
"2024-10-01","New Brunswick","2021A000213","Tomatoes, per kilogram","5.69"
"2024-10-01","New Brunswick","2021A000213","Carrots, 1.36 kilograms","3.12"
"2024-10-01","New Brunswick","2021A000213","Onions, per kilogram","6.01"
"2024-10-01","New Brunswick","2021A000213","White bread, 675 grams","3.73"
"2024-10-01","New Brunswick","2021A000213","Dry or fresh pasta, 500 grams","3.15"
"2024-10-01","New Brunswick","2021A000213","White rice, 2 kilograms","10.50"
"2024-10-01","New Brunswick","2021A000213","Vegetable oil, 3 litres","10.41"
"2024-10-01","Quebec","2021A000224","Ground beef, per kilogram","13.42"
"2024-10-01","Quebec","2021A000224","Whole chicken, per kilogram","4.63"
"2024-10-01","Quebec","2021A000224","Milk, 2 litres","5.20"
"2024-10-01","Quebec","2021A000224","Block cheese, 500 grams","6.47"
"2024-10-01","Quebec","2021A000224","Yogurt, 500 grams","3.51"
"2024-10-01","Quebec","2021A000224","Eggs, 1 dozen","3.90"
"2024-10-01","Quebec","2021A000224","Apples, per kilogram","4.36"
"2024-10-01","Quebec","2021A000224","Bananas, per kilogram","1.76"
"2024-10-01","Quebec","2021A000224","Potatoes, 4.54 kilograms","2.92"
"2024-10-01","Quebec","2021A000224","Tomatoes, per kilogram","4.95"
"2024-10-01","Quebec","2021A000224","Carrots, 1.36 kilograms","2.66"
"2024-10-01","Quebec","2021A000224","Onions, per kilogram","5.31"
"2024-10-01","Quebec","2021A000224","White bread, 675 grams","3.87"
"2024-10-01","Quebec","2021A000224","Dry or fresh pasta, 500 grams","3.08"
"2024-10-01","Quebec","2021A000224","White rice, 2 kilograms","10.33"
"2024-10-01","Quebec","2021A000224","Vegetable oil, 3 litres","9.63"
"2024-10-01","Ontario","2021A000235","Ground beef, per kilogram","12.88"
"2024-10-01","Ontario","2021A000235","Whole chicken, per kilogram","7.23"
"2024-10-01","Ontario","2021A000235","Milk, 2 litres","5.77"
"2024-10-01","Ontario","2021A000235","Block cheese, 500 grams","6.67"
"2024-10-01","Ontario","2021A000235","Yogurt, 500 grams","3.50"
"2024-10-01","Ontario","2021A000235","Eggs, 1 dozen","4.87"
"2024-10-01","Ontario","2021A000235","Apples, per kilogram","3.95"
"2024-10-01","Ontario","2021A000235","Bananas, per kilogram","1.44"
"2024-10-01","Ontario","2021A000235","Potatoes, 4.54 kilograms","3.78"
"2024-10-01","Ontario","2021A000235","Tomatoes, per kilogram","4.34"
"2024-10-01","Ontario","2021A000235","Carrots, 1.36 kilograms","2.89"
"2024-10-01","Ontario","2021A000235","Onions, per kilogram","5.75"
"2024-10-01","Ontario","2021A000235","White bread, 675 grams","3.01"
"2024-10-01","Ontario","2021A000235","Dry or fresh pasta, 500 grams","3.12"
"2024-10-01","Ontario","2021A000235","White rice, 2 kilograms","8.63"
"2024-10-01","Ontario","2021A000235","Vegetable oil, 3 litres","8.81"
"2024-10-01","Manitoba","2021A000246","Ground beef, per kilogram","13.99"
"2024-10-01","Manitoba","2021A000246","Whole chicken, per kilogram","7.77"
"2024-10-01","Manitoba","2021A000246","Milk, 2 litres","4.63"
"2024-10-01","Manitoba","2021A000246","Block cheese, 500 grams","7.01"
"2024-10-01","Manitoba","2021A000246","Yogurt, 500 grams","3.53"
"2024-10-01","Manitoba","2021A000246","Eggs, 1 dozen","4.69"
"2024-10-01","Manitoba","2021A000246","Apples, per kilogram","3.92"
"2024-10-01","Manitoba","2021A000246","Bananas, per kilogram","1.75"
"2024-10-01","Manitoba","2021A000246","Potatoes, 4.54 kilograms","7.06"
"2024-10-01","Manitoba","2021A000246","Tomatoes, per kilogram","4.65"
"2024-10-01","Manitoba","2021A000246","Carrots, 1.36 kilograms","3.87"
"2024-10-01","Manitoba","2021A000246","Onions, per kilogram","6.02"
"2024-10-01","Manitoba","2021A000246","White bread, 675 grams","3.28"
"2024-10-01","Manitoba","2021A000246","Dry or fresh pasta, 500 grams","3.17"
"2024-10-01","Manitoba","2021A000246","White rice, 2 kilograms","8.25"
"2024-10-01","Manitoba","2021A000246","Vegetable oil, 3 litres","10.52"
"2024-10-01","Saskatchewan","2021A000247","Ground beef, per kilogram","13.34"
"2024-10-01","Saskatchewan","2021A000247","Whole chicken, per kilogram","7.70"
"2024-10-01","Saskatchewan","2021A000247","Milk, 2 litres","4.93"
"2024-10-01","Saskatchewan","2021A000247","Block cheese, 500 grams","6.98"
"2024-10-01","Saskatchewan","2021A000247","Yogurt, 500 grams","3.55"
"2024-10-01","Saskatchewan","2021A000247","Eggs, 1 dozen","4.71"
"2024-10-01","Saskatchewan","2021A000247","Apples, per kilogram","3.96"
"2024-10-01","Saskatchewan","2021A000247","Bananas, per kilogram","1.76"
"2024-10-01","Saskatchewan","2021A000247","Potatoes, 4.54 kilograms","7.04"
"2024-10-01","Saskatchewan","2021A000247","Tomatoes, per kilogram","4.77"
"2024-10-01","Saskatchewan","2021A000247","Carrots, 1.36 kilograms","3.91"
"2024-10-01","Saskatchewan","2021A000247","Onions, per kilogram","6.00"
"2024-10-01","Saskatchewan","2021A000247","White bread, 675 grams","3.36"
"2024-10-01","Saskatchewan","2021A000247","Dry or fresh pasta, 500 grams","3.12"
"2024-10-01","Saskatchewan","2021A000247","White rice, 2 kilograms","7.78"
"2024-10-01","Saskatchewan","2021A000247","Vegetable oil, 3 litres","11.08"
"2024-10-01","Alberta","2021A000248","Ground beef, per kilogram","14.68"
"2024-10-01","Alberta","2021A000248","Whole chicken, per kilogram","8.51"
"2024-10-01","Alberta","2021A000248","Milk, 2 litres","5.18"
"2024-10-01","Alberta","2021A000248","Block cheese, 500 grams","7.16"
"2024-10-01","Alberta","2021A000248","Yogurt, 500 grams","3.58"
"2024-10-01","Alberta","2021A000248","Eggs, 1 dozen","5.04"
"2024-10-01","Alberta","2021A000248","Apples, per kilogram","4.20"
"2024-10-01","Alberta","2021A000248","Bananas, per kilogram","1.78"
"2024-10-01","Alberta","2021A000248","Potatoes, 4.54 kilograms","7.00"
"2024-10-01","Alberta","2021A000248","Tomatoes, per kilogram","4.96"
"2024-10-01","Alberta","2021A000248","Carrots, 1.36 kilograms","4.01"
"2024-10-01","Alberta","2021A000248","Onions, per kilogram","6.01"
"2024-10-01","Alberta","2021A000248","White bread, 675 grams","3.37"
"2024-10-01","Alberta","2021A000248","Dry or fresh pasta, 500 grams","3.30"
"2024-10-01","Alberta","2021A000248","White rice, 2 kilograms","8.52"
"2024-10-01","Alberta","2021A000248","Vegetable oil, 3 litres","10.83"
"2024-10-01","British Columbia","2021A000259","Ground beef, per kilogram","14.77"
"2024-10-01","British Columbia","2021A000259","Whole chicken, per kilogram","7.08"
"2024-10-01","British Columbia","2021A000259","Milk, 2 litres","5.30"
"2024-10-01","British Columbia","2021A000259","Block cheese, 500 grams","7.24"
"2024-10-01","British Columbia","2021A000259","Yogurt, 500 grams","3.62"
"2024-10-01","British Columbia","2021A000259","Eggs, 1 dozen","5.52"
"2024-10-01","British Columbia","2021A000259","Apples, per kilogram","4.23"
"2024-10-01","British Columbia","2021A000259","Bananas, per kilogram","1.61"
"2024-10-01","British Columbia","2021A000259","Potatoes, 4.54 kilograms","6.74"
"2024-10-01","British Columbia","2021A000259","Tomatoes, per kilogram","5.01"
"2024-10-01","British Columbia","2021A000259","Carrots, 1.36 kilograms","4.29"
"2024-10-01","British Columbia","2021A000259","Onions, per kilogram","5.86"
"2024-10-01","British Columbia","2021A000259","White bread, 675 grams","3.76"
"2024-10-01","British Columbia","2021A000259","Dry or fresh pasta, 500 grams","3.41"
"2024-10-01","British Columbia","2021A000259","White rice, 2 kilograms","8.32"
"2024-10-01","British Columbia","2021A000259","Vegetable oil, 3 litres","10.95"
"2024-11-01","Newfoundland and Labrador","2021A000210","Ground beef, per kilogram","13.10"
"2024-11-01","Newfoundland and Labrador","2021A000210","Whole chicken, per kilogram","6.57"
"2024-11-01","Newfoundland and Labrador","2021A000210","Milk, 2 litres","5.06"
"2024-11-01","Newfoundland and Labrador","2021A000210","Block cheese, 500 grams","6.85"
"2024-11-01","Newfoundland and Labrador","2021A000210","Yogurt, 500 grams","3.99"
"2024-11-01","Newfoundland and Labrador","2021A000210","Eggs, 1 dozen","5.39"
"2024-11-01","Newfoundland and Labrador","2021A000210","Apples, per kilogram","6.20"
"2024-11-01","Newfoundland and Labrador","2021A000210","Bananas, per kilogram","2.17"
"2024-11-01","Newfoundland and Labrador","2021A000210","Potatoes, 4.54 kilograms","6.22"
"2024-11-01","Newfoundland and Labrador","2021A000210","Tomatoes, per kilogram","7.09"
"2024-11-01","Newfoundland and Labrador","2021A000210","Carrots, 1.36 kilograms","3.75"
"2024-11-01","Newfoundland and Labrador","2021A000210","Onions, per kilogram","6.24"
"2024-11-01","Newfoundland and Labrador","2021A000210","White bread, 675 grams","4.03"
"2024-11-01","Newfoundland and Labrador","2021A000210","Dry or fresh pasta, 500 grams","2.89"
"2024-11-01","Newfoundland and Labrador","2021A000210","White rice, 2 kilograms","9.99"
"2024-11-01","Newfoundland and Labrador","2021A000210","Vegetable oil, 3 litres","11.06"
"2024-11-01","Prince Edward Island","2021A000211","Ground beef, per kilogram","13.31"
"2024-11-01","Prince Edward Island","2021A000211","Whole chicken, per kilogram","7.29"
"2024-11-01","Prince Edward Island","2021A000211","Milk, 2 litres","4.55"
"2024-11-01","Prince Edward Island","2021A000211","Block cheese, 500 grams","7.01"
"2024-11-01","Prince Edward Island","2021A000211","Yogurt, 500 grams","3.77"
"2024-11-01","Prince Edward Island","2021A000211","Eggs, 1 dozen","5.36"
"2024-11-01","Prince Edward Island","2021A000211","Apples, per kilogram","5.22"
"2024-11-01","Prince Edward Island","2021A000211","Bananas, per kilogram","1.98"
"2024-11-01","Prince Edward Island","2021A000211","Potatoes, 4.54 kilograms","5.83"
"2024-11-01","Prince Edward Island","2021A000211","Tomatoes, per kilogram","6.26"
"2024-11-01","Prince Edward Island","2021A000211","Carrots, 1.36 kilograms","3.56"
"2024-11-01","Prince Edward Island","2021A000211","Onions, per kilogram","5.89"
"2024-11-01","Prince Edward Island","2021A000211","White bread, 675 grams","3.64"
"2024-11-01","Prince Edward Island","2021A000211","Dry or fresh pasta, 500 grams","3.19"
"2024-11-01","Prince Edward Island","2021A000211","White rice, 2 kilograms","9.91"
"2024-11-01","Prince Edward Island","2021A000211","Vegetable oil, 3 litres","11.39"
"2024-11-01","Nova Scotia","2021A000212","Ground beef, per kilogram","13.30"
"2024-11-01","Nova Scotia","2021A000212","Whole chicken, per kilogram","7.17"
"2024-11-01","Nova Scotia","2021A000212","Milk, 2 litres","4.83"
"2024-11-01","Nova Scotia","2021A000212","Block cheese, 500 grams","6.90"
"2024-11-01","Nova Scotia","2021A000212","Yogurt, 500 grams","3.73"
"2024-11-01","Nova Scotia","2021A000212","Eggs, 1 dozen","5.38"
"2024-11-01","Nova Scotia","2021A000212","Apples, per kilogram","5.62"
"2024-11-01","Nova Scotia","2021A000212","Bananas, per kilogram","2.00"
"2024-11-01","Nova Scotia","2021A000212","Potatoes, 4.54 kilograms","5.67"
"2024-11-01","Nova Scotia","2021A000212","Tomatoes, per kilogram","6.21"
"2024-11-01","Nova Scotia","2021A000212","Carrots, 1.36 kilograms","3.45"
"2024-11-01","Nova Scotia","2021A000212","Onions, per kilogram","5.96"
"2024-11-01","Nova Scotia","2021A000212","White bread, 675 grams","3.61"
"2024-11-01","Nova Scotia","2021A000212","Dry or fresh pasta, 500 grams","3.18"
"2024-11-01","Nova Scotia","2021A000212","White rice, 2 kilograms","11.03"
"2024-11-01","Nova Scotia","2021A000212","Vegetable oil, 3 litres","11.72"
"2024-11-01","New Brunswick","2021A000213","Ground beef, per kilogram","12.74"
"2024-11-01","New Brunswick","2021A000213","Whole chicken, per kilogram","7.36"
"2024-11-01","New Brunswick","2021A000213","Milk, 2 litres","4.98"
"2024-11-01","New Brunswick","2021A000213","Block cheese, 500 grams","6.98"
"2024-11-01","New Brunswick","2021A000213","Yogurt, 500 grams","3.85"
"2024-11-01","New Brunswick","2021A000213","Eggs, 1 dozen","5.20"
"2024-11-01","New Brunswick","2021A000213","Apples, per kilogram","5.52"
"2024-11-01","New Brunswick","2021A000213","Bananas, per kilogram","2.01"
"2024-11-01","New Brunswick","2021A000213","Potatoes, 4.54 kilograms","4.98"
"2024-11-01","New Brunswick","2021A000213","Tomatoes, per kilogram","6.16"
"2024-11-01","New Brunswick","2021A000213","Carrots, 1.36 kilograms","3.55"
"2024-11-01","New Brunswick","2021A000213","Onions, per kilogram","5.82"
"2024-11-01","New Brunswick","2021A000213","White bread, 675 grams","3.72"
"2024-11-01","New Brunswick","2021A000213","Dry or fresh pasta, 500 grams","3.12"
"2024-11-01","New Brunswick","2021A000213","White rice, 2 kilograms","10.54"
"2024-11-01","New Brunswick","2021A000213","Vegetable oil, 3 litres","12.09"
"2024-11-01","Quebec","2021A000224","Ground beef, per kilogram","12.48"
"2024-11-01","Quebec","2021A000224","Whole chicken, per kilogram","5.31"
"2024-11-01","Quebec","2021A000224","Milk, 2 litres","5.18"
"2024-11-01","Quebec","2021A000224","Block cheese, 500 grams","6.72"
"2024-11-01","Quebec","2021A000224","Yogurt, 500 grams","3.67"
"2024-11-01","Quebec","2021A000224","Eggs, 1 dozen","4.45"
"2024-11-01","Quebec","2021A000224","Apples, per kilogram","4.50"
"2024-11-01","Quebec","2021A000224","Bananas, per kilogram","1.78"
"2024-11-01","Quebec","2021A000224","Potatoes, 4.54 kilograms","4.44"
"2024-11-01","Quebec","2021A000224","Tomatoes, per kilogram","5.96"
"2024-11-01","Quebec","2021A000224","Carrots, 1.36 kilograms","3.28"
"2024-11-01","Quebec","2021A000224","Onions, per kilogram","5.04"
"2024-11-01","Quebec","2021A000224","White bread, 675 grams","3.90"
"2024-11-01","Quebec","2021A000224","Dry or fresh pasta, 500 grams","2.95"
"2024-11-01","Quebec","2021A000224","White rice, 2 kilograms","10.39"
"2024-11-01","Quebec","2021A000224","Vegetable oil, 3 litres","8.78"
"2024-11-01","Ontario","2021A000235","Ground beef, per kilogram","12.98"
"2024-11-01","Ontario","2021A000235","Whole chicken, per kilogram","6.51"
"2024-11-01","Ontario","2021A000235","Milk, 2 litres","5.68"
"2024-11-01","Ontario","2021A000235","Block cheese, 500 grams","6.79"
"2024-11-01","Ontario","2021A000235","Yogurt, 500 grams","3.49"
"2024-11-01","Ontario","2021A000235","Eggs, 1 dozen","4.81"
"2024-11-01","Ontario","2021A000235","Apples, per kilogram","4.37"
"2024-11-01","Ontario","2021A000235","Bananas, per kilogram","1.45"
"2024-11-01","Ontario","2021A000235","Potatoes, 4.54 kilograms","4.57"
"2024-11-01","Ontario","2021A000235","Tomatoes, per kilogram","5.77"
"2024-11-01","Ontario","2021A000235","Carrots, 1.36 kilograms","3.18"
"2024-11-01","Ontario","2021A000235","Onions, per kilogram","5.78"
"2024-11-01","Ontario","2021A000235","White bread, 675 grams","3.05"
"2024-11-01","Ontario","2021A000235","Dry or fresh pasta, 500 grams","3.08"
"2024-11-01","Ontario","2021A000235","White rice, 2 kilograms","8.68"
"2024-11-01","Ontario","2021A000235","Vegetable oil, 3 litres","9.93"
"2024-11-01","Manitoba","2021A000246","Ground beef, per kilogram","14.06"
"2024-11-01","Manitoba","2021A000246","Whole chicken, per kilogram","7.09"
"2024-11-01","Manitoba","2021A000246","Milk, 2 litres","4.65"
"2024-11-01","Manitoba","2021A000246","Block cheese, 500 grams","7.07"
"2024-11-01","Manitoba","2021A000246","Yogurt, 500 grams","3.50"
"2024-11-01","Manitoba","2021A000246","Eggs, 1 dozen","4.72"
"2024-11-01","Manitoba","2021A000246","Apples, per kilogram","4.71"
"2024-11-01","Manitoba","2021A000246","Bananas, per kilogram","1.75"
"2024-11-01","Manitoba","2021A000246","Potatoes, 4.54 kilograms","7.72"
"2024-11-01","Manitoba","2021A000246","Tomatoes, per kilogram","5.83"
"2024-11-01","Manitoba","2021A000246","Carrots, 1.36 kilograms","4.31"
"2024-11-01","Manitoba","2021A000246","Onions, per kilogram","5.67"
"2024-11-01","Manitoba","2021A000246","White bread, 675 grams","3.19"
"2024-11-01","Manitoba","2021A000246","Dry or fresh pasta, 500 grams","3.06"
"2024-11-01","Manitoba","2021A000246","White rice, 2 kilograms","8.58"
"2024-11-01","Manitoba","2021A000246","Vegetable oil, 3 litres","13.11"
"2024-11-01","Saskatchewan","2021A000247","Ground beef, per kilogram","13.53"
"2024-11-01","Saskatchewan","2021A000247","Whole chicken, per kilogram","7.06"
"2024-11-01","Saskatchewan","2021A000247","Milk, 2 litres","4.96"
"2024-11-01","Saskatchewan","2021A000247","Block cheese, 500 grams","7.06"
"2024-11-01","Saskatchewan","2021A000247","Yogurt, 500 grams","3.50"
"2024-11-01","Saskatchewan","2021A000247","Eggs, 1 dozen","4.72"
"2024-11-01","Saskatchewan","2021A000247","Apples, per kilogram","4.66"
"2024-11-01","Saskatchewan","2021A000247","Bananas, per kilogram","1.76"
"2024-11-01","Saskatchewan","2021A000247","Potatoes, 4.54 kilograms","7.69"
"2024-11-01","Saskatchewan","2021A000247","Tomatoes, per kilogram","5.88"
"2024-11-01","Saskatchewan","2021A000247","Carrots, 1.36 kilograms","4.38"
"2024-11-01","Saskatchewan","2021A000247","Onions, per kilogram","5.72"
"2024-11-01","Saskatchewan","2021A000247","White bread, 675 grams","3.23"
"2024-11-01","Saskatchewan","2021A000247","Dry or fresh pasta, 500 grams","3.08"
"2024-11-01","Saskatchewan","2021A000247","White rice, 2 kilograms","7.81"
"2024-11-01","Saskatchewan","2021A000247","Vegetable oil, 3 litres","13.32"
"2024-11-01","Alberta","2021A000248","Ground beef, per kilogram","14.53"
"2024-11-01","Alberta","2021A000248","Whole chicken, per kilogram","7.67"
"2024-11-01","Alberta","2021A000248","Milk, 2 litres","5.22"
"2024-11-01","Alberta","2021A000248","Block cheese, 500 grams","7.22"
"2024-11-01","Alberta","2021A000248","Yogurt, 500 grams","3.56"
"2024-11-01","Alberta","2021A000248","Eggs, 1 dozen","5.08"
"2024-11-01","Alberta","2021A000248","Apples, per kilogram","4.87"
"2024-11-01","Alberta","2021A000248","Bananas, per kilogram","1.78"
"2024-11-01","Alberta","2021A000248","Potatoes, 4.54 kilograms","7.51"
"2024-11-01","Alberta","2021A000248","Tomatoes, per kilogram","5.97"
"2024-11-01","Alberta","2021A000248","Carrots, 1.36 kilograms","4.48"
"2024-11-01","Alberta","2021A000248","Onions, per kilogram","5.71"
"2024-11-01","Alberta","2021A000248","White bread, 675 grams","3.34"
"2024-11-01","Alberta","2021A000248","Dry or fresh pasta, 500 grams","3.20"
"2024-11-01","Alberta","2021A000248","White rice, 2 kilograms","8.59"
"2024-11-01","Alberta","2021A000248","Vegetable oil, 3 litres","12.94"
"2024-11-01","British Columbia","2021A000259","Ground beef, per kilogram","14.46"
"2024-11-01","British Columbia","2021A000259","Whole chicken, per kilogram","8.45"
"2024-11-01","British Columbia","2021A000259","Milk, 2 litres","5.34"
"2024-11-01","British Columbia","2021A000259","Block cheese, 500 grams","7.29"
"2024-11-01","British Columbia","2021A000259","Yogurt, 500 grams","3.56"
"2024-11-01","British Columbia","2021A000259","Eggs, 1 dozen","5.54"
"2024-11-01","British Columbia","2021A000259","Apples, per kilogram","4.89"
"2024-11-01","British Columbia","2021A000259","Bananas, per kilogram","1.62"
"2024-11-01","British Columbia","2021A000259","Potatoes, 4.54 kilograms","7.42"
"2024-11-01","British Columbia","2021A000259","Tomatoes, per kilogram","5.89"
"2024-11-01","British Columbia","2021A000259","Carrots, 1.36 kilograms","4.66"
"2024-11-01","British Columbia","2021A000259","Onions, per kilogram","5.62"
"2024-11-01","British Columbia","2021A000259","White bread, 675 grams","3.68"
"2024-11-01","British Columbia","2021A000259","Dry or fresh pasta, 500 grams","3.34"
"2024-11-01","British Columbia","2021A000259","White rice, 2 kilograms","8.97"
"2024-11-01","British Columbia","2021A000259","Vegetable oil, 3 litres","13.24"
"2024-12-01","Newfoundland and Labrador","2021A000210","Ground beef, per kilogram","13.64"
"2024-12-01","Newfoundland and Labrador","2021A000210","Whole chicken, per kilogram","7.88"
"2024-12-01","Newfoundland and Labrador","2021A000210","Milk, 2 litres","5.08"
"2024-12-01","Newfoundland and Labrador","2021A000210","Block cheese, 500 grams","6.81"
"2024-12-01","Newfoundland and Labrador","2021A000210","Yogurt, 500 grams","4.07"
"2024-12-01","Newfoundland and Labrador","2021A000210","Eggs, 1 dozen","5.35"
"2024-12-01","Newfoundland and Labrador","2021A000210","Apples, per kilogram","5.75"
"2024-12-01","Newfoundland and Labrador","2021A000210","Bananas, per kilogram","2.15"
"2024-12-01","Newfoundland and Labrador","2021A000210","Potatoes, 4.54 kilograms","6.37"
"2024-12-01","Newfoundland and Labrador","2021A000210","Tomatoes, per kilogram","7.96"
"2024-12-01","Newfoundland and Labrador","2021A000210","Carrots, 1.36 kilograms","3.45"
"2024-12-01","Newfoundland and Labrador","2021A000210","Onions, per kilogram","6.52"
"2024-12-01","Newfoundland and Labrador","2021A000210","White bread, 675 grams","4.09"
"2024-12-01","Newfoundland and Labrador","2021A000210","Dry or fresh pasta, 500 grams","3.22"
"2024-12-01","Newfoundland and Labrador","2021A000210","White rice, 2 kilograms","10.44"
"2024-12-01","Newfoundland and Labrador","2021A000210","Vegetable oil, 3 litres","12.00"
"2024-12-01","Prince Edward Island","2021A000211","Ground beef, per kilogram","13.36"
"2024-12-01","Prince Edward Island","2021A000211","Whole chicken, per kilogram","9.24"
"2024-12-01","Prince Edward Island","2021A000211","Milk, 2 litres","4.55"
"2024-12-01","Prince Edward Island","2021A000211","Block cheese, 500 grams","6.91"
"2024-12-01","Prince Edward Island","2021A000211","Yogurt, 500 grams","3.79"
"2024-12-01","Prince Edward Island","2021A000211","Eggs, 1 dozen","5.32"
"2024-12-01","Prince Edward Island","2021A000211","Apples, per kilogram","4.86"
"2024-12-01","Prince Edward Island","2021A000211","Bananas, per kilogram","2.04"
"2024-12-01","Prince Edward Island","2021A000211","Potatoes, 4.54 kilograms","5.55"
"2024-12-01","Prince Edward Island","2021A000211","Tomatoes, per kilogram","7.41"
"2024-12-01","Prince Edward Island","2021A000211","Carrots, 1.36 kilograms","3.59"
"2024-12-01","Prince Edward Island","2021A000211","Onions, per kilogram","5.89"
"2024-12-01","Prince Edward Island","2021A000211","White bread, 675 grams","3.66"
"2024-12-01","Prince Edward Island","2021A000211","Dry or fresh pasta, 500 grams","3.32"
"2024-12-01","Prince Edward Island","2021A000211","White rice, 2 kilograms","9.80"
"2024-12-01","Prince Edward Island","2021A000211","Vegetable oil, 3 litres","13.09"
"2024-12-01","Nova Scotia","2021A000212","Ground beef, per kilogram","13.86"
"2024-12-01","Nova Scotia","2021A000212","Whole chicken, per kilogram","9.26"
"2024-12-01","Nova Scotia","2021A000212","Milk, 2 litres","4.84"
"2024-12-01","Nova Scotia","2021A000212","Block cheese, 500 grams","6.77"
"2024-12-01","Nova Scotia","2021A000212","Yogurt, 500 grams","3.75"
"2024-12-01","Nova Scotia","2021A000212","Eggs, 1 dozen","5.36"
"2024-12-01","Nova Scotia","2021A000212","Apples, per kilogram","5.22"
"2024-12-01","Nova Scotia","2021A000212","Bananas, per kilogram","2.05"
"2024-12-01","Nova Scotia","2021A000212","Potatoes, 4.54 kilograms","5.00"
"2024-12-01","Nova Scotia","2021A000212","Tomatoes, per kilogram","7.35"
"2024-12-01","Nova Scotia","2021A000212","Carrots, 1.36 kilograms","3.40"
"2024-12-01","Nova Scotia","2021A000212","Onions, per kilogram","5.94"
"2024-12-01","Nova Scotia","2021A000212","White bread, 675 grams","3.64"
"2024-12-01","Nova Scotia","2021A000212","Dry or fresh pasta, 500 grams","3.33"
"2024-12-01","Nova Scotia","2021A000212","White rice, 2 kilograms","10.73"
"2024-12-01","Nova Scotia","2021A000212","Vegetable oil, 3 litres","12.28"
"2024-12-01","New Brunswick","2021A000213","Ground beef, per kilogram","13.83"
"2024-12-01","New Brunswick","2021A000213","Whole chicken, per kilogram","8.63"
"2024-12-01","New Brunswick","2021A000213","Milk, 2 litres","4.98"
"2024-12-01","New Brunswick","2021A000213","Block cheese, 500 grams","6.84"
"2024-12-01","New Brunswick","2021A000213","Yogurt, 500 grams","3.89"
"2024-12-01","New Brunswick","2021A000213","Eggs, 1 dozen","5.07"
"2024-12-01","New Brunswick","2021A000213","Apples, per kilogram","5.30"
"2024-12-01","New Brunswick","2021A000213","Bananas, per kilogram","2.06"
"2024-12-01","New Brunswick","2021A000213","Potatoes, 4.54 kilograms","5.16"
"2024-12-01","New Brunswick","2021A000213","Tomatoes, per kilogram","7.44"
"2024-12-01","New Brunswick","2021A000213","Carrots, 1.36 kilograms","3.44"
"2024-12-01","New Brunswick","2021A000213","Onions, per kilogram","5.84"
"2024-12-01","New Brunswick","2021A000213","White bread, 675 grams","3.72"
"2024-12-01","New Brunswick","2021A000213","Dry or fresh pasta, 500 grams","3.00"
"2024-12-01","New Brunswick","2021A000213","White rice, 2 kilograms","10.55"
"2024-12-01","New Brunswick","2021A000213","Vegetable oil, 3 litres","12.81"
"2024-12-01","Quebec","2021A000224","Ground beef, per kilogram","14.92"
"2024-12-01","Quebec","2021A000224","Whole chicken, per kilogram","8.45"
"2024-12-01","Quebec","2021A000224","Milk, 2 litres","5.21"
"2024-12-01","Quebec","2021A000224","Block cheese, 500 grams","6.54"
"2024-12-01","Quebec","2021A000224","Yogurt, 500 grams","3.61"
"2024-12-01","Quebec","2021A000224","Eggs, 1 dozen","4.24"
"2024-12-01","Quebec","2021A000224","Apples, per kilogram","5.50"
"2024-12-01","Quebec","2021A000224","Bananas, per kilogram","1.77"
"2024-12-01","Quebec","2021A000224","Potatoes, 4.54 kilograms","3.90"
"2024-12-01","Quebec","2021A000224","Tomatoes, per kilogram","6.62"
"2024-12-01","Quebec","2021A000224","Carrots, 1.36 kilograms","2.44"
"2024-12-01","Quebec","2021A000224","Onions, per kilogram","5.19"
"2024-12-01","Quebec","2021A000224","White bread, 675 grams","3.90"
"2024-12-01","Quebec","2021A000224","Dry or fresh pasta, 500 grams","3.13"
"2024-12-01","Quebec","2021A000224","White rice, 2 kilograms","10.20"
"2024-12-01","Quebec","2021A000224","Vegetable oil, 3 litres","8.59"
"2024-12-01","Ontario","2021A000235","Ground beef, per kilogram","13.38"
"2024-12-01","Ontario","2021A000235","Whole chicken, per kilogram","5.95"
"2024-12-01","Ontario","2021A000235","Milk, 2 litres","5.77"
"2024-12-01","Ontario","2021A000235","Block cheese, 500 grams","6.49"
"2024-12-01","Ontario","2021A000235","Yogurt, 500 grams","3.52"
"2024-12-01","Ontario","2021A000235","Eggs, 1 dozen","4.80"
"2024-12-01","Ontario","2021A000235","Apples, per kilogram","4.62"
"2024-12-01","Ontario","2021A000235","Bananas, per kilogram","1.46"
"2024-12-01","Ontario","2021A000235","Potatoes, 4.54 kilograms","4.94"
"2024-12-01","Ontario","2021A000235","Tomatoes, per kilogram","6.09"
"2024-12-01","Ontario","2021A000235","Carrots, 1.36 kilograms","3.29"
"2024-12-01","Ontario","2021A000235","Onions, per kilogram","5.75"
"2024-12-01","Ontario","2021A000235","White bread, 675 grams","3.01"
"2024-12-01","Ontario","2021A000235","Dry or fresh pasta, 500 grams","3.00"
"2024-12-01","Ontario","2021A000235","White rice, 2 kilograms","7.58"
"2024-12-01","Ontario","2021A000235","Vegetable oil, 3 litres","10.32"
"2024-12-01","Manitoba","2021A000246","Ground beef, per kilogram","14.49"
"2024-12-01","Manitoba","2021A000246","Whole chicken, per kilogram","7.02"
"2024-12-01","Manitoba","2021A000246","Milk, 2 litres","4.67"
"2024-12-01","Manitoba","2021A000246","Block cheese, 500 grams","7.01"
"2024-12-01","Manitoba","2021A000246","Yogurt, 500 grams","3.53"
"2024-12-01","Manitoba","2021A000246","Eggs, 1 dozen","4.69"
"2024-12-01","Manitoba","2021A000246","Apples, per kilogram","5.10"
"2024-12-01","Manitoba","2021A000246","Bananas, per kilogram","1.75"
"2024-12-01","Manitoba","2021A000246","Potatoes, 4.54 kilograms","7.21"
"2024-12-01","Manitoba","2021A000246","Tomatoes, per kilogram","6.50"
"2024-12-01","Manitoba","2021A000246","Carrots, 1.36 kilograms","3.96"
"2024-12-01","Manitoba","2021A000246","Onions, per kilogram","5.51"
"2024-12-01","Manitoba","2021A000246","White bread, 675 grams","3.36"
"2024-12-01","Manitoba","2021A000246","Dry or fresh pasta, 500 grams","2.98"
"2024-12-01","Manitoba","2021A000246","White rice, 2 kilograms","8.40"
"2024-12-01","Manitoba","2021A000246","Vegetable oil, 3 litres","12.97"
"2024-12-01","Saskatchewan","2021A000247","Ground beef, per kilogram","13.91"
"2024-12-01","Saskatchewan","2021A000247","Whole chicken, per kilogram","7.97"
"2024-12-01","Saskatchewan","2021A000247","Milk, 2 litres","4.95"
"2024-12-01","Saskatchewan","2021A000247","Block cheese, 500 grams","6.95"
"2024-12-01","Saskatchewan","2021A000247","Yogurt, 500 grams","3.52"
"2024-12-01","Saskatchewan","2021A000247","Eggs, 1 dozen","4.69"
"2024-12-01","Saskatchewan","2021A000247","Apples, per kilogram","4.99"
"2024-12-01","Saskatchewan","2021A000247","Bananas, per kilogram","1.75"
"2024-12-01","Saskatchewan","2021A000247","Potatoes, 4.54 kilograms","7.39"
"2024-12-01","Saskatchewan","2021A000247","Tomatoes, per kilogram","6.67"
"2024-12-01","Saskatchewan","2021A000247","Carrots, 1.36 kilograms","4.00"
"2024-12-01","Saskatchewan","2021A000247","Onions, per kilogram","5.70"
"2024-12-01","Saskatchewan","2021A000247","White bread, 675 grams","3.40"
"2024-12-01","Saskatchewan","2021A000247","Dry or fresh pasta, 500 grams","2.96"
"2024-12-01","Saskatchewan","2021A000247","White rice, 2 kilograms","7.57"
"2024-12-01","Saskatchewan","2021A000247","Vegetable oil, 3 litres","13.11"
"2024-12-01","Alberta","2021A000248","Ground beef, per kilogram","14.99"
"2024-12-01","Alberta","2021A000248","Whole chicken, per kilogram","8.01"
"2024-12-01","Alberta","2021A000248","Milk, 2 litres","5.20"
"2024-12-01","Alberta","2021A000248","Block cheese, 500 grams","7.12"
"2024-12-01","Alberta","2021A000248","Yogurt, 500 grams","3.58"
"2024-12-01","Alberta","2021A000248","Eggs, 1 dozen","5.05"
"2024-12-01","Alberta","2021A000248","Apples, per kilogram","5.18"
"2024-12-01","Alberta","2021A000248","Bananas, per kilogram","1.77"
"2024-12-01","Alberta","2021A000248","Potatoes, 4.54 kilograms","7.28"
"2024-12-01","Alberta","2021A000248","Tomatoes, per kilogram","6.61"
"2024-12-01","Alberta","2021A000248","Carrots, 1.36 kilograms","4.16"
"2024-12-01","Alberta","2021A000248","Onions, per kilogram","5.74"
"2024-12-01","Alberta","2021A000248","White bread, 675 grams","3.42"
"2024-12-01","Alberta","2021A000248","Dry or fresh pasta, 500 grams","3.08"
"2024-12-01","Alberta","2021A000248","White rice, 2 kilograms","8.06"
"2024-12-01","Alberta","2021A000248","Vegetable oil, 3 litres","12.87"
"2024-12-01","British Columbia","2021A000259","Ground beef, per kilogram","15.11"
"2024-12-01","British Columbia","2021A000259","Whole chicken, per kilogram","8.53"
"2024-12-01","British Columbia","2021A000259","Milk, 2 litres","5.34"
"2024-12-01","British Columbia","2021A000259","Block cheese, 500 grams","7.14"
"2024-12-01","British Columbia","2021A000259","Yogurt, 500 grams","3.59"
"2024-12-01","British Columbia","2021A000259","Eggs, 1 dozen","5.47"
"2024-12-01","British Columbia","2021A000259","Apples, per kilogram","5.06"
"2024-12-01","British Columbia","2021A000259","Bananas, per kilogram","1.61"
"2024-12-01","British Columbia","2021A000259","Potatoes, 4.54 kilograms","7.05"
"2024-12-01","British Columbia","2021A000259","Tomatoes, per kilogram","6.46"
"2024-12-01","British Columbia","2021A000259","Carrots, 1.36 kilograms","4.33"
"2024-12-01","British Columbia","2021A000259","Onions, per kilogram","5.63"
"2024-12-01","British Columbia","2021A000259","White bread, 675 grams","3.81"
"2024-12-01","British Columbia","2021A000259","Dry or fresh pasta, 500 grams","3.23"
"2024-12-01","British Columbia","2021A000259","White rice, 2 kilograms","8.21"
"2024-12-01","British Columbia","2021A000259","Vegetable oil, 3 litres","13.00"
"2025-01-01","Newfoundland and Labrador","2021A000210","Ground beef, per kilogram","13.10"
"2025-01-01","Newfoundland and Labrador","2021A000210","Whole chicken, per kilogram","6.73"
"2025-01-01","Newfoundland and Labrador","2021A000210","Milk, 2 litres","5.07"
"2025-01-01","Newfoundland and Labrador","2021A000210","Block cheese, 500 grams","7.06"
"2025-01-01","Newfoundland and Labrador","2021A000210","Yogurt, 500 grams","3.89"
"2025-01-01","Newfoundland and Labrador","2021A000210","Eggs, 1 dozen","5.41"
"2025-01-01","Newfoundland and Labrador","2021A000210","Apples, per kilogram","5.85"
"2025-01-01","Newfoundland and Labrador","2021A000210","Bananas, per kilogram","2.18"
"2025-01-01","Newfoundland and Labrador","2021A000210","Potatoes, 4.54 kilograms","6.43"
"2025-01-01","Newfoundland and Labrador","2021A000210","Tomatoes, per kilogram","8.14"
"2025-01-01","Newfoundland and Labrador","2021A000210","Carrots, 1.36 kilograms","3.97"
"2025-01-01","Newfoundland and Labrador","2021A000210","Onions, per kilogram","6.20"
"2025-01-01","Newfoundland and Labrador","2021A000210","White bread, 675 grams","4.09"
"2025-01-01","Newfoundland and Labrador","2021A000210","Dry or fresh pasta, 500 grams","2.96"
"2025-01-01","Newfoundland and Labrador","2021A000210","White rice, 2 kilograms","10.52"
"2025-01-01","Newfoundland and Labrador","2021A000210","Vegetable oil, 3 litres","9.81"
"2025-01-01","Prince Edward Island","2021A000211","Ground beef, per kilogram","12.94"
"2025-01-01","Prince Edward Island","2021A000211","Whole chicken, per kilogram","6.63"
"2025-01-01","Prince Edward Island","2021A000211","Milk, 2 litres","4.54"
"2025-01-01","Prince Edward Island","2021A000211","Block cheese, 500 grams","7.21"
"2025-01-01","Prince Edward Island","2021A000211","Yogurt, 500 grams","3.71"
"2025-01-01","Prince Edward Island","2021A000211","Eggs, 1 dozen","5.34"
"2025-01-01","Prince Edward Island","2021A000211","Apples, per kilogram","5.27"
"2025-01-01","Prince Edward Island","2021A000211","Bananas, per kilogram","2.07"
"2025-01-01","Prince Edward Island","2021A000211","Potatoes, 4.54 kilograms","5.82"
"2025-01-01","Prince Edward Island","2021A000211","Tomatoes, per kilogram","7.54"
"2025-01-01","Prince Edward Island","2021A000211","Carrots, 1.36 kilograms","3.76"
"2025-01-01","Prince Edward Island","2021A000211","Onions, per kilogram","5.91"
"2025-01-01","Prince Edward Island","2021A000211","White bread, 675 grams","3.65"
"2025-01-01","Prince Edward Island","2021A000211","Dry or fresh pasta, 500 grams","3.16"
"2025-01-01","Prince Edward Island","2021A000211","White rice, 2 kilograms","9.60"
"2025-01-01","Prince Edward Island","2021A000211","Vegetable oil, 3 litres","10.99"
"2025-01-01","Nova Scotia","2021A000212","Ground beef, per kilogram","13.18"
"2025-01-01","Nova Scotia","2021A000212","Whole chicken, per kilogram","6.77"
"2025-01-01","Nova Scotia","2021A000212","Milk, 2 litres","4.83"
"2025-01-01","Nova Scotia","2021A000212","Block cheese, 500 grams","7.10"
"2025-01-01","Nova Scotia","2021A000212","Yogurt, 500 grams","3.65"
"2025-01-01","Nova Scotia","2021A000212","Eggs, 1 dozen","5.42"
"2025-01-01","Nova Scotia","2021A000212","Apples, per kilogram","5.59"
"2025-01-01","Nova Scotia","2021A000212","Bananas, per kilogram","2.07"
"2025-01-01","Nova Scotia","2021A000212","Potatoes, 4.54 kilograms","5.69"
"2025-01-01","Nova Scotia","2021A000212","Tomatoes, per kilogram","7.43"
"2025-01-01","Nova Scotia","2021A000212","Carrots, 1.36 kilograms","3.69"
"2025-01-01","Nova Scotia","2021A000212","Onions, per kilogram","5.92"
"2025-01-01","Nova Scotia","2021A000212","White bread, 675 grams","3.62"
"2025-01-01","Nova Scotia","2021A000212","Dry or fresh pasta, 500 grams","3.16"
"2025-01-01","Nova Scotia","2021A000212","White rice, 2 kilograms","10.60"
"2025-01-01","Nova Scotia","2021A000212","Vegetable oil, 3 litres","10.79"
"2025-01-01","New Brunswick","2021A000213","Ground beef, per kilogram","12.90"
"2025-01-01","New Brunswick","2021A000213","Whole chicken, per kilogram","6.09"
"2025-01-01","New Brunswick","2021A000213","Milk, 2 litres","4.97"
"2025-01-01","New Brunswick","2021A000213","Block cheese, 500 grams","7.14"
"2025-01-01","New Brunswick","2021A000213","Yogurt, 500 grams","3.72"
"2025-01-01","New Brunswick","2021A000213","Eggs, 1 dozen","5.26"
"2025-01-01","New Brunswick","2021A000213","Apples, per kilogram","5.67"
"2025-01-01","New Brunswick","2021A000213","Bananas, per kilogram","2.06"
"2025-01-01","New Brunswick","2021A000213","Potatoes, 4.54 kilograms","5.40"
"2025-01-01","New Brunswick","2021A000213","Tomatoes, per kilogram","7.55"
"2025-01-01","New Brunswick","2021A000213","Carrots, 1.36 kilograms","3.72"
"2025-01-01","New Brunswick","2021A000213","Onions, per kilogram","5.78"
"2025-01-01","New Brunswick","2021A000213","White bread, 675 grams","3.72"
"2025-01-01","New Brunswick","2021A000213","Dry or fresh pasta, 500 grams","2.89"
"2025-01-01","New Brunswick","2021A000213","White rice, 2 kilograms","10.39"
"2025-01-01","New Brunswick","2021A000213","Vegetable oil, 3 litres","11.17"
"2025-01-01","Quebec","2021A000224","Ground beef, per kilogram","12.51"
"2025-01-01","Quebec","2021A000224","Whole chicken, per kilogram","5.20"
"2025-01-01","Quebec","2021A000224","Milk, 2 litres","5.21"
"2025-01-01","Quebec","2021A000224","Block cheese, 500 grams","6.29"
"2025-01-01","Quebec","2021A000224","Yogurt, 500 grams","3.53"
"2025-01-01","Quebec","2021A000224","Eggs, 1 dozen","4.51"
"2025-01-01","Quebec","2021A000224","Apples, per kilogram","5.35"
"2025-01-01","Quebec","2021A000224","Bananas, per kilogram","1.77"
"2025-01-01","Quebec","2021A000224","Potatoes, 4.54 kilograms","4.36"
"2025-01-01","Quebec","2021A000224","Tomatoes, per kilogram","7.12"
"2025-01-01","Quebec","2021A000224","Carrots, 1.36 kilograms","3.19"
"2025-01-01","Quebec","2021A000224","Onions, per kilogram","5.06"
"2025-01-01","Quebec","2021A000224","White bread, 675 grams","3.82"
"2025-01-01","Quebec","2021A000224","Dry or fresh pasta, 500 grams","2.91"
"2025-01-01","Quebec","2021A000224","White rice, 2 kilograms","10.50"
"2025-01-01","Quebec","2021A000224","Vegetable oil, 3 litres","9.15"
"2025-01-01","Ontario","2021A000235","Ground beef, per kilogram","13.35"
"2025-01-01","Ontario","2021A000235","Whole chicken, per kilogram","5.66"
"2025-01-01","Ontario","2021A000235","Milk, 2 litres","5.76"
"2025-01-01","Ontario","2021A000235","Block cheese, 500 grams","6.83"
"2025-01-01","Ontario","2021A000235","Yogurt, 500 grams","3.48"
"2025-01-01","Ontario","2021A000235","Eggs, 1 dozen","4.87"
"2025-01-01","Ontario","2021A000235","Apples, per kilogram","4.89"
"2025-01-01","Ontario","2021A000235","Bananas, per kilogram","1.48"
"2025-01-01","Ontario","2021A000235","Potatoes, 4.54 kilograms","4.98"
"2025-01-01","Ontario","2021A000235","Tomatoes, per kilogram","6.47"
"2025-01-01","Ontario","2021A000235","Carrots, 1.36 kilograms","3.59"
"2025-01-01","Ontario","2021A000235","Onions, per kilogram","5.68"
"2025-01-01","Ontario","2021A000235","White bread, 675 grams","3.01"
"2025-01-01","Ontario","2021A000235","Dry or fresh pasta, 500 grams","3.06"
"2025-01-01","Ontario","2021A000235","White rice, 2 kilograms","8.52"
"2025-01-01","Ontario","2021A000235","Vegetable oil, 3 litres","9.00"
"2025-01-01","Manitoba","2021A000246","Ground beef, per kilogram","13.47"
"2025-01-01","Manitoba","2021A000246","Whole chicken, per kilogram","6.64"
"2025-01-01","Manitoba","2021A000246","Milk, 2 litres","4.68"
"2025-01-01","Manitoba","2021A000246","Block cheese, 500 grams","7.04"
"2025-01-01","Manitoba","2021A000246","Yogurt, 500 grams","3.40"
"2025-01-01","Manitoba","2021A000246","Eggs, 1 dozen","4.75"
"2025-01-01","Manitoba","2021A000246","Apples, per kilogram","5.30"
"2025-01-01","Manitoba","2021A000246","Bananas, per kilogram","1.76"
"2025-01-01","Manitoba","2021A000246","Potatoes, 4.54 kilograms","7.77"
"2025-01-01","Manitoba","2021A000246","Tomatoes, per kilogram","6.18"
"2025-01-01","Manitoba","2021A000246","Carrots, 1.36 kilograms","4.43"
"2025-01-01","Manitoba","2021A000246","Onions, per kilogram","5.36"
"2025-01-01","Manitoba","2021A000246","White bread, 675 grams","3.37"
"2025-01-01","Manitoba","2021A000246","Dry or fresh pasta, 500 grams","2.96"
"2025-01-01","Manitoba","2021A000246","White rice, 2 kilograms","8.52"
"2025-01-01","Manitoba","2021A000246","Vegetable oil, 3 litres","10.88"
"2025-01-01","Saskatchewan","2021A000247","Ground beef, per kilogram","13.14"
"2025-01-01","Saskatchewan","2021A000247","Whole chicken, per kilogram","6.85"
"2025-01-01","Saskatchewan","2021A000247","Milk, 2 litres","4.96"
"2025-01-01","Saskatchewan","2021A000247","Block cheese, 500 grams","7.03"
"2025-01-01","Saskatchewan","2021A000247","Yogurt, 500 grams","3.36"
"2025-01-01","Saskatchewan","2021A000247","Eggs, 1 dozen","4.72"
"2025-01-01","Saskatchewan","2021A000247","Apples, per kilogram","5.33"
"2025-01-01","Saskatchewan","2021A000247","Bananas, per kilogram","1.76"
"2025-01-01","Saskatchewan","2021A000247","Potatoes, 4.54 kilograms","7.73"
"2025-01-01","Saskatchewan","2021A000247","Tomatoes, per kilogram","6.36"
"2025-01-01","Saskatchewan","2021A000247","Carrots, 1.36 kilograms","4.60"
"2025-01-01","Saskatchewan","2021A000247","Onions, per kilogram","5.58"
"2025-01-01","Saskatchewan","2021A000247","White bread, 675 grams","3.40"
"2025-01-01","Saskatchewan","2021A000247","Dry or fresh pasta, 500 grams","2.98"
"2025-01-01","Saskatchewan","2021A000247","White rice, 2 kilograms","8.74"
"2025-01-01","Saskatchewan","2021A000247","Vegetable oil, 3 litres","11.06"
"2025-01-01","Alberta","2021A000248","Ground beef, per kilogram","14.05"
"2025-01-01","Alberta","2021A000248","Whole chicken, per kilogram","6.93"
"2025-01-01","Alberta","2021A000248","Milk, 2 litres","5.24"
"2025-01-01","Alberta","2021A000248","Block cheese, 500 grams","7.21"
"2025-01-01","Alberta","2021A000248","Yogurt, 500 grams","3.45"
"2025-01-01","Alberta","2021A000248","Eggs, 1 dozen","5.11"
"2025-01-01","Alberta","2021A000248","Apples, per kilogram","5.43"
"2025-01-01","Alberta","2021A000248","Bananas, per kilogram","1.78"
"2025-01-01","Alberta","2021A000248","Potatoes, 4.54 kilograms","7.55"
"2025-01-01","Alberta","2021A000248","Tomatoes, per kilogram","6.35"
"2025-01-01","Alberta","2021A000248","Carrots, 1.36 kilograms","4.70"
"2025-01-01","Alberta","2021A000248","Onions, per kilogram","5.47"
"2025-01-01","Alberta","2021A000248","White bread, 675 grams","3.46"
"2025-01-01","Alberta","2021A000248","Dry or fresh pasta, 500 grams","3.16"
"2025-01-01","Alberta","2021A000248","White rice, 2 kilograms","8.38"
"2025-01-01","Alberta","2021A000248","Vegetable oil, 3 litres","10.84"
"2025-01-01","British Columbia","2021A000259","Ground beef, per kilogram","14.03"
"2025-01-01","British Columbia","2021A000259","Whole chicken, per kilogram","6.72"
"2025-01-01","British Columbia","2021A000259","Milk, 2 litres","5.36"
"2025-01-01","British Columbia","2021A000259","Block cheese, 500 grams","7.29"
"2025-01-01","British Columbia","2021A000259","Yogurt, 500 grams","3.49"
"2025-01-01","British Columbia","2021A000259","Eggs, 1 dozen","5.52"
"2025-01-01","British Columbia","2021A000259","Apples, per kilogram","5.25"
"2025-01-01","British Columbia","2021A000259","Bananas, per kilogram","1.63"
"2025-01-01","British Columbia","2021A000259","Potatoes, 4.54 kilograms","7.61"
"2025-01-01","British Columbia","2021A000259","Tomatoes, per kilogram","6.41"
"2025-01-01","British Columbia","2021A000259","Carrots, 1.36 kilograms","4.86"
"2025-01-01","British Columbia","2021A000259","Onions, per kilogram","5.53"
"2025-01-01","British Columbia","2021A000259","White bread, 675 grams","3.80"
"2025-01-01","British Columbia","2021A000259","Dry or fresh pasta, 500 grams","3.28"
"2025-01-01","British Columbia","2021A000259","White rice, 2 kilograms","8.36"
"2025-01-01","British Columbia","2021A000259","Vegetable oil, 3 litres","11.07"
"2025-02-01","Newfoundland and Labrador","2021A000210","Ground beef, per kilogram","13.48"
"2025-02-01","Newfoundland and Labrador","2021A000210","Whole chicken, per kilogram","6.44"
"2025-02-01","Newfoundland and Labrador","2021A000210","Milk, 2 litres","5.09"
"2025-02-01","Newfoundland and Labrador","2021A000210","Block cheese, 500 grams","7.21"
"2025-02-01","Newfoundland and Labrador","2021A000210","Yogurt, 500 grams","4.10"
"2025-02-01","Newfoundland and Labrador","2021A000210","Eggs, 1 dozen","5.33"
"2025-02-01","Newfoundland and Labrador","2021A000210","Apples, per kilogram","6.63"
"2025-02-01","Newfoundland and Labrador","2021A000210","Bananas, per kilogram","2.20"
"2025-02-01","Newfoundland and Labrador","2021A000210","Potatoes, 4.54 kilograms","6.10"
"2025-02-01","Newfoundland and Labrador","2021A000210","Tomatoes, per kilogram","7.13"
"2025-02-01","Newfoundland and Labrador","2021A000210","Carrots, 1.36 kilograms","3.90"
"2025-02-01","Newfoundland and Labrador","2021A000210","Onions, per kilogram","6.35"
"2025-02-01","Newfoundland and Labrador","2021A000210","White bread, 675 grams","4.18"
"2025-02-01","Newfoundland and Labrador","2021A000210","Dry or fresh pasta, 500 grams","3.10"
"2025-02-01","Newfoundland and Labrador","2021A000210","White rice, 2 kilograms","10.37"
"2025-02-01","Newfoundland and Labrador","2021A000210","Vegetable oil, 3 litres","10.11"
"2025-02-01","Prince Edward Island","2021A000211","Ground beef, per kilogram","13.67"
"2025-02-01","Prince Edward Island","2021A000211","Whole chicken, per kilogram","6.68"
"2025-02-01","Prince Edward Island","2021A000211","Milk, 2 litres","4.62"
"2025-02-01","Prince Edward Island","2021A000211","Block cheese, 500 grams","7.34"
"2025-02-01","Prince Edward Island","2021A000211","Yogurt, 500 grams","3.90"
"2025-02-01","Prince Edward Island","2021A000211","Eggs, 1 dozen","5.31"
"2025-02-01","Prince Edward Island","2021A000211","Apples, per kilogram","5.95"
"2025-02-01","Prince Edward Island","2021A000211","Bananas, per kilogram","2.07"
"2025-02-01","Prince Edward Island","2021A000211","Potatoes, 4.54 kilograms","5.56"
"2025-02-01","Prince Edward Island","2021A000211","Tomatoes, per kilogram","6.53"
"2025-02-01","Prince Edward Island","2021A000211","Carrots, 1.36 kilograms","3.67"
"2025-02-01","Prince Edward Island","2021A000211","Onions, per kilogram","6.17"
"2025-02-01","Prince Edward Island","2021A000211","White bread, 675 grams","3.84"
"2025-02-01","Prince Edward Island","2021A000211","Dry or fresh pasta, 500 grams","3.32"
"2025-02-01","Prince Edward Island","2021A000211","White rice, 2 kilograms","9.42"
"2025-02-01","Prince Edward Island","2021A000211","Vegetable oil, 3 litres","11.59"
"2025-02-01","Nova Scotia","2021A000212","Ground beef, per kilogram","13.68"
"2025-02-01","Nova Scotia","2021A000212","Whole chicken, per kilogram","6.63"
"2025-02-01","Nova Scotia","2021A000212","Milk, 2 litres","4.93"
"2025-02-01","Nova Scotia","2021A000212","Block cheese, 500 grams","7.25"
"2025-02-01","Nova Scotia","2021A000212","Yogurt, 500 grams","3.82"
"2025-02-01","Nova Scotia","2021A000212","Eggs, 1 dozen","5.39"
"2025-02-01","Nova Scotia","2021A000212","Apples, per kilogram","6.06"
"2025-02-01","Nova Scotia","2021A000212","Bananas, per kilogram","2.03"
"2025-02-01","Nova Scotia","2021A000212","Potatoes, 4.54 kilograms","5.01"
"2025-02-01","Nova Scotia","2021A000212","Tomatoes, per kilogram","6.37"
"2025-02-01","Nova Scotia","2021A000212","Carrots, 1.36 kilograms","3.68"
"2025-02-01","Nova Scotia","2021A000212","Onions, per kilogram","6.20"
"2025-02-01","Nova Scotia","2021A000212","White bread, 675 grams","3.80"
"2025-02-01","Nova Scotia","2021A000212","Dry or fresh pasta, 500 grams","3.19"
"2025-02-01","Nova Scotia","2021A000212","White rice, 2 kilograms","10.46"
"2025-02-01","Nova Scotia","2021A000212","Vegetable oil, 3 litres","11.09"
"2025-02-01","New Brunswick","2021A000213","Ground beef, per kilogram","13.29"
"2025-02-01","New Brunswick","2021A000213","Whole chicken, per kilogram","6.62"
"2025-02-01","New Brunswick","2021A000213","Milk, 2 litres","5.00"
"2025-02-01","New Brunswick","2021A000213","Block cheese, 500 grams","7.27"
"2025-02-01","New Brunswick","2021A000213","Yogurt, 500 grams","3.94"
"2025-02-01","New Brunswick","2021A000213","Eggs, 1 dozen","5.27"
"2025-02-01","New Brunswick","2021A000213","Apples, per kilogram","6.13"
"2025-02-01","New Brunswick","2021A000213","Bananas, per kilogram","2.07"
"2025-02-01","New Brunswick","2021A000213","Potatoes, 4.54 kilograms","5.43"
"2025-02-01","New Brunswick","2021A000213","Tomatoes, per kilogram","6.47"
"2025-02-01","New Brunswick","2021A000213","Carrots, 1.36 kilograms","3.73"
"2025-02-01","New Brunswick","2021A000213","Onions, per kilogram","6.04"
"2025-02-01","New Brunswick","2021A000213","White bread, 675 grams","3.84"
"2025-02-01","New Brunswick","2021A000213","Dry or fresh pasta, 500 grams","3.04"
"2025-02-01","New Brunswick","2021A000213","White rice, 2 kilograms","10.54"
"2025-02-01","New Brunswick","2021A000213","Vegetable oil, 3 litres","11.25"
"2025-02-01","Quebec","2021A000224","Ground beef, per kilogram","14.58"
"2025-02-01","Quebec","2021A000224","Whole chicken, per kilogram","5.28"
"2025-02-01","Quebec","2021A000224","Milk, 2 litres","5.26"
"2025-02-01","Quebec","2021A000224","Block cheese, 500 grams","6.88"
"2025-02-01","Quebec","2021A000224","Yogurt, 500 grams","3.58"
"2025-02-01","Quebec","2021A000224","Eggs, 1 dozen","4.64"
"2025-02-01","Quebec","2021A000224","Apples, per kilogram","5.63"
"2025-02-01","Quebec","2021A000224","Bananas, per kilogram","1.78"
"2025-02-01","Quebec","2021A000224","Potatoes, 4.54 kilograms","4.08"
"2025-02-01","Quebec","2021A000224","Tomatoes, per kilogram","6.26"
"2025-02-01","Quebec","2021A000224","Carrots, 1.36 kilograms","3.30"
"2025-02-01","Quebec","2021A000224","Onions, per kilogram","5.10"
"2025-02-01","Quebec","2021A000224","White bread, 675 grams","3.89"
"2025-02-01","Quebec","2021A000224","Dry or fresh pasta, 500 grams","3.21"
"2025-02-01","Quebec","2021A000224","White rice, 2 kilograms","10.88"
"2025-02-01","Quebec","2021A000224","Vegetable oil, 3 litres","8.46"
"2025-02-01","Ontario","2021A000235","Ground beef, per kilogram","12.96"
"2025-02-01","Ontario","2021A000235","Whole chicken, per kilogram","5.97"
"2025-02-01","Ontario","2021A000235","Milk, 2 litres","5.81"
"2025-02-01","Ontario","2021A000235","Block cheese, 500 grams","6.94"
"2025-02-01","Ontario","2021A000235","Yogurt, 500 grams","3.47"
"2025-02-01","Ontario","2021A000235","Eggs, 1 dozen","4.83"
"2025-02-01","Ontario","2021A000235","Apples, per kilogram","5.51"
"2025-02-01","Ontario","2021A000235","Bananas, per kilogram","1.48"
"2025-02-01","Ontario","2021A000235","Potatoes, 4.54 kilograms","4.62"
"2025-02-01","Ontario","2021A000235","Tomatoes, per kilogram","5.01"
"2025-02-01","Ontario","2021A000235","Carrots, 1.36 kilograms","4.07"
"2025-02-01","Ontario","2021A000235","Onions, per kilogram","5.68"
"2025-02-01","Ontario","2021A000235","White bread, 675 grams","3.07"
"2025-02-01","Ontario","2021A000235","Dry or fresh pasta, 500 grams","3.12"
"2025-02-01","Ontario","2021A000235","White rice, 2 kilograms","9.41"
"2025-02-01","Ontario","2021A000235","Vegetable oil, 3 litres","9.21"
"2025-02-01","Manitoba","2021A000246","Ground beef, per kilogram","14.26"
"2025-02-01","Manitoba","2021A000246","Whole chicken, per kilogram","7.21"
"2025-02-01","Manitoba","2021A000246","Milk, 2 litres","4.72"
"2025-02-01","Manitoba","2021A000246","Block cheese, 500 grams","7.20"
"2025-02-01","Manitoba","2021A000246","Yogurt, 500 grams","3.52"
"2025-02-01","Manitoba","2021A000246","Eggs, 1 dozen","4.74"
"2025-02-01","Manitoba","2021A000246","Apples, per kilogram","5.79"
"2025-02-01","Manitoba","2021A000246","Bananas, per kilogram","1.77"
"2025-02-01","Manitoba","2021A000246","Potatoes, 4.54 kilograms","7.25"
"2025-02-01","Manitoba","2021A000246","Tomatoes, per kilogram","5.15"
"2025-02-01","Manitoba","2021A000246","Carrots, 1.36 kilograms","4.55"
"2025-02-01","Manitoba","2021A000246","Onions, per kilogram","5.58"
"2025-02-01","Manitoba","2021A000246","White bread, 675 grams","3.24"
"2025-02-01","Manitoba","2021A000246","Dry or fresh pasta, 500 grams","3.02"
"2025-02-01","Manitoba","2021A000246","White rice, 2 kilograms","8.44"
"2025-02-01","Manitoba","2021A000246","Vegetable oil, 3 litres","10.97"
"2025-02-01","Saskatchewan","2021A000247","Ground beef, per kilogram","13.88"
"2025-02-01","Saskatchewan","2021A000247","Whole chicken, per kilogram","7.00"
"2025-02-01","Saskatchewan","2021A000247","Milk, 2 litres","5.02"
"2025-02-01","Saskatchewan","2021A000247","Block cheese, 500 grams","7.17"
"2025-02-01","Saskatchewan","2021A000247","Yogurt, 500 grams","3.51"
"2025-02-01","Saskatchewan","2021A000247","Eggs, 1 dozen","4.71"
"2025-02-01","Saskatchewan","2021A000247","Apples, per kilogram","5.82"
"2025-02-01","Saskatchewan","2021A000247","Bananas, per kilogram","1.76"
"2025-02-01","Saskatchewan","2021A000247","Potatoes, 4.54 kilograms","7.18"
"2025-02-01","Saskatchewan","2021A000247","Tomatoes, per kilogram","5.27"
"2025-02-01","Saskatchewan","2021A000247","Carrots, 1.36 kilograms","4.38"
"2025-02-01","Saskatchewan","2021A000247","Onions, per kilogram","5.78"
"2025-02-01","Saskatchewan","2021A000247","White bread, 675 grams","3.33"
"2025-02-01","Saskatchewan","2021A000247","Dry or fresh pasta, 500 grams","3.00"
"2025-02-01","Saskatchewan","2021A000247","White rice, 2 kilograms","8.62"
"2025-02-01","Saskatchewan","2021A000247","Vegetable oil, 3 litres","11.26"
"2025-02-01","Alberta","2021A000248","Ground beef, per kilogram","15.09"
"2025-02-01","Alberta","2021A000248","Whole chicken, per kilogram","7.47"
"2025-02-01","Alberta","2021A000248","Milk, 2 litres","5.29"
"2025-02-01","Alberta","2021A000248","Block cheese, 500 grams","7.37"
"2025-02-01","Alberta","2021A000248","Yogurt, 500 grams","3.57"
"2025-02-01","Alberta","2021A000248","Eggs, 1 dozen","5.10"
"2025-02-01","Alberta","2021A000248","Apples, per kilogram","5.86"
"2025-02-01","Alberta","2021A000248","Bananas, per kilogram","1.79"
"2025-02-01","Alberta","2021A000248","Potatoes, 4.54 kilograms","7.30"
"2025-02-01","Alberta","2021A000248","Tomatoes, per kilogram","5.27"
"2025-02-01","Alberta","2021A000248","Carrots, 1.36 kilograms","4.53"
"2025-02-01","Alberta","2021A000248","Onions, per kilogram","5.70"
"2025-02-01","Alberta","2021A000248","White bread, 675 grams","3.44"
"2025-02-01","Alberta","2021A000248","Dry or fresh pasta, 500 grams","3.19"
"2025-02-01","Alberta","2021A000248","White rice, 2 kilograms","9.03"
"2025-02-01","Alberta","2021A000248","Vegetable oil, 3 litres","11.26"
"2025-02-01","British Columbia","2021A000259","Ground beef, per kilogram","14.88"
"2025-02-01","British Columbia","2021A000259","Whole chicken, per kilogram","7.87"
"2025-02-01","British Columbia","2021A000259","Milk, 2 litres","5.42"
"2025-02-01","British Columbia","2021A000259","Block cheese, 500 grams","7.45"
"2025-02-01","British Columbia","2021A000259","Yogurt, 500 grams","3.59"
"2025-02-01","British Columbia","2021A000259","Eggs, 1 dozen","5.48"
"2025-02-01","British Columbia","2021A000259","Apples, per kilogram","5.66"
"2025-02-01","British Columbia","2021A000259","Bananas, per kilogram","1.63"
"2025-02-01","British Columbia","2021A000259","Potatoes, 4.54 kilograms","7.38"
"2025-02-01","British Columbia","2021A000259","Tomatoes, per kilogram","5.41"
"2025-02-01","British Columbia","2021A000259","Carrots, 1.36 kilograms","4.82"
"2025-02-01","British Columbia","2021A000259","Onions, per kilogram","5.69"
"2025-02-01","British Columbia","2021A000259","White bread, 675 grams","3.81"
"2025-02-01","British Columbia","2021A000259","Dry or fresh pasta, 500 grams","3.35"
"2025-02-01","British Columbia","2021A000259","White rice, 2 kilograms","9.12"
"2025-02-01","British Columbia","2021A000259","Vegetable oil, 3 litres","11.24"
"2025-03-01","Newfoundland and Labrador","2021A000210","Ground beef, per kilogram","13.97"
"2025-03-01","Newfoundland and Labrador","2021A000210","Whole chicken, per kilogram","6.19"
"2025-03-01","Newfoundland and Labrador","2021A000210","Milk, 2 litres","5.08"
"2025-03-01","Newfoundland and Labrador","2021A000210","Block cheese, 500 grams","7.06"
"2025-03-01","Newfoundland and Labrador","2021A000210","Yogurt, 500 grams","3.94"
"2025-03-01","Newfoundland and Labrador","2021A000210","Eggs, 1 dozen","5.42"
"2025-03-01","Newfoundland and Labrador","2021A000210","Apples, per kilogram","6.64"
"2025-03-01","Newfoundland and Labrador","2021A000210","Bananas, per kilogram","2.19"
"2025-03-01","Newfoundland and Labrador","2021A000210","Potatoes, 4.54 kilograms","5.60"
"2025-03-01","Newfoundland and Labrador","2021A000210","Tomatoes, per kilogram","6.73"
"2025-03-01","Newfoundland and Labrador","2021A000210","Carrots, 1.36 kilograms","4.03"
"2025-03-01","Newfoundland and Labrador","2021A000210","Onions, per kilogram","6.40"
"2025-03-01","Newfoundland and Labrador","2021A000210","White bread, 675 grams","4.14"
"2025-03-01","Newfoundland and Labrador","2021A000210","Dry or fresh pasta, 500 grams","3.14"
"2025-03-01","Newfoundland and Labrador","2021A000210","White rice, 2 kilograms","10.81"
"2025-03-01","Newfoundland and Labrador","2021A000210","Vegetable oil, 3 litres","9.79"
"2025-03-01","Prince Edward Island","2021A000211","Ground beef, per kilogram","14.28"
"2025-03-01","Prince Edward Island","2021A000211","Whole chicken, per kilogram","6.66"
"2025-03-01","Prince Edward Island","2021A000211","Milk, 2 litres","4.63"
"2025-03-01","Prince Edward Island","2021A000211","Block cheese, 500 grams","7.20"
"2025-03-01","Prince Edward Island","2021A000211","Yogurt, 500 grams","3.82"
"2025-03-01","Prince Edward Island","2021A000211","Eggs, 1 dozen","5.37"
"2025-03-01","Prince Edward Island","2021A000211","Apples, per kilogram","5.96"
"2025-03-01","Prince Edward Island","2021A000211","Bananas, per kilogram","2.05"
"2025-03-01","Prince Edward Island","2021A000211","Potatoes, 4.54 kilograms","5.10"
"2025-03-01","Prince Edward Island","2021A000211","Tomatoes, per kilogram","6.11"
"2025-03-01","Prince Edward Island","2021A000211","Carrots, 1.36 kilograms","3.78"
"2025-03-01","Prince Edward Island","2021A000211","Onions, per kilogram","6.08"
"2025-03-01","Prince Edward Island","2021A000211","White bread, 675 grams","3.78"
"2025-03-01","Prince Edward Island","2021A000211","Dry or fresh pasta, 500 grams","3.33"
"2025-03-01","Prince Edward Island","2021A000211","White rice, 2 kilograms","10.40"
"2025-03-01","Prince Edward Island","2021A000211","Vegetable oil, 3 litres","10.96"
"2025-03-01","Nova Scotia","2021A000212","Ground beef, per kilogram","14.07"
"2025-03-01","Nova Scotia","2021A000212","Whole chicken, per kilogram","6.57"
"2025-03-01","Nova Scotia","2021A000212","Milk, 2 litres","4.93"
"2025-03-01","Nova Scotia","2021A000212","Block cheese, 500 grams","7.02"
"2025-03-01","Nova Scotia","2021A000212","Yogurt, 500 grams","3.71"
"2025-03-01","Nova Scotia","2021A000212","Eggs, 1 dozen","5.41"
"2025-03-01","Nova Scotia","2021A000212","Apples, per kilogram","5.87"
"2025-03-01","Nova Scotia","2021A000212","Bananas, per kilogram","2.06"
"2025-03-01","Nova Scotia","2021A000212","Potatoes, 4.54 kilograms","4.62"
"2025-03-01","Nova Scotia","2021A000212","Tomatoes, per kilogram","5.68"
"2025-03-01","Nova Scotia","2021A000212","Carrots, 1.36 kilograms","3.79"
"2025-03-01","Nova Scotia","2021A000212","Onions, per kilogram","6.01"
"2025-03-01","Nova Scotia","2021A000212","White bread, 675 grams","3.71"
"2025-03-01","Nova Scotia","2021A000212","Dry or fresh pasta, 500 grams","3.36"
"2025-03-01","Nova Scotia","2021A000212","White rice, 2 kilograms","11.23"
"2025-03-01","Nova Scotia","2021A000212","Vegetable oil, 3 litres","10.81"
"2025-03-01","New Brunswick","2021A000213","Ground beef, per kilogram","13.85"
"2025-03-01","New Brunswick","2021A000213","Whole chicken, per kilogram","6.55"
"2025-03-01","New Brunswick","2021A000213","Milk, 2 litres","5.01"
"2025-03-01","New Brunswick","2021A000213","Block cheese, 500 grams","7.04"
"2025-03-01","New Brunswick","2021A000213","Yogurt, 500 grams","3.85"
"2025-03-01","New Brunswick","2021A000213","Eggs, 1 dozen","5.32"
"2025-03-01","New Brunswick","2021A000213","Apples, per kilogram","6.17"
"2025-03-01","New Brunswick","2021A000213","Bananas, per kilogram","2.06"
"2025-03-01","New Brunswick","2021A000213","Potatoes, 4.54 kilograms","4.60"
"2025-03-01","New Brunswick","2021A000213","Tomatoes, per kilogram","6.00"
"2025-03-01","New Brunswick","2021A000213","Carrots, 1.36 kilograms","3.88"
"2025-03-01","New Brunswick","2021A000213","Onions, per kilogram","5.91"
"2025-03-01","New Brunswick","2021A000213","White bread, 675 grams","3.79"
"2025-03-01","New Brunswick","2021A000213","Dry or fresh pasta, 500 grams","3.07"
"2025-03-01","New Brunswick","2021A000213","White rice, 2 kilograms","11.04"
"2025-03-01","New Brunswick","2021A000213","Vegetable oil, 3 litres","11.20"
"2025-03-01","Quebec","2021A000224","Ground beef, per kilogram","13.94"
"2025-03-01","Quebec","2021A000224","Whole chicken, per kilogram","5.52"
"2025-03-01","Quebec","2021A000224","Milk, 2 litres","5.25"
"2025-03-01","Quebec","2021A000224","Block cheese, 500 grams","6.70"
"2025-03-01","Quebec","2021A000224","Yogurt, 500 grams","3.62"
"2025-03-01","Quebec","2021A000224","Eggs, 1 dozen","4.64"
"2025-03-01","Quebec","2021A000224","Apples, per kilogram","5.67"
"2025-03-01","Quebec","2021A000224","Bananas, per kilogram","1.79"
"2025-03-01","Quebec","2021A000224","Potatoes, 4.54 kilograms","4.27"
"2025-03-01","Quebec","2021A000224","Tomatoes, per kilogram","5.68"
"2025-03-01","Quebec","2021A000224","Carrots, 1.36 kilograms","3.69"
"2025-03-01","Quebec","2021A000224","Onions, per kilogram","4.81"
"2025-03-01","Quebec","2021A000224","White bread, 675 grams","3.85"
"2025-03-01","Quebec","2021A000224","Dry or fresh pasta, 500 grams","3.05"
"2025-03-01","Quebec","2021A000224","White rice, 2 kilograms","11.39"
"2025-03-01","Quebec","2021A000224","Vegetable oil, 3 litres","9.96"
"2025-03-01","Ontario","2021A000235","Ground beef, per kilogram","13.32"
"2025-03-01","Ontario","2021A000235","Whole chicken, per kilogram","5.81"
"2025-03-01","Ontario","2021A000235","Milk, 2 litres","5.80"
"2025-03-01","Ontario","2021A000235","Block cheese, 500 grams","6.79"
"2025-03-01","Ontario","2021A000235","Yogurt, 500 grams","3.46"
"2025-03-01","Ontario","2021A000235","Eggs, 1 dozen","4.83"
"2025-03-01","Ontario","2021A000235","Apples, per kilogram","5.12"
"2025-03-01","Ontario","2021A000235","Bananas, per kilogram","1.50"
"2025-03-01","Ontario","2021A000235","Potatoes, 4.54 kilograms","4.24"
"2025-03-01","Ontario","2021A000235","Tomatoes, per kilogram","4.75"
"2025-03-01","Ontario","2021A000235","Carrots, 1.36 kilograms","3.90"
"2025-03-01","Ontario","2021A000235","Onions, per kilogram","5.77"
"2025-03-01","Ontario","2021A000235","White bread, 675 grams","3.05"
"2025-03-01","Ontario","2021A000235","Dry or fresh pasta, 500 grams","3.27"
"2025-03-01","Ontario","2021A000235","White rice, 2 kilograms","9.95"
"2025-03-01","Ontario","2021A000235","Vegetable oil, 3 litres","7.70"
"2025-03-01","Manitoba","2021A000246","Ground beef, per kilogram","14.12"
"2025-03-01","Manitoba","2021A000246","Whole chicken, per kilogram","7.31"
"2025-03-01","Manitoba","2021A000246","Milk, 2 litres","4.65"
"2025-03-01","Manitoba","2021A000246","Block cheese, 500 grams","7.06"
"2025-03-01","Manitoba","2021A000246","Yogurt, 500 grams","3.55"
"2025-03-01","Manitoba","2021A000246","Eggs, 1 dozen","4.72"
"2025-03-01","Manitoba","2021A000246","Apples, per kilogram","5.74"
"2025-03-01","Manitoba","2021A000246","Bananas, per kilogram","1.77"
"2025-03-01","Manitoba","2021A000246","Potatoes, 4.54 kilograms","7.86"
"2025-03-01","Manitoba","2021A000246","Tomatoes, per kilogram","4.80"
"2025-03-01","Manitoba","2021A000246","Carrots, 1.36 kilograms","4.54"
"2025-03-01","Manitoba","2021A000246","Onions, per kilogram","5.73"
"2025-03-01","Manitoba","2021A000246","White bread, 675 grams","3.33"
"2025-03-01","Manitoba","2021A000246","Dry or fresh pasta, 500 grams","3.25"
"2025-03-01","Manitoba","2021A000246","White rice, 2 kilograms","8.76"
"2025-03-01","Manitoba","2021A000246","Vegetable oil, 3 litres","9.28"
"2025-03-01","Saskatchewan","2021A000247","Ground beef, per kilogram","13.42"
"2025-03-01","Saskatchewan","2021A000247","Whole chicken, per kilogram","7.20"
"2025-03-01","Saskatchewan","2021A000247","Milk, 2 litres","5.00"
"2025-03-01","Saskatchewan","2021A000247","Block cheese, 500 grams","7.01"
"2025-03-01","Saskatchewan","2021A000247","Yogurt, 500 grams","3.49"
"2025-03-01","Saskatchewan","2021A000247","Eggs, 1 dozen","4.74"
"2025-03-01","Saskatchewan","2021A000247","Apples, per kilogram","5.76"
"2025-03-01","Saskatchewan","2021A000247","Bananas, per kilogram","1.77"
"2025-03-01","Saskatchewan","2021A000247","Potatoes, 4.54 kilograms","7.88"
"2025-03-01","Saskatchewan","2021A000247","Tomatoes, per kilogram","4.95"
"2025-03-01","Saskatchewan","2021A000247","Carrots, 1.36 kilograms","4.53"
"2025-03-01","Saskatchewan","2021A000247","Onions, per kilogram","5.82"
"2025-03-01","Saskatchewan","2021A000247","White bread, 675 grams","3.36"
"2025-03-01","Saskatchewan","2021A000247","Dry or fresh pasta, 500 grams","3.22"
"2025-03-01","Saskatchewan","2021A000247","White rice, 2 kilograms","9.03"
"2025-03-01","Saskatchewan","2021A000247","Vegetable oil, 3 litres","10.11"
"2025-03-01","Alberta","2021A000248","Ground beef, per kilogram","14.62"
"2025-03-01","Alberta","2021A000248","Whole chicken, per kilogram","7.23"
"2025-03-01","Alberta","2021A000248","Milk, 2 litres","5.31"
"2025-03-01","Alberta","2021A000248","Block cheese, 500 grams","7.22"
"2025-03-01","Alberta","2021A000248","Yogurt, 500 grams","3.59"
"2025-03-01","Alberta","2021A000248","Eggs, 1 dozen","5.10"
"2025-03-01","Alberta","2021A000248","Apples, per kilogram","5.82"
"2025-03-01","Alberta","2021A000248","Bananas, per kilogram","1.79"
"2025-03-01","Alberta","2021A000248","Potatoes, 4.54 kilograms","7.88"
"2025-03-01","Alberta","2021A000248","Tomatoes, per kilogram","5.12"
"2025-03-01","Alberta","2021A000248","Carrots, 1.36 kilograms","4.74"
"2025-03-01","Alberta","2021A000248","Onions, per kilogram","5.77"
"2025-03-01","Alberta","2021A000248","White bread, 675 grams","3.45"
"2025-03-01","Alberta","2021A000248","Dry or fresh pasta, 500 grams","3.35"
"2025-03-01","Alberta","2021A000248","White rice, 2 kilograms","9.41"
"2025-03-01","Alberta","2021A000248","Vegetable oil, 3 litres","9.88"
"2025-03-01","British Columbia","2021A000259","Ground beef, per kilogram","14.46"
"2025-03-01","British Columbia","2021A000259","Whole chicken, per kilogram","7.85"
"2025-03-01","British Columbia","2021A000259","Milk, 2 litres","5.41"
"2025-03-01","British Columbia","2021A000259","Block cheese, 500 grams","7.31"
"2025-03-01","British Columbia","2021A000259","Yogurt, 500 grams","3.58"
"2025-03-01","British Columbia","2021A000259","Eggs, 1 dozen","5.51"
"2025-03-01","British Columbia","2021A000259","Apples, per kilogram","5.70"
"2025-03-01","British Columbia","2021A000259","Bananas, per kilogram","1.63"
"2025-03-01","British Columbia","2021A000259","Potatoes, 4.54 kilograms","7.86"
"2025-03-01","British Columbia","2021A000259","Tomatoes, per kilogram","5.24"
"2025-03-01","British Columbia","2021A000259","Carrots, 1.36 kilograms","4.98"
"2025-03-01","British Columbia","2021A000259","Onions, per kilogram","5.71"
"2025-03-01","British Columbia","2021A000259","White bread, 675 grams","3.82"
"2025-03-01","British Columbia","2021A000259","Dry or fresh pasta, 500 grams","3.46"
"2025-03-01","British Columbia","2021A000259","White rice, 2 kilograms","9.28"
"2025-03-01","British Columbia","2021A000259","Vegetable oil, 3 litres","9.88"
"2025-04-01","Newfoundland and Labrador","2021A000210","Ground beef, per kilogram","13.16"
"2025-04-01","Newfoundland and Labrador","2021A000210","Whole chicken, per kilogram","6.55"
"2025-04-01","Newfoundland and Labrador","2021A000210","Milk, 2 litres","5.06"
"2025-04-01","Newfoundland and Labrador","2021A000210","Block cheese, 500 grams","6.87"
"2025-04-01","Newfoundland and Labrador","2021A000210","Yogurt, 500 grams","4.06"
"2025-04-01","Newfoundland and Labrador","2021A000210","Eggs, 1 dozen","5.44"
"2025-04-01","Newfoundland and Labrador","2021A000210","Apples, per kilogram","6.72"
"2025-04-01","Newfoundland and Labrador","2021A000210","Bananas, per kilogram","2.18"
"2025-04-01","Newfoundland and Labrador","2021A000210","Potatoes, 4.54 kilograms","6.20"
"2025-04-01","Newfoundland and Labrador","2021A000210","Tomatoes, per kilogram","6.60"
"2025-04-01","Newfoundland and Labrador","2021A000210","Carrots, 1.36 kilograms","4.10"
"2025-04-01","Newfoundland and Labrador","2021A000210","Onions, per kilogram","6.55"
"2025-04-01","Newfoundland and Labrador","2021A000210","White bread, 675 grams","3.94"
"2025-04-01","Newfoundland and Labrador","2021A000210","Dry or fresh pasta, 500 grams","3.40"
"2025-04-01","Newfoundland and Labrador","2021A000210","White rice, 2 kilograms","10.63"
"2025-04-01","Newfoundland and Labrador","2021A000210","Vegetable oil, 3 litres","9.65"
"2025-04-01","Prince Edward Island","2021A000211","Ground beef, per kilogram","13.71"
"2025-04-01","Prince Edward Island","2021A000211","Whole chicken, per kilogram","7.34"
"2025-04-01","Prince Edward Island","2021A000211","Milk, 2 litres","4.61"
"2025-04-01","Prince Edward Island","2021A000211","Block cheese, 500 grams","6.99"
"2025-04-01","Prince Edward Island","2021A000211","Yogurt, 500 grams","3.98"
"2025-04-01","Prince Edward Island","2021A000211","Eggs, 1 dozen","5.37"
"2025-04-01","Prince Edward Island","2021A000211","Apples, per kilogram","6.26"
"2025-04-01","Prince Edward Island","2021A000211","Bananas, per kilogram","2.05"
"2025-04-01","Prince Edward Island","2021A000211","Potatoes, 4.54 kilograms","5.62"
"2025-04-01","Prince Edward Island","2021A000211","Tomatoes, per kilogram","5.87"
"2025-04-01","Prince Edward Island","2021A000211","Carrots, 1.36 kilograms","3.80"
"2025-04-01","Prince Edward Island","2021A000211","Onions, per kilogram","6.26"
"2025-04-01","Prince Edward Island","2021A000211","White bread, 675 grams","3.64"
"2025-04-01","Prince Edward Island","2021A000211","Dry or fresh pasta, 500 grams","3.58"
"2025-04-01","Prince Edward Island","2021A000211","White rice, 2 kilograms","10.24"
"2025-04-01","Prince Edward Island","2021A000211","Vegetable oil, 3 litres","11.15"
"2025-04-01","Nova Scotia","2021A000212","Ground beef, per kilogram","13.50"
"2025-04-01","Nova Scotia","2021A000212","Whole chicken, per kilogram","7.32"
"2025-04-01","Nova Scotia","2021A000212","Milk, 2 litres","4.93"
"2025-04-01","Nova Scotia","2021A000212","Block cheese, 500 grams","6.92"
"2025-04-01","Nova Scotia","2021A000212","Yogurt, 500 grams","3.92"
"2025-04-01","Nova Scotia","2021A000212","Eggs, 1 dozen","5.45"
"2025-04-01","Nova Scotia","2021A000212","Apples, per kilogram","6.25"
"2025-04-01","Nova Scotia","2021A000212","Bananas, per kilogram","2.07"
"2025-04-01","Nova Scotia","2021A000212","Potatoes, 4.54 kilograms","5.33"
"2025-04-01","Nova Scotia","2021A000212","Tomatoes, per kilogram","5.68"
"2025-04-01","Nova Scotia","2021A000212","Carrots, 1.36 kilograms","3.74"
"2025-04-01","Nova Scotia","2021A000212","Onions, per kilogram","6.20"
"2025-04-01","Nova Scotia","2021A000212","White bread, 675 grams","3.60"
"2025-04-01","Nova Scotia","2021A000212","Dry or fresh pasta, 500 grams","3.53"
"2025-04-01","Nova Scotia","2021A000212","White rice, 2 kilograms","10.94"
"2025-04-01","Nova Scotia","2021A000212","Vegetable oil, 3 litres","10.73"
"2025-04-01","New Brunswick","2021A000213","Ground beef, per kilogram","13.70"
"2025-04-01","New Brunswick","2021A000213","Whole chicken, per kilogram","6.27"
"2025-04-01","New Brunswick","2021A000213","Milk, 2 litres","5.02"
"2025-04-01","New Brunswick","2021A000213","Block cheese, 500 grams","6.95"
"2025-04-01","New Brunswick","2021A000213","Yogurt, 500 grams","4.01"
"2025-04-01","New Brunswick","2021A000213","Eggs, 1 dozen","5.33"
"2025-04-01","New Brunswick","2021A000213","Apples, per kilogram","6.46"
"2025-04-01","New Brunswick","2021A000213","Bananas, per kilogram","2.07"
"2025-04-01","New Brunswick","2021A000213","Potatoes, 4.54 kilograms","5.39"
"2025-04-01","New Brunswick","2021A000213","Tomatoes, per kilogram","5.75"
"2025-04-01","New Brunswick","2021A000213","Carrots, 1.36 kilograms","3.82"
"2025-04-01","New Brunswick","2021A000213","Onions, per kilogram","6.15"
"2025-04-01","New Brunswick","2021A000213","White bread, 675 grams","3.74"
"2025-04-01","New Brunswick","2021A000213","Dry or fresh pasta, 500 grams","3.27"
"2025-04-01","New Brunswick","2021A000213","White rice, 2 kilograms","10.66"
"2025-04-01","New Brunswick","2021A000213","Vegetable oil, 3 litres","10.90"
"2025-04-01","Quebec","2021A000224","Ground beef, per kilogram","15.22"
"2025-04-01","Quebec","2021A000224","Whole chicken, per kilogram","6.11"
"2025-04-01","Quebec","2021A000224","Milk, 2 litres","5.31"
"2025-04-01","Quebec","2021A000224","Block cheese, 500 grams","6.60"
"2025-04-01","Quebec","2021A000224","Yogurt, 500 grams","3.71"
"2025-04-01","Quebec","2021A000224","Eggs, 1 dozen","4.64"
"2025-04-01","Quebec","2021A000224","Apples, per kilogram","5.45"
"2025-04-01","Quebec","2021A000224","Bananas, per kilogram","1.77"
"2025-04-01","Quebec","2021A000224","Potatoes, 4.54 kilograms","3.66"
"2025-04-01","Quebec","2021A000224","Tomatoes, per kilogram","4.72"
"2025-04-01","Quebec","2021A000224","Carrots, 1.36 kilograms","3.70"
"2025-04-01","Quebec","2021A000224","Onions, per kilogram","4.84"
"2025-04-01","Quebec","2021A000224","White bread, 675 grams","3.87"
"2025-04-01","Quebec","2021A000224","Dry or fresh pasta, 500 grams","3.12"
"2025-04-01","Quebec","2021A000224","White rice, 2 kilograms","11.03"
"2025-04-01","Quebec","2021A000224","Vegetable oil, 3 litres","8.73"
"2025-04-01","Ontario","2021A000235","Ground beef, per kilogram","13.04"
"2025-04-01","Ontario","2021A000235","Whole chicken, per kilogram","5.74"
"2025-04-01","Ontario","2021A000235","Milk, 2 litres","5.80"
"2025-04-01","Ontario","2021A000235","Block cheese, 500 grams","6.61"
"2025-04-01","Ontario","2021A000235","Yogurt, 500 grams","3.62"
"2025-04-01","Ontario","2021A000235","Eggs, 1 dozen","4.82"
"2025-04-01","Ontario","2021A000235","Apples, per kilogram","5.86"
"2025-04-01","Ontario","2021A000235","Bananas, per kilogram","1.49"
"2025-04-01","Ontario","2021A000235","Potatoes, 4.54 kilograms","4.48"
"2025-04-01","Ontario","2021A000235","Tomatoes, per kilogram","4.47"
"2025-04-01","Ontario","2021A000235","Carrots, 1.36 kilograms","3.67"
"2025-04-01","Ontario","2021A000235","Onions, per kilogram","5.83"
"2025-04-01","Ontario","2021A000235","White bread, 675 grams","3.06"
"2025-04-01","Ontario","2021A000235","Dry or fresh pasta, 500 grams","3.23"
"2025-04-01","Ontario","2021A000235","White rice, 2 kilograms","9.44"
"2025-04-01","Ontario","2021A000235","Vegetable oil, 3 litres","7.99"
"2025-04-01","Manitoba","2021A000246","Ground beef, per kilogram","14.60"
"2025-04-01","Manitoba","2021A000246","Whole chicken, per kilogram","6.74"
"2025-04-01","Manitoba","2021A000246","Milk, 2 litres","4.65"
"2025-04-01","Manitoba","2021A000246","Block cheese, 500 grams","6.99"
"2025-04-01","Manitoba","2021A000246","Yogurt, 500 grams","3.60"
"2025-04-01","Manitoba","2021A000246","Eggs, 1 dozen","4.70"
"2025-04-01","Manitoba","2021A000246","Apples, per kilogram","6.02"
"2025-04-01","Manitoba","2021A000246","Bananas, per kilogram","1.76"
"2025-04-01","Manitoba","2021A000246","Potatoes, 4.54 kilograms","7.80"
"2025-04-01","Manitoba","2021A000246","Tomatoes, per kilogram","4.65"
"2025-04-01","Manitoba","2021A000246","Carrots, 1.36 kilograms","4.43"
"2025-04-01","Manitoba","2021A000246","Onions, per kilogram","5.54"
"2025-04-01","Manitoba","2021A000246","White bread, 675 grams","3.23"
"2025-04-01","Manitoba","2021A000246","Dry or fresh pasta, 500 grams","3.27"
"2025-04-01","Manitoba","2021A000246","White rice, 2 kilograms","8.22"
"2025-04-01","Manitoba","2021A000246","Vegetable oil, 3 litres","10.97"
"2025-04-01","Saskatchewan","2021A000247","Ground beef, per kilogram","14.31"
"2025-04-01","Saskatchewan","2021A000247","Whole chicken, per kilogram","6.59"
"2025-04-01","Saskatchewan","2021A000247","Milk, 2 litres","4.97"
"2025-04-01","Saskatchewan","2021A000247","Block cheese, 500 grams","6.92"
"2025-04-01","Saskatchewan","2021A000247","Yogurt, 500 grams","3.55"
"2025-04-01","Saskatchewan","2021A000247","Eggs, 1 dozen","4.70"
"2025-04-01","Saskatchewan","2021A000247","Apples, per kilogram","6.09"
"2025-04-01","Saskatchewan","2021A000247","Bananas, per kilogram","1.76"
"2025-04-01","Saskatchewan","2021A000247","Potatoes, 4.54 kilograms","7.83"
"2025-04-01","Saskatchewan","2021A000247","Tomatoes, per kilogram","4.87"
"2025-04-01","Saskatchewan","2021A000247","Carrots, 1.36 kilograms","4.44"
"2025-04-01","Saskatchewan","2021A000247","Onions, per kilogram","5.86"
"2025-04-01","Saskatchewan","2021A000247","White bread, 675 grams","3.32"
"2025-04-01","Saskatchewan","2021A000247","Dry or fresh pasta, 500 grams","3.25"
"2025-04-01","Saskatchewan","2021A000247","White rice, 2 kilograms","8.51"
"2025-04-01","Saskatchewan","2021A000247","Vegetable oil, 3 litres","11.31"
"2025-04-01","Alberta","2021A000248","Ground beef, per kilogram","14.98"
"2025-04-01","Alberta","2021A000248","Whole chicken, per kilogram","7.02"
"2025-04-01","Alberta","2021A000248","Milk, 2 litres","5.33"
"2025-04-01","Alberta","2021A000248","Block cheese, 500 grams","7.10"
"2025-04-01","Alberta","2021A000248","Yogurt, 500 grams","3.62"
"2025-04-01","Alberta","2021A000248","Eggs, 1 dozen","5.08"
"2025-04-01","Alberta","2021A000248","Apples, per kilogram","6.09"
"2025-04-01","Alberta","2021A000248","Bananas, per kilogram","1.78"
"2025-04-01","Alberta","2021A000248","Potatoes, 4.54 kilograms","7.96"
"2025-04-01","Alberta","2021A000248","Tomatoes, per kilogram","4.83"
"2025-04-01","Alberta","2021A000248","Carrots, 1.36 kilograms","4.81"
"2025-04-01","Alberta","2021A000248","Onions, per kilogram","5.76"
"2025-04-01","Alberta","2021A000248","White bread, 675 grams","3.44"
"2025-04-01","Alberta","2021A000248","Dry or fresh pasta, 500 grams","3.38"
"2025-04-01","Alberta","2021A000248","White rice, 2 kilograms","9.14"
"2025-04-01","Alberta","2021A000248","Vegetable oil, 3 litres","11.17"
"2025-04-01","British Columbia","2021A000259","Ground beef, per kilogram","15.38"
"2025-04-01","British Columbia","2021A000259","Whole chicken, per kilogram","7.55"
"2025-04-01","British Columbia","2021A000259","Milk, 2 litres","5.42"
"2025-04-01","British Columbia","2021A000259","Block cheese, 500 grams","7.18"
"2025-04-01","British Columbia","2021A000259","Yogurt, 500 grams","3.64"
"2025-04-01","British Columbia","2021A000259","Eggs, 1 dozen","5.51"
"2025-04-01","British Columbia","2021A000259","Apples, per kilogram","6.02"
"2025-04-01","British Columbia","2021A000259","Bananas, per kilogram","1.63"
"2025-04-01","British Columbia","2021A000259","Potatoes, 4.54 kilograms","7.66"
"2025-04-01","British Columbia","2021A000259","Tomatoes, per kilogram","4.93"
"2025-04-01","British Columbia","2021A000259","Carrots, 1.36 kilograms","4.98"
"2025-04-01","British Columbia","2021A000259","Onions, per kilogram","5.70"
"2025-04-01","British Columbia","2021A000259","White bread, 675 grams","3.81"
"2025-04-01","British Columbia","2021A000259","Dry or fresh pasta, 500 grams","3.52"
"2025-04-01","British Columbia","2021A000259","White rice, 2 kilograms","9.16"
"2025-04-01","British Columbia","2021A000259","Vegetable oil, 3 litres","11.22"
"2025-05-01","Newfoundland and Labrador","2021A000210","Ground beef, per kilogram","14.82"
"2025-05-01","Newfoundland and Labrador","2021A000210","Whole chicken, per kilogram","6.94"
"2025-05-01","Newfoundland and Labrador","2021A000210","Milk, 2 litres","5.09"
"2025-05-01","Newfoundland and Labrador","2021A000210","Block cheese, 500 grams","6.80"
"2025-05-01","Newfoundland and Labrador","2021A000210","Yogurt, 500 grams","4.09"
"2025-05-01","Newfoundland and Labrador","2021A000210","Eggs, 1 dozen","5.43"
"2025-05-01","Newfoundland and Labrador","2021A000210","Apples, per kilogram","7.08"
"2025-05-01","Newfoundland and Labrador","2021A000210","Bananas, per kilogram","2.18"
"2025-05-01","Newfoundland and Labrador","2021A000210","Potatoes, 4.54 kilograms","7.35"
"2025-05-01","Newfoundland and Labrador","2021A000210","Tomatoes, per kilogram","6.56"
"2025-05-01","Newfoundland and Labrador","2021A000210","Carrots, 1.36 kilograms","5.10"
"2025-05-01","Newfoundland and Labrador","2021A000210","Onions, per kilogram","6.20"
"2025-05-01","Newfoundland and Labrador","2021A000210","White bread, 675 grams","4.01"
"2025-05-01","Newfoundland and Labrador","2021A000210","Dry or fresh pasta, 500 grams","3.35"
"2025-05-01","Newfoundland and Labrador","2021A000210","White rice, 2 kilograms","10.87"
"2025-05-01","Newfoundland and Labrador","2021A000210","Vegetable oil, 3 litres","11.17"
"2025-05-01","Prince Edward Island","2021A000211","Ground beef, per kilogram","15.05"
"2025-05-01","Prince Edward Island","2021A000211","Whole chicken, per kilogram","6.72"
"2025-05-01","Prince Edward Island","2021A000211","Milk, 2 litres","4.63"
"2025-05-01","Prince Edward Island","2021A000211","Block cheese, 500 grams","6.95"
"2025-05-01","Prince Edward Island","2021A000211","Yogurt, 500 grams","4.04"
"2025-05-01","Prince Edward Island","2021A000211","Eggs, 1 dozen","5.37"
"2025-05-01","Prince Edward Island","2021A000211","Apples, per kilogram","6.60"
"2025-05-01","Prince Edward Island","2021A000211","Bananas, per kilogram","2.06"
"2025-05-01","Prince Edward Island","2021A000211","Potatoes, 4.54 kilograms","6.56"
"2025-05-01","Prince Edward Island","2021A000211","Tomatoes, per kilogram","6.09"
"2025-05-01","Prince Edward Island","2021A000211","Carrots, 1.36 kilograms","4.41"
"2025-05-01","Prince Edward Island","2021A000211","Onions, per kilogram","5.98"
"2025-05-01","Prince Edward Island","2021A000211","White bread, 675 grams","3.59"
"2025-05-01","Prince Edward Island","2021A000211","Dry or fresh pasta, 500 grams","3.51"
"2025-05-01","Prince Edward Island","2021A000211","White rice, 2 kilograms","11.00"
"2025-05-01","Prince Edward Island","2021A000211","Vegetable oil, 3 litres","12.37"
"2025-05-01","Nova Scotia","2021A000212","Ground beef, per kilogram","15.07"
"2025-05-01","Nova Scotia","2021A000212","Whole chicken, per kilogram","6.83"
"2025-05-01","Nova Scotia","2021A000212","Milk, 2 litres","4.96"
"2025-05-01","Nova Scotia","2021A000212","Block cheese, 500 grams","6.88"
"2025-05-01","Nova Scotia","2021A000212","Yogurt, 500 grams","3.99"
"2025-05-01","Nova Scotia","2021A000212","Eggs, 1 dozen","5.41"
"2025-05-01","Nova Scotia","2021A000212","Apples, per kilogram","6.54"
"2025-05-01","Nova Scotia","2021A000212","Bananas, per kilogram","2.08"
"2025-05-01","Nova Scotia","2021A000212","Potatoes, 4.54 kilograms","6.57"
"2025-05-01","Nova Scotia","2021A000212","Tomatoes, per kilogram","5.85"
"2025-05-01","Nova Scotia","2021A000212","Carrots, 1.36 kilograms","4.48"
"2025-05-01","Nova Scotia","2021A000212","Onions, per kilogram","5.88"
"2025-05-01","Nova Scotia","2021A000212","White bread, 675 grams","3.56"
"2025-05-01","Nova Scotia","2021A000212","Dry or fresh pasta, 500 grams","3.47"
"2025-05-01","Nova Scotia","2021A000212","White rice, 2 kilograms","11.13"
"2025-05-01","Nova Scotia","2021A000212","Vegetable oil, 3 litres","11.69"
"2025-05-01","New Brunswick","2021A000213","Ground beef, per kilogram","14.91"
"2025-05-01","New Brunswick","2021A000213","Whole chicken, per kilogram","5.98"
"2025-05-01","New Brunswick","2021A000213","Milk, 2 litres","5.04"
"2025-05-01","New Brunswick","2021A000213","Block cheese, 500 grams","6.89"
"2025-05-01","New Brunswick","2021A000213","Yogurt, 500 grams","4.05"
"2025-05-01","New Brunswick","2021A000213","Eggs, 1 dozen","5.31"
"2025-05-01","New Brunswick","2021A000213","Apples, per kilogram","6.58"
"2025-05-01","New Brunswick","2021A000213","Bananas, per kilogram","2.09"
"2025-05-01","New Brunswick","2021A000213","Potatoes, 4.54 kilograms","6.61"
"2025-05-01","New Brunswick","2021A000213","Tomatoes, per kilogram","5.94"
"2025-05-01","New Brunswick","2021A000213","Carrots, 1.36 kilograms","4.49"
"2025-05-01","New Brunswick","2021A000213","Onions, per kilogram","5.96"
"2025-05-01","New Brunswick","2021A000213","White bread, 675 grams","3.69"
"2025-05-01","New Brunswick","2021A000213","Dry or fresh pasta, 500 grams","3.25"
"2025-05-01","New Brunswick","2021A000213","White rice, 2 kilograms","10.87"
"2025-05-01","New Brunswick","2021A000213","Vegetable oil, 3 litres","11.91"
"2025-05-01","Quebec","2021A000224","Ground beef, per kilogram","14.13"
"2025-05-01","Quebec","2021A000224","Whole chicken, per kilogram","5.53"
"2025-05-01","Quebec","2021A000224","Milk, 2 litres","5.29"
"2025-05-01","Quebec","2021A000224","Block cheese, 500 grams","6.89"
"2025-05-01","Quebec","2021A000224","Yogurt, 500 grams","3.72"
"2025-05-01","Quebec","2021A000224","Eggs, 1 dozen","4.67"
"2025-05-01","Quebec","2021A000224","Apples, per kilogram","5.91"
"2025-05-01","Quebec","2021A000224","Bananas, per kilogram","1.79"
"2025-05-01","Quebec","2021A000224","Potatoes, 4.54 kilograms","4.77"
"2025-05-01","Quebec","2021A000224","Tomatoes, per kilogram","4.40"
"2025-05-01","Quebec","2021A000224","Carrots, 1.36 kilograms","4.06"
"2025-05-01","Quebec","2021A000224","Onions, per kilogram","5.24"
"2025-05-01","Quebec","2021A000224","White bread, 675 grams","3.89"
"2025-05-01","Quebec","2021A000224","Dry or fresh pasta, 500 grams","3.13"
"2025-05-01","Quebec","2021A000224","White rice, 2 kilograms","11.25"
"2025-05-01","Quebec","2021A000224","Vegetable oil, 3 litres","9.27"
"2025-05-01","Ontario","2021A000235","Ground beef, per kilogram","14.53"
"2025-05-01","Ontario","2021A000235","Whole chicken, per kilogram","5.56"
"2025-05-01","Ontario","2021A000235","Milk, 2 litres","5.80"
"2025-05-01","Ontario","2021A000235","Block cheese, 500 grams","6.67"
"2025-05-01","Ontario","2021A000235","Yogurt, 500 grams","3.64"
"2025-05-01","Ontario","2021A000235","Eggs, 1 dozen","4.83"
"2025-05-01","Ontario","2021A000235","Apples, per kilogram","5.94"
"2025-05-01","Ontario","2021A000235","Bananas, per kilogram","1.52"
"2025-05-01","Ontario","2021A000235","Potatoes, 4.54 kilograms","5.46"
"2025-05-01","Ontario","2021A000235","Tomatoes, per kilogram","4.33"
"2025-05-01","Ontario","2021A000235","Carrots, 1.36 kilograms","3.94"
"2025-05-01","Ontario","2021A000235","Onions, per kilogram","5.80"
"2025-05-01","Ontario","2021A000235","White bread, 675 grams","3.07"
"2025-05-01","Ontario","2021A000235","Dry or fresh pasta, 500 grams","3.26"
"2025-05-01","Ontario","2021A000235","White rice, 2 kilograms","9.48"
"2025-05-01","Ontario","2021A000235","Vegetable oil, 3 litres","8.59"
"2025-05-01","Manitoba","2021A000246","Ground beef, per kilogram","15.49"
"2025-05-01","Manitoba","2021A000246","Whole chicken, per kilogram","7.47"
"2025-05-01","Manitoba","2021A000246","Milk, 2 litres","4.63"
"2025-05-01","Manitoba","2021A000246","Block cheese, 500 grams","7.02"
"2025-05-01","Manitoba","2021A000246","Yogurt, 500 grams","3.64"
"2025-05-01","Manitoba","2021A000246","Eggs, 1 dozen","4.72"
"2025-05-01","Manitoba","2021A000246","Apples, per kilogram","6.23"
"2025-05-01","Manitoba","2021A000246","Bananas, per kilogram","1.77"
"2025-05-01","Manitoba","2021A000246","Potatoes, 4.54 kilograms","7.98"
"2025-05-01","Manitoba","2021A000246","Tomatoes, per kilogram","4.38"
"2025-05-01","Manitoba","2021A000246","Carrots, 1.36 kilograms","4.78"
"2025-05-01","Manitoba","2021A000246","Onions, per kilogram","5.24"
"2025-05-01","Manitoba","2021A000246","White bread, 675 grams","3.22"
"2025-05-01","Manitoba","2021A000246","Dry or fresh pasta, 500 grams","3.38"
"2025-05-01","Manitoba","2021A000246","White rice, 2 kilograms","8.71"
"2025-05-01","Manitoba","2021A000246","Vegetable oil, 3 litres","9.96"
"2025-05-01","Saskatchewan","2021A000247","Ground beef, per kilogram","15.13"
"2025-05-01","Saskatchewan","2021A000247","Whole chicken, per kilogram","7.49"
"2025-05-01","Saskatchewan","2021A000247","Milk, 2 litres","4.98"
"2025-05-01","Saskatchewan","2021A000247","Block cheese, 500 grams","6.92"
"2025-05-01","Saskatchewan","2021A000247","Yogurt, 500 grams","3.63"
"2025-05-01","Saskatchewan","2021A000247","Eggs, 1 dozen","4.73"
"2025-05-01","Saskatchewan","2021A000247","Apples, per kilogram","6.31"
"2025-05-01","Saskatchewan","2021A000247","Bananas, per kilogram","1.78"
"2025-05-01","Saskatchewan","2021A000247","Potatoes, 4.54 kilograms","8.04"
"2025-05-01","Saskatchewan","2021A000247","Tomatoes, per kilogram","4.57"
"2025-05-01","Saskatchewan","2021A000247","Carrots, 1.36 kilograms","4.78"
"2025-05-01","Saskatchewan","2021A000247","Onions, per kilogram","5.53"
"2025-05-01","Saskatchewan","2021A000247","White bread, 675 grams","3.27"
"2025-05-01","Saskatchewan","2021A000247","Dry or fresh pasta, 500 grams","3.35"
"2025-05-01","Saskatchewan","2021A000247","White rice, 2 kilograms","9.09"
"2025-05-01","Saskatchewan","2021A000247","Vegetable oil, 3 litres","10.10"
"2025-05-01","Alberta","2021A000248","Ground beef, per kilogram","16.12"
"2025-05-01","Alberta","2021A000248","Whole chicken, per kilogram","7.67"
"2025-05-01","Alberta","2021A000248","Milk, 2 litres","5.32"
"2025-05-01","Alberta","2021A000248","Block cheese, 500 grams","7.13"
"2025-05-01","Alberta","2021A000248","Yogurt, 500 grams","3.69"
"2025-05-01","Alberta","2021A000248","Eggs, 1 dozen","5.12"
"2025-05-01","Alberta","2021A000248","Apples, per kilogram","6.33"
"2025-05-01","Alberta","2021A000248","Bananas, per kilogram","1.79"
"2025-05-01","Alberta","2021A000248","Potatoes, 4.54 kilograms","8.02"
"2025-05-01","Alberta","2021A000248","Tomatoes, per kilogram","4.71"
"2025-05-01","Alberta","2021A000248","Carrots, 1.36 kilograms","4.85"
"2025-05-01","Alberta","2021A000248","Onions, per kilogram","5.33"
"2025-05-01","Alberta","2021A000248","White bread, 675 grams","3.39"
"2025-05-01","Alberta","2021A000248","Dry or fresh pasta, 500 grams","3.48"
"2025-05-01","Alberta","2021A000248","White rice, 2 kilograms","9.47"
"2025-05-01","Alberta","2021A000248","Vegetable oil, 3 litres","10.12"
"2025-05-01","British Columbia","2021A000259","Ground beef, per kilogram","15.87"
"2025-05-01","British Columbia","2021A000259","Whole chicken, per kilogram","8.41"
"2025-05-01","British Columbia","2021A000259","Milk, 2 litres","5.44"
"2025-05-01","British Columbia","2021A000259","Block cheese, 500 grams","7.21"
"2025-05-01","British Columbia","2021A000259","Yogurt, 500 grams","3.70"
"2025-05-01","British Columbia","2021A000259","Eggs, 1 dozen","5.58"
"2025-05-01","British Columbia","2021A000259","Apples, per kilogram","6.27"
"2025-05-01","British Columbia","2021A000259","Bananas, per kilogram","1.64"
"2025-05-01","British Columbia","2021A000259","Potatoes, 4.54 kilograms","7.98"
"2025-05-01","British Columbia","2021A000259","Tomatoes, per kilogram","4.90"
"2025-05-01","British Columbia","2021A000259","Carrots, 1.36 kilograms","5.11"
"2025-05-01","British Columbia","2021A000259","Onions, per kilogram","5.28"
"2025-05-01","British Columbia","2021A000259","White bread, 675 grams","3.76"
"2025-05-01","British Columbia","2021A000259","Dry or fresh pasta, 500 grams","3.58"
"2025-05-01","British Columbia","2021A000259","White rice, 2 kilograms","9.18"
"2025-05-01","British Columbia","2021A000259","Vegetable oil, 3 litres","10.24"
"2025-06-01","Newfoundland and Labrador","2021A000210","Ground beef, per kilogram","14.62"
"2025-06-01","Newfoundland and Labrador","2021A000210","Whole chicken, per kilogram","7.26"
"2025-06-01","Newfoundland and Labrador","2021A000210","Milk, 2 litres","5.10"
"2025-06-01","Newfoundland and Labrador","2021A000210","Block cheese, 500 grams","7.07"
"2025-06-01","Newfoundland and Labrador","2021A000210","Yogurt, 500 grams","4.10"
"2025-06-01","Newfoundland and Labrador","2021A000210","Eggs, 1 dozen","5.47"
"2025-06-01","Newfoundland and Labrador","2021A000210","Apples, per kilogram","7.10"
"2025-06-01","Newfoundland and Labrador","2021A000210","Bananas, per kilogram","2.20"
"2025-06-01","Newfoundland and Labrador","2021A000210","Potatoes, 4.54 kilograms","7.20"
"2025-06-01","Newfoundland and Labrador","2021A000210","Tomatoes, per kilogram","6.49"
"2025-06-01","Newfoundland and Labrador","2021A000210","Carrots, 1.36 kilograms","5.11"
"2025-06-01","Newfoundland and Labrador","2021A000210","Onions, per kilogram","6.35"
"2025-06-01","Newfoundland and Labrador","2021A000210","White bread, 675 grams","4.00"
"2025-06-01","Newfoundland and Labrador","2021A000210","Dry or fresh pasta, 500 grams","3.23"
"2025-06-01","Newfoundland and Labrador","2021A000210","White rice, 2 kilograms","10.41"
"2025-06-01","Newfoundland and Labrador","2021A000210","Vegetable oil, 3 litres","10.20"
"2025-06-01","Prince Edward Island","2021A000211","Ground beef, per kilogram","13.67"
"2025-06-01","Prince Edward Island","2021A000211","Whole chicken, per kilogram","7.67"
"2025-06-01","Prince Edward Island","2021A000211","Milk, 2 litres","4.63"
"2025-06-01","Prince Edward Island","2021A000211","Block cheese, 500 grams","7.23"
"2025-06-01","Prince Edward Island","2021A000211","Yogurt, 500 grams","4.04"
"2025-06-01","Prince Edward Island","2021A000211","Eggs, 1 dozen","5.41"
"2025-06-01","Prince Edward Island","2021A000211","Apples, per kilogram","6.68"
"2025-06-01","Prince Edward Island","2021A000211","Bananas, per kilogram","2.08"
"2025-06-01","Prince Edward Island","2021A000211","Potatoes, 4.54 kilograms","6.54"
"2025-06-01","Prince Edward Island","2021A000211","Tomatoes, per kilogram","5.81"
"2025-06-01","Prince Edward Island","2021A000211","Carrots, 1.36 kilograms","4.70"
"2025-06-01","Prince Edward Island","2021A000211","Onions, per kilogram","6.00"
"2025-06-01","Prince Edward Island","2021A000211","White bread, 675 grams","3.64"
"2025-06-01","Prince Edward Island","2021A000211","Dry or fresh pasta, 500 grams","3.41"
"2025-06-01","Prince Edward Island","2021A000211","White rice, 2 kilograms","10.72"
"2025-06-01","Prince Edward Island","2021A000211","Vegetable oil, 3 litres","10.68"
"2025-06-01","Nova Scotia","2021A000212","Ground beef, per kilogram","13.38"
"2025-06-01","Nova Scotia","2021A000212","Whole chicken, per kilogram","7.46"
"2025-06-01","Nova Scotia","2021A000212","Milk, 2 litres","4.97"
"2025-06-01","Nova Scotia","2021A000212","Block cheese, 500 grams","7.10"
"2025-06-01","Nova Scotia","2021A000212","Yogurt, 500 grams","3.99"
"2025-06-01","Nova Scotia","2021A000212","Eggs, 1 dozen","5.46"
"2025-06-01","Nova Scotia","2021A000212","Apples, per kilogram","6.64"
"2025-06-01","Nova Scotia","2021A000212","Bananas, per kilogram","2.07"
"2025-06-01","Nova Scotia","2021A000212","Potatoes, 4.54 kilograms","6.50"
"2025-06-01","Nova Scotia","2021A000212","Tomatoes, per kilogram","5.59"
"2025-06-01","Nova Scotia","2021A000212","Carrots, 1.36 kilograms","4.58"
"2025-06-01","Nova Scotia","2021A000212","Onions, per kilogram","5.94"
"2025-06-01","Nova Scotia","2021A000212","White bread, 675 grams","3.56"
"2025-06-01","Nova Scotia","2021A000212","Dry or fresh pasta, 500 grams","3.37"
"2025-06-01","Nova Scotia","2021A000212","White rice, 2 kilograms","10.63"
"2025-06-01","Nova Scotia","2021A000212","Vegetable oil, 3 litres","10.77"
"2025-06-01","New Brunswick","2021A000213","Ground beef, per kilogram","13.41"
"2025-06-01","New Brunswick","2021A000213","Whole chicken, per kilogram","7.73"
"2025-06-01","New Brunswick","2021A000213","Milk, 2 litres","5.03"
"2025-06-01","New Brunswick","2021A000213","Block cheese, 500 grams","7.10"
"2025-06-01","New Brunswick","2021A000213","Yogurt, 500 grams","4.04"
"2025-06-01","New Brunswick","2021A000213","Eggs, 1 dozen","5.33"
"2025-06-01","New Brunswick","2021A000213","Apples, per kilogram","6.61"
"2025-06-01","New Brunswick","2021A000213","Bananas, per kilogram","2.07"
"2025-06-01","New Brunswick","2021A000213","Potatoes, 4.54 kilograms","6.63"
"2025-06-01","New Brunswick","2021A000213","Tomatoes, per kilogram","5.75"
"2025-06-01","New Brunswick","2021A000213","Carrots, 1.36 kilograms","4.70"
"2025-06-01","New Brunswick","2021A000213","Onions, per kilogram","5.93"
"2025-06-01","New Brunswick","2021A000213","White bread, 675 grams","3.69"
"2025-06-01","New Brunswick","2021A000213","Dry or fresh pasta, 500 grams","3.09"
"2025-06-01","New Brunswick","2021A000213","White rice, 2 kilograms","10.41"
"2025-06-01","New Brunswick","2021A000213","Vegetable oil, 3 litres","10.90"
"2025-06-01","Quebec","2021A000224","Ground beef, per kilogram","14.61"
"2025-06-01","Quebec","2021A000224","Whole chicken, per kilogram","6.15"
"2025-06-01","Quebec","2021A000224","Milk, 2 litres","5.27"
"2025-06-01","Quebec","2021A000224","Block cheese, 500 grams","6.71"
"2025-06-01","Quebec","2021A000224","Yogurt, 500 grams","3.60"
"2025-06-01","Quebec","2021A000224","Eggs, 1 dozen","4.66"
"2025-06-01","Quebec","2021A000224","Apples, per kilogram","5.95"
"2025-06-01","Quebec","2021A000224","Bananas, per kilogram","1.78"
"2025-06-01","Quebec","2021A000224","Potatoes, 4.54 kilograms","4.76"
"2025-06-01","Quebec","2021A000224","Tomatoes, per kilogram","4.23"
"2025-06-01","Quebec","2021A000224","Carrots, 1.36 kilograms","4.05"
"2025-06-01","Quebec","2021A000224","Onions, per kilogram","5.17"
"2025-06-01","Quebec","2021A000224","White bread, 675 grams","3.84"
"2025-06-01","Quebec","2021A000224","Dry or fresh pasta, 500 grams","3.08"
"2025-06-01","Quebec","2021A000224","White rice, 2 kilograms","10.77"
"2025-06-01","Quebec","2021A000224","Vegetable oil, 3 litres","9.26"
"2025-06-01","Ontario","2021A000235","Ground beef, per kilogram","14.77"
"2025-06-01","Ontario","2021A000235","Whole chicken, per kilogram","6.94"
"2025-06-01","Ontario","2021A000235","Milk, 2 litres","5.81"
"2025-06-01","Ontario","2021A000235","Block cheese, 500 grams","6.74"
"2025-06-01","Ontario","2021A000235","Yogurt, 500 grams","3.65"
"2025-06-01","Ontario","2021A000235","Eggs, 1 dozen","4.84"
"2025-06-01","Ontario","2021A000235","Apples, per kilogram","6.11"
"2025-06-01","Ontario","2021A000235","Bananas, per kilogram","1.51"
"2025-06-01","Ontario","2021A000235","Potatoes, 4.54 kilograms","5.41"
"2025-06-01","Ontario","2021A000235","Tomatoes, per kilogram","4.42"
"2025-06-01","Ontario","2021A000235","Carrots, 1.36 kilograms","4.27"
"2025-06-01","Ontario","2021A000235","Onions, per kilogram","5.83"
"2025-06-01","Ontario","2021A000235","White bread, 675 grams","3.08"
"2025-06-01","Ontario","2021A000235","Dry or fresh pasta, 500 grams","3.19"
"2025-06-01","Ontario","2021A000235","White rice, 2 kilograms","9.10"
"2025-06-01","Ontario","2021A000235","Vegetable oil, 3 litres","9.42"
"2025-06-01","Manitoba","2021A000246","Ground beef, per kilogram","15.27"
"2025-06-01","Manitoba","2021A000246","Whole chicken, per kilogram","6.93"
"2025-06-01","Manitoba","2021A000246","Milk, 2 litres","4.64"
"2025-06-01","Manitoba","2021A000246","Block cheese, 500 grams","6.97"
"2025-06-01","Manitoba","2021A000246","Yogurt, 500 grams","3.65"
"2025-06-01","Manitoba","2021A000246","Eggs, 1 dozen","4.72"
"2025-06-01","Manitoba","2021A000246","Apples, per kilogram","6.42"
"2025-06-01","Manitoba","2021A000246","Bananas, per kilogram","1.76"
"2025-06-01","Manitoba","2021A000246","Potatoes, 4.54 kilograms","8.01"
"2025-06-01","Manitoba","2021A000246","Tomatoes, per kilogram","4.37"
"2025-06-01","Manitoba","2021A000246","Carrots, 1.36 kilograms","4.96"
"2025-06-01","Manitoba","2021A000246","Onions, per kilogram","5.34"
"2025-06-01","Manitoba","2021A000246","White bread, 675 grams","3.21"
"2025-06-01","Manitoba","2021A000246","Dry or fresh pasta, 500 grams","3.41"
"2025-06-01","Manitoba","2021A000246","White rice, 2 kilograms","8.48"
"2025-06-01","Manitoba","2021A000246","Vegetable oil, 3 litres","11.11"
"2025-06-01","Saskatchewan","2021A000247","Ground beef, per kilogram","14.76"
"2025-06-01","Saskatchewan","2021A000247","Whole chicken, per kilogram","6.71"
"2025-06-01","Saskatchewan","2021A000247","Milk, 2 litres","4.97"
"2025-06-01","Saskatchewan","2021A000247","Block cheese, 500 grams","6.97"
"2025-06-01","Saskatchewan","2021A000247","Yogurt, 500 grams","3.62"
"2025-06-01","Saskatchewan","2021A000247","Eggs, 1 dozen","4.72"
"2025-06-01","Saskatchewan","2021A000247","Apples, per kilogram","6.44"
"2025-06-01","Saskatchewan","2021A000247","Bananas, per kilogram","1.77"
"2025-06-01","Saskatchewan","2021A000247","Potatoes, 4.54 kilograms","7.95"
"2025-06-01","Saskatchewan","2021A000247","Tomatoes, per kilogram","4.73"
"2025-06-01","Saskatchewan","2021A000247","Carrots, 1.36 kilograms","4.98"
"2025-06-01","Saskatchewan","2021A000247","Onions, per kilogram","5.53"
"2025-06-01","Saskatchewan","2021A000247","White bread, 675 grams","3.28"
"2025-06-01","Saskatchewan","2021A000247","Dry or fresh pasta, 500 grams","3.40"
"2025-06-01","Saskatchewan","2021A000247","White rice, 2 kilograms","8.92"
"2025-06-01","Saskatchewan","2021A000247","Vegetable oil, 3 litres","11.00"
"2025-06-01","Alberta","2021A000248","Ground beef, per kilogram","15.89"
"2025-06-01","Alberta","2021A000248","Whole chicken, per kilogram","7.12"
"2025-06-01","Alberta","2021A000248","Milk, 2 litres","5.30"
"2025-06-01","Alberta","2021A000248","Block cheese, 500 grams","7.14"
"2025-06-01","Alberta","2021A000248","Yogurt, 500 grams","3.70"
"2025-06-01","Alberta","2021A000248","Eggs, 1 dozen","5.12"
"2025-06-01","Alberta","2021A000248","Apples, per kilogram","6.50"
"2025-06-01","Alberta","2021A000248","Bananas, per kilogram","1.79"
"2025-06-01","Alberta","2021A000248","Potatoes, 4.54 kilograms","8.01"
"2025-06-01","Alberta","2021A000248","Tomatoes, per kilogram","4.65"
"2025-06-01","Alberta","2021A000248","Carrots, 1.36 kilograms","5.11"
"2025-06-01","Alberta","2021A000248","Onions, per kilogram","5.50"
"2025-06-01","Alberta","2021A000248","White bread, 675 grams","3.36"
"2025-06-01","Alberta","2021A000248","Dry or fresh pasta, 500 grams","3.50"
"2025-06-01","Alberta","2021A000248","White rice, 2 kilograms","9.02"
"2025-06-01","Alberta","2021A000248","Vegetable oil, 3 litres","10.90"
"2025-06-01","British Columbia","2021A000259","Ground beef, per kilogram","16.14"
"2025-06-01","British Columbia","2021A000259","Whole chicken, per kilogram","6.32"
"2025-06-01","British Columbia","2021A000259","Milk, 2 litres","5.44"
"2025-06-01","British Columbia","2021A000259","Block cheese, 500 grams","7.24"
"2025-06-01","British Columbia","2021A000259","Yogurt, 500 grams","3.69"
"2025-06-01","British Columbia","2021A000259","Eggs, 1 dozen","5.57"
"2025-06-01","British Columbia","2021A000259","Apples, per kilogram","6.37"
"2025-06-01","British Columbia","2021A000259","Bananas, per kilogram","1.63"
"2025-06-01","British Columbia","2021A000259","Potatoes, 4.54 kilograms","7.88"
"2025-06-01","British Columbia","2021A000259","Tomatoes, per kilogram","4.66"
"2025-06-01","British Columbia","2021A000259","Carrots, 1.36 kilograms","5.33"
"2025-06-01","British Columbia","2021A000259","Onions, per kilogram","5.51"
"2025-06-01","British Columbia","2021A000259","White bread, 675 grams","3.70"
"2025-06-01","British Columbia","2021A000259","Dry or fresh pasta, 500 grams","3.62"
"2025-06-01","British Columbia","2021A000259","White rice, 2 kilograms","9.11"
"2025-06-01","British Columbia","2021A000259","Vegetable oil, 3 litres","11.04"
"2025-07-01","Newfoundland and Labrador","2021A000210","Ground beef, per kilogram","14.24"
"2025-07-01","Newfoundland and Labrador","2021A000210","Whole chicken, per kilogram","7.23"
"2025-07-01","Newfoundland and Labrador","2021A000210","Milk, 2 litres","5.11"
"2025-07-01","Newfoundland and Labrador","2021A000210","Block cheese, 500 grams","6.98"
"2025-07-01","Newfoundland and Labrador","2021A000210","Yogurt, 500 grams","4.17"
"2025-07-01","Newfoundland and Labrador","2021A000210","Eggs, 1 dozen","5.50"
"2025-07-01","Newfoundland and Labrador","2021A000210","Apples, per kilogram","7.09"
"2025-07-01","Newfoundland and Labrador","2021A000210","Bananas, per kilogram","2.17"
"2025-07-01","Newfoundland and Labrador","2021A000210","Potatoes, 4.54 kilograms","6.67"
"2025-07-01","Newfoundland and Labrador","2021A000210","Tomatoes, per kilogram","6.24"
"2025-07-01","Newfoundland and Labrador","2021A000210","Carrots, 1.36 kilograms","5.10"
"2025-07-01","Newfoundland and Labrador","2021A000210","Onions, per kilogram","6.28"
"2025-07-01","Newfoundland and Labrador","2021A000210","White bread, 675 grams","3.99"
"2025-07-01","Newfoundland and Labrador","2021A000210","Dry or fresh pasta, 500 grams","3.31"
"2025-07-01","Newfoundland and Labrador","2021A000210","White rice, 2 kilograms","10.34"
"2025-07-01","Newfoundland and Labrador","2021A000210","Vegetable oil, 3 litres","10.38"
"2025-07-01","Prince Edward Island","2021A000211","Ground beef, per kilogram","14.33"
"2025-07-01","Prince Edward Island","2021A000211","Whole chicken, per kilogram","6.96"
"2025-07-01","Prince Edward Island","2021A000211","Milk, 2 litres","4.64"
"2025-07-01","Prince Edward Island","2021A000211","Block cheese, 500 grams","7.12"
"2025-07-01","Prince Edward Island","2021A000211","Yogurt, 500 grams","4.10"
"2025-07-01","Prince Edward Island","2021A000211","Eggs, 1 dozen","5.43"
"2025-07-01","Prince Edward Island","2021A000211","Apples, per kilogram","6.82"
"2025-07-01","Prince Edward Island","2021A000211","Bananas, per kilogram","2.05"
"2025-07-01","Prince Edward Island","2021A000211","Potatoes, 4.54 kilograms","5.72"
"2025-07-01","Prince Edward Island","2021A000211","Tomatoes, per kilogram","5.66"
"2025-07-01","Prince Edward Island","2021A000211","Carrots, 1.36 kilograms","4.89"
"2025-07-01","Prince Edward Island","2021A000211","Onions, per kilogram","6.10"
"2025-07-01","Prince Edward Island","2021A000211","White bread, 675 grams","3.62"
"2025-07-01","Prince Edward Island","2021A000211","Dry or fresh pasta, 500 grams","3.54"
"2025-07-01","Prince Edward Island","2021A000211","White rice, 2 kilograms","10.53"
"2025-07-01","Prince Edward Island","2021A000211","Vegetable oil, 3 litres","10.95"
"2025-07-01","Nova Scotia","2021A000212","Ground beef, per kilogram","14.43"
"2025-07-01","Nova Scotia","2021A000212","Whole chicken, per kilogram","7.02"
"2025-07-01","Nova Scotia","2021A000212","Milk, 2 litres","4.98"
"2025-07-01","Nova Scotia","2021A000212","Block cheese, 500 grams","6.95"
"2025-07-01","Nova Scotia","2021A000212","Yogurt, 500 grams","4.03"
"2025-07-01","Nova Scotia","2021A000212","Eggs, 1 dozen","5.46"
"2025-07-01","Nova Scotia","2021A000212","Apples, per kilogram","6.73"
"2025-07-01","Nova Scotia","2021A000212","Bananas, per kilogram","2.05"
"2025-07-01","Nova Scotia","2021A000212","Potatoes, 4.54 kilograms","5.66"
"2025-07-01","Nova Scotia","2021A000212","Tomatoes, per kilogram","5.45"
"2025-07-01","Nova Scotia","2021A000212","Carrots, 1.36 kilograms","4.73"
"2025-07-01","Nova Scotia","2021A000212","Onions, per kilogram","6.05"
"2025-07-01","Nova Scotia","2021A000212","White bread, 675 grams","3.55"
"2025-07-01","Nova Scotia","2021A000212","Dry or fresh pasta, 500 grams","3.48"
"2025-07-01","Nova Scotia","2021A000212","White rice, 2 kilograms","10.46"
"2025-07-01","Nova Scotia","2021A000212","Vegetable oil, 3 litres","10.80"
"2025-07-01","New Brunswick","2021A000213","Ground beef, per kilogram","14.38"
"2025-07-01","New Brunswick","2021A000213","Whole chicken, per kilogram","6.26"
"2025-07-01","New Brunswick","2021A000213","Milk, 2 litres","5.03"
"2025-07-01","New Brunswick","2021A000213","Block cheese, 500 grams","7.01"
"2025-07-01","New Brunswick","2021A000213","Yogurt, 500 grams","4.06"
"2025-07-01","New Brunswick","2021A000213","Eggs, 1 dozen","5.35"
"2025-07-01","New Brunswick","2021A000213","Apples, per kilogram","6.72"
"2025-07-01","New Brunswick","2021A000213","Bananas, per kilogram","2.06"
"2025-07-01","New Brunswick","2021A000213","Potatoes, 4.54 kilograms","5.82"
"2025-07-01","New Brunswick","2021A000213","Tomatoes, per kilogram","5.53"
"2025-07-01","New Brunswick","2021A000213","Carrots, 1.36 kilograms","4.81"
"2025-07-01","New Brunswick","2021A000213","Onions, per kilogram","6.01"
"2025-07-01","New Brunswick","2021A000213","White bread, 675 grams","3.70"
"2025-07-01","New Brunswick","2021A000213","Dry or fresh pasta, 500 grams","3.25"
"2025-07-01","New Brunswick","2021A000213","White rice, 2 kilograms","10.33"
"2025-07-01","New Brunswick","2021A000213","Vegetable oil, 3 litres","10.95"
"2025-07-01","Quebec","2021A000224","Ground beef, per kilogram","14.89"
"2025-07-01","Quebec","2021A000224","Whole chicken, per kilogram","6.35"
"2025-07-01","Quebec","2021A000224","Milk, 2 litres","5.31"
"2025-07-01","Quebec","2021A000224","Block cheese, 500 grams","6.80"
"2025-07-01","Quebec","2021A000224","Yogurt, 500 grams","3.70"
"2025-07-01","Quebec","2021A000224","Eggs, 1 dozen","4.66"
"2025-07-01","Quebec","2021A000224","Apples, per kilogram","5.75"
"2025-07-01","Quebec","2021A000224","Bananas, per kilogram","1.78"
"2025-07-01","Quebec","2021A000224","Potatoes, 4.54 kilograms","5.40"
"2025-07-01","Quebec","2021A000224","Tomatoes, per kilogram","4.70"
"2025-07-01","Quebec","2021A000224","Carrots, 1.36 kilograms","3.75"
"2025-07-01","Quebec","2021A000224","Onions, per kilogram","5.05"
"2025-07-01","Quebec","2021A000224","White bread, 675 grams","3.81"
"2025-07-01","Quebec","2021A000224","Dry or fresh pasta, 500 grams","3.19"
"2025-07-01","Quebec","2021A000224","White rice, 2 kilograms","10.76"
"2025-07-01","Quebec","2021A000224","Vegetable oil, 3 litres","8.46"
"2025-07-01","Ontario","2021A000235","Ground beef, per kilogram","14.28"
"2025-07-01","Ontario","2021A000235","Whole chicken, per kilogram","6.40"
"2025-07-01","Ontario","2021A000235","Milk, 2 litres","5.81"
"2025-07-01","Ontario","2021A000235","Block cheese, 500 grams","6.90"
"2025-07-01","Ontario","2021A000235","Yogurt, 500 grams","3.64"
"2025-07-01","Ontario","2021A000235","Eggs, 1 dozen","4.85"
"2025-07-01","Ontario","2021A000235","Apples, per kilogram","6.23"
"2025-07-01","Ontario","2021A000235","Bananas, per kilogram","1.51"
"2025-07-01","Ontario","2021A000235","Potatoes, 4.54 kilograms","4.68"
"2025-07-01","Ontario","2021A000235","Tomatoes, per kilogram","4.53"
"2025-07-01","Ontario","2021A000235","Carrots, 1.36 kilograms","4.16"
"2025-07-01","Ontario","2021A000235","Onions, per kilogram","5.76"
"2025-07-01","Ontario","2021A000235","White bread, 675 grams","3.06"
"2025-07-01","Ontario","2021A000235","Dry or fresh pasta, 500 grams","3.33"
"2025-07-01","Ontario","2021A000235","White rice, 2 kilograms","9.17"
"2025-07-01","Ontario","2021A000235","Vegetable oil, 3 litres","9.38"
"2025-07-01","Manitoba","2021A000246","Ground beef, per kilogram","15.39"
"2025-07-01","Manitoba","2021A000246","Whole chicken, per kilogram","7.29"
"2025-07-01","Manitoba","2021A000246","Milk, 2 litres","4.65"
"2025-07-01","Manitoba","2021A000246","Block cheese, 500 grams","6.95"
"2025-07-01","Manitoba","2021A000246","Yogurt, 500 grams","3.63"
"2025-07-01","Manitoba","2021A000246","Eggs, 1 dozen","4.71"
"2025-07-01","Manitoba","2021A000246","Apples, per kilogram","6.24"
"2025-07-01","Manitoba","2021A000246","Bananas, per kilogram","1.75"
"2025-07-01","Manitoba","2021A000246","Potatoes, 4.54 kilograms","8.04"
"2025-07-01","Manitoba","2021A000246","Tomatoes, per kilogram","4.67"
"2025-07-01","Manitoba","2021A000246","Carrots, 1.36 kilograms","4.92"
"2025-07-01","Manitoba","2021A000246","Onions, per kilogram","5.38"
"2025-07-01","Manitoba","2021A000246","White bread, 675 grams","3.18"
"2025-07-01","Manitoba","2021A000246","Dry or fresh pasta, 500 grams","3.43"
"2025-07-01","Manitoba","2021A000246","White rice, 2 kilograms","8.29"
"2025-07-01","Manitoba","2021A000246","Vegetable oil, 3 litres","11.42"
"2025-07-01","Saskatchewan","2021A000247","Ground beef, per kilogram","14.63"
"2025-07-01","Saskatchewan","2021A000247","Whole chicken, per kilogram","7.69"
"2025-07-01","Saskatchewan","2021A000247","Milk, 2 litres","4.96"
"2025-07-01","Saskatchewan","2021A000247","Block cheese, 500 grams","6.96"
"2025-07-01","Saskatchewan","2021A000247","Yogurt, 500 grams","3.61"
"2025-07-01","Saskatchewan","2021A000247","Eggs, 1 dozen","4.73"
"2025-07-01","Saskatchewan","2021A000247","Apples, per kilogram","6.29"
"2025-07-01","Saskatchewan","2021A000247","Bananas, per kilogram","1.75"
"2025-07-01","Saskatchewan","2021A000247","Potatoes, 4.54 kilograms","7.96"
"2025-07-01","Saskatchewan","2021A000247","Tomatoes, per kilogram","4.80"
"2025-07-01","Saskatchewan","2021A000247","Carrots, 1.36 kilograms","4.94"
"2025-07-01","Saskatchewan","2021A000247","Onions, per kilogram","5.59"
"2025-07-01","Saskatchewan","2021A000247","White bread, 675 grams","3.29"
"2025-07-01","Saskatchewan","2021A000247","Dry or fresh pasta, 500 grams","3.40"
"2025-07-01","Saskatchewan","2021A000247","White rice, 2 kilograms","8.69"
"2025-07-01","Saskatchewan","2021A000247","Vegetable oil, 3 litres","11.48"
"2025-07-01","Alberta","2021A000248","Ground beef, per kilogram","15.76"
"2025-07-01","Alberta","2021A000248","Whole chicken, per kilogram","7.74"
"2025-07-01","Alberta","2021A000248","Milk, 2 litres","5.30"
"2025-07-01","Alberta","2021A000248","Block cheese, 500 grams","7.11"
"2025-07-01","Alberta","2021A000248","Yogurt, 500 grams","3.70"
"2025-07-01","Alberta","2021A000248","Eggs, 1 dozen","5.10"
"2025-07-01","Alberta","2021A000248","Apples, per kilogram","6.33"
"2025-07-01","Alberta","2021A000248","Bananas, per kilogram","1.79"
"2025-07-01","Alberta","2021A000248","Potatoes, 4.54 kilograms","7.93"
"2025-07-01","Alberta","2021A000248","Tomatoes, per kilogram","4.81"
"2025-07-01","Alberta","2021A000248","Carrots, 1.36 kilograms","5.05"
"2025-07-01","Alberta","2021A000248","Onions, per kilogram","5.49"
"2025-07-01","Alberta","2021A000248","White bread, 675 grams","3.35"
"2025-07-01","Alberta","2021A000248","Dry or fresh pasta, 500 grams","3.50"
"2025-07-01","Alberta","2021A000248","White rice, 2 kilograms","8.88"
"2025-07-01","Alberta","2021A000248","Vegetable oil, 3 litres","11.37"
"2025-07-01","British Columbia","2021A000259","Ground beef, per kilogram","15.81"
"2025-07-01","British Columbia","2021A000259","Whole chicken, per kilogram","8.09"
"2025-07-01","British Columbia","2021A000259","Milk, 2 litres","5.44"
"2025-07-01","British Columbia","2021A000259","Block cheese, 500 grams","7.23"
"2025-07-01","British Columbia","2021A000259","Yogurt, 500 grams","3.72"
"2025-07-01","British Columbia","2021A000259","Eggs, 1 dozen","5.56"
"2025-07-01","British Columbia","2021A000259","Apples, per kilogram","6.32"
"2025-07-01","British Columbia","2021A000259","Bananas, per kilogram","1.62"
"2025-07-01","British Columbia","2021A000259","Potatoes, 4.54 kilograms","7.84"
"2025-07-01","British Columbia","2021A000259","Tomatoes, per kilogram","4.89"
"2025-07-01","British Columbia","2021A000259","Carrots, 1.36 kilograms","5.46"
"2025-07-01","British Columbia","2021A000259","Onions, per kilogram","5.53"
"2025-07-01","British Columbia","2021A000259","White bread, 675 grams","3.71"
"2025-07-01","British Columbia","2021A000259","Dry or fresh pasta, 500 grams","3.67"
"2025-07-01","British Columbia","2021A000259","White rice, 2 kilograms","9.06"
"2025-07-01","British Columbia","2021A000259","Vegetable oil, 3 litres","11.49"
"2025-08-01","Newfoundland and Labrador","2021A000210","Ground beef, per kilogram","14.52"
"2025-08-01","Newfoundland and Labrador","2021A000210","Whole chicken, per kilogram","7.33"
"2025-08-01","Newfoundland and Labrador","2021A000210","Milk, 2 litres","5.14"
"2025-08-01","Newfoundland and Labrador","2021A000210","Block cheese, 500 grams","7.02"
"2025-08-01","Newfoundland and Labrador","2021A000210","Yogurt, 500 grams","4.11"
"2025-08-01","Newfoundland and Labrador","2021A000210","Eggs, 1 dozen","5.50"
"2025-08-01","Newfoundland and Labrador","2021A000210","Apples, per kilogram","7.45"
"2025-08-01","Newfoundland and Labrador","2021A000210","Bananas, per kilogram","2.18"
"2025-08-01","Newfoundland and Labrador","2021A000210","Potatoes, 4.54 kilograms","6.76"
"2025-08-01","Newfoundland and Labrador","2021A000210","Tomatoes, per kilogram","6.54"
"2025-08-01","Newfoundland and Labrador","2021A000210","Carrots, 1.36 kilograms","4.75"
"2025-08-01","Newfoundland and Labrador","2021A000210","Onions, per kilogram","6.36"
"2025-08-01","Newfoundland and Labrador","2021A000210","White bread, 675 grams","4.05"
"2025-08-01","Newfoundland and Labrador","2021A000210","Dry or fresh pasta, 500 grams","3.24"
"2025-08-01","Newfoundland and Labrador","2021A000210","White rice, 2 kilograms","10.68"
"2025-08-01","Newfoundland and Labrador","2021A000210","Vegetable oil, 3 litres","10.18"
"2025-08-01","Prince Edward Island","2021A000211","Ground beef, per kilogram","14.56"
"2025-08-01","Prince Edward Island","2021A000211","Whole chicken, per kilogram","7.58"
"2025-08-01","Prince Edward Island","2021A000211","Milk, 2 litres","4.65"
"2025-08-01","Prince Edward Island","2021A000211","Block cheese, 500 grams","7.22"
"2025-08-01","Prince Edward Island","2021A000211","Yogurt, 500 grams","4.04"
"2025-08-01","Prince Edward Island","2021A000211","Eggs, 1 dozen","5.43"
"2025-08-01","Prince Edward Island","2021A000211","Apples, per kilogram","7.14"
"2025-08-01","Prince Edward Island","2021A000211","Bananas, per kilogram","2.05"
"2025-08-01","Prince Edward Island","2021A000211","Potatoes, 4.54 kilograms","6.06"
"2025-08-01","Prince Edward Island","2021A000211","Tomatoes, per kilogram","6.02"
"2025-08-01","Prince Edward Island","2021A000211","Carrots, 1.36 kilograms","4.63"
"2025-08-01","Prince Edward Island","2021A000211","Onions, per kilogram","6.13"
"2025-08-01","Prince Edward Island","2021A000211","White bread, 675 grams","3.62"
"2025-08-01","Prince Edward Island","2021A000211","Dry or fresh pasta, 500 grams","3.46"
"2025-08-01","Prince Edward Island","2021A000211","White rice, 2 kilograms","11.05"
"2025-08-01","Prince Edward Island","2021A000211","Vegetable oil, 3 litres","11.39"
"2025-08-01","Nova Scotia","2021A000212","Ground beef, per kilogram","14.62"
"2025-08-01","Nova Scotia","2021A000212","Whole chicken, per kilogram","7.28"
"2025-08-01","Nova Scotia","2021A000212","Milk, 2 litres","4.98"
"2025-08-01","Nova Scotia","2021A000212","Block cheese, 500 grams","7.10"
"2025-08-01","Nova Scotia","2021A000212","Yogurt, 500 grams","3.93"
"2025-08-01","Nova Scotia","2021A000212","Eggs, 1 dozen","5.46"
"2025-08-01","Nova Scotia","2021A000212","Apples, per kilogram","7.17"
"2025-08-01","Nova Scotia","2021A000212","Bananas, per kilogram","2.05"
"2025-08-01","Nova Scotia","2021A000212","Potatoes, 4.54 kilograms","5.79"
"2025-08-01","Nova Scotia","2021A000212","Tomatoes, per kilogram","5.89"
"2025-08-01","Nova Scotia","2021A000212","Carrots, 1.36 kilograms","4.43"
"2025-08-01","Nova Scotia","2021A000212","Onions, per kilogram","6.04"
"2025-08-01","Nova Scotia","2021A000212","White bread, 675 grams","3.57"
"2025-08-01","Nova Scotia","2021A000212","Dry or fresh pasta, 500 grams","3.30"
"2025-08-01","Nova Scotia","2021A000212","White rice, 2 kilograms","10.96"
"2025-08-01","Nova Scotia","2021A000212","Vegetable oil, 3 litres","11.03"
"2025-08-01","New Brunswick","2021A000213","Ground beef, per kilogram","14.38"
"2025-08-01","New Brunswick","2021A000213","Whole chicken, per kilogram","7.26"
"2025-08-01","New Brunswick","2021A000213","Milk, 2 litres","5.04"
"2025-08-01","New Brunswick","2021A000213","Block cheese, 500 grams","7.07"
"2025-08-01","New Brunswick","2021A000213","Yogurt, 500 grams","4.01"
"2025-08-01","New Brunswick","2021A000213","Eggs, 1 dozen","5.33"
"2025-08-01","New Brunswick","2021A000213","Apples, per kilogram","7.17"
"2025-08-01","New Brunswick","2021A000213","Bananas, per kilogram","2.07"
"2025-08-01","New Brunswick","2021A000213","Potatoes, 4.54 kilograms","5.96"
"2025-08-01","New Brunswick","2021A000213","Tomatoes, per kilogram","6.04"
"2025-08-01","New Brunswick","2021A000213","Carrots, 1.36 kilograms","4.46"
"2025-08-01","New Brunswick","2021A000213","Onions, per kilogram","6.00"
"2025-08-01","New Brunswick","2021A000213","White bread, 675 grams","3.73"
"2025-08-01","New Brunswick","2021A000213","Dry or fresh pasta, 500 grams","3.13"
"2025-08-01","New Brunswick","2021A000213","White rice, 2 kilograms","10.61"
"2025-08-01","New Brunswick","2021A000213","Vegetable oil, 3 litres","11.66"
"2025-08-01","Quebec","2021A000224","Ground beef, per kilogram","15.14"
"2025-08-01","Quebec","2021A000224","Whole chicken, per kilogram","5.30"
"2025-08-01","Quebec","2021A000224","Milk, 2 litres","5.31"
"2025-08-01","Quebec","2021A000224","Block cheese, 500 grams","6.79"
"2025-08-01","Quebec","2021A000224","Yogurt, 500 grams","3.70"
"2025-08-01","Quebec","2021A000224","Eggs, 1 dozen","4.25"
"2025-08-01","Quebec","2021A000224","Apples, per kilogram","5.48"
"2025-08-01","Quebec","2021A000224","Bananas, per kilogram","1.79"
"2025-08-01","Quebec","2021A000224","Potatoes, 4.54 kilograms","4.55"
"2025-08-01","Quebec","2021A000224","Tomatoes, per kilogram","5.01"
"2025-08-01","Quebec","2021A000224","Carrots, 1.36 kilograms","3.06"
"2025-08-01","Quebec","2021A000224","Onions, per kilogram","4.77"
"2025-08-01","Quebec","2021A000224","White bread, 675 grams","3.83"
"2025-08-01","Quebec","2021A000224","Dry or fresh pasta, 500 grams","3.04"
"2025-08-01","Quebec","2021A000224","White rice, 2 kilograms","11.40"
"2025-08-01","Quebec","2021A000224","Vegetable oil, 3 litres","9.59"
"2025-08-01","Ontario","2021A000235","Ground beef, per kilogram","14.54"
"2025-08-01","Ontario","2021A000235","Whole chicken, per kilogram","7.58"
"2025-08-01","Ontario","2021A000235","Milk, 2 litres","5.77"
"2025-08-01","Ontario","2021A000235","Block cheese, 500 grams","6.97"
"2025-08-01","Ontario","2021A000235","Yogurt, 500 grams","3.62"
"2025-08-01","Ontario","2021A000235","Eggs, 1 dozen","4.85"
"2025-08-01","Ontario","2021A000235","Apples, per kilogram","6.40"
"2025-08-01","Ontario","2021A000235","Bananas, per kilogram","1.52"
"2025-08-01","Ontario","2021A000235","Potatoes, 4.54 kilograms","4.40"
"2025-08-01","Ontario","2021A000235","Tomatoes, per kilogram","4.64"
"2025-08-01","Ontario","2021A000235","Carrots, 1.36 kilograms","3.52"
"2025-08-01","Ontario","2021A000235","Onions, per kilogram","5.61"
"2025-08-01","Ontario","2021A000235","White bread, 675 grams","3.01"
"2025-08-01","Ontario","2021A000235","Dry or fresh pasta, 500 grams","3.16"
"2025-08-01","Ontario","2021A000235","White rice, 2 kilograms","9.60"
"2025-08-01","Ontario","2021A000235","Vegetable oil, 3 litres","8.09"
"2025-08-01","Manitoba","2021A000246","Ground beef, per kilogram","15.70"
"2025-08-01","Manitoba","2021A000246","Whole chicken, per kilogram","8.11"
"2025-08-01","Manitoba","2021A000246","Milk, 2 litres","4.71"
"2025-08-01","Manitoba","2021A000246","Block cheese, 500 grams","7.14"
"2025-08-01","Manitoba","2021A000246","Yogurt, 500 grams","3.67"
"2025-08-01","Manitoba","2021A000246","Eggs, 1 dozen","4.75"
"2025-08-01","Manitoba","2021A000246","Apples, per kilogram","6.15"
"2025-08-01","Manitoba","2021A000246","Bananas, per kilogram","1.77"
"2025-08-01","Manitoba","2021A000246","Potatoes, 4.54 kilograms","8.04"
"2025-08-01","Manitoba","2021A000246","Tomatoes, per kilogram","4.80"
"2025-08-01","Manitoba","2021A000246","Carrots, 1.36 kilograms","4.86"
"2025-08-01","Manitoba","2021A000246","Onions, per kilogram","5.53"
"2025-08-01","Manitoba","2021A000246","White bread, 675 grams","3.22"
"2025-08-01","Manitoba","2021A000246","Dry or fresh pasta, 500 grams","3.51"
"2025-08-01","Manitoba","2021A000246","White rice, 2 kilograms","8.55"
"2025-08-01","Manitoba","2021A000246","Vegetable oil, 3 litres","11.63"
"2025-08-01","Saskatchewan","2021A000247","Ground beef, per kilogram","15.32"
"2025-08-01","Saskatchewan","2021A000247","Whole chicken, per kilogram","8.36"
"2025-08-01","Saskatchewan","2021A000247","Milk, 2 litres","5.05"
"2025-08-01","Saskatchewan","2021A000247","Block cheese, 500 grams","7.14"
"2025-08-01","Saskatchewan","2021A000247","Yogurt, 500 grams","3.62"
"2025-08-01","Saskatchewan","2021A000247","Eggs, 1 dozen","4.75"
"2025-08-01","Saskatchewan","2021A000247","Apples, per kilogram","6.13"
"2025-08-01","Saskatchewan","2021A000247","Bananas, per kilogram","1.77"
"2025-08-01","Saskatchewan","2021A000247","Potatoes, 4.54 kilograms","7.98"
"2025-08-01","Saskatchewan","2021A000247","Tomatoes, per kilogram","4.82"
"2025-08-01","Saskatchewan","2021A000247","Carrots, 1.36 kilograms","4.85"
"2025-08-01","Saskatchewan","2021A000247","Onions, per kilogram","5.64"
"2025-08-01","Saskatchewan","2021A000247","White bread, 675 grams","3.36"
"2025-08-01","Saskatchewan","2021A000247","Dry or fresh pasta, 500 grams","3.45"
"2025-08-01","Saskatchewan","2021A000247","White rice, 2 kilograms","8.62"
"2025-08-01","Saskatchewan","2021A000247","Vegetable oil, 3 litres","11.43"
"2025-08-01","Alberta","2021A000248","Ground beef, per kilogram","16.37"
"2025-08-01","Alberta","2021A000248","Whole chicken, per kilogram","8.60"
"2025-08-01","Alberta","2021A000248","Milk, 2 litres","5.40"
"2025-08-01","Alberta","2021A000248","Block cheese, 500 grams","7.34"
"2025-08-01","Alberta","2021A000248","Yogurt, 500 grams","3.70"
"2025-08-01","Alberta","2021A000248","Eggs, 1 dozen","5.13"
"2025-08-01","Alberta","2021A000248","Apples, per kilogram","6.25"
"2025-08-01","Alberta","2021A000248","Bananas, per kilogram","1.78"
"2025-08-01","Alberta","2021A000248","Potatoes, 4.54 kilograms","7.90"
"2025-08-01","Alberta","2021A000248","Tomatoes, per kilogram","4.99"
"2025-08-01","Alberta","2021A000248","Carrots, 1.36 kilograms","4.93"
"2025-08-01","Alberta","2021A000248","Onions, per kilogram","5.59"
"2025-08-01","Alberta","2021A000248","White bread, 675 grams","3.38"
"2025-08-01","Alberta","2021A000248","Dry or fresh pasta, 500 grams","3.65"
"2025-08-01","Alberta","2021A000248","White rice, 2 kilograms","9.71"
"2025-08-01","Alberta","2021A000248","Vegetable oil, 3 litres","11.65"
"2025-08-01","British Columbia","2021A000259","Ground beef, per kilogram","16.07"
"2025-08-01","British Columbia","2021A000259","Whole chicken, per kilogram","8.90"
"2025-08-01","British Columbia","2021A000259","Milk, 2 litres","5.52"
"2025-08-01","British Columbia","2021A000259","Block cheese, 500 grams","7.44"
"2025-08-01","British Columbia","2021A000259","Yogurt, 500 grams","3.73"
"2025-08-01","British Columbia","2021A000259","Eggs, 1 dozen","5.61"
"2025-08-01","British Columbia","2021A000259","Apples, per kilogram","6.24"
"2025-08-01","British Columbia","2021A000259","Bananas, per kilogram","1.63"
"2025-08-01","British Columbia","2021A000259","Potatoes, 4.54 kilograms","7.87"
"2025-08-01","British Columbia","2021A000259","Tomatoes, per kilogram","5.08"
"2025-08-01","British Columbia","2021A000259","Carrots, 1.36 kilograms","5.21"
"2025-08-01","British Columbia","2021A000259","Onions, per kilogram","5.51"
"2025-08-01","British Columbia","2021A000259","White bread, 675 grams","3.76"
"2025-08-01","British Columbia","2021A000259","Dry or fresh pasta, 500 grams","3.72"
"2025-08-01","British Columbia","2021A000259","White rice, 2 kilograms","9.24"
"2025-08-01","British Columbia","2021A000259","Vegetable oil, 3 litres","11.66"
"2025-09-01","Newfoundland and Labrador","2021A000210","Ground beef, per kilogram","15.01"
"2025-09-01","Newfoundland and Labrador","2021A000210","Whole chicken, per kilogram","6.98"
"2025-09-01","Newfoundland and Labrador","2021A000210","Milk, 2 litres","5.10"
"2025-09-01","Newfoundland and Labrador","2021A000210","Block cheese, 500 grams","6.88"
"2025-09-01","Newfoundland and Labrador","2021A000210","Yogurt, 500 grams","4.02"
"2025-09-01","Newfoundland and Labrador","2021A000210","Eggs, 1 dozen","5.36"
"2025-09-01","Newfoundland and Labrador","2021A000210","Apples, per kilogram","6.61"
"2025-09-01","Newfoundland and Labrador","2021A000210","Bananas, per kilogram","2.18"
"2025-09-01","Newfoundland and Labrador","2021A000210","Potatoes, 4.54 kilograms","6.03"
"2025-09-01","Newfoundland and Labrador","2021A000210","Tomatoes, per kilogram","6.23"
"2025-09-01","Newfoundland and Labrador","2021A000210","Carrots, 1.36 kilograms","3.95"
"2025-09-01","Newfoundland and Labrador","2021A000210","Onions, per kilogram","6.15"
"2025-09-01","Newfoundland and Labrador","2021A000210","White bread, 675 grams","4.00"
"2025-09-01","Newfoundland and Labrador","2021A000210","Dry or fresh pasta, 500 grams","3.26"
"2025-09-01","Newfoundland and Labrador","2021A000210","White rice, 2 kilograms","10.02"
"2025-09-01","Newfoundland and Labrador","2021A000210","Vegetable oil, 3 litres","9.92"
"2025-09-01","Prince Edward Island","2021A000211","Ground beef, per kilogram","14.29"
"2025-09-01","Prince Edward Island","2021A000211","Whole chicken, per kilogram","7.46"
"2025-09-01","Prince Edward Island","2021A000211","Milk, 2 litres","4.64"
"2025-09-01","Prince Edward Island","2021A000211","Block cheese, 500 grams","7.03"
"2025-09-01","Prince Edward Island","2021A000211","Yogurt, 500 grams","3.91"
"2025-09-01","Prince Edward Island","2021A000211","Eggs, 1 dozen","5.35"
"2025-09-01","Prince Edward Island","2021A000211","Apples, per kilogram","6.11"
"2025-09-01","Prince Edward Island","2021A000211","Bananas, per kilogram","2.03"
"2025-09-01","Prince Edward Island","2021A000211","Potatoes, 4.54 kilograms","5.61"
"2025-09-01","Prince Edward Island","2021A000211","Tomatoes, per kilogram","5.88"
"2025-09-01","Prince Edward Island","2021A000211","Carrots, 1.36 kilograms","4.10"
"2025-09-01","Prince Edward Island","2021A000211","Onions, per kilogram","6.12"
"2025-09-01","Prince Edward Island","2021A000211","White bread, 675 grams","3.61"
"2025-09-01","Prince Edward Island","2021A000211","Dry or fresh pasta, 500 grams","3.40"
"2025-09-01","Prince Edward Island","2021A000211","White rice, 2 kilograms","9.98"
"2025-09-01","Prince Edward Island","2021A000211","Vegetable oil, 3 litres","11.00"
"2025-09-01","Nova Scotia","2021A000212","Ground beef, per kilogram","15.07"
"2025-09-01","Nova Scotia","2021A000212","Whole chicken, per kilogram","7.32"
"2025-09-01","Nova Scotia","2021A000212","Milk, 2 litres","4.98"
"2025-09-01","Nova Scotia","2021A000212","Block cheese, 500 grams","6.89"
"2025-09-01","Nova Scotia","2021A000212","Yogurt, 500 grams","3.86"
"2025-09-01","Nova Scotia","2021A000212","Eggs, 1 dozen","5.42"
"2025-09-01","Nova Scotia","2021A000212","Apples, per kilogram","6.14"
"2025-09-01","Nova Scotia","2021A000212","Bananas, per kilogram","2.05"
"2025-09-01","Nova Scotia","2021A000212","Potatoes, 4.54 kilograms","5.48"
"2025-09-01","Nova Scotia","2021A000212","Tomatoes, per kilogram","5.77"
"2025-09-01","Nova Scotia","2021A000212","Carrots, 1.36 kilograms","4.04"
"2025-09-01","Nova Scotia","2021A000212","Onions, per kilogram","6.12"
"2025-09-01","Nova Scotia","2021A000212","White bread, 675 grams","3.56"
"2025-09-01","Nova Scotia","2021A000212","Dry or fresh pasta, 500 grams","3.42"
"2025-09-01","Nova Scotia","2021A000212","White rice, 2 kilograms","10.27"
"2025-09-01","Nova Scotia","2021A000212","Vegetable oil, 3 litres","10.84"
"2025-09-01","New Brunswick","2021A000213","Ground beef, per kilogram","14.93"
"2025-09-01","New Brunswick","2021A000213","Whole chicken, per kilogram","7.24"
"2025-09-01","New Brunswick","2021A000213","Milk, 2 litres","5.05"
"2025-09-01","New Brunswick","2021A000213","Block cheese, 500 grams","6.96"
"2025-09-01","New Brunswick","2021A000213","Yogurt, 500 grams","3.94"
"2025-09-01","New Brunswick","2021A000213","Eggs, 1 dozen","5.22"
"2025-09-01","New Brunswick","2021A000213","Apples, per kilogram","6.17"
"2025-09-01","New Brunswick","2021A000213","Bananas, per kilogram","2.07"
"2025-09-01","New Brunswick","2021A000213","Potatoes, 4.54 kilograms","4.87"
"2025-09-01","New Brunswick","2021A000213","Tomatoes, per kilogram","5.80"
"2025-09-01","New Brunswick","2021A000213","Carrots, 1.36 kilograms","3.99"
"2025-09-01","New Brunswick","2021A000213","Onions, per kilogram","6.02"
"2025-09-01","New Brunswick","2021A000213","White bread, 675 grams","3.68"
"2025-09-01","New Brunswick","2021A000213","Dry or fresh pasta, 500 grams","3.14"
"2025-09-01","New Brunswick","2021A000213","White rice, 2 kilograms","9.90"
"2025-09-01","New Brunswick","2021A000213","Vegetable oil, 3 litres","11.18"
"2025-09-01","Quebec","2021A000224","Ground beef, per kilogram","14.36"
"2025-09-01","Quebec","2021A000224","Whole chicken, per kilogram","8.86"
"2025-09-01","Quebec","2021A000224","Milk, 2 litres","5.25"
"2025-09-01","Quebec","2021A000224","Block cheese, 500 grams","6.72"
"2025-09-01","Quebec","2021A000224","Yogurt, 500 grams","3.69"
"2025-09-01","Quebec","2021A000224","Eggs, 1 dozen","4.41"
"2025-09-01","Quebec","2021A000224","Apples, per kilogram","4.63"
"2025-09-01","Quebec","2021A000224","Bananas, per kilogram","1.79"
"2025-09-01","Quebec","2021A000224","Potatoes, 4.54 kilograms","3.41"
"2025-09-01","Quebec","2021A000224","Tomatoes, per kilogram","5.13"
"2025-09-01","Quebec","2021A000224","Carrots, 1.36 kilograms","3.05"
"2025-09-01","Quebec","2021A000224","Onions, per kilogram","4.81"
"2025-09-01","Quebec","2021A000224","White bread, 675 grams","3.88"
"2025-09-01","Quebec","2021A000224","Dry or fresh pasta, 500 grams","3.06"
"2025-09-01","Quebec","2021A000224","White rice, 2 kilograms","10.68"
"2025-09-01","Quebec","2021A000224","Vegetable oil, 3 litres","8.49"
"2025-09-01","Ontario","2021A000235","Ground beef, per kilogram","15.09"
"2025-09-01","Ontario","2021A000235","Whole chicken, per kilogram","6.00"
"2025-09-01","Ontario","2021A000235","Milk, 2 litres","5.87"
"2025-09-01","Ontario","2021A000235","Block cheese, 500 grams","6.74"
"2025-09-01","Ontario","2021A000235","Yogurt, 500 grams","3.59"
"2025-09-01","Ontario","2021A000235","Eggs, 1 dozen","4.89"
"2025-09-01","Ontario","2021A000235","Apples, per kilogram","4.41"
"2025-09-01","Ontario","2021A000235","Bananas, per kilogram","1.51"
"2025-09-01","Ontario","2021A000235","Potatoes, 4.54 kilograms","3.94"
"2025-09-01","Ontario","2021A000235","Tomatoes, per kilogram","4.34"
"2025-09-01","Ontario","2021A000235","Carrots, 1.36 kilograms","3.23"
"2025-09-01","Ontario","2021A000235","Onions, per kilogram","5.44"
"2025-09-01","Ontario","2021A000235","White bread, 675 grams","3.04"
"2025-09-01","Ontario","2021A000235","Dry or fresh pasta, 500 grams","3.15"
"2025-09-01","Ontario","2021A000235","White rice, 2 kilograms","8.86"
"2025-09-01","Ontario","2021A000235","Vegetable oil, 3 litres","8.67"
"2025-09-01","Manitoba","2021A000246","Ground beef, per kilogram","14.70"
"2025-09-01","Manitoba","2021A000246","Whole chicken, per kilogram","8.89"
"2025-09-01","Manitoba","2021A000246","Milk, 2 litres","4.70"
"2025-09-01","Manitoba","2021A000246","Block cheese, 500 grams","6.88"
"2025-09-01","Manitoba","2021A000246","Yogurt, 500 grams","3.67"
"2025-09-01","Manitoba","2021A000246","Eggs, 1 dozen","4.74"
"2025-09-01","Manitoba","2021A000246","Apples, per kilogram","4.87"
"2025-09-01","Manitoba","2021A000246","Bananas, per kilogram","1.77"
"2025-09-01","Manitoba","2021A000246","Potatoes, 4.54 kilograms","7.44"
"2025-09-01","Manitoba","2021A000246","Tomatoes, per kilogram","4.25"
"2025-09-01","Manitoba","2021A000246","Carrots, 1.36 kilograms","4.70"
"2025-09-01","Manitoba","2021A000246","Onions, per kilogram","5.45"
"2025-09-01","Manitoba","2021A000246","White bread, 675 grams","3.32"
"2025-09-01","Manitoba","2021A000246","Dry or fresh pasta, 500 grams","3.43"
"2025-09-01","Manitoba","2021A000246","White rice, 2 kilograms","8.18"
"2025-09-01","Manitoba","2021A000246","Vegetable oil, 3 litres","11.01"
"2025-09-01","Saskatchewan","2021A000247","Ground beef, per kilogram","14.82"
"2025-09-01","Saskatchewan","2021A000247","Whole chicken, per kilogram","8.56"
"2025-09-01","Saskatchewan","2021A000247","Milk, 2 litres","5.03"
"2025-09-01","Saskatchewan","2021A000247","Block cheese, 500 grams","6.90"
"2025-09-01","Saskatchewan","2021A000247","Yogurt, 500 grams","3.62"
"2025-09-01","Saskatchewan","2021A000247","Eggs, 1 dozen","4.76"
"2025-09-01","Saskatchewan","2021A000247","Apples, per kilogram","4.88"
"2025-09-01","Saskatchewan","2021A000247","Bananas, per kilogram","1.76"
"2025-09-01","Saskatchewan","2021A000247","Potatoes, 4.54 kilograms","7.44"
"2025-09-01","Saskatchewan","2021A000247","Tomatoes, per kilogram","4.45"
"2025-09-01","Saskatchewan","2021A000247","Carrots, 1.36 kilograms","4.41"
"2025-09-01","Saskatchewan","2021A000247","Onions, per kilogram","5.48"
"2025-09-01","Saskatchewan","2021A000247","White bread, 675 grams","3.43"
"2025-09-01","Saskatchewan","2021A000247","Dry or fresh pasta, 500 grams","3.43"
"2025-09-01","Saskatchewan","2021A000247","White rice, 2 kilograms","8.37"
"2025-09-01","Saskatchewan","2021A000247","Vegetable oil, 3 litres","11.08"
"2025-09-01","Alberta","2021A000248","Ground beef, per kilogram","15.26"
"2025-09-01","Alberta","2021A000248","Whole chicken, per kilogram","9.15"
"2025-09-01","Alberta","2021A000248","Milk, 2 litres","5.35"
"2025-09-01","Alberta","2021A000248","Block cheese, 500 grams","7.04"
"2025-09-01","Alberta","2021A000248","Yogurt, 500 grams","3.73"
"2025-09-01","Alberta","2021A000248","Eggs, 1 dozen","5.13"
"2025-09-01","Alberta","2021A000248","Apples, per kilogram","5.11"
"2025-09-01","Alberta","2021A000248","Bananas, per kilogram","1.78"
"2025-09-01","Alberta","2021A000248","Potatoes, 4.54 kilograms","7.33"
"2025-09-01","Alberta","2021A000248","Tomatoes, per kilogram","4.71"
"2025-09-01","Alberta","2021A000248","Carrots, 1.36 kilograms","4.50"
"2025-09-01","Alberta","2021A000248","Onions, per kilogram","5.44"
"2025-09-01","Alberta","2021A000248","White bread, 675 grams","3.52"
"2025-09-01","Alberta","2021A000248","Dry or fresh pasta, 500 grams","3.48"
"2025-09-01","Alberta","2021A000248","White rice, 2 kilograms","8.81"
"2025-09-01","Alberta","2021A000248","Vegetable oil, 3 litres","11.12"
"2025-09-01","British Columbia","2021A000259","Ground beef, per kilogram","15.99"
"2025-09-01","British Columbia","2021A000259","Whole chicken, per kilogram","8.95"
"2025-09-01","British Columbia","2021A000259","Milk, 2 litres","5.50"
"2025-09-01","British Columbia","2021A000259","Block cheese, 500 grams","7.16"
"2025-09-01","British Columbia","2021A000259","Yogurt, 500 grams","3.74"
"2025-09-01","British Columbia","2021A000259","Eggs, 1 dozen","5.60"
"2025-09-01","British Columbia","2021A000259","Apples, per kilogram","4.99"
"2025-09-01","British Columbia","2021A000259","Bananas, per kilogram","1.63"
"2025-09-01","British Columbia","2021A000259","Potatoes, 4.54 kilograms","7.02"
"2025-09-01","British Columbia","2021A000259","Tomatoes, per kilogram","4.73"
"2025-09-01","British Columbia","2021A000259","Carrots, 1.36 kilograms","4.82"
"2025-09-01","British Columbia","2021A000259","Onions, per kilogram","5.37"
"2025-09-01","British Columbia","2021A000259","White bread, 675 grams","3.93"
"2025-09-01","British Columbia","2021A000259","Dry or fresh pasta, 500 grams","3.60"
"2025-09-01","British Columbia","2021A000259","White rice, 2 kilograms","8.79"
"2025-09-01","British Columbia","2021A000259","Vegetable oil, 3 litres","11.16"
"2025-10-01","Newfoundland and Labrador","2021A000210","Ground beef, per kilogram","15.10"
"2025-10-01","Newfoundland and Labrador","2021A000210","Whole chicken, per kilogram","7.67"
"2025-10-01","Newfoundland and Labrador","2021A000210","Milk, 2 litres","5.11"
"2025-10-01","Newfoundland and Labrador","2021A000210","Block cheese, 500 grams","7.03"
"2025-10-01","Newfoundland and Labrador","2021A000210","Yogurt, 500 grams","4.10"
"2025-10-01","Newfoundland and Labrador","2021A000210","Eggs, 1 dozen","5.42"
"2025-10-01","Newfoundland and Labrador","2021A000210","Apples, per kilogram","5.03"
"2025-10-01","Newfoundland and Labrador","2021A000210","Bananas, per kilogram","2.17"
"2025-10-01","Newfoundland and Labrador","2021A000210","Potatoes, 4.54 kilograms","5.50"
"2025-10-01","Newfoundland and Labrador","2021A000210","Tomatoes, per kilogram","6.33"
"2025-10-01","Newfoundland and Labrador","2021A000210","Carrots, 1.36 kilograms","3.35"
"2025-10-01","Newfoundland and Labrador","2021A000210","Onions, per kilogram","6.27"
"2025-10-01","Newfoundland and Labrador","2021A000210","White bread, 675 grams","4.09"
"2025-10-01","Newfoundland and Labrador","2021A000210","Dry or fresh pasta, 500 grams","3.16"
"2025-10-01","Newfoundland and Labrador","2021A000210","White rice, 2 kilograms","10.32"
"2025-10-01","Newfoundland and Labrador","2021A000210","Vegetable oil, 3 litres","10.00"
"2025-10-01","Prince Edward Island","2021A000211","Ground beef, per kilogram","14.93"
"2025-10-01","Prince Edward Island","2021A000211","Whole chicken, per kilogram","7.85"
"2025-10-01","Prince Edward Island","2021A000211","Milk, 2 litres","4.63"
"2025-10-01","Prince Edward Island","2021A000211","Block cheese, 500 grams","7.07"
"2025-10-01","Prince Edward Island","2021A000211","Yogurt, 500 grams","3.99"
"2025-10-01","Prince Edward Island","2021A000211","Eggs, 1 dozen","5.38"
"2025-10-01","Prince Edward Island","2021A000211","Apples, per kilogram","5.18"
"2025-10-01","Prince Edward Island","2021A000211","Bananas, per kilogram","1.98"
"2025-10-01","Prince Edward Island","2021A000211","Potatoes, 4.54 kilograms","5.45"
"2025-10-01","Prince Edward Island","2021A000211","Tomatoes, per kilogram","5.81"
"2025-10-01","Prince Edward Island","2021A000211","Carrots, 1.36 kilograms","3.18"
"2025-10-01","Prince Edward Island","2021A000211","Onions, per kilogram","6.27"
"2025-10-01","Prince Edward Island","2021A000211","White bread, 675 grams","3.72"
"2025-10-01","Prince Edward Island","2021A000211","Dry or fresh pasta, 500 grams","3.38"
"2025-10-01","Prince Edward Island","2021A000211","White rice, 2 kilograms","9.05"
"2025-10-01","Prince Edward Island","2021A000211","Vegetable oil, 3 litres","10.62"
"2025-10-01","Nova Scotia","2021A000212","Ground beef, per kilogram","15.13"
"2025-10-01","Nova Scotia","2021A000212","Whole chicken, per kilogram","7.73"
"2025-10-01","Nova Scotia","2021A000212","Milk, 2 litres","4.98"
"2025-10-01","Nova Scotia","2021A000212","Block cheese, 500 grams","6.98"
"2025-10-01","Nova Scotia","2021A000212","Yogurt, 500 grams","3.94"
"2025-10-01","Nova Scotia","2021A000212","Eggs, 1 dozen","5.43"
"2025-10-01","Nova Scotia","2021A000212","Apples, per kilogram","5.06"
"2025-10-01","Nova Scotia","2021A000212","Bananas, per kilogram","1.98"
"2025-10-01","Nova Scotia","2021A000212","Potatoes, 4.54 kilograms","5.14"
"2025-10-01","Nova Scotia","2021A000212","Tomatoes, per kilogram","5.69"
"2025-10-01","Nova Scotia","2021A000212","Carrots, 1.36 kilograms","3.13"
"2025-10-01","Nova Scotia","2021A000212","Onions, per kilogram","6.20"
"2025-10-01","Nova Scotia","2021A000212","White bread, 675 grams","3.67"
"2025-10-01","Nova Scotia","2021A000212","Dry or fresh pasta, 500 grams","3.33"
"2025-10-01","Nova Scotia","2021A000212","White rice, 2 kilograms","10.62"
"2025-10-01","Nova Scotia","2021A000212","Vegetable oil, 3 litres","10.98"
"2025-10-01","New Brunswick","2021A000213","Ground beef, per kilogram","15.08"
"2025-10-01","New Brunswick","2021A000213","Whole chicken, per kilogram","7.21"
"2025-10-01","New Brunswick","2021A000213","Milk, 2 litres","5.04"
"2025-10-01","New Brunswick","2021A000213","Block cheese, 500 grams","7.01"
"2025-10-01","New Brunswick","2021A000213","Yogurt, 500 grams","4.02"
"2025-10-01","New Brunswick","2021A000213","Eggs, 1 dozen","5.25"
"2025-10-01","New Brunswick","2021A000213","Apples, per kilogram","5.05"
"2025-10-01","New Brunswick","2021A000213","Bananas, per kilogram","2.01"
"2025-10-01","New Brunswick","2021A000213","Potatoes, 4.54 kilograms","5.09"
"2025-10-01","New Brunswick","2021A000213","Tomatoes, per kilogram","5.91"
"2025-10-01","New Brunswick","2021A000213","Carrots, 1.36 kilograms","3.15"
"2025-10-01","New Brunswick","2021A000213","Onions, per kilogram","6.13"
"2025-10-01","New Brunswick","2021A000213","White bread, 675 grams","3.78"
"2025-10-01","New Brunswick","2021A000213","Dry or fresh pasta, 500 grams","3.13"
"2025-10-01","New Brunswick","2021A000213","White rice, 2 kilograms","10.22"
"2025-10-01","New Brunswick","2021A000213","Vegetable oil, 3 litres","11.03"
"2025-10-01","Quebec","2021A000224","Ground beef, per kilogram","15.61"
"2025-10-01","Quebec","2021A000224","Whole chicken, per kilogram","6.27"
"2025-10-01","Quebec","2021A000224","Milk, 2 litres","5.23"
"2025-10-01","Quebec","2021A000224","Block cheese, 500 grams","6.52"
"2025-10-01","Quebec","2021A000224","Yogurt, 500 grams","3.77"
"2025-10-01","Quebec","2021A000224","Eggs, 1 dozen","4.01"
"2025-10-01","Quebec","2021A000224","Apples, per kilogram","4.91"
"2025-10-01","Quebec","2021A000224","Bananas, per kilogram","1.77"
"2025-10-01","Quebec","2021A000224","Potatoes, 4.54 kilograms","3.27"
"2025-10-01","Quebec","2021A000224","Tomatoes, per kilogram","5.24"
"2025-10-01","Quebec","2021A000224","Carrots, 1.36 kilograms","2.29"
"2025-10-01","Quebec","2021A000224","Onions, per kilogram","4.56"
"2025-10-01","Quebec","2021A000224","White bread, 675 grams","3.99"
"2025-10-01","Quebec","2021A000224","Dry or fresh pasta, 500 grams","3.22"
"2025-10-01","Quebec","2021A000224","White rice, 2 kilograms","10.67"
"2025-10-01","Quebec","2021A000224","Vegetable oil, 3 litres","8.99"
"2025-10-01","Ontario","2021A000235","Ground beef, per kilogram","15.82"
"2025-10-01","Ontario","2021A000235","Whole chicken, per kilogram","8.67"
"2025-10-01","Ontario","2021A000235","Milk, 2 litres","5.85"
"2025-10-01","Ontario","2021A000235","Block cheese, 500 grams","6.89"
"2025-10-01","Ontario","2021A000235","Yogurt, 500 grams","3.63"
"2025-10-01","Ontario","2021A000235","Eggs, 1 dozen","4.94"
"2025-10-01","Ontario","2021A000235","Apples, per kilogram","4.17"
"2025-10-01","Ontario","2021A000235","Bananas, per kilogram","1.51"
"2025-10-01","Ontario","2021A000235","Potatoes, 4.54 kilograms","3.90"
"2025-10-01","Ontario","2021A000235","Tomatoes, per kilogram","4.27"
"2025-10-01","Ontario","2021A000235","Carrots, 1.36 kilograms","2.87"
"2025-10-01","Ontario","2021A000235","Onions, per kilogram","5.66"
"2025-10-01","Ontario","2021A000235","White bread, 675 grams","3.12"
"2025-10-01","Ontario","2021A000235","Dry or fresh pasta, 500 grams","3.29"
"2025-10-01","Ontario","2021A000235","White rice, 2 kilograms","8.94"
"2025-10-01","Ontario","2021A000235","Vegetable oil, 3 litres","8.46"
"2025-10-01","Manitoba","2021A000246","Ground beef, per kilogram","16.27"
"2025-10-01","Manitoba","2021A000246","Whole chicken, per kilogram","8.00"
"2025-10-01","Manitoba","2021A000246","Milk, 2 litres","4.72"
"2025-10-01","Manitoba","2021A000246","Block cheese, 500 grams","6.98"
"2025-10-01","Manitoba","2021A000246","Yogurt, 500 grams","3.73"
"2025-10-01","Manitoba","2021A000246","Eggs, 1 dozen","4.76"
"2025-10-01","Manitoba","2021A000246","Apples, per kilogram","4.23"
"2025-10-01","Manitoba","2021A000246","Bananas, per kilogram","1.76"
"2025-10-01","Manitoba","2021A000246","Potatoes, 4.54 kilograms","7.09"
"2025-10-01","Manitoba","2021A000246","Tomatoes, per kilogram","4.22"
"2025-10-01","Manitoba","2021A000246","Carrots, 1.36 kilograms","4.14"
"2025-10-01","Manitoba","2021A000246","Onions, per kilogram","5.65"
"2025-10-01","Manitoba","2021A000246","White bread, 675 grams","3.40"
"2025-10-01","Manitoba","2021A000246","Dry or fresh pasta, 500 grams","3.33"
"2025-10-01","Manitoba","2021A000246","White rice, 2 kilograms","8.15"
"2025-10-01","Manitoba","2021A000246","Vegetable oil, 3 litres","11.78"
"2025-10-01","Saskatchewan","2021A000247","Ground beef, per kilogram","15.76"
"2025-10-01","Saskatchewan","2021A000247","Whole chicken, per kilogram","7.62"
"2025-10-01","Saskatchewan","2021A000247","Milk, 2 litres","5.05"
"2025-10-01","Saskatchewan","2021A000247","Block cheese, 500 grams","6.97"
"2025-10-01","Saskatchewan","2021A000247","Yogurt, 500 grams","3.66"
"2025-10-01","Saskatchewan","2021A000247","Eggs, 1 dozen","4.77"
"2025-10-01","Saskatchewan","2021A000247","Apples, per kilogram","4.33"
"2025-10-01","Saskatchewan","2021A000247","Bananas, per kilogram","1.77"
"2025-10-01","Saskatchewan","2021A000247","Potatoes, 4.54 kilograms","7.14"
"2025-10-01","Saskatchewan","2021A000247","Tomatoes, per kilogram","4.28"
"2025-10-01","Saskatchewan","2021A000247","Carrots, 1.36 kilograms","3.78"
"2025-10-01","Saskatchewan","2021A000247","Onions, per kilogram","5.73"
"2025-10-01","Saskatchewan","2021A000247","White bread, 675 grams","3.49"
"2025-10-01","Saskatchewan","2021A000247","Dry or fresh pasta, 500 grams","3.38"
"2025-10-01","Saskatchewan","2021A000247","White rice, 2 kilograms","8.38"
"2025-10-01","Saskatchewan","2021A000247","Vegetable oil, 3 litres","11.76"
"2025-10-01","Alberta","2021A000248","Ground beef, per kilogram","16.88"
"2025-10-01","Alberta","2021A000248","Whole chicken, per kilogram","8.33"
"2025-10-01","Alberta","2021A000248","Milk, 2 litres","5.38"
"2025-10-01","Alberta","2021A000248","Block cheese, 500 grams","7.15"
"2025-10-01","Alberta","2021A000248","Yogurt, 500 grams","3.75"
"2025-10-01","Alberta","2021A000248","Eggs, 1 dozen","5.16"
"2025-10-01","Alberta","2021A000248","Apples, per kilogram","4.34"
"2025-10-01","Alberta","2021A000248","Bananas, per kilogram","1.78"
"2025-10-01","Alberta","2021A000248","Potatoes, 4.54 kilograms","7.22"
"2025-10-01","Alberta","2021A000248","Tomatoes, per kilogram","4.62"
"2025-10-01","Alberta","2021A000248","Carrots, 1.36 kilograms","4.02"
"2025-10-01","Alberta","2021A000248","Onions, per kilogram","5.64"
"2025-10-01","Alberta","2021A000248","White bread, 675 grams","3.51"
"2025-10-01","Alberta","2021A000248","Dry or fresh pasta, 500 grams","3.46"
"2025-10-01","Alberta","2021A000248","White rice, 2 kilograms","8.95"
"2025-10-01","Alberta","2021A000248","Vegetable oil, 3 litres","11.70"
"2025-10-01","British Columbia","2021A000259","Ground beef, per kilogram","16.96"
"2025-10-01","British Columbia","2021A000259","Whole chicken, per kilogram","8.02"
"2025-10-01","British Columbia","2021A000259","Milk, 2 litres","5.52"
"2025-10-01","British Columbia","2021A000259","Block cheese, 500 grams","7.25"
"2025-10-01","British Columbia","2021A000259","Yogurt, 500 grams","3.77"
"2025-10-01","British Columbia","2021A000259","Eggs, 1 dozen","5.61"
"2025-10-01","British Columbia","2021A000259","Apples, per kilogram","4.39"
"2025-10-01","British Columbia","2021A000259","Bananas, per kilogram","1.63"
"2025-10-01","British Columbia","2021A000259","Potatoes, 4.54 kilograms","6.92"
"2025-10-01","British Columbia","2021A000259","Tomatoes, per kilogram","4.74"
"2025-10-01","British Columbia","2021A000259","Carrots, 1.36 kilograms","4.50"
"2025-10-01","British Columbia","2021A000259","Onions, per kilogram","5.54"
"2025-10-01","British Columbia","2021A000259","White bread, 675 grams","3.91"
"2025-10-01","British Columbia","2021A000259","Dry or fresh pasta, 500 grams","3.58"
"2025-10-01","British Columbia","2021A000259","White rice, 2 kilograms","8.75"
"2025-10-01","British Columbia","2021A000259","Vegetable oil, 3 litres","11.77"
"2025-11-01","Newfoundland and Labrador","2021A000210","Ground beef, per kilogram","15.39"
"2025-11-01","Newfoundland and Labrador","2021A000210","Whole chicken, per kilogram","7.31"
"2025-11-01","Newfoundland and Labrador","2021A000210","Milk, 2 litres","5.05"
"2025-11-01","Newfoundland and Labrador","2021A000210","Block cheese, 500 grams","6.90"
"2025-11-01","Newfoundland and Labrador","2021A000210","Yogurt, 500 grams","4.07"
"2025-11-01","Newfoundland and Labrador","2021A000210","Eggs, 1 dozen","5.33"
"2025-11-01","Newfoundland and Labrador","2021A000210","Apples, per kilogram","5.46"
"2025-11-01","Newfoundland and Labrador","2021A000210","Bananas, per kilogram","2.18"
"2025-11-01","Newfoundland and Labrador","2021A000210","Potatoes, 4.54 kilograms","5.69"
"2025-11-01","Newfoundland and Labrador","2021A000210","Tomatoes, per kilogram","6.82"
"2025-11-01","Newfoundland and Labrador","2021A000210","Carrots, 1.36 kilograms","3.07"
"2025-11-01","Newfoundland and Labrador","2021A000210","Onions, per kilogram","6.17"
"2025-11-01","Newfoundland and Labrador","2021A000210","White bread, 675 grams","4.18"
"2025-11-01","Newfoundland and Labrador","2021A000210","Dry or fresh pasta, 500 grams","3.49"
"2025-11-01","Newfoundland and Labrador","2021A000210","White rice, 2 kilograms","10.22"
"2025-11-01","Newfoundland and Labrador","2021A000210","Vegetable oil, 3 litres","11.94"
"2025-11-01","Prince Edward Island","2021A000211","Ground beef, per kilogram","15.53"
"2025-11-01","Prince Edward Island","2021A000211","Whole chicken, per kilogram","7.45"
"2025-11-01","Prince Edward Island","2021A000211","Milk, 2 litres","4.61"
"2025-11-01","Prince Edward Island","2021A000211","Block cheese, 500 grams","7.01"
"2025-11-01","Prince Edward Island","2021A000211","Yogurt, 500 grams","3.95"
"2025-11-01","Prince Edward Island","2021A000211","Eggs, 1 dozen","5.26"
"2025-11-01","Prince Edward Island","2021A000211","Apples, per kilogram","5.46"
"2025-11-01","Prince Edward Island","2021A000211","Bananas, per kilogram","1.97"
"2025-11-01","Prince Edward Island","2021A000211","Potatoes, 4.54 kilograms","5.09"
"2025-11-01","Prince Edward Island","2021A000211","Tomatoes, per kilogram","6.19"
"2025-11-01","Prince Edward Island","2021A000211","Carrots, 1.36 kilograms","2.93"
"2025-11-01","Prince Edward Island","2021A000211","Onions, per kilogram","5.96"
"2025-11-01","Prince Edward Island","2021A000211","White bread, 675 grams","3.80"
"2025-11-01","Prince Edward Island","2021A000211","Dry or fresh pasta, 500 grams","3.57"
"2025-11-01","Prince Edward Island","2021A000211","White rice, 2 kilograms","10.36"
"2025-11-01","Prince Edward Island","2021A000211","Vegetable oil, 3 litres","12.22"
"2025-11-01","Nova Scotia","2021A000212","Ground beef, per kilogram","15.80"
"2025-11-01","Nova Scotia","2021A000212","Whole chicken, per kilogram","7.54"
"2025-11-01","Nova Scotia","2021A000212","Milk, 2 litres","4.95"
"2025-11-01","Nova Scotia","2021A000212","Block cheese, 500 grams","6.85"
"2025-11-01","Nova Scotia","2021A000212","Yogurt, 500 grams","3.92"
"2025-11-01","Nova Scotia","2021A000212","Eggs, 1 dozen","5.31"
"2025-11-01","Nova Scotia","2021A000212","Apples, per kilogram","5.54"
"2025-11-01","Nova Scotia","2021A000212","Bananas, per kilogram","1.97"
"2025-11-01","Nova Scotia","2021A000212","Potatoes, 4.54 kilograms","5.09"
"2025-11-01","Nova Scotia","2021A000212","Tomatoes, per kilogram","6.18"
"2025-11-01","Nova Scotia","2021A000212","Carrots, 1.36 kilograms","2.83"
"2025-11-01","Nova Scotia","2021A000212","Onions, per kilogram","6.04"
"2025-11-01","Nova Scotia","2021A000212","White bread, 675 grams","3.82"
"2025-11-01","Nova Scotia","2021A000212","Dry or fresh pasta, 500 grams","3.56"
"2025-11-01","Nova Scotia","2021A000212","White rice, 2 kilograms","10.69"
"2025-11-01","Nova Scotia","2021A000212","Vegetable oil, 3 litres","12.58"
"2025-11-01","New Brunswick","2021A000213","Ground beef, per kilogram","15.52"
"2025-11-01","New Brunswick","2021A000213","Whole chicken, per kilogram","6.35"
"2025-11-01","New Brunswick","2021A000213","Milk, 2 litres","5.04"
"2025-11-01","New Brunswick","2021A000213","Block cheese, 500 grams","6.89"
"2025-11-01","New Brunswick","2021A000213","Yogurt, 500 grams","4.00"
"2025-11-01","New Brunswick","2021A000213","Eggs, 1 dozen","5.18"
"2025-11-01","New Brunswick","2021A000213","Apples, per kilogram","5.68"
"2025-11-01","New Brunswick","2021A000213","Bananas, per kilogram","2.01"
"2025-11-01","New Brunswick","2021A000213","Potatoes, 4.54 kilograms","4.59"
"2025-11-01","New Brunswick","2021A000213","Tomatoes, per kilogram","6.31"
"2025-11-01","New Brunswick","2021A000213","Carrots, 1.36 kilograms","2.85"
"2025-11-01","New Brunswick","2021A000213","Onions, per kilogram","5.96"
"2025-11-01","New Brunswick","2021A000213","White bread, 675 grams","3.85"
"2025-11-01","New Brunswick","2021A000213","Dry or fresh pasta, 500 grams","3.32"
"2025-11-01","New Brunswick","2021A000213","White rice, 2 kilograms","10.38"
"2025-11-01","New Brunswick","2021A000213","Vegetable oil, 3 litres","12.52"
"2025-11-01","Quebec","2021A000224","Ground beef, per kilogram","14.95"
"2025-11-01","Quebec","2021A000224","Whole chicken, per kilogram","5.58"
"2025-11-01","Quebec","2021A000224","Milk, 2 litres","5.26"
"2025-11-01","Quebec","2021A000224","Block cheese, 500 grams","6.73"
"2025-11-01","Quebec","2021A000224","Yogurt, 500 grams","3.80"
"2025-11-01","Quebec","2021A000224","Eggs, 1 dozen","4.07"
"2025-11-01","Quebec","2021A000224","Apples, per kilogram","5.49"
"2025-11-01","Quebec","2021A000224","Bananas, per kilogram","1.78"
"2025-11-01","Quebec","2021A000224","Potatoes, 4.54 kilograms","3.62"
"2025-11-01","Quebec","2021A000224","Tomatoes, per kilogram","5.14"
"2025-11-01","Quebec","2021A000224","Carrots, 1.36 kilograms","2.60"
"2025-11-01","Quebec","2021A000224","Onions, per kilogram","4.73"
"2025-11-01","Quebec","2021A000224","White bread, 675 grams","3.93"
"2025-11-01","Quebec","2021A000224","Dry or fresh pasta, 500 grams","3.07"
"2025-11-01","Quebec","2021A000224","White rice, 2 kilograms","10.66"
"2025-11-01","Quebec","2021A000224","Vegetable oil, 3 litres","9.41"
"2025-11-01","Ontario","2021A000235","Ground beef, per kilogram","15.41"
"2025-11-01","Ontario","2021A000235","Whole chicken, per kilogram","6.03"
"2025-11-01","Ontario","2021A000235","Milk, 2 litres","5.83"
"2025-11-01","Ontario","2021A000235","Block cheese, 500 grams","6.75"
"2025-11-01","Ontario","2021A000235","Yogurt, 500 grams","3.63"
"2025-11-01","Ontario","2021A000235","Eggs, 1 dozen","4.93"
"2025-11-01","Ontario","2021A000235","Apples, per kilogram","4.41"
"2025-11-01","Ontario","2021A000235","Bananas, per kilogram","1.51"
"2025-11-01","Ontario","2021A000235","Potatoes, 4.54 kilograms","4.05"
"2025-11-01","Ontario","2021A000235","Tomatoes, per kilogram","4.77"
"2025-11-01","Ontario","2021A000235","Carrots, 1.36 kilograms","2.98"
"2025-11-01","Ontario","2021A000235","Onions, per kilogram","5.48"
"2025-11-01","Ontario","2021A000235","White bread, 675 grams","3.16"
"2025-11-01","Ontario","2021A000235","Dry or fresh pasta, 500 grams","3.32"
"2025-11-01","Ontario","2021A000235","White rice, 2 kilograms","9.05"
"2025-11-01","Ontario","2021A000235","Vegetable oil, 3 litres","10.18"
"2025-11-01","Manitoba","2021A000246","Ground beef, per kilogram","16.13"
"2025-11-01","Manitoba","2021A000246","Whole chicken, per kilogram","7.68"
"2025-11-01","Manitoba","2021A000246","Milk, 2 litres","4.71"
"2025-11-01","Manitoba","2021A000246","Block cheese, 500 grams","7.01"
"2025-11-01","Manitoba","2021A000246","Yogurt, 500 grams","3.72"
"2025-11-01","Manitoba","2021A000246","Eggs, 1 dozen","4.62"
"2025-11-01","Manitoba","2021A000246","Apples, per kilogram","4.91"
"2025-11-01","Manitoba","2021A000246","Bananas, per kilogram","1.77"
"2025-11-01","Manitoba","2021A000246","Potatoes, 4.54 kilograms","6.97"
"2025-11-01","Manitoba","2021A000246","Tomatoes, per kilogram","5.19"
"2025-11-01","Manitoba","2021A000246","Carrots, 1.36 kilograms","3.68"
"2025-11-01","Manitoba","2021A000246","Onions, per kilogram","5.55"
"2025-11-01","Manitoba","2021A000246","White bread, 675 grams","3.54"
"2025-11-01","Manitoba","2021A000246","Dry or fresh pasta, 500 grams","3.50"
"2025-11-01","Manitoba","2021A000246","White rice, 2 kilograms","8.44"
"2025-11-01","Manitoba","2021A000246","Vegetable oil, 3 litres","11.92"
"2025-11-01","Saskatchewan","2021A000247","Ground beef, per kilogram","16.03"
"2025-11-01","Saskatchewan","2021A000247","Whole chicken, per kilogram","7.22"
"2025-11-01","Saskatchewan","2021A000247","Milk, 2 litres","5.04"
"2025-11-01","Saskatchewan","2021A000247","Block cheese, 500 grams","7.03"
"2025-11-01","Saskatchewan","2021A000247","Yogurt, 500 grams","3.64"
"2025-11-01","Saskatchewan","2021A000247","Eggs, 1 dozen","4.62"
"2025-11-01","Saskatchewan","2021A000247","Apples, per kilogram","4.88"
"2025-11-01","Saskatchewan","2021A000247","Bananas, per kilogram","1.77"
"2025-11-01","Saskatchewan","2021A000247","Potatoes, 4.54 kilograms","6.99"
"2025-11-01","Saskatchewan","2021A000247","Tomatoes, per kilogram","5.26"
"2025-11-01","Saskatchewan","2021A000247","Carrots, 1.36 kilograms","3.46"
"2025-11-01","Saskatchewan","2021A000247","Onions, per kilogram","5.60"
"2025-11-01","Saskatchewan","2021A000247","White bread, 675 grams","3.61"
"2025-11-01","Saskatchewan","2021A000247","Dry or fresh pasta, 500 grams","3.57"
"2025-11-01","Saskatchewan","2021A000247","White rice, 2 kilograms","8.56"
"2025-11-01","Saskatchewan","2021A000247","Vegetable oil, 3 litres","11.79"
"2025-11-01","Alberta","2021A000248","Ground beef, per kilogram","16.93"
"2025-11-01","Alberta","2021A000248","Whole chicken, per kilogram","7.49"
"2025-11-01","Alberta","2021A000248","Milk, 2 litres","5.38"
"2025-11-01","Alberta","2021A000248","Block cheese, 500 grams","7.20"
"2025-11-01","Alberta","2021A000248","Yogurt, 500 grams","3.76"
"2025-11-01","Alberta","2021A000248","Eggs, 1 dozen","5.04"
"2025-11-01","Alberta","2021A000248","Apples, per kilogram","4.95"
"2025-11-01","Alberta","2021A000248","Bananas, per kilogram","1.78"
"2025-11-01","Alberta","2021A000248","Potatoes, 4.54 kilograms","6.97"
"2025-11-01","Alberta","2021A000248","Tomatoes, per kilogram","5.23"
"2025-11-01","Alberta","2021A000248","Carrots, 1.36 kilograms","3.83"
"2025-11-01","Alberta","2021A000248","Onions, per kilogram","5.47"
"2025-11-01","Alberta","2021A000248","White bread, 675 grams","3.60"
"2025-11-01","Alberta","2021A000248","Dry or fresh pasta, 500 grams","3.61"
"2025-11-01","Alberta","2021A000248","White rice, 2 kilograms","9.10"
"2025-11-01","Alberta","2021A000248","Vegetable oil, 3 litres","11.95"
"2025-11-01","British Columbia","2021A000259","Ground beef, per kilogram","17.38"
"2025-11-01","British Columbia","2021A000259","Whole chicken, per kilogram","8.03"
"2025-11-01","British Columbia","2021A000259","Milk, 2 litres","5.51"
"2025-11-01","British Columbia","2021A000259","Block cheese, 500 grams","7.26"
"2025-11-01","British Columbia","2021A000259","Yogurt, 500 grams","3.74"
"2025-11-01","British Columbia","2021A000259","Eggs, 1 dozen","5.50"
"2025-11-01","British Columbia","2021A000259","Apples, per kilogram","4.96"
"2025-11-01","British Columbia","2021A000259","Bananas, per kilogram","1.63"
"2025-11-01","British Columbia","2021A000259","Potatoes, 4.54 kilograms","6.87"
"2025-11-01","British Columbia","2021A000259","Tomatoes, per kilogram","5.40"
"2025-11-01","British Columbia","2021A000259","Carrots, 1.36 kilograms","4.23"
"2025-11-01","British Columbia","2021A000259","Onions, per kilogram","5.41"
"2025-11-01","British Columbia","2021A000259","White bread, 675 grams","3.91"
"2025-11-01","British Columbia","2021A000259","Dry or fresh pasta, 500 grams","3.71"
"2025-11-01","British Columbia","2021A000259","White rice, 2 kilograms","9.28"
"2025-11-01","British Columbia","2021A000259","Vegetable oil, 3 litres","12.00"
"2025-12-01","Newfoundland and Labrador","2021A000210","Ground beef, per kilogram","15.16"
"2025-12-01","Newfoundland and Labrador","2021A000210","Whole chicken, per kilogram","8.39"
"2025-12-01","Newfoundland and Labrador","2021A000210","Milk, 2 litres","5.06"
"2025-12-01","Newfoundland and Labrador","2021A000210","Block cheese, 500 grams","6.79"
"2025-12-01","Newfoundland and Labrador","2021A000210","Yogurt, 500 grams","4.10"
"2025-12-01","Newfoundland and Labrador","2021A000210","Eggs, 1 dozen","5.22"
"2025-12-01","Newfoundland and Labrador","2021A000210","Apples, per kilogram","6.18"
"2025-12-01","Newfoundland and Labrador","2021A000210","Bananas, per kilogram","2.18"
"2025-12-01","Newfoundland and Labrador","2021A000210","Potatoes, 4.54 kilograms","5.64"
"2025-12-01","Newfoundland and Labrador","2021A000210","Tomatoes, per kilogram","7.23"
"2025-12-01","Newfoundland and Labrador","2021A000210","Carrots, 1.36 kilograms","3.78"
"2025-12-01","Newfoundland and Labrador","2021A000210","Onions, per kilogram","6.25"
"2025-12-01","Newfoundland and Labrador","2021A000210","White bread, 675 grams","4.14"
"2025-12-01","Newfoundland and Labrador","2021A000210","Dry or fresh pasta, 500 grams","3.20"
"2025-12-01","Newfoundland and Labrador","2021A000210","White rice, 2 kilograms","9.97"
"2025-12-01","Newfoundland and Labrador","2021A000210","Vegetable oil, 3 litres","11.98"
"2025-12-01","Prince Edward Island","2021A000211","Ground beef, per kilogram","15.10"
"2025-12-01","Prince Edward Island","2021A000211","Whole chicken, per kilogram","8.50"
"2025-12-01","Prince Edward Island","2021A000211","Milk, 2 litres","4.60"
"2025-12-01","Prince Edward Island","2021A000211","Block cheese, 500 grams","6.89"
"2025-12-01","Prince Edward Island","2021A000211","Yogurt, 500 grams","3.96"
"2025-12-01","Prince Edward Island","2021A000211","Eggs, 1 dozen","5.12"
"2025-12-01","Prince Edward Island","2021A000211","Apples, per kilogram","5.45"
"2025-12-01","Prince Edward Island","2021A000211","Bananas, per kilogram","1.96"
"2025-12-01","Prince Edward Island","2021A000211","Potatoes, 4.54 kilograms","5.18"
"2025-12-01","Prince Edward Island","2021A000211","Tomatoes, per kilogram","6.51"
"2025-12-01","Prince Edward Island","2021A000211","Carrots, 1.36 kilograms","3.34"
"2025-12-01","Prince Edward Island","2021A000211","Onions, per kilogram","5.94"
"2025-12-01","Prince Edward Island","2021A000211","White bread, 675 grams","3.74"
"2025-12-01","Prince Edward Island","2021A000211","Dry or fresh pasta, 500 grams","3.43"
"2025-12-01","Prince Edward Island","2021A000211","White rice, 2 kilograms","10.24"
"2025-12-01","Prince Edward Island","2021A000211","Vegetable oil, 3 litres","11.66"
"2025-12-01","Nova Scotia","2021A000212","Ground beef, per kilogram","15.31"
"2025-12-01","Nova Scotia","2021A000212","Whole chicken, per kilogram","8.08"
"2025-12-01","Nova Scotia","2021A000212","Milk, 2 litres","4.94"
"2025-12-01","Nova Scotia","2021A000212","Block cheese, 500 grams","6.79"
"2025-12-01","Nova Scotia","2021A000212","Yogurt, 500 grams","3.95"
"2025-12-01","Nova Scotia","2021A000212","Eggs, 1 dozen","5.25"
"2025-12-01","Nova Scotia","2021A000212","Apples, per kilogram","5.45"
"2025-12-01","Nova Scotia","2021A000212","Bananas, per kilogram","1.94"
"2025-12-01","Nova Scotia","2021A000212","Potatoes, 4.54 kilograms","4.88"
"2025-12-01","Nova Scotia","2021A000212","Tomatoes, per kilogram","6.58"
"2025-12-01","Nova Scotia","2021A000212","Carrots, 1.36 kilograms","3.31"
"2025-12-01","Nova Scotia","2021A000212","Onions, per kilogram","6.21"
"2025-12-01","Nova Scotia","2021A000212","White bread, 675 grams","3.74"
"2025-12-01","Nova Scotia","2021A000212","Dry or fresh pasta, 500 grams","3.41"
"2025-12-01","Nova Scotia","2021A000212","White rice, 2 kilograms","10.23"
"2025-12-01","Nova Scotia","2021A000212","Vegetable oil, 3 litres","12.92"
"2025-12-01","New Brunswick","2021A000213","Ground beef, per kilogram","15.62"
"2025-12-01","New Brunswick","2021A000213","Whole chicken, per kilogram","8.42"
"2025-12-01","New Brunswick","2021A000213","Milk, 2 litres","5.02"
"2025-12-01","New Brunswick","2021A000213","Block cheese, 500 grams","6.80"
"2025-12-01","New Brunswick","2021A000213","Yogurt, 500 grams","4.05"
"2025-12-01","New Brunswick","2021A000213","Eggs, 1 dozen","5.09"
"2025-12-01","New Brunswick","2021A000213","Apples, per kilogram","5.74"
"2025-12-01","New Brunswick","2021A000213","Bananas, per kilogram","1.99"
"2025-12-01","New Brunswick","2021A000213","Potatoes, 4.54 kilograms","5.00"
"2025-12-01","New Brunswick","2021A000213","Tomatoes, per kilogram","6.81"
"2025-12-01","New Brunswick","2021A000213","Carrots, 1.36 kilograms","3.32"
"2025-12-01","New Brunswick","2021A000213","Onions, per kilogram","6.07"
"2025-12-01","New Brunswick","2021A000213","White bread, 675 grams","3.80"
"2025-12-01","New Brunswick","2021A000213","Dry or fresh pasta, 500 grams","3.21"
"2025-12-01","New Brunswick","2021A000213","White rice, 2 kilograms","10.02"
"2025-12-01","New Brunswick","2021A000213","Vegetable oil, 3 litres","12.47"
"2025-12-01","Quebec","2021A000224","Ground beef, per kilogram","16.24"
"2025-12-01","Quebec","2021A000224","Whole chicken, per kilogram","5.79"
"2025-12-01","Quebec","2021A000224","Milk, 2 litres","5.26"
"2025-12-01","Quebec","2021A000224","Block cheese, 500 grams","6.65"
"2025-12-01","Quebec","2021A000224","Yogurt, 500 grams","3.76"
"2025-12-01","Quebec","2021A000224","Eggs, 1 dozen","3.98"
"2025-12-01","Quebec","2021A000224","Apples, per kilogram","5.72"
"2025-12-01","Quebec","2021A000224","Bananas, per kilogram","1.76"
"2025-12-01","Quebec","2021A000224","Potatoes, 4.54 kilograms","3.99"
"2025-12-01","Quebec","2021A000224","Tomatoes, per kilogram","5.38"
"2025-12-01","Quebec","2021A000224","Carrots, 1.36 kilograms","2.08"
"2025-12-01","Quebec","2021A000224","Onions, per kilogram","4.73"
"2025-12-01","Quebec","2021A000224","White bread, 675 grams","3.95"
"2025-12-01","Quebec","2021A000224","Dry or fresh pasta, 500 grams","3.15"
"2025-12-01","Quebec","2021A000224","White rice, 2 kilograms","10.73"
"2025-12-01","Quebec","2021A000224","Vegetable oil, 3 litres","7.54"
"2025-12-01","Ontario","2021A000235","Ground beef, per kilogram","15.23"
"2025-12-01","Ontario","2021A000235","Whole chicken, per kilogram","9.27"
"2025-12-01","Ontario","2021A000235","Milk, 2 litres","5.87"
"2025-12-01","Ontario","2021A000235","Block cheese, 500 grams","6.62"
"2025-12-01","Ontario","2021A000235","Yogurt, 500 grams","3.66"
"2025-12-01","Ontario","2021A000235","Eggs, 1 dozen","4.98"
"2025-12-01","Ontario","2021A000235","Apples, per kilogram","5.11"
"2025-12-01","Ontario","2021A000235","Bananas, per kilogram","1.50"
"2025-12-01","Ontario","2021A000235","Potatoes, 4.54 kilograms","4.36"
"2025-12-01","Ontario","2021A000235","Tomatoes, per kilogram","5.27"
"2025-12-01","Ontario","2021A000235","Carrots, 1.36 kilograms","3.37"
"2025-12-01","Ontario","2021A000235","Onions, per kilogram","5.52"
"2025-12-01","Ontario","2021A000235","White bread, 675 grams","3.16"
"2025-12-01","Ontario","2021A000235","Dry or fresh pasta, 500 grams","3.19"
"2025-12-01","Ontario","2021A000235","White rice, 2 kilograms","8.89"
"2025-12-01","Ontario","2021A000235","Vegetable oil, 3 litres","8.89"
"2025-12-01","Manitoba","2021A000246","Ground beef, per kilogram","15.54"
"2025-12-01","Manitoba","2021A000246","Whole chicken, per kilogram","9.22"
"2025-12-01","Manitoba","2021A000246","Milk, 2 litres","4.71"
"2025-12-01","Manitoba","2021A000246","Block cheese, 500 grams","6.95"
"2025-12-01","Manitoba","2021A000246","Yogurt, 500 grams","3.74"
"2025-12-01","Manitoba","2021A000246","Eggs, 1 dozen","4.65"
"2025-12-01","Manitoba","2021A000246","Apples, per kilogram","5.39"
"2025-12-01","Manitoba","2021A000246","Bananas, per kilogram","1.76"
"2025-12-01","Manitoba","2021A000246","Potatoes, 4.54 kilograms","6.74"
"2025-12-01","Manitoba","2021A000246","Tomatoes, per kilogram","5.51"
"2025-12-01","Manitoba","2021A000246","Carrots, 1.36 kilograms","4.51"
"2025-12-01","Manitoba","2021A000246","Onions, per kilogram","5.53"
"2025-12-01","Manitoba","2021A000246","White bread, 675 grams","3.41"
"2025-12-01","Manitoba","2021A000246","Dry or fresh pasta, 500 grams","3.46"
"2025-12-01","Manitoba","2021A000246","White rice, 2 kilograms","8.04"
"2025-12-01","Manitoba","2021A000246","Vegetable oil, 3 litres","9.89"
"2025-12-01","Saskatchewan","2021A000247","Ground beef, per kilogram","15.49"
"2025-12-01","Saskatchewan","2021A000247","Whole chicken, per kilogram","9.10"
"2025-12-01","Saskatchewan","2021A000247","Milk, 2 litres","5.02"
"2025-12-01","Saskatchewan","2021A000247","Block cheese, 500 grams","6.94"
"2025-12-01","Saskatchewan","2021A000247","Yogurt, 500 grams","3.66"
"2025-12-01","Saskatchewan","2021A000247","Eggs, 1 dozen","4.64"
"2025-12-01","Saskatchewan","2021A000247","Apples, per kilogram","5.47"
"2025-12-01","Saskatchewan","2021A000247","Bananas, per kilogram","1.76"
"2025-12-01","Saskatchewan","2021A000247","Potatoes, 4.54 kilograms","6.87"
"2025-12-01","Saskatchewan","2021A000247","Tomatoes, per kilogram","5.54"
"2025-12-01","Saskatchewan","2021A000247","Carrots, 1.36 kilograms","4.36"
"2025-12-01","Saskatchewan","2021A000247","Onions, per kilogram","5.63"
"2025-12-01","Saskatchewan","2021A000247","White bread, 675 grams","3.48"
"2025-12-01","Saskatchewan","2021A000247","Dry or fresh pasta, 500 grams","3.49"
"2025-12-01","Saskatchewan","2021A000247","White rice, 2 kilograms","8.22"
"2025-12-01","Saskatchewan","2021A000247","Vegetable oil, 3 litres","10.32"
"2025-12-01","Alberta","2021A000248","Ground beef, per kilogram","16.22"
"2025-12-01","Alberta","2021A000248","Whole chicken, per kilogram","9.67"
"2025-12-01","Alberta","2021A000248","Milk, 2 litres","5.34"
"2025-12-01","Alberta","2021A000248","Block cheese, 500 grams","7.07"
"2025-12-01","Alberta","2021A000248","Yogurt, 500 grams","3.77"
"2025-12-01","Alberta","2021A000248","Eggs, 1 dozen","5.06"
"2025-12-01","Alberta","2021A000248","Apples, per kilogram","5.44"
"2025-12-01","Alberta","2021A000248","Bananas, per kilogram","1.78"
"2025-12-01","Alberta","2021A000248","Potatoes, 4.54 kilograms","6.74"
"2025-12-01","Alberta","2021A000248","Tomatoes, per kilogram","5.61"
"2025-12-01","Alberta","2021A000248","Carrots, 1.36 kilograms","4.49"
"2025-12-01","Alberta","2021A000248","Onions, per kilogram","5.52"
"2025-12-01","Alberta","2021A000248","White bread, 675 grams","3.56"
"2025-12-01","Alberta","2021A000248","Dry or fresh pasta, 500 grams","3.55"
"2025-12-01","Alberta","2021A000248","White rice, 2 kilograms","8.67"
"2025-12-01","Alberta","2021A000248","Vegetable oil, 3 litres","10.21"
"2025-12-01","British Columbia","2021A000259","Ground beef, per kilogram","16.66"
"2025-12-01","British Columbia","2021A000259","Whole chicken, per kilogram","9.70"
"2025-12-01","British Columbia","2021A000259","Milk, 2 litres","5.48"
"2025-12-01","British Columbia","2021A000259","Block cheese, 500 grams","7.12"
"2025-12-01","British Columbia","2021A000259","Yogurt, 500 grams","3.79"
"2025-12-01","British Columbia","2021A000259","Eggs, 1 dozen","5.49"
"2025-12-01","British Columbia","2021A000259","Apples, per kilogram","5.38"
"2025-12-01","British Columbia","2021A000259","Bananas, per kilogram","1.61"
"2025-12-01","British Columbia","2021A000259","Potatoes, 4.54 kilograms","6.45"
"2025-12-01","British Columbia","2021A000259","Tomatoes, per kilogram","5.60"
"2025-12-01","British Columbia","2021A000259","Carrots, 1.36 kilograms","4.57"
"2025-12-01","British Columbia","2021A000259","Onions, per kilogram","5.44"
"2025-12-01","British Columbia","2021A000259","White bread, 675 grams","3.93"
"2025-12-01","British Columbia","2021A000259","Dry or fresh pasta, 500 grams","3.66"
"2025-12-01","British Columbia","2021A000259","White rice, 2 kilograms","8.77"
"2025-12-01","British Columbia","2021A000259","Vegetable oil, 3 litres","10.43"
"2026-01-01","Newfoundland and Labrador","2021A000210","Ground beef, per kilogram","15.25"
"2026-01-01","Newfoundland and Labrador","2021A000210","Whole chicken, per kilogram","8.11"
"2026-01-01","Newfoundland and Labrador","2021A000210","Milk, 2 litres","5.10"
"2026-01-01","Newfoundland and Labrador","2021A000210","Block cheese, 500 grams","7.29"
"2026-01-01","Newfoundland and Labrador","2021A000210","Yogurt, 500 grams","4.12"
"2026-01-01","Newfoundland and Labrador","2021A000210","Eggs, 1 dozen","5.38"
"2026-01-01","Newfoundland and Labrador","2021A000210","Apples, per kilogram","6.53"
"2026-01-01","Newfoundland and Labrador","2021A000210","Bananas, per kilogram","2.29"
"2026-01-01","Newfoundland and Labrador","2021A000210","Potatoes, 4.54 kilograms","6.19"
"2026-01-01","Newfoundland and Labrador","2021A000210","Tomatoes, per kilogram","7.13"
"2026-01-01","Newfoundland and Labrador","2021A000210","Carrots, 1.36 kilograms","3.84"
"2026-01-01","Newfoundland and Labrador","2021A000210","Onions, per kilogram","6.04"
"2026-01-01","Newfoundland and Labrador","2021A000210","White bread, 675 grams","4.12"
"2026-01-01","Newfoundland and Labrador","2021A000210","Dry or fresh pasta, 500 grams","3.28"
"2026-01-01","Newfoundland and Labrador","2021A000210","White rice, 2 kilograms","9.93"
"2026-01-01","Newfoundland and Labrador","2021A000210","Vegetable oil, 3 litres","10.73"
"2026-01-01","Prince Edward Island","2021A000211","Ground beef, per kilogram","15.00"
"2026-01-01","Prince Edward Island","2021A000211","Whole chicken, per kilogram","8.60"
"2026-01-01","Prince Edward Island","2021A000211","Milk, 2 litres","4.63"
"2026-01-01","Prince Edward Island","2021A000211","Block cheese, 500 grams","7.28"
"2026-01-01","Prince Edward Island","2021A000211","Yogurt, 500 grams","4.04"
"2026-01-01","Prince Edward Island","2021A000211","Eggs, 1 dozen","5.25"
"2026-01-01","Prince Edward Island","2021A000211","Apples, per kilogram","6.07"
"2026-01-01","Prince Edward Island","2021A000211","Bananas, per kilogram","2.01"
"2026-01-01","Prince Edward Island","2021A000211","Potatoes, 4.54 kilograms","5.55"
"2026-01-01","Prince Edward Island","2021A000211","Tomatoes, per kilogram","6.64"
"2026-01-01","Prince Edward Island","2021A000211","Carrots, 1.36 kilograms","3.53"
"2026-01-01","Prince Edward Island","2021A000211","Onions, per kilogram","5.77"
"2026-01-01","Prince Edward Island","2021A000211","White bread, 675 grams","3.76"
"2026-01-01","Prince Edward Island","2021A000211","Dry or fresh pasta, 500 grams","3.31"
"2026-01-01","Prince Edward Island","2021A000211","White rice, 2 kilograms","9.97"
"2026-01-01","Prince Edward Island","2021A000211","Vegetable oil, 3 litres","10.56"
"2026-01-01","Nova Scotia","2021A000212","Ground beef, per kilogram","14.89"
"2026-01-01","Nova Scotia","2021A000212","Whole chicken, per kilogram","8.84"
"2026-01-01","Nova Scotia","2021A000212","Milk, 2 litres","4.95"
"2026-01-01","Nova Scotia","2021A000212","Block cheese, 500 grams","7.20"
"2026-01-01","Nova Scotia","2021A000212","Yogurt, 500 grams","4.01"
"2026-01-01","Nova Scotia","2021A000212","Eggs, 1 dozen","5.33"
"2026-01-01","Nova Scotia","2021A000212","Apples, per kilogram","6.10"
"2026-01-01","Nova Scotia","2021A000212","Bananas, per kilogram","2.02"
"2026-01-01","Nova Scotia","2021A000212","Potatoes, 4.54 kilograms","5.49"
"2026-01-01","Nova Scotia","2021A000212","Tomatoes, per kilogram","6.69"
"2026-01-01","Nova Scotia","2021A000212","Carrots, 1.36 kilograms","3.52"
"2026-01-01","Nova Scotia","2021A000212","Onions, per kilogram","5.98"
"2026-01-01","Nova Scotia","2021A000212","White bread, 675 grams","3.78"
"2026-01-01","Nova Scotia","2021A000212","Dry or fresh pasta, 500 grams","3.36"
"2026-01-01","Nova Scotia","2021A000212","White rice, 2 kilograms","10.27"
"2026-01-01","Nova Scotia","2021A000212","Vegetable oil, 3 litres","11.96"
"2026-01-01","New Brunswick","2021A000213","Ground beef, per kilogram","14.92"
"2026-01-01","New Brunswick","2021A000213","Whole chicken, per kilogram","8.05"
"2026-01-01","New Brunswick","2021A000213","Milk, 2 litres","5.05"
"2026-01-01","New Brunswick","2021A000213","Block cheese, 500 grams","7.28"
"2026-01-01","New Brunswick","2021A000213","Yogurt, 500 grams","4.08"
"2026-01-01","New Brunswick","2021A000213","Eggs, 1 dozen","5.17"
"2026-01-01","New Brunswick","2021A000213","Apples, per kilogram","6.32"
"2026-01-01","New Brunswick","2021A000213","Bananas, per kilogram","2.05"
"2026-01-01","New Brunswick","2021A000213","Potatoes, 4.54 kilograms","5.03"
"2026-01-01","New Brunswick","2021A000213","Tomatoes, per kilogram","6.86"
"2026-01-01","New Brunswick","2021A000213","Carrots, 1.36 kilograms","3.57"
"2026-01-01","New Brunswick","2021A000213","Onions, per kilogram","5.92"
"2026-01-01","New Brunswick","2021A000213","White bread, 675 grams","3.86"
"2026-01-01","New Brunswick","2021A000213","Dry or fresh pasta, 500 grams","3.08"
"2026-01-01","New Brunswick","2021A000213","White rice, 2 kilograms","10.05"
"2026-01-01","New Brunswick","2021A000213","Vegetable oil, 3 litres","12.06"
"2026-01-01","Quebec","2021A000224","Ground beef, per kilogram","14.57"
"2026-01-01","Quebec","2021A000224","Whole chicken, per kilogram","6.05"
"2026-01-01","Quebec","2021A000224","Milk, 2 litres","5.29"
"2026-01-01","Quebec","2021A000224","Block cheese, 500 grams","6.73"
"2026-01-01","Quebec","2021A000224","Yogurt, 500 grams","3.81"
"2026-01-01","Quebec","2021A000224","Eggs, 1 dozen","4.07"
"2026-01-01","Quebec","2021A000224","Apples, per kilogram","5.66"
"2026-01-01","Quebec","2021A000224","Bananas, per kilogram","1.79"
"2026-01-01","Quebec","2021A000224","Potatoes, 4.54 kilograms","4.05"
"2026-01-01","Quebec","2021A000224","Tomatoes, per kilogram","7.08"
"2026-01-01","Quebec","2021A000224","Carrots, 1.36 kilograms","2.94"
"2026-01-01","Quebec","2021A000224","Onions, per kilogram","4.62"
"2026-01-01","Quebec","2021A000224","White bread, 675 grams","4.03"
"2026-01-01","Quebec","2021A000224","Dry or fresh pasta, 500 grams","3.09"
"2026-01-01","Quebec","2021A000224","White rice, 2 kilograms","10.69"
"2026-01-01","Quebec","2021A000224","Vegetable oil, 3 litres","8.77"
"2026-01-01","Ontario","2021A000235","Ground beef, per kilogram","15.89"
"2026-01-01","Ontario","2021A000235","Whole chicken, per kilogram","8.66"
"2026-01-01","Ontario","2021A000235","Milk, 2 litres","5.84"
"2026-01-01","Ontario","2021A000235","Block cheese, 500 grams","6.91"
"2026-01-01","Ontario","2021A000235","Yogurt, 500 grams","3.67"
"2026-01-01","Ontario","2021A000235","Eggs, 1 dozen","4.93"
"2026-01-01","Ontario","2021A000235","Apples, per kilogram","5.41"
"2026-01-01","Ontario","2021A000235","Bananas, per kilogram","1.54"
"2026-01-01","Ontario","2021A000235","Potatoes, 4.54 kilograms","4.24"
"2026-01-01","Ontario","2021A000235","Tomatoes, per kilogram","5.89"
"2026-01-01","Ontario","2021A000235","Carrots, 1.36 kilograms","3.38"
"2026-01-01","Ontario","2021A000235","Onions, per kilogram","5.47"
"2026-01-01","Ontario","2021A000235","White bread, 675 grams","3.17"
"2026-01-01","Ontario","2021A000235","Dry or fresh pasta, 500 grams","3.13"
"2026-01-01","Ontario","2021A000235","White rice, 2 kilograms","9.18"
"2026-01-01","Ontario","2021A000235","Vegetable oil, 3 litres","8.95"
"2026-01-01","Manitoba","2021A000246","Ground beef, per kilogram","15.85"
"2026-01-01","Manitoba","2021A000246","Whole chicken, per kilogram","9.60"
"2026-01-01","Manitoba","2021A000246","Milk, 2 litres","4.71"
"2026-01-01","Manitoba","2021A000246","Block cheese, 500 grams","7.14"
"2026-01-01","Manitoba","2021A000246","Yogurt, 500 grams","3.80"
"2026-01-01","Manitoba","2021A000246","Eggs, 1 dozen","4.66"
"2026-01-01","Manitoba","2021A000246","Apples, per kilogram","5.54"
"2026-01-01","Manitoba","2021A000246","Bananas, per kilogram","1.80"
"2026-01-01","Manitoba","2021A000246","Potatoes, 4.54 kilograms","7.29"
"2026-01-01","Manitoba","2021A000246","Tomatoes, per kilogram","5.51"
"2026-01-01","Manitoba","2021A000246","Carrots, 1.36 kilograms","4.39"
"2026-01-01","Manitoba","2021A000246","Onions, per kilogram","5.34"
"2026-01-01","Manitoba","2021A000246","White bread, 675 grams","3.67"
"2026-01-01","Manitoba","2021A000246","Dry or fresh pasta, 500 grams","3.28"
"2026-01-01","Manitoba","2021A000246","White rice, 2 kilograms","8.27"
"2026-01-01","Manitoba","2021A000246","Vegetable oil, 3 litres","11.74"
"2026-01-01","Saskatchewan","2021A000247","Ground beef, per kilogram","15.71"
"2026-01-01","Saskatchewan","2021A000247","Whole chicken, per kilogram","9.07"
"2026-01-01","Saskatchewan","2021A000247","Milk, 2 litres","5.04"
"2026-01-01","Saskatchewan","2021A000247","Block cheese, 500 grams","7.13"
"2026-01-01","Saskatchewan","2021A000247","Yogurt, 500 grams","3.74"
"2026-01-01","Saskatchewan","2021A000247","Eggs, 1 dozen","4.66"
"2026-01-01","Saskatchewan","2021A000247","Apples, per kilogram","5.63"
"2026-01-01","Saskatchewan","2021A000247","Bananas, per kilogram","1.81"
"2026-01-01","Saskatchewan","2021A000247","Potatoes, 4.54 kilograms","7.37"
"2026-01-01","Saskatchewan","2021A000247","Tomatoes, per kilogram","5.51"
"2026-01-01","Saskatchewan","2021A000247","Carrots, 1.36 kilograms","4.29"
"2026-01-01","Saskatchewan","2021A000247","Onions, per kilogram","5.44"
"2026-01-01","Saskatchewan","2021A000247","White bread, 675 grams","3.67"
"2026-01-01","Saskatchewan","2021A000247","Dry or fresh pasta, 500 grams","3.33"
"2026-01-01","Saskatchewan","2021A000247","White rice, 2 kilograms","8.57"
"2026-01-01","Saskatchewan","2021A000247","Vegetable oil, 3 litres","11.77"
"2026-01-01","Alberta","2021A000248","Ground beef, per kilogram","16.41"
"2026-01-01","Alberta","2021A000248","Whole chicken, per kilogram","9.68"
"2026-01-01","Alberta","2021A000248","Milk, 2 litres","5.39"
"2026-01-01","Alberta","2021A000248","Block cheese, 500 grams","7.33"
"2026-01-01","Alberta","2021A000248","Yogurt, 500 grams","3.85"
"2026-01-01","Alberta","2021A000248","Eggs, 1 dozen","5.08"
"2026-01-01","Alberta","2021A000248","Apples, per kilogram","5.68"
"2026-01-01","Alberta","2021A000248","Bananas, per kilogram","1.82"
"2026-01-01","Alberta","2021A000248","Potatoes, 4.54 kilograms","7.31"
"2026-01-01","Alberta","2021A000248","Tomatoes, per kilogram","5.65"
"2026-01-01","Alberta","2021A000248","Carrots, 1.36 kilograms","4.44"
"2026-01-01","Alberta","2021A000248","Onions, per kilogram","5.32"
"2026-01-01","Alberta","2021A000248","White bread, 675 grams","3.71"
"2026-01-01","Alberta","2021A000248","Dry or fresh pasta, 500 grams","3.38"
"2026-01-01","Alberta","2021A000248","White rice, 2 kilograms","8.93"
"2026-01-01","Alberta","2021A000248","Vegetable oil, 3 litres","11.82"
"2026-01-01","British Columbia","2021A000259","Ground beef, per kilogram","16.82"
"2026-01-01","British Columbia","2021A000259","Whole chicken, per kilogram","9.58"
"2026-01-01","British Columbia","2021A000259","Milk, 2 litres","5.51"
"2026-01-01","British Columbia","2021A000259","Block cheese, 500 grams","7.46"
"2026-01-01","British Columbia","2021A000259","Yogurt, 500 grams","3.86"
"2026-01-01","British Columbia","2021A000259","Eggs, 1 dozen","5.53"
"2026-01-01","British Columbia","2021A000259","Apples, per kilogram","5.56"
"2026-01-01","British Columbia","2021A000259","Bananas, per kilogram","1.67"
"2026-01-01","British Columbia","2021A000259","Potatoes, 4.54 kilograms","6.96"
"2026-01-01","British Columbia","2021A000259","Tomatoes, per kilogram","5.67"
"2026-01-01","British Columbia","2021A000259","Carrots, 1.36 kilograms","4.48"
"2026-01-01","British Columbia","2021A000259","Onions, per kilogram","5.27"
"2026-01-01","British Columbia","2021A000259","White bread, 675 grams","4.11"
"2026-01-01","British Columbia","2021A000259","Dry or fresh pasta, 500 grams","3.46"
"2026-01-01","British Columbia","2021A000259","White rice, 2 kilograms","8.79"
"2026-01-01","British Columbia","2021A000259","Vegetable oil, 3 litres","11.80"
"2026-02-01","Newfoundland and Labrador","2021A000210","Ground beef, per kilogram","15.35"
"2026-02-01","Newfoundland and Labrador","2021A000210","Whole chicken, per kilogram","7.73"
"2026-02-01","Newfoundland and Labrador","2021A000210","Milk, 2 litres","5.15"
"2026-02-01","Newfoundland and Labrador","2021A000210","Block cheese, 500 grams","7.05"
"2026-02-01","Newfoundland and Labrador","2021A000210","Yogurt, 500 grams","4.09"
"2026-02-01","Newfoundland and Labrador","2021A000210","Eggs, 1 dozen","5.41"
"2026-02-01","Newfoundland and Labrador","2021A000210","Apples, per kilogram","6.79"
"2026-02-01","Newfoundland and Labrador","2021A000210","Bananas, per kilogram","2.73"
"2026-02-01","Newfoundland and Labrador","2021A000210","Potatoes, 4.54 kilograms","6.17"
"2026-02-01","Newfoundland and Labrador","2021A000210","Tomatoes, per kilogram","7.33"
"2026-02-01","Newfoundland and Labrador","2021A000210","Carrots, 1.36 kilograms","3.91"
"2026-02-01","Newfoundland and Labrador","2021A000210","Onions, per kilogram","6.12"
"2026-02-01","Newfoundland and Labrador","2021A000210","White bread, 675 grams","4.18"
"2026-02-01","Newfoundland and Labrador","2021A000210","Dry or fresh pasta, 500 grams","3.62"
"2026-02-01","Newfoundland and Labrador","2021A000210","White rice, 2 kilograms","10.59"
"2026-02-01","Newfoundland and Labrador","2021A000210","Vegetable oil, 3 litres","10.37"
"2026-02-01","Prince Edward Island","2021A000211","Ground beef, per kilogram","14.83"
"2026-02-01","Prince Edward Island","2021A000211","Whole chicken, per kilogram","7.81"
"2026-02-01","Prince Edward Island","2021A000211","Milk, 2 litres","4.70"
"2026-02-01","Prince Edward Island","2021A000211","Block cheese, 500 grams","7.14"
"2026-02-01","Prince Edward Island","2021A000211","Yogurt, 500 grams","4.01"
"2026-02-01","Prince Edward Island","2021A000211","Eggs, 1 dozen","5.26"
"2026-02-01","Prince Edward Island","2021A000211","Apples, per kilogram","6.16"
"2026-02-01","Prince Edward Island","2021A000211","Bananas, per kilogram","2.12"
"2026-02-01","Prince Edward Island","2021A000211","Potatoes, 4.54 kilograms","5.44"
"2026-02-01","Prince Edward Island","2021A000211","Tomatoes, per kilogram","6.37"
"2026-02-01","Prince Edward Island","2021A000211","Carrots, 1.36 kilograms","3.61"
"2026-02-01","Prince Edward Island","2021A000211","Onions, per kilogram","5.87"
"2026-02-01","Prince Edward Island","2021A000211","White bread, 675 grams","3.83"
"2026-02-01","Prince Edward Island","2021A000211","Dry or fresh pasta, 500 grams","3.74"
"2026-02-01","Prince Edward Island","2021A000211","White rice, 2 kilograms","10.34"
"2026-02-01","Prince Edward Island","2021A000211","Vegetable oil, 3 litres","10.70"
"2026-02-01","Nova Scotia","2021A000212","Ground beef, per kilogram","15.38"
"2026-02-01","Nova Scotia","2021A000212","Whole chicken, per kilogram","8.13"
"2026-02-01","Nova Scotia","2021A000212","Milk, 2 litres","5.01"
"2026-02-01","Nova Scotia","2021A000212","Block cheese, 500 grams","7.07"
"2026-02-01","Nova Scotia","2021A000212","Yogurt, 500 grams","3.96"
"2026-02-01","Nova Scotia","2021A000212","Eggs, 1 dozen","5.35"
"2026-02-01","Nova Scotia","2021A000212","Apples, per kilogram","6.31"
"2026-02-01","Nova Scotia","2021A000212","Bananas, per kilogram","2.15"
"2026-02-01","Nova Scotia","2021A000212","Potatoes, 4.54 kilograms","5.13"
"2026-02-01","Nova Scotia","2021A000212","Tomatoes, per kilogram","6.68"
"2026-02-01","Nova Scotia","2021A000212","Carrots, 1.36 kilograms","3.64"
"2026-02-01","Nova Scotia","2021A000212","Onions, per kilogram","6.10"
"2026-02-01","Nova Scotia","2021A000212","White bread, 675 grams","3.85"
"2026-02-01","Nova Scotia","2021A000212","Dry or fresh pasta, 500 grams","3.79"
"2026-02-01","Nova Scotia","2021A000212","White rice, 2 kilograms","10.59"
"2026-02-01","Nova Scotia","2021A000212","Vegetable oil, 3 litres","11.30"
"2026-02-01","New Brunswick","2021A000213","Ground beef, per kilogram","15.25"
"2026-02-01","New Brunswick","2021A000213","Whole chicken, per kilogram","8.02"
"2026-02-01","New Brunswick","2021A000213","Milk, 2 litres","5.13"
"2026-02-01","New Brunswick","2021A000213","Block cheese, 500 grams","7.10"
"2026-02-01","New Brunswick","2021A000213","Yogurt, 500 grams","4.04"
"2026-02-01","New Brunswick","2021A000213","Eggs, 1 dozen","5.14"
"2026-02-01","New Brunswick","2021A000213","Apples, per kilogram","6.30"
"2026-02-01","New Brunswick","2021A000213","Bananas, per kilogram","2.17"
"2026-02-01","New Brunswick","2021A000213","Potatoes, 4.54 kilograms","5.12"
"2026-02-01","New Brunswick","2021A000213","Tomatoes, per kilogram","7.02"
"2026-02-01","New Brunswick","2021A000213","Carrots, 1.36 kilograms","3.58"
"2026-02-01","New Brunswick","2021A000213","Onions, per kilogram","6.12"
"2026-02-01","New Brunswick","2021A000213","White bread, 675 grams","3.85"
"2026-02-01","New Brunswick","2021A000213","Dry or fresh pasta, 500 grams","3.60"
"2026-02-01","New Brunswick","2021A000213","White rice, 2 kilograms","10.31"
"2026-02-01","New Brunswick","2021A000213","Vegetable oil, 3 litres","11.05"
"2026-02-01","Quebec","2021A000224","Ground beef, per kilogram","17.23"
"2026-02-01","Quebec","2021A000224","Whole chicken, per kilogram","9.11"
"2026-02-01","Quebec","2021A000224","Milk, 2 litres","5.36"
"2026-02-01","Quebec","2021A000224","Block cheese, 500 grams","7.07"
"2026-02-01","Quebec","2021A000224","Yogurt, 500 grams","3.82"
"2026-02-01","Quebec","2021A000224","Eggs, 1 dozen","4.25"
"2026-02-01","Quebec","2021A000224","Apples, per kilogram","5.17"
"2026-02-01","Quebec","2021A000224","Bananas, per kilogram","1.92"
"2026-02-01","Quebec","2021A000224","Potatoes, 4.54 kilograms","3.71"
"2026-02-01","Quebec","2021A000224","Tomatoes, per kilogram","7.34"
"2026-02-01","Quebec","2021A000224","Carrots, 1.36 kilograms","2.77"
"2026-02-01","Quebec","2021A000224","Onions, per kilogram","4.78"
"2026-02-01","Quebec","2021A000224","White bread, 675 grams","4.01"
"2026-02-01","Quebec","2021A000224","Dry or fresh pasta, 500 grams","3.34"
"2026-02-01","Quebec","2021A000224","White rice, 2 kilograms","10.89"
"2026-02-01","Quebec","2021A000224","Vegetable oil, 3 litres","8.92"
"2026-02-01","Ontario","2021A000235","Ground beef, per kilogram","16.13"
"2026-02-01","Ontario","2021A000235","Whole chicken, per kilogram","8.40"
"2026-02-01","Ontario","2021A000235","Milk, 2 litres","5.89"
"2026-02-01","Ontario","2021A000235","Block cheese, 500 grams","6.92"
"2026-02-01","Ontario","2021A000235","Yogurt, 500 grams","3.72"
"2026-02-01","Ontario","2021A000235","Eggs, 1 dozen","4.94"
"2026-02-01","Ontario","2021A000235","Apples, per kilogram","5.57"
"2026-02-01","Ontario","2021A000235","Bananas, per kilogram","1.67"
"2026-02-01","Ontario","2021A000235","Potatoes, 4.54 kilograms","4.04"
"2026-02-01","Ontario","2021A000235","Tomatoes, per kilogram","5.72"
"2026-02-01","Ontario","2021A000235","Carrots, 1.36 kilograms","3.70"
"2026-02-01","Ontario","2021A000235","Onions, per kilogram","5.61"
"2026-02-01","Ontario","2021A000235","White bread, 675 grams","3.22"
"2026-02-01","Ontario","2021A000235","Dry or fresh pasta, 500 grams","3.35"
"2026-02-01","Ontario","2021A000235","White rice, 2 kilograms","9.45"
"2026-02-01","Ontario","2021A000235","Vegetable oil, 3 litres","9.77"
"2026-02-01","Manitoba","2021A000246","Ground beef, per kilogram","16.03"
"2026-02-01","Manitoba","2021A000246","Whole chicken, per kilogram","8.84"
"2026-02-01","Manitoba","2021A000246","Milk, 2 litres","4.87"
"2026-02-01","Manitoba","2021A000246","Block cheese, 500 grams","7.10"
"2026-02-01","Manitoba","2021A000246","Yogurt, 500 grams","3.84"
"2026-02-01","Manitoba","2021A000246","Eggs, 1 dozen","4.66"
"2026-02-01","Manitoba","2021A000246","Apples, per kilogram","6.13"
"2026-02-01","Manitoba","2021A000246","Bananas, per kilogram","1.96"
"2026-02-01","Manitoba","2021A000246","Potatoes, 4.54 kilograms","7.18"
"2026-02-01","Manitoba","2021A000246","Tomatoes, per kilogram","5.28"
"2026-02-01","Manitoba","2021A000246","Carrots, 1.36 kilograms","4.62"
"2026-02-01","Manitoba","2021A000246","Onions, per kilogram","5.63"
"2026-02-01","Manitoba","2021A000246","White bread, 675 grams","3.54"
"2026-02-01","Manitoba","2021A000246","Dry or fresh pasta, 500 grams","3.65"
"2026-02-01","Manitoba","2021A000246","White rice, 2 kilograms","8.69"
"2026-02-01","Manitoba","2021A000246","Vegetable oil, 3 litres","11.89"
"2026-02-01","Saskatchewan","2021A000247","Ground beef, per kilogram","15.50"
"2026-02-01","Saskatchewan","2021A000247","Whole chicken, per kilogram","8.88"
"2026-02-01","Saskatchewan","2021A000247","Milk, 2 litres","5.17"
"2026-02-01","Saskatchewan","2021A000247","Block cheese, 500 grams","7.10"
"2026-02-01","Saskatchewan","2021A000247","Yogurt, 500 grams","3.65"
"2026-02-01","Saskatchewan","2021A000247","Eggs, 1 dozen","4.66"
"2026-02-01","Saskatchewan","2021A000247","Apples, per kilogram","6.11"
"2026-02-01","Saskatchewan","2021A000247","Bananas, per kilogram","1.97"
"2026-02-01","Saskatchewan","2021A000247","Potatoes, 4.54 kilograms","7.40"
"2026-02-01","Saskatchewan","2021A000247","Tomatoes, per kilogram","5.21"
"2026-02-01","Saskatchewan","2021A000247","Carrots, 1.36 kilograms","4.56"
"2026-02-01","Saskatchewan","2021A000247","Onions, per kilogram","5.63"
"2026-02-01","Saskatchewan","2021A000247","White bread, 675 grams","3.55"
"2026-02-01","Saskatchewan","2021A000247","Dry or fresh pasta, 500 grams","3.68"
"2026-02-01","Saskatchewan","2021A000247","White rice, 2 kilograms","9.18"
"2026-02-01","Saskatchewan","2021A000247","Vegetable oil, 3 litres","11.81"
"2026-02-01","Alberta","2021A000248","Ground beef, per kilogram","16.65"
"2026-02-01","Alberta","2021A000248","Whole chicken, per kilogram","9.08"
"2026-02-01","Alberta","2021A000248","Milk, 2 litres","5.51"
"2026-02-01","Alberta","2021A000248","Block cheese, 500 grams","7.26"
"2026-02-01","Alberta","2021A000248","Yogurt, 500 grams","3.87"
"2026-02-01","Alberta","2021A000248","Eggs, 1 dozen","5.08"
"2026-02-01","Alberta","2021A000248","Apples, per kilogram","6.14"
"2026-02-01","Alberta","2021A000248","Bananas, per kilogram","2.00"
"2026-02-01","Alberta","2021A000248","Potatoes, 4.54 kilograms","7.37"
"2026-02-01","Alberta","2021A000248","Tomatoes, per kilogram","5.47"
"2026-02-01","Alberta","2021A000248","Carrots, 1.36 kilograms","4.69"
"2026-02-01","Alberta","2021A000248","Onions, per kilogram","5.60"
"2026-02-01","Alberta","2021A000248","White bread, 675 grams","3.64"
"2026-02-01","Alberta","2021A000248","Dry or fresh pasta, 500 grams","3.76"
"2026-02-01","Alberta","2021A000248","White rice, 2 kilograms","9.29"
"2026-02-01","Alberta","2021A000248","Vegetable oil, 3 litres","11.92"
"2026-02-01","British Columbia","2021A000259","Ground beef, per kilogram","17.20"
"2026-02-01","British Columbia","2021A000259","Whole chicken, per kilogram","8.60"
"2026-02-01","British Columbia","2021A000259","Milk, 2 litres","5.59"
"2026-02-01","British Columbia","2021A000259","Block cheese, 500 grams","7.33"
"2026-02-01","British Columbia","2021A000259","Yogurt, 500 grams","3.88"
"2026-02-01","British Columbia","2021A000259","Eggs, 1 dozen","5.54"
"2026-02-01","British Columbia","2021A000259","Apples, per kilogram","6.05"
"2026-02-01","British Columbia","2021A000259","Bananas, per kilogram","1.80"
"2026-02-01","British Columbia","2021A000259","Potatoes, 4.54 kilograms","7.11"
"2026-02-01","British Columbia","2021A000259","Tomatoes, per kilogram","5.57"
"2026-02-01","British Columbia","2021A000259","Carrots, 1.36 kilograms","4.77"
"2026-02-01","British Columbia","2021A000259","Onions, per kilogram","5.51"
"2026-02-01","British Columbia","2021A000259","White bread, 675 grams","4.00"
"2026-02-01","British Columbia","2021A000259","Dry or fresh pasta, 500 grams","3.81"
"2026-02-01","British Columbia","2021A000259","White rice, 2 kilograms","9.08"
"2026-02-01","British Columbia","2021A000259","Vegetable oil, 3 litres","11.90"
"2026-03-01","Newfoundland and Labrador","2021A000210","Ground beef, per kilogram","14.96"
"2026-03-01","Newfoundland and Labrador","2021A000210","Whole chicken, per kilogram","8.00"
"2026-03-01","Newfoundland and Labrador","2021A000210","Milk, 2 litres","5.14"
"2026-03-01","Newfoundland and Labrador","2021A000210","Block cheese, 500 grams","6.97"
"2026-03-01","Newfoundland and Labrador","2021A000210","Yogurt, 500 grams","4.02"
"2026-03-01","Newfoundland and Labrador","2021A000210","Eggs, 1 dozen","5.34"
"2026-03-01","Newfoundland and Labrador","2021A000210","Apples, per kilogram","6.74"
"2026-03-01","Newfoundland and Labrador","2021A000210","Bananas, per kilogram","2.73"
"2026-03-01","Newfoundland and Labrador","2021A000210","Potatoes, 4.54 kilograms","6.38"
"2026-03-01","Newfoundland and Labrador","2021A000210","Tomatoes, per kilogram","6.91"
"2026-03-01","Newfoundland and Labrador","2021A000210","Carrots, 1.36 kilograms","4.01"
"2026-03-01","Newfoundland and Labrador","2021A000210","Onions, per kilogram","6.23"
"2026-03-01","Newfoundland and Labrador","2021A000210","White bread, 675 grams","4.13"
"2026-03-01","Newfoundland and Labrador","2021A000210","Dry or fresh pasta, 500 grams","3.44"
"2026-03-01","Newfoundland and Labrador","2021A000210","White rice, 2 kilograms","9.80"
"2026-03-01","Newfoundland and Labrador","2021A000210","Vegetable oil, 3 litres","11.20"
"2026-03-01","Prince Edward Island","2021A000211","Ground beef, per kilogram","14.89"
"2026-03-01","Prince Edward Island","2021A000211","Whole chicken, per kilogram","8.28"
"2026-03-01","Prince Edward Island","2021A000211","Milk, 2 litres","4.72"
"2026-03-01","Prince Edward Island","2021A000211","Block cheese, 500 grams","7.11"
"2026-03-01","Prince Edward Island","2021A000211","Yogurt, 500 grams","3.92"
"2026-03-01","Prince Edward Island","2021A000211","Eggs, 1 dozen","5.20"
"2026-03-01","Prince Edward Island","2021A000211","Apples, per kilogram","6.01"
"2026-03-01","Prince Edward Island","2021A000211","Bananas, per kilogram","2.14"
"2026-03-01","Prince Edward Island","2021A000211","Potatoes, 4.54 kilograms","5.40"
"2026-03-01","Prince Edward Island","2021A000211","Tomatoes, per kilogram","6.09"
"2026-03-01","Prince Edward Island","2021A000211","Carrots, 1.36 kilograms","3.94"
"2026-03-01","Prince Edward Island","2021A000211","Onions, per kilogram","6.00"
"2026-03-01","Prince Edward Island","2021A000211","White bread, 675 grams","3.77"
"2026-03-01","Prince Edward Island","2021A000211","Dry or fresh pasta, 500 grams","3.60"
"2026-03-01","Prince Edward Island","2021A000211","White rice, 2 kilograms","10.29"
"2026-03-01","Prince Edward Island","2021A000211","Vegetable oil, 3 litres","11.16"
"2026-03-01","Nova Scotia","2021A000212","Ground beef, per kilogram","14.96"
"2026-03-01","Nova Scotia","2021A000212","Whole chicken, per kilogram","8.52"
"2026-03-01","Nova Scotia","2021A000212","Milk, 2 litres","5.05"
"2026-03-01","Nova Scotia","2021A000212","Block cheese, 500 grams","7.00"
"2026-03-01","Nova Scotia","2021A000212","Yogurt, 500 grams","3.89"
"2026-03-01","Nova Scotia","2021A000212","Eggs, 1 dozen","5.30"
"2026-03-01","Nova Scotia","2021A000212","Apples, per kilogram","6.07"
"2026-03-01","Nova Scotia","2021A000212","Bananas, per kilogram","2.16"
"2026-03-01","Nova Scotia","2021A000212","Potatoes, 4.54 kilograms","5.19"
"2026-03-01","Nova Scotia","2021A000212","Tomatoes, per kilogram","6.30"
"2026-03-01","Nova Scotia","2021A000212","Carrots, 1.36 kilograms","3.86"
"2026-03-01","Nova Scotia","2021A000212","Onions, per kilogram","6.18"
"2026-03-01","Nova Scotia","2021A000212","White bread, 675 grams","3.75"
"2026-03-01","Nova Scotia","2021A000212","Dry or fresh pasta, 500 grams","3.60"
"2026-03-01","Nova Scotia","2021A000212","White rice, 2 kilograms","10.07"
"2026-03-01","Nova Scotia","2021A000212","Vegetable oil, 3 litres","11.85"
"2026-03-01","New Brunswick","2021A000213","Ground beef, per kilogram","15.32"
"2026-03-01","New Brunswick","2021A000213","Whole chicken, per kilogram","8.40"
"2026-03-01","New Brunswick","2021A000213","Milk, 2 litres","5.16"
"2026-03-01","New Brunswick","2021A000213","Block cheese, 500 grams","7.09"
"2026-03-01","New Brunswick","2021A000213","Yogurt, 500 grams","3.98"
"2026-03-01","New Brunswick","2021A000213","Eggs, 1 dozen","5.15"
"2026-03-01","New Brunswick","2021A000213","Apples, per kilogram","6.18"
"2026-03-01","New Brunswick","2021A000213","Bananas, per kilogram","2.18"
"2026-03-01","New Brunswick","2021A000213","Potatoes, 4.54 kilograms","4.84"
"2026-03-01","New Brunswick","2021A000213","Tomatoes, per kilogram","6.65"
"2026-03-01","New Brunswick","2021A000213","Carrots, 1.36 kilograms","3.85"
"2026-03-01","New Brunswick","2021A000213","Onions, per kilogram","6.16"
"2026-03-01","New Brunswick","2021A000213","White bread, 675 grams","3.79"
"2026-03-01","New Brunswick","2021A000213","Dry or fresh pasta, 500 grams","3.34"
"2026-03-01","New Brunswick","2021A000213","White rice, 2 kilograms","9.97"
"2026-03-01","New Brunswick","2021A000213","Vegetable oil, 3 litres","11.80"
"2026-03-01","Quebec","2021A000224","Ground beef, per kilogram","15.42"
"2026-03-01","Quebec","2021A000224","Whole chicken, per kilogram","8.03"
"2026-03-01","Quebec","2021A000224","Milk, 2 litres","5.39"
"2026-03-01","Quebec","2021A000224","Block cheese, 500 grams","6.96"
"2026-03-01","Quebec","2021A000224","Yogurt, 500 grams","3.98"
"2026-03-01","Quebec","2021A000224","Eggs, 1 dozen","4.20"
"2026-03-01","Quebec","2021A000224","Apples, per kilogram","5.13"
"2026-03-01","Quebec","2021A000224","Bananas, per kilogram","1.95"
"2026-03-01","Quebec","2021A000224","Potatoes, 4.54 kilograms","3.82"
"2026-03-01","Quebec","2021A000224","Tomatoes, per kilogram","7.21"
"2026-03-01","Quebec","2021A000224","Carrots, 1.36 kilograms","3.04"
"2026-03-01","Quebec","2021A000224","Onions, per kilogram","4.59"
"2026-03-01","Quebec","2021A000224","White bread, 675 grams","4.00"
"2026-03-01","Quebec","2021A000224","Dry or fresh pasta, 500 grams","3.19"
"2026-03-01","Quebec","2021A000224","White rice, 2 kilograms","10.69"
"2026-03-01","Quebec","2021A000224","Vegetable oil, 3 litres","10.54"
"2026-03-01","Ontario","2021A000235","Ground beef, per kilogram","15.26"
"2026-03-01","Ontario","2021A000235","Whole chicken, per kilogram","8.73"
"2026-03-01","Ontario","2021A000235","Milk, 2 litres","5.95"
"2026-03-01","Ontario","2021A000235","Block cheese, 500 grams","6.89"
"2026-03-01","Ontario","2021A000235","Yogurt, 500 grams","3.65"
"2026-03-01","Ontario","2021A000235","Eggs, 1 dozen","4.94"
"2026-03-01","Ontario","2021A000235","Apples, per kilogram","5.67"
"2026-03-01","Ontario","2021A000235","Bananas, per kilogram","1.68"
"2026-03-01","Ontario","2021A000235","Potatoes, 4.54 kilograms","3.79"
"2026-03-01","Ontario","2021A000235","Tomatoes, per kilogram","5.72"
"2026-03-01","Ontario","2021A000235","Carrots, 1.36 kilograms","3.61"
"2026-03-01","Ontario","2021A000235","Onions, per kilogram","5.70"
"2026-03-01","Ontario","2021A000235","White bread, 675 grams","3.26"
"2026-03-01","Ontario","2021A000235","Dry or fresh pasta, 500 grams","3.37"
"2026-03-01","Ontario","2021A000235","White rice, 2 kilograms","8.79"
"2026-03-01","Ontario","2021A000235","Vegetable oil, 3 litres","8.96"
"2026-03-01","Manitoba","2021A000246","Ground beef, per kilogram","16.11"
"2026-03-01","Manitoba","2021A000246","Whole chicken, per kilogram","7.40"
"2026-03-01","Manitoba","2021A000246","Milk, 2 litres","4.89"
"2026-03-01","Manitoba","2021A000246","Block cheese, 500 grams","7.06"
"2026-03-01","Manitoba","2021A000246","Yogurt, 500 grams","3.78"
"2026-03-01","Manitoba","2021A000246","Eggs, 1 dozen","4.66"
"2026-03-01","Manitoba","2021A000246","Apples, per kilogram","5.85"
"2026-03-01","Manitoba","2021A000246","Bananas, per kilogram","1.99"
"2026-03-01","Manitoba","2021A000246","Potatoes, 4.54 kilograms","7.63"
"2026-03-01","Manitoba","2021A000246","Tomatoes, per kilogram","5.69"
"2026-03-01","Manitoba","2021A000246","Carrots, 1.36 kilograms","4.36"
"2026-03-01","Manitoba","2021A000246","Onions, per kilogram","5.60"
"2026-03-01","Manitoba","2021A000246","White bread, 675 grams","3.74"
"2026-03-01","Manitoba","2021A000246","Dry or fresh pasta, 500 grams","3.69"
"2026-03-01","Manitoba","2021A000246","White rice, 2 kilograms","7.91"
"2026-03-01","Manitoba","2021A000246","Vegetable oil, 3 litres","10.86"
"2026-03-01","Saskatchewan","2021A000247","Ground beef, per kilogram","15.71"
"2026-03-01","Saskatchewan","2021A000247","Whole chicken, per kilogram","6.87"
"2026-03-01","Saskatchewan","2021A000247","Milk, 2 litres","5.29"
"2026-03-01","Saskatchewan","2021A000247","Block cheese, 500 grams","7.06"
"2026-03-01","Saskatchewan","2021A000247","Yogurt, 500 grams","3.70"
"2026-03-01","Saskatchewan","2021A000247","Eggs, 1 dozen","4.67"
"2026-03-01","Saskatchewan","2021A000247","Apples, per kilogram","5.93"
"2026-03-01","Saskatchewan","2021A000247","Bananas, per kilogram","1.98"
"2026-03-01","Saskatchewan","2021A000247","Potatoes, 4.54 kilograms","7.63"
"2026-03-01","Saskatchewan","2021A000247","Tomatoes, per kilogram","5.75"
"2026-03-01","Saskatchewan","2021A000247","Carrots, 1.36 kilograms","4.27"
"2026-03-01","Saskatchewan","2021A000247","Onions, per kilogram","5.57"
"2026-03-01","Saskatchewan","2021A000247","White bread, 675 grams","3.73"
"2026-03-01","Saskatchewan","2021A000247","Dry or fresh pasta, 500 grams","3.68"
"2026-03-01","Saskatchewan","2021A000247","White rice, 2 kilograms","8.08"
"2026-03-01","Saskatchewan","2021A000247","Vegetable oil, 3 litres","10.97"
"2026-03-01","Alberta","2021A000248","Ground beef, per kilogram","16.75"
"2026-03-01","Alberta","2021A000248","Whole chicken, per kilogram","7.33"
"2026-03-01","Alberta","2021A000248","Milk, 2 litres","5.62"
"2026-03-01","Alberta","2021A000248","Block cheese, 500 grams","7.22"
"2026-03-01","Alberta","2021A000248","Yogurt, 500 grams","3.82"
"2026-03-01","Alberta","2021A000248","Eggs, 1 dozen","5.07"
"2026-03-01","Alberta","2021A000248","Apples, per kilogram","5.89"
"2026-03-01","Alberta","2021A000248","Bananas, per kilogram","2.01"
"2026-03-01","Alberta","2021A000248","Potatoes, 4.54 kilograms","7.86"
"2026-03-01","Alberta","2021A000248","Tomatoes, per kilogram","5.77"
"2026-03-01","Alberta","2021A000248","Carrots, 1.36 kilograms","4.42"
"2026-03-01","Alberta","2021A000248","Onions, per kilogram","5.50"
"2026-03-01","Alberta","2021A000248","White bread, 675 grams","3.72"
"2026-03-01","Alberta","2021A000248","Dry or fresh pasta, 500 grams","3.76"
"2026-03-01","Alberta","2021A000248","White rice, 2 kilograms","8.56"
"2026-03-01","Alberta","2021A000248","Vegetable oil, 3 litres","10.92"
"2026-03-01","British Columbia","2021A000259","Ground beef, per kilogram","16.98"
"2026-03-01","British Columbia","2021A000259","Whole chicken, per kilogram","9.33"
"2026-03-01","British Columbia","2021A000259","Milk, 2 litres","5.66"
"2026-03-01","British Columbia","2021A000259","Block cheese, 500 grams","7.33"
"2026-03-01","British Columbia","2021A000259","Yogurt, 500 grams","3.85"
"2026-03-01","British Columbia","2021A000259","Eggs, 1 dozen","5.49"
"2026-03-01","British Columbia","2021A000259","Apples, per kilogram","5.85"
"2026-03-01","British Columbia","2021A000259","Bananas, per kilogram","1.83"
"2026-03-01","British Columbia","2021A000259","Potatoes, 4.54 kilograms","7.59"
"2026-03-01","British Columbia","2021A000259","Tomatoes, per kilogram","5.80"
"2026-03-01","British Columbia","2021A000259","Carrots, 1.36 kilograms","4.62"
"2026-03-01","British Columbia","2021A000259","Onions, per kilogram","5.40"
"2026-03-01","British Columbia","2021A000259","White bread, 675 grams","4.12"
"2026-03-01","British Columbia","2021A000259","Dry or fresh pasta, 500 grams","3.82"
"2026-03-01","British Columbia","2021A000259","White rice, 2 kilograms","8.44"
"2026-03-01","British Columbia","2021A000259","Vegetable oil, 3 litres","11.25"
"2026-04-01","Newfoundland and Labrador","2021A000210","Ground beef, per kilogram","15.33"
"2026-04-01","Newfoundland and Labrador","2021A000210","Whole chicken, per kilogram","8.11"
"2026-04-01","Newfoundland and Labrador","2021A000210","Milk, 2 litres","5.13"
"2026-04-01","Newfoundland and Labrador","2021A000210","Block cheese, 500 grams","6.88"
"2026-04-01","Newfoundland and Labrador","2021A000210","Yogurt, 500 grams","4.08"
"2026-04-01","Newfoundland and Labrador","2021A000210","Eggs, 1 dozen","5.39"
"2026-04-01","Newfoundland and Labrador","2021A000210","Apples, per kilogram","6.74"
"2026-04-01","Newfoundland and Labrador","2021A000210","Bananas, per kilogram","2.74"
"2026-04-01","Newfoundland and Labrador","2021A000210","Potatoes, 4.54 kilograms","5.78"
"2026-04-01","Newfoundland and Labrador","2021A000210","Tomatoes, per kilogram","7.29"
"2026-04-01","Newfoundland and Labrador","2021A000210","Carrots, 1.36 kilograms","4.40"
"2026-04-01","Newfoundland and Labrador","2021A000210","Onions, per kilogram","6.35"
"2026-04-01","Newfoundland and Labrador","2021A000210","White bread, 675 grams","4.15"
"2026-04-01","Newfoundland and Labrador","2021A000210","Dry or fresh pasta, 500 grams","3.67"
"2026-04-01","Newfoundland and Labrador","2021A000210","White rice, 2 kilograms","10.27"
"2026-04-01","Newfoundland and Labrador","2021A000210","Vegetable oil, 3 litres","10.31"
"2026-04-01","Prince Edward Island","2021A000211","Ground beef, per kilogram","15.44"
"2026-04-01","Prince Edward Island","2021A000211","Whole chicken, per kilogram","8.21"
"2026-04-01","Prince Edward Island","2021A000211","Milk, 2 litres","4.70"
"2026-04-01","Prince Edward Island","2021A000211","Block cheese, 500 grams","6.99"
"2026-04-01","Prince Edward Island","2021A000211","Yogurt, 500 grams","4.04"
"2026-04-01","Prince Edward Island","2021A000211","Eggs, 1 dozen","5.19"
"2026-04-01","Prince Edward Island","2021A000211","Apples, per kilogram","6.24"
"2026-04-01","Prince Edward Island","2021A000211","Bananas, per kilogram","2.17"
"2026-04-01","Prince Edward Island","2021A000211","Potatoes, 4.54 kilograms","5.63"
"2026-04-01","Prince Edward Island","2021A000211","Tomatoes, per kilogram","6.35"
"2026-04-01","Prince Edward Island","2021A000211","Carrots, 1.36 kilograms","4.21"
"2026-04-01","Prince Edward Island","2021A000211","Onions, per kilogram","6.11"
"2026-04-01","Prince Edward Island","2021A000211","White bread, 675 grams","3.77"
"2026-04-01","Prince Edward Island","2021A000211","Dry or fresh pasta, 500 grams","3.72"
"2026-04-01","Prince Edward Island","2021A000211","White rice, 2 kilograms","10.63"
"2026-04-01","Prince Edward Island","2021A000211","Vegetable oil, 3 litres","10.55"
"2026-04-01","Nova Scotia","2021A000212","Ground beef, per kilogram","15.88"
"2026-04-01","Nova Scotia","2021A000212","Whole chicken, per kilogram","8.27"
"2026-04-01","Nova Scotia","2021A000212","Milk, 2 litres","5.00"
"2026-04-01","Nova Scotia","2021A000212","Block cheese, 500 grams","6.92"
"2026-04-01","Nova Scotia","2021A000212","Yogurt, 500 grams","3.99"
"2026-04-01","Nova Scotia","2021A000212","Eggs, 1 dozen","5.35"
"2026-04-01","Nova Scotia","2021A000212","Apples, per kilogram","6.37"
"2026-04-01","Nova Scotia","2021A000212","Bananas, per kilogram","2.18"
"2026-04-01","Nova Scotia","2021A000212","Potatoes, 4.54 kilograms","5.41"
"2026-04-01","Nova Scotia","2021A000212","Tomatoes, per kilogram","6.76"
"2026-04-01","Nova Scotia","2021A000212","Carrots, 1.36 kilograms","4.13"
"2026-04-01","Nova Scotia","2021A000212","Onions, per kilogram","6.28"
"2026-04-01","Nova Scotia","2021A000212","White bread, 675 grams","3.76"
"2026-04-01","Nova Scotia","2021A000212","Dry or fresh pasta, 500 grams","3.74"
"2026-04-01","Nova Scotia","2021A000212","White rice, 2 kilograms","10.58"
"2026-04-01","Nova Scotia","2021A000212","Vegetable oil, 3 litres","11.60"
"2026-04-01","New Brunswick","2021A000213","Ground beef, per kilogram","15.68"
"2026-04-01","New Brunswick","2021A000213","Whole chicken, per kilogram","7.81"
"2026-04-01","New Brunswick","2021A000213","Milk, 2 litres","5.11"
"2026-04-01","New Brunswick","2021A000213","Block cheese, 500 grams","6.96"
"2026-04-01","New Brunswick","2021A000213","Yogurt, 500 grams","4.12"
"2026-04-01","New Brunswick","2021A000213","Eggs, 1 dozen","5.20"
"2026-04-01","New Brunswick","2021A000213","Apples, per kilogram","6.54"
"2026-04-01","New Brunswick","2021A000213","Bananas, per kilogram","2.19"
"2026-04-01","New Brunswick","2021A000213","Potatoes, 4.54 kilograms","5.09"
"2026-04-01","New Brunswick","2021A000213","Tomatoes, per kilogram","6.86"
"2026-04-01","New Brunswick","2021A000213","Carrots, 1.36 kilograms","4.18"
"2026-04-01","New Brunswick","2021A000213","Onions, per kilogram","6.27"
"2026-04-01","New Brunswick","2021A000213","White bread, 675 grams","3.79"
"2026-04-01","New Brunswick","2021A000213","Dry or fresh pasta, 500 grams","3.53"
"2026-04-01","New Brunswick","2021A000213","White rice, 2 kilograms","10.43"
"2026-04-01","New Brunswick","2021A000213","Vegetable oil, 3 litres","11.58"
"2026-04-01","Quebec","2021A000224","Ground beef, per kilogram","14.86"
"2026-04-01","Quebec","2021A000224","Whole chicken, per kilogram","5.88"
"2026-04-01","Quebec","2021A000224","Milk, 2 litres","5.33"
"2026-04-01","Quebec","2021A000224","Block cheese, 500 grams","7.08"
"2026-04-01","Quebec","2021A000224","Yogurt, 500 grams","3.97"
"2026-04-01","Quebec","2021A000224","Eggs, 1 dozen","4.12"
"2026-04-01","Quebec","2021A000224","Apples, per kilogram","5.55"
"2026-04-01","Quebec","2021A000224","Bananas, per kilogram","1.93"
"2026-04-01","Quebec","2021A000224","Potatoes, 4.54 kilograms","4.47"
"2026-04-01","Quebec","2021A000224","Tomatoes, per kilogram","7.11"
"2026-04-01","Quebec","2021A000224","Carrots, 1.36 kilograms","4.10"
"2026-04-01","Quebec","2021A000224","Onions, per kilogram","4.69"
"2026-04-01","Quebec","2021A000224","White bread, 675 grams","3.95"
"2026-04-01","Quebec","2021A000224","Dry or fresh pasta, 500 grams","3.34"
"2026-04-01","Quebec","2021A000224","White rice, 2 kilograms","10.79"
"2026-04-01","Quebec","2021A000224","Vegetable oil, 3 litres","9.17"
"2026-04-01","Ontario","2021A000235","Ground beef, per kilogram","15.39"
"2026-04-01","Ontario","2021A000235","Whole chicken, per kilogram","6.53"
"2026-04-01","Ontario","2021A000235","Milk, 2 litres","5.82"
"2026-04-01","Ontario","2021A000235","Block cheese, 500 grams","6.89"
"2026-04-01","Ontario","2021A000235","Yogurt, 500 grams","3.77"
"2026-04-01","Ontario","2021A000235","Eggs, 1 dozen","5.00"
"2026-04-01","Ontario","2021A000235","Apples, per kilogram","5.44"
"2026-04-01","Ontario","2021A000235","Bananas, per kilogram","1.71"
"2026-04-01","Ontario","2021A000235","Potatoes, 4.54 kilograms","3.90"
"2026-04-01","Ontario","2021A000235","Tomatoes, per kilogram","5.83"
"2026-04-01","Ontario","2021A000235","Carrots, 1.36 kilograms","4.10"
"2026-04-01","Ontario","2021A000235","Onions, per kilogram","5.70"
"2026-04-01","Ontario","2021A000235","White bread, 675 grams","3.22"
"2026-04-01","Ontario","2021A000235","Dry or fresh pasta, 500 grams","3.37"
"2026-04-01","Ontario","2021A000235","White rice, 2 kilograms","9.16"
"2026-04-01","Ontario","2021A000235","Vegetable oil, 3 litres","8.00"
"2026-04-01","Manitoba","2021A000246","Ground beef, per kilogram","16.83"
"2026-04-01","Manitoba","2021A000246","Whole chicken, per kilogram","6.05"
"2026-04-01","Manitoba","2021A000246","Milk, 2 litres","4.81"
"2026-04-01","Manitoba","2021A000246","Block cheese, 500 grams","7.00"
"2026-04-01","Manitoba","2021A000246","Yogurt, 500 grams","3.79"
"2026-04-01","Manitoba","2021A000246","Eggs, 1 dozen","4.72"
"2026-04-01","Manitoba","2021A000246","Apples, per kilogram","6.38"
"2026-04-01","Manitoba","2021A000246","Bananas, per kilogram","2.03"
"2026-04-01","Manitoba","2021A000246","Potatoes, 4.54 kilograms","7.75"
"2026-04-01","Manitoba","2021A000246","Tomatoes, per kilogram","5.79"
"2026-04-01","Manitoba","2021A000246","Carrots, 1.36 kilograms","4.87"
"2026-04-01","Manitoba","2021A000246","Onions, per kilogram","5.70"
"2026-04-01","Manitoba","2021A000246","White bread, 675 grams","3.42"
"2026-04-01","Manitoba","2021A000246","Dry or fresh pasta, 500 grams","3.55"
"2026-04-01","Manitoba","2021A000246","White rice, 2 kilograms","8.44"
"2026-04-01","Manitoba","2021A000246","Vegetable oil, 3 litres","10.04"
"2026-04-01","Saskatchewan","2021A000247","Ground beef, per kilogram","16.32"
"2026-04-01","Saskatchewan","2021A000247","Whole chicken, per kilogram","5.62"
"2026-04-01","Saskatchewan","2021A000247","Milk, 2 litres","5.25"
"2026-04-01","Saskatchewan","2021A000247","Block cheese, 500 grams","7.00"
"2026-04-01","Saskatchewan","2021A000247","Yogurt, 500 grams","3.74"
"2026-04-01","Saskatchewan","2021A000247","Eggs, 1 dozen","4.70"
"2026-04-01","Saskatchewan","2021A000247","Apples, per kilogram","6.49"
"2026-04-01","Saskatchewan","2021A000247","Bananas, per kilogram","2.02"
"2026-04-01","Saskatchewan","2021A000247","Potatoes, 4.54 kilograms","7.78"
"2026-04-01","Saskatchewan","2021A000247","Tomatoes, per kilogram","5.76"
"2026-04-01","Saskatchewan","2021A000247","Carrots, 1.36 kilograms","4.81"
"2026-04-01","Saskatchewan","2021A000247","Onions, per kilogram","5.69"
"2026-04-01","Saskatchewan","2021A000247","White bread, 675 grams","3.50"
"2026-04-01","Saskatchewan","2021A000247","Dry or fresh pasta, 500 grams","3.56"
"2026-04-01","Saskatchewan","2021A000247","White rice, 2 kilograms","8.56"
"2026-04-01","Saskatchewan","2021A000247","Vegetable oil, 3 litres","10.47"
"2026-04-01","Alberta","2021A000248","Ground beef, per kilogram","17.43"
"2026-04-01","Alberta","2021A000248","Whole chicken, per kilogram","6.14"
"2026-04-01","Alberta","2021A000248","Milk, 2 litres","5.59"
"2026-04-01","Alberta","2021A000248","Block cheese, 500 grams","7.13"
"2026-04-01","Alberta","2021A000248","Yogurt, 500 grams","3.84"
"2026-04-01","Alberta","2021A000248","Eggs, 1 dozen","5.14"
"2026-04-01","Alberta","2021A000248","Apples, per kilogram","6.48"
"2026-04-01","Alberta","2021A000248","Bananas, per kilogram","2.05"
"2026-04-01","Alberta","2021A000248","Potatoes, 4.54 kilograms","7.90"
"2026-04-01","Alberta","2021A000248","Tomatoes, per kilogram","5.88"
"2026-04-01","Alberta","2021A000248","Carrots, 1.36 kilograms","4.91"
"2026-04-01","Alberta","2021A000248","Onions, per kilogram","5.62"
"2026-04-01","Alberta","2021A000248","White bread, 675 grams","3.50"
"2026-04-01","Alberta","2021A000248","Dry or fresh pasta, 500 grams","3.64"
"2026-04-01","Alberta","2021A000248","White rice, 2 kilograms","9.05"
"2026-04-01","Alberta","2021A000248","Vegetable oil, 3 litres","10.22"
"2026-04-01","British Columbia","2021A000259","Ground beef, per kilogram","17.81"
"2026-04-01","British Columbia","2021A000259","Whole chicken, per kilogram","8.67"
"2026-04-01","British Columbia","2021A000259","Milk, 2 litres","5.58"
"2026-04-01","British Columbia","2021A000259","Block cheese, 500 grams","7.18"
"2026-04-01","British Columbia","2021A000259","Yogurt, 500 grams","3.87"
"2026-04-01","British Columbia","2021A000259","Eggs, 1 dozen","5.58"
"2026-04-01","British Columbia","2021A000259","Apples, per kilogram","6.33"
"2026-04-01","British Columbia","2021A000259","Bananas, per kilogram","1.84"
"2026-04-01","British Columbia","2021A000259","Potatoes, 4.54 kilograms","7.79"
"2026-04-01","British Columbia","2021A000259","Tomatoes, per kilogram","5.82"
"2026-04-01","British Columbia","2021A000259","Carrots, 1.36 kilograms","4.99"
"2026-04-01","British Columbia","2021A000259","Onions, per kilogram","5.63"
"2026-04-01","British Columbia","2021A000259","White bread, 675 grams","3.86"
"2026-04-01","British Columbia","2021A000259","Dry or fresh pasta, 500 grams","3.72"
"2026-04-01","British Columbia","2021A000259","White rice, 2 kilograms","8.87"
"2026-04-01","British Columbia","2021A000259","Vegetable oil, 3 litres","10.53"
"2026-05-01","Newfoundland and Labrador","2021A000210","Ground beef, per kilogram","16.43"
"2026-05-01","Newfoundland and Labrador","2021A000210","Whole chicken, per kilogram","8.32"
"2026-05-01","Newfoundland and Labrador","2021A000210","Milk, 2 litres","5.15"
"2026-05-01","Newfoundland and Labrador","2021A000210","Block cheese, 500 grams","7.01"
"2026-05-01","Newfoundland and Labrador","2021A000210","Yogurt, 500 grams","4.20"
"2026-05-01","Newfoundland and Labrador","2021A000210","Eggs, 1 dozen","5.45"
"2026-05-01","Newfoundland and Labrador","2021A000210","Apples, per kilogram","7.13"
"2026-05-01","Newfoundland and Labrador","2021A000210","Bananas, per kilogram","2.76"
"2026-05-01","Newfoundland and Labrador","2021A000210","Potatoes, 4.54 kilograms","5.99"
"2026-05-01","Newfoundland and Labrador","2021A000210","Tomatoes, per kilogram","8.46"
"2026-05-01","Newfoundland and Labrador","2021A000210","Carrots, 1.36 kilograms","4.93"
"2026-05-01","Newfoundland and Labrador","2021A000210","Onions, per kilogram","6.21"
"2026-05-01","Newfoundland and Labrador","2021A000210","White bread, 675 grams","4.20"
"2026-05-01","Newfoundland and Labrador","2021A000210","Dry or fresh pasta, 500 grams","3.61"
"2026-05-01","Newfoundland and Labrador","2021A000210","White rice, 2 kilograms","10.35"
"2026-05-01","Newfoundland and Labrador","2021A000210","Vegetable oil, 3 litres","9.44"
"2026-05-01","Prince Edward Island","2021A000211","Ground beef, per kilogram","16.32"
"2026-05-01","Prince Edward Island","2021A000211","Whole chicken, per kilogram","8.26"
"2026-05-01","Prince Edward Island","2021A000211","Milk, 2 litres","4.72"
"2026-05-01","Prince Edward Island","2021A000211","Block cheese, 500 grams","7.06"
"2026-05-01","Prince Edward Island","2021A000211","Yogurt, 500 grams","4.09"
"2026-05-01","Prince Edward Island","2021A000211","Eggs, 1 dozen","5.29"
"2026-05-01","Prince Edward Island","2021A000211","Apples, per kilogram","6.53"
"2026-05-01","Prince Edward Island","2021A000211","Bananas, per kilogram","2.16"
"2026-05-01","Prince Edward Island","2021A000211","Potatoes, 4.54 kilograms","6.00"
"2026-05-01","Prince Edward Island","2021A000211","Tomatoes, per kilogram","6.97"
"2026-05-01","Prince Edward Island","2021A000211","Carrots, 1.36 kilograms","5.02"
"2026-05-01","Prince Edward Island","2021A000211","Onions, per kilogram","5.72"
"2026-05-01","Prince Edward Island","2021A000211","White bread, 675 grams","3.78"
"2026-05-01","Prince Edward Island","2021A000211","Dry or fresh pasta, 500 grams","3.65"
"2026-05-01","Prince Edward Island","2021A000211","White rice, 2 kilograms","10.79"
"2026-05-01","Prince Edward Island","2021A000211","Vegetable oil, 3 litres","10.58"
"2026-05-01","Nova Scotia","2021A000212","Ground beef, per kilogram","16.95"
"2026-05-01","Nova Scotia","2021A000212","Whole chicken, per kilogram","8.19"
"2026-05-01","Nova Scotia","2021A000212","Milk, 2 litres","5.02"
"2026-05-01","Nova Scotia","2021A000212","Block cheese, 500 grams","7.03"
"2026-05-01","Nova Scotia","2021A000212","Yogurt, 500 grams","4.09"
"2026-05-01","Nova Scotia","2021A000212","Eggs, 1 dozen","5.39"
"2026-05-01","Nova Scotia","2021A000212","Apples, per kilogram","6.86"
"2026-05-01","Nova Scotia","2021A000212","Bananas, per kilogram","2.17"
"2026-05-01","Nova Scotia","2021A000212","Potatoes, 4.54 kilograms","5.88"
"2026-05-01","Nova Scotia","2021A000212","Tomatoes, per kilogram","7.88"
"2026-05-01","Nova Scotia","2021A000212","Carrots, 1.36 kilograms","5.01"
"2026-05-01","Nova Scotia","2021A000212","Onions, per kilogram","5.78"
"2026-05-01","Nova Scotia","2021A000212","White bread, 675 grams","3.76"
"2026-05-01","Nova Scotia","2021A000212","Dry or fresh pasta, 500 grams","3.69"
"2026-05-01","Nova Scotia","2021A000212","White rice, 2 kilograms","10.65"
"2026-05-01","Nova Scotia","2021A000212","Vegetable oil, 3 litres","11.04"
"2026-05-01","New Brunswick","2021A000213","Ground beef, per kilogram","17.13"
"2026-05-01","New Brunswick","2021A000213","Whole chicken, per kilogram","8.13"
"2026-05-01","New Brunswick","2021A000213","Milk, 2 litres","5.15"
"2026-05-01","New Brunswick","2021A000213","Block cheese, 500 grams","7.09"
"2026-05-01","New Brunswick","2021A000213","Yogurt, 500 grams","4.18"
"2026-05-01","New Brunswick","2021A000213","Eggs, 1 dozen","5.26"
"2026-05-01","New Brunswick","2021A000213","Apples, per kilogram","6.91"
"2026-05-01","New Brunswick","2021A000213","Bananas, per kilogram","2.17"
"2026-05-01","New Brunswick","2021A000213","Potatoes, 4.54 kilograms","6.04"
"2026-05-01","New Brunswick","2021A000213","Tomatoes, per kilogram","7.96"
"2026-05-01","New Brunswick","2021A000213","Carrots, 1.36 kilograms","5.02"
"2026-05-01","New Brunswick","2021A000213","Onions, per kilogram","5.78"
"2026-05-01","New Brunswick","2021A000213","White bread, 675 grams","3.80"
"2026-05-01","New Brunswick","2021A000213","Dry or fresh pasta, 500 grams","3.56"
"2026-05-01","New Brunswick","2021A000213","White rice, 2 kilograms","10.40"
"2026-05-01","New Brunswick","2021A000213","Vegetable oil, 3 litres","10.96"
"2026-05-01","Quebec","2021A000224","Ground beef, per kilogram","15.26"
"2026-05-01","Quebec","2021A000224","Whole chicken, per kilogram","10.18"
"2026-05-01","Quebec","2021A000224","Milk, 2 litres","5.44"
"2026-05-01","Quebec","2021A000224","Block cheese, 500 grams","6.94"
"2026-05-01","Quebec","2021A000224","Yogurt, 500 grams","4.02"
"2026-05-01","Quebec","2021A000224","Eggs, 1 dozen","4.19"
"2026-05-01","Quebec","2021A000224","Apples, per kilogram","5.79"
"2026-05-01","Quebec","2021A000224","Bananas, per kilogram","1.96"
"2026-05-01","Quebec","2021A000224","Potatoes, 4.54 kilograms","4.79"
"2026-05-01","Quebec","2021A000224","Tomatoes, per kilogram","7.53"
"2026-05-01","Quebec","2021A000224","Carrots, 1.36 kilograms","4.31"
"2026-05-01","Quebec","2021A000224","Onions, per kilogram","4.72"
"2026-05-01","Quebec","2021A000224","White bread, 675 grams","3.93"
"2026-05-01","Quebec","2021A000224","Dry or fresh pasta, 500 grams","3.22"
"2026-05-01","Quebec","2021A000224","White rice, 2 kilograms","11.22"
"2026-05-01","Quebec","2021A000224","Vegetable oil, 3 litres","10.05"
"2026-05-01","Ontario","2021A000235","Ground beef, per kilogram","16.15"
"2026-05-01","Ontario","2021A000235","Whole chicken, per kilogram","7.63"
"2026-05-01","Ontario","2021A000235","Milk, 2 litres","5.85"
"2026-05-01","Ontario","2021A000235","Block cheese, 500 grams","6.99"
"2026-05-01","Ontario","2021A000235","Yogurt, 500 grams","3.82"
"2026-05-01","Ontario","2021A000235","Eggs, 1 dozen","5.00"
"2026-05-01","Ontario","2021A000235","Apples, per kilogram","5.98"
"2026-05-01","Ontario","2021A000235","Bananas, per kilogram","1.71"
"2026-05-01","Ontario","2021A000235","Potatoes, 4.54 kilograms","4.52"
"2026-05-01","Ontario","2021A000235","Tomatoes, per kilogram","6.80"
"2026-05-01","Ontario","2021A000235","Carrots, 1.36 kilograms","4.72"
"2026-05-01","Ontario","2021A000235","Onions, per kilogram","5.45"
"2026-05-01","Ontario","2021A000235","White bread, 675 grams","3.25"
"2026-05-01","Ontario","2021A000235","Dry or fresh pasta, 500 grams","3.33"
"2026-05-01","Ontario","2021A000235","White rice, 2 kilograms","9.36"
"2026-05-01","Ontario","2021A000235","Vegetable oil, 3 litres","9.48"
"2026-05-01","Manitoba","2021A000246","Ground beef, per kilogram","16.52"
"2026-05-01","Manitoba","2021A000246","Whole chicken, per kilogram","9.40"
"2026-05-01","Manitoba","2021A000246","Milk, 2 litres","4.84"
"2026-05-01","Manitoba","2021A000246","Block cheese, 500 grams","7.08"
"2026-05-01","Manitoba","2021A000246","Yogurt, 500 grams","3.84"
"2026-05-01","Manitoba","2021A000246","Eggs, 1 dozen","4.77"
"2026-05-01","Manitoba","2021A000246","Apples, per kilogram","6.71"
"2026-05-01","Manitoba","2021A000246","Bananas, per kilogram","2.06"
"2026-05-01","Manitoba","2021A000246","Potatoes, 4.54 kilograms","7.97"
"2026-05-01","Manitoba","2021A000246","Tomatoes, per kilogram","6.52"
"2026-05-01","Manitoba","2021A000246","Carrots, 1.36 kilograms","4.83"
"2026-05-01","Manitoba","2021A000246","Onions, per kilogram","5.35"
"2026-05-01","Manitoba","2021A000246","White bread, 675 grams","3.44"
"2026-05-01","Manitoba","2021A000246","Dry or fresh pasta, 500 grams","3.63"
"2026-05-01","Manitoba","2021A000246","White rice, 2 kilograms","8.55"
"2026-05-01","Manitoba","2021A000246","Vegetable oil, 3 litres","10.21"
"2026-05-01","Saskatchewan","2021A000247","Ground beef, per kilogram","16.33"
"2026-05-01","Saskatchewan","2021A000247","Whole chicken, per kilogram","8.99"
"2026-05-01","Saskatchewan","2021A000247","Milk, 2 litres","5.29"
"2026-05-01","Saskatchewan","2021A000247","Block cheese, 500 grams","7.06"
"2026-05-01","Saskatchewan","2021A000247","Yogurt, 500 grams","3.78"
"2026-05-01","Saskatchewan","2021A000247","Eggs, 1 dozen","4.76"
"2026-05-01","Saskatchewan","2021A000247","Apples, per kilogram","6.81"
"2026-05-01","Saskatchewan","2021A000247","Bananas, per kilogram","2.03"
"2026-05-01","Saskatchewan","2021A000247","Potatoes, 4.54 kilograms","7.92"
"2026-05-01","Saskatchewan","2021A000247","Tomatoes, per kilogram","6.35"
"2026-05-01","Saskatchewan","2021A000247","Carrots, 1.36 kilograms","4.75"
"2026-05-01","Saskatchewan","2021A000247","Onions, per kilogram","5.45"
"2026-05-01","Saskatchewan","2021A000247","White bread, 675 grams","3.53"
"2026-05-01","Saskatchewan","2021A000247","Dry or fresh pasta, 500 grams","3.61"
"2026-05-01","Saskatchewan","2021A000247","White rice, 2 kilograms","8.68"
"2026-05-01","Saskatchewan","2021A000247","Vegetable oil, 3 litres","10.31"
"2026-05-01","Alberta","2021A000248","Ground beef, per kilogram","17.27"
"2026-05-01","Alberta","2021A000248","Whole chicken, per kilogram","9.44"
"2026-05-01","Alberta","2021A000248","Milk, 2 litres","5.63"
"2026-05-01","Alberta","2021A000248","Block cheese, 500 grams","7.25"
"2026-05-01","Alberta","2021A000248","Yogurt, 500 grams","3.92"
"2026-05-01","Alberta","2021A000248","Eggs, 1 dozen","5.18"
"2026-05-01","Alberta","2021A000248","Apples, per kilogram","6.83"
"2026-05-01","Alberta","2021A000248","Bananas, per kilogram","2.07"
"2026-05-01","Alberta","2021A000248","Potatoes, 4.54 kilograms","7.97"
"2026-05-01","Alberta","2021A000248","Tomatoes, per kilogram","6.50"
"2026-05-01","Alberta","2021A000248","Carrots, 1.36 kilograms","4.98"
"2026-05-01","Alberta","2021A000248","Onions, per kilogram","5.38"
"2026-05-01","Alberta","2021A000248","White bread, 675 grams","3.47"
"2026-05-01","Alberta","2021A000248","Dry or fresh pasta, 500 grams","3.72"
"2026-05-01","Alberta","2021A000248","White rice, 2 kilograms","9.04"
"2026-05-01","Alberta","2021A000248","Vegetable oil, 3 litres","10.51"
"2026-05-01","British Columbia","2021A000259","Ground beef, per kilogram","17.41"
"2026-05-01","British Columbia","2021A000259","Whole chicken, per kilogram","10.06"
"2026-05-01","British Columbia","2021A000259","Milk, 2 litres","5.64"
"2026-05-01","British Columbia","2021A000259","Block cheese, 500 grams","7.30"
"2026-05-01","British Columbia","2021A000259","Yogurt, 500 grams","3.96"
"2026-05-01","British Columbia","2021A000259","Eggs, 1 dozen","5.69"
"2026-05-01","British Columbia","2021A000259","Apples, per kilogram","6.62"
"2026-05-01","British Columbia","2021A000259","Bananas, per kilogram","1.85"
"2026-05-01","British Columbia","2021A000259","Potatoes, 4.54 kilograms","7.77"
"2026-05-01","British Columbia","2021A000259","Tomatoes, per kilogram","6.47"
"2026-05-01","British Columbia","2021A000259","Carrots, 1.36 kilograms","4.92"
"2026-05-01","British Columbia","2021A000259","Onions, per kilogram","5.40"
"2026-05-01","British Columbia","2021A000259","White bread, 675 grams","3.82"
"2026-05-01","British Columbia","2021A000259","Dry or fresh pasta, 500 grams","3.78"
"2026-05-01","British Columbia","2021A000259","White rice, 2 kilograms","8.91"
"2026-05-01","British Columbia","2021A000259","Vegetable oil, 3 litres","10.49"
"2026-06-01","Newfoundland and Labrador","2021A000210","Ground beef, per kilogram","16.73"
"2026-06-01","Newfoundland and Labrador","2021A000210","Whole chicken, per kilogram","8.31"
"2026-06-01","Newfoundland and Labrador","2021A000210","Milk, 2 litres","5.14"
"2026-06-01","Newfoundland and Labrador","2021A000210","Block cheese, 500 grams","7.09"
"2026-06-01","Newfoundland and Labrador","2021A000210","Yogurt, 500 grams","4.06"
"2026-06-01","Newfoundland and Labrador","2021A000210","Eggs, 1 dozen","5.47"
"2026-06-01","Newfoundland and Labrador","2021A000210","Apples, per kilogram","7.23"
"2026-06-01","Newfoundland and Labrador","2021A000210","Bananas, per kilogram","2.73"
"2026-06-01","Newfoundland and Labrador","2021A000210","Potatoes, 4.54 kilograms","5.96"
"2026-06-01","Newfoundland and Labrador","2021A000210","Tomatoes, per kilogram","6.90"
"2026-06-01","Newfoundland and Labrador","2021A000210","Carrots, 1.36 kilograms","5.12"
"2026-06-01","Newfoundland and Labrador","2021A000210","Onions, per kilogram","6.38"
"2026-06-01","Newfoundland and Labrador","2021A000210","White bread, 675 grams","4.12"
"2026-06-01","Newfoundland and Labrador","2021A000210","Dry or fresh pasta, 500 grams","3.59"
"2026-06-01","Newfoundland and Labrador","2021A000210","White rice, 2 kilograms","10.05"
"2026-06-01","Newfoundland and Labrador","2021A000210","Vegetable oil, 3 litres","10.66"
"2026-06-01","Prince Edward Island","2021A000211","Ground beef, per kilogram","16.29"
"2026-06-01","Prince Edward Island","2021A000211","Whole chicken, per kilogram","7.96"
"2026-06-01","Prince Edward Island","2021A000211","Milk, 2 litres","4.72"
"2026-06-01","Prince Edward Island","2021A000211","Block cheese, 500 grams","7.25"
"2026-06-01","Prince Edward Island","2021A000211","Yogurt, 500 grams","3.99"
"2026-06-01","Prince Edward Island","2021A000211","Eggs, 1 dozen","5.29"
"2026-06-01","Prince Edward Island","2021A000211","Apples, per kilogram","6.82"
"2026-06-01","Prince Edward Island","2021A000211","Bananas, per kilogram","2.17"
"2026-06-01","Prince Edward Island","2021A000211","Potatoes, 4.54 kilograms","5.95"
"2026-06-01","Prince Edward Island","2021A000211","Tomatoes, per kilogram","6.02"
"2026-06-01","Prince Edward Island","2021A000211","Carrots, 1.36 kilograms","5.21"
"2026-06-01","Prince Edward Island","2021A000211","Onions, per kilogram","5.72"
"2026-06-01","Prince Edward Island","2021A000211","White bread, 675 grams","3.76"
"2026-06-01","Prince Edward Island","2021A000211","Dry or fresh pasta, 500 grams","3.71"
"2026-06-01","Prince Edward Island","2021A000211","White rice, 2 kilograms","10.34"
"2026-06-01","Prince Edward Island","2021A000211","Vegetable oil, 3 litres","11.09"
"2026-06-01","Nova Scotia","2021A000212","Ground beef, per kilogram","16.63"
"2026-06-01","Nova Scotia","2021A000212","Whole chicken, per kilogram","7.69"
"2026-06-01","Nova Scotia","2021A000212","Milk, 2 litres","5.00"
"2026-06-01","Nova Scotia","2021A000212","Block cheese, 500 grams","7.10"
"2026-06-01","Nova Scotia","2021A000212","Yogurt, 500 grams","3.94"
"2026-06-01","Nova Scotia","2021A000212","Eggs, 1 dozen","5.39"
"2026-06-01","Nova Scotia","2021A000212","Apples, per kilogram","7.00"
"2026-06-01","Nova Scotia","2021A000212","Bananas, per kilogram","2.16"
"2026-06-01","Nova Scotia","2021A000212","Potatoes, 4.54 kilograms","5.78"
"2026-06-01","Nova Scotia","2021A000212","Tomatoes, per kilogram","6.46"
"2026-06-01","Nova Scotia","2021A000212","Carrots, 1.36 kilograms","5.19"
"2026-06-01","Nova Scotia","2021A000212","Onions, per kilogram","5.77"
"2026-06-01","Nova Scotia","2021A000212","White bread, 675 grams","3.72"
"2026-06-01","Nova Scotia","2021A000212","Dry or fresh pasta, 500 grams","3.69"
"2026-06-01","Nova Scotia","2021A000212","White rice, 2 kilograms","10.23"
"2026-06-01","Nova Scotia","2021A000212","Vegetable oil, 3 litres","11.48"
"2026-06-01","New Brunswick","2021A000213","Ground beef, per kilogram","16.49"
"2026-06-01","New Brunswick","2021A000213","Whole chicken, per kilogram","7.05"
"2026-06-01","New Brunswick","2021A000213","Milk, 2 litres","5.14"
"2026-06-01","New Brunswick","2021A000213","Block cheese, 500 grams","7.14"
"2026-06-01","New Brunswick","2021A000213","Yogurt, 500 grams","4.02"
"2026-06-01","New Brunswick","2021A000213","Eggs, 1 dozen","5.27"
"2026-06-01","New Brunswick","2021A000213","Apples, per kilogram","6.97"
"2026-06-01","New Brunswick","2021A000213","Bananas, per kilogram","2.16"
"2026-06-01","New Brunswick","2021A000213","Potatoes, 4.54 kilograms","5.59"
"2026-06-01","New Brunswick","2021A000213","Tomatoes, per kilogram","6.38"
"2026-06-01","New Brunswick","2021A000213","Carrots, 1.36 kilograms","5.20"
"2026-06-01","New Brunswick","2021A000213","Onions, per kilogram","5.80"
"2026-06-01","New Brunswick","2021A000213","White bread, 675 grams","3.76"
"2026-06-01","New Brunswick","2021A000213","Dry or fresh pasta, 500 grams","3.48"
"2026-06-01","New Brunswick","2021A000213","White rice, 2 kilograms","10.11"
"2026-06-01","New Brunswick","2021A000213","Vegetable oil, 3 litres","11.50"
"2026-06-01","Quebec","2021A000224","Ground beef, per kilogram","16.13"
"2026-06-01","Quebec","2021A000224","Whole chicken, per kilogram","5.84"
"2026-06-01","Quebec","2021A000224","Milk, 2 litres","5.39"
"2026-06-01","Quebec","2021A000224","Block cheese, 500 grams","7.01"
"2026-06-01","Quebec","2021A000224","Yogurt, 500 grams","3.98"
"2026-06-01","Quebec","2021A000224","Eggs, 1 dozen","4.29"
"2026-06-01","Quebec","2021A000224","Apples, per kilogram","6.01"
"2026-06-01","Quebec","2021A000224","Bananas, per kilogram","1.95"
"2026-06-01","Quebec","2021A000224","Potatoes, 4.54 kilograms","4.84"
"2026-06-01","Quebec","2021A000224","Tomatoes, per kilogram","5.08"
"2026-06-01","Quebec","2021A000224","Carrots, 1.36 kilograms","4.67"
"2026-06-01","Quebec","2021A000224","Onions, per kilogram","4.91"
"2026-06-01","Quebec","2021A000224","White bread, 675 grams","3.91"
"2026-06-01","Quebec","2021A000224","Dry or fresh pasta, 500 grams","3.32"
"2026-06-01","Quebec","2021A000224","White rice, 2 kilograms","10.81"
"2026-06-01","Quebec","2021A000224","Vegetable oil, 3 litres","10.31"
"2026-06-01","Ontario","2021A000235","Ground beef, per kilogram","16.17"
"2026-06-01","Ontario","2021A000235","Whole chicken, per kilogram","9.02"
"2026-06-01","Ontario","2021A000235","Milk, 2 litres","5.90"
"2026-06-01","Ontario","2021A000235","Block cheese, 500 grams","6.89"
"2026-06-01","Ontario","2021A000235","Yogurt, 500 grams","3.77"
"2026-06-01","Ontario","2021A000235","Eggs, 1 dozen","5.00"
"2026-06-01","Ontario","2021A000235","Apples, per kilogram","6.14"
"2026-06-01","Ontario","2021A000235","Bananas, per kilogram","1.70"
"2026-06-01","Ontario","2021A000235","Potatoes, 4.54 kilograms","5.14"
"2026-06-01","Ontario","2021A000235","Tomatoes, per kilogram","4.82"
"2026-06-01","Ontario","2021A000235","Carrots, 1.36 kilograms","4.74"
"2026-06-01","Ontario","2021A000235","Onions, per kilogram","5.56"
"2026-06-01","Ontario","2021A000235","White bread, 675 grams","3.27"
"2026-06-01","Ontario","2021A000235","Dry or fresh pasta, 500 grams","3.27"
"2026-06-01","Ontario","2021A000235","White rice, 2 kilograms","9.04"
"2026-06-01","Ontario","2021A000235","Vegetable oil, 3 litres","9.74"
"2026-06-01","Manitoba","2021A000246","Ground beef, per kilogram","17.68"
"2026-06-01","Manitoba","2021A000246","Whole chicken, per kilogram","8.97"
"2026-06-01","Manitoba","2021A000246","Milk, 2 litres","4.83"
"2026-06-01","Manitoba","2021A000246","Block cheese, 500 grams","7.08"
"2026-06-01","Manitoba","2021A000246","Yogurt, 500 grams","3.77"
"2026-06-01","Manitoba","2021A000246","Eggs, 1 dozen","4.70"
"2026-06-01","Manitoba","2021A000246","Apples, per kilogram","6.79"
"2026-06-01","Manitoba","2021A000246","Bananas, per kilogram","2.06"
"2026-06-01","Manitoba","2021A000246","Potatoes, 4.54 kilograms","8.24"
"2026-06-01","Manitoba","2021A000246","Tomatoes, per kilogram","5.02"
"2026-06-01","Manitoba","2021A000246","Carrots, 1.36 kilograms","5.08"
"2026-06-01","Manitoba","2021A000246","Onions, per kilogram","5.44"
"2026-06-01","Manitoba","2021A000246","White bread, 675 grams","3.80"
"2026-06-01","Manitoba","2021A000246","Dry or fresh pasta, 500 grams","3.54"
"2026-06-01","Manitoba","2021A000246","White rice, 2 kilograms","8.33"
"2026-06-01","Manitoba","2021A000246","Vegetable oil, 3 litres","10.46"
"2026-06-01","Saskatchewan","2021A000247","Ground beef, per kilogram","17.41"
"2026-06-01","Saskatchewan","2021A000247","Whole chicken, per kilogram","8.58"
"2026-06-01","Saskatchewan","2021A000247","Milk, 2 litres","5.27"
"2026-06-01","Saskatchewan","2021A000247","Block cheese, 500 grams","7.11"
"2026-06-01","Saskatchewan","2021A000247","Yogurt, 500 grams","3.71"
"2026-06-01","Saskatchewan","2021A000247","Eggs, 1 dozen","4.73"
"2026-06-01","Saskatchewan","2021A000247","Apples, per kilogram","6.90"
"2026-06-01","Saskatchewan","2021A000247","Bananas, per kilogram","2.03"
"2026-06-01","Saskatchewan","2021A000247","Potatoes, 4.54 kilograms","8.22"
"2026-06-01","Saskatchewan","2021A000247","Tomatoes, per kilogram","5.06"
"2026-06-01","Saskatchewan","2021A000247","Carrots, 1.36 kilograms","5.04"
"2026-06-01","Saskatchewan","2021A000247","Onions, per kilogram","5.50"
"2026-06-01","Saskatchewan","2021A000247","White bread, 675 grams","3.78"
"2026-06-01","Saskatchewan","2021A000247","Dry or fresh pasta, 500 grams","3.52"
"2026-06-01","Saskatchewan","2021A000247","White rice, 2 kilograms","8.44"
"2026-06-01","Saskatchewan","2021A000247","Vegetable oil, 3 litres","10.73"
"2026-06-01","Alberta","2021A000248","Ground beef, per kilogram","18.32"
"2026-06-01","Alberta","2021A000248","Whole chicken, per kilogram","9.24"
"2026-06-01","Alberta","2021A000248","Milk, 2 litres","5.59"
"2026-06-01","Alberta","2021A000248","Block cheese, 500 grams","7.24"
"2026-06-01","Alberta","2021A000248","Yogurt, 500 grams","3.84"
"2026-06-01","Alberta","2021A000248","Eggs, 1 dozen","5.11"
"2026-06-01","Alberta","2021A000248","Apples, per kilogram","6.90"
"2026-06-01","Alberta","2021A000248","Bananas, per kilogram","2.07"
"2026-06-01","Alberta","2021A000248","Potatoes, 4.54 kilograms","8.28"
"2026-06-01","Alberta","2021A000248","Tomatoes, per kilogram","5.12"
"2026-06-01","Alberta","2021A000248","Carrots, 1.36 kilograms","5.20"
"2026-06-01","Alberta","2021A000248","Onions, per kilogram","5.46"
"2026-06-01","Alberta","2021A000248","White bread, 675 grams","3.75"
"2026-06-01","Alberta","2021A000248","Dry or fresh pasta, 500 grams","3.61"
"2026-06-01","Alberta","2021A000248","White rice, 2 kilograms","8.73"
"2026-06-01","Alberta","2021A000248","Vegetable oil, 3 litres","10.64"
"2026-06-01","British Columbia","2021A000259","Ground beef, per kilogram","18.39"
"2026-06-01","British Columbia","2021A000259","Whole chicken, per kilogram","9.13"
"2026-06-01","British Columbia","2021A000259","Milk, 2 litres","5.64"
"2026-06-01","British Columbia","2021A000259","Block cheese, 500 grams","7.32"
"2026-06-01","British Columbia","2021A000259","Yogurt, 500 grams","3.90"
"2026-06-01","British Columbia","2021A000259","Eggs, 1 dozen","5.63"
"2026-06-01","British Columbia","2021A000259","Apples, per kilogram","6.71"
"2026-06-01","British Columbia","2021A000259","Bananas, per kilogram","1.85"
"2026-06-01","British Columbia","2021A000259","Potatoes, 4.54 kilograms","7.96"
"2026-06-01","British Columbia","2021A000259","Tomatoes, per kilogram","5.07"
"2026-06-01","British Columbia","2021A000259","Carrots, 1.36 kilograms","5.07"
"2026-06-01","British Columbia","2021A000259","Onions, per kilogram","5.47"
"2026-06-01","British Columbia","2021A000259","White bread, 675 grams","4.17"
"2026-06-01","British Columbia","2021A000259","Dry or fresh pasta, 500 grams","3.64"
"2026-06-01","British Columbia","2021A000259","White rice, 2 kilograms","8.66"
"2026-06-01","British Columbia","2021A000259","Vegetable oil, 3 litres","10.73"
