facility_name,facility_type,city,province,latitude,longitude,provider
alberta children's hospital,Hospitals,Calgary,AB,51.1267877,-114.1329645,Public Health Agency of Canada
alberta hospital edmonton,Hospitals,Edmonton,AB,53.636387,-113.374023,Public Health Agency of Canada
athabasca healthcare centre,Hospitals,Athabasca,AB,54.71724,-113.254056,Public Health Agency of Canada
barrhead community cancer centre,Hospitals,Barrhead,AB,54.1196258,-114.4015147,Province of Alberta
barrhead healthcare centre,Hospitals,Barrhead,AB,54.1197041,-114.4001676,Public Health Agency of Canada
bassano health centre,Hospitals,Bassano,AB,50.7892616,-112.461057,Public Health Agency of Canada
beaverlodge municipal hospital,Hospitals,Beaverlodge,AB,55.2136098,-119.4240928,Public Health Agency of Canada
bentley care centre,Hospitals,Bentley,AB,52.467744,-114.04616,Public Health Agency of Canada
big country health centre,Hospitals,Oyen,AB,55.710472,-116.914222,Public Health Agency of Canada
big country hospital,Hospitals,Oyen,AB,51.351585,-110.478813,Province of Alberta
bonnyville community cancer centre,Hospitals,Bonnyville,AB,54.26373,-110.7393,Province of Alberta
bonnyville health centre,Hospitals,Bonnyville,AB,54.2637533,-110.7414916,Public Health Agency of Canada
bonnyville healthcare centre,Clinics and ambulatory care,Bonnyville,AB,54.26373,-110.7393,Province of Alberta
bow island health centre,Hospitals,Bow Island,AB,49.8655484,-111.3793987,Public Health Agency of Canada
bow valley community cancer centre,Hospitals,Canmore,AB,51.092455,-115.35172,Province of Alberta
boyle healthcare centre,Hospitals,Boyle,AB,54.588366,-112.801974,Canadian Institute for Health Information
boyle mccauley health centre,Hospitals,Edmonton,AB,53.55136,-113.486,Public Health Agency of Canada
breton health centre,Hospitals,Breton,AB,53.1092291,-114.4712943,Public Health Agency of Canada
brooks health centre,Hospitals,Brooks,AB,50.5676564,-111.890977,Public Health Agency of Canada
camrose community cancer centre,Hospitals,Camrose,AB,53.014198,-112.830093,Province of Alberta
canmore general hospital,Hospitals,Canmore,AB,51.09301,-115.350651,Public Health Agency of Canada
cardston health centre,Hospitals,Cardston,AB,49.201947,-113.305761,Public Health Agency of Canada
centennial centre for mental health and brain injury,Hospitals,Ponoka,AB,52.648905,-113.575936,Public Health Agency of Canada
central alberta cancer centre,Hospitals,Red Deer,AB,52.2606267,-113.8183868,Province of Alberta
central peace health complex,Hospitals,Spirit River,AB,55.776981,-118.838754,Public Health Agency of Canada
chinook regional hospital,Hospitals,Lethbridge,AB,49.68535,-112.8151851,Public Health Agency of Canada
claresholm general hospital,Hospitals,Claresholm,AB,50.018656,-113.582623,Public Health Agency of Canada
coaldale health centre,Hospitals,Coaldale,AB,49.725825,-112.607294,Public Health Agency of Canada
cold lake healthcare centre,Hospitals,Cold Lake,AB,54.4658735,-110.199018,Public Health Agency of Canada
consort hospital,Hospitals,Consort,AB,52.0098399,-110.7820183,Public Health Agency of Canada
consort hospital and care centre,Hospitals,Consort,AB,52.0120048,-110.7717888,Province of Alberta
coronation hospital and care centre,Hospitals,Coronation,AB,52.0964213,-111.4597738,Province of Alberta
coronation hspital & care centre,Hospitals,Coronation,AB,52.0962638,-111.459203,Public Health Agency of Canada
covenant health bonnyville health centre,Hospitals,Bonnyville,AB,54.263728,-110.739296,Canadian Institute for Health Information
covenant health grey nuns community hospital,Hospitals,Edmonton,AB,53.462682,-113.432304,Canadian Institute for Health Information
covenant health killam health care centre,Hospitals,Killam,AB,52.788935,-111.859551,Canadian Institute for Health Information
covenant health mineral springs hospital,Hospitals,Banff,AB,51.17925,-115.574865,Canadian Institute for Health Information
covenant health misericordia community hospital,Hospitals,Edmonton,AB,53.522149,-113.613021,Canadian Institute for Health Information
covenant health our lady of the rosary hospital,Hospitals,Castor,AB,52.2234403,-111.9068616,Public Health Agency of Canada
covenant health st. joseph's general hospital [ab],Hospitals,Vegreville,AB,53.494418,-112.033619,Canadian Institute for Health Information
covenant health st. mary's hospital [camrose],Hospitals,Camrose,AB,53.013725,-112.830994,Canadian Institute for Health Information
cross cancer institute,Hospitals,Edmonton,AB,53.5182625,-113.5310786,Public Health Agency of Canada
crowsnest pass health centre,Hospitals,Blairmore,AB,49.6131739,-114.4736247,Public Health Agency of Canada
daysland health centre,Hospitals,Daysland,AB,52.868425,-112.272521,Public Health Agency of Canada
devon general hospital,Hospitals,Devon,AB,53.351493,-113.730785,Public Health Agency of Canada
didsbury district health services,Hospitals,Didsbury,AB,51.661795,-114.123674,Public Health Agency of Canada
dr. cooke extended care centre,Residential and long-term care,Lloydminster,AB,53.273049,-110.019164,Saskatchewan Health Authorities
drayton valley community cancer centre,Hospitals,Drayton Valley,AB,53.212021,-114.969841,Province of Alberta
drayton valley hospital & care centre,Hospitals,Drayton Valley,AB,53.211841,-114.969193,Public Health Agency of Canada
drumheller community cancer centre,Hospitals,Drumheller,AB,51.470875,-112.745003,Province of Alberta
drumheller health centre,Hospitals,Drumheller,AB,51.4698073,-112.7259344,Public Health Agency of Canada
edson healthcare centre,Hospitals,Edson,AB,53.59182,-116.407,Public Health Agency of Canada
elk point healthcare centre,Hospitals,Elk Point,AB,53.8969745,-110.9058049,Public Health Agency of Canada
fairview health complex,Hospitals,Fairview,AB,56.0709656,-118.3845521,Public Health Agency of Canada
foothills medical centre,Hospitals,Calgary,AB,51.0642833,-114.1339478,Public Health Agency of Canada
fort macleod health centre,Hospitals,Fort Macleod,AB,49.726332,-113.3932472,Public Health Agency of Canada
fort mcmurray community cancer centre,Hospitals,Fort Mcmurray,AB,56.7176831,-111.3618006,Province of Alberta
fort saskatchewan community hospital,Hospitals,Fort Saskatchewan,AB,53.693159,-113.213229,Province of Alberta
fort saskatchewan health centre,Hospitals,Fort Saskatchewan,AB,53.7033208,-113.2225242,Public Health Agency of Canada
fox creek health care centre,Hospitals,Fox Creek,AB,54.4046429,-116.801403,Public Health Agency of Canada
george mcdougall - smoky lake healthcare centre,Clinics and ambulatory care,Smoky Lake,AB,54.12128065,-112.4652356,Province of Alberta
glenrose rehabilitation hospital,Residential and long-term care,Edmonton,AB,53.5601013,-113.4976534,Public Health Agency of Canada
grande cache community health complex,Hospitals,Grande Cache,AB,53.8915173,-119.1192184,Public Health Agency of Canada
grande prairie cancer centre,Hospitals,Grande Prairie,AB,55.175391,-118.788449,Province of Alberta
grey nuns community hospital,Hospitals,Edmonton,AB,53.4615831,-113.4297243,Public Health Agency of Canada
grimshaw / berwyn and district community health centre,Clinics and ambulatory care,Grimshaw,AB,56.190432,-117.627213,Province of Alberta
grimshaw berwyn community health centre,Hospitals,Grimshaw,AB,56.190388,-117.62725,Public Health Agency of Canada
hanna health centre,Hospitals,Hanna,AB,51.6489192,-111.9282036,Public Health Agency of Canada
high river community cancer centre,Hospitals,High River,AB,50.575135,-113.879344,Province of Alberta
high river general hospital,Hospitals,High River,AB,50.5751035,-113.8799478,Public Health Agency of Canada
hinton community cancer centre,Hospitals,Hinton,AB,53.397391,-117.586038,Province of Alberta
hinton healthcare centre,Hospitals,Hinton,AB,53.398281,-117.58529,Public Health Agency of Canada
innisfail health centre,Hospitals,Innisfail,AB,52.019015,-113.9514399,Public Health Agency of Canada
jack ady cancer centre,Hospitals,Lethbridge,AB,49.68488,-112.814734,Province of Alberta
jasper (seton) healthcare centre,Hospitals,Jasper,AB,52.876107,-118.084299,Public Health Agency of Canada
killam general hospital,Hospitals,Killam,AB,52.788934,-111.859543,Public Health Agency of Canada
killam health care centre,Hospitals,Killam,AB,52.789351,-111.85897,Province of Alberta
lac la biche healthcare centre,Hospitals,Lac La Biche,AB,54.764751,-111.964494,Public Health Agency of Canada
lacombe hospital & care centre,Hospitals,Lacombe,AB,52.4606766,-113.7411041,Public Health Agency of Canada
lamont health care centre,Hospitals,Lamont,AB,53.762612,-112.788581,Public Health Agency of Canada
leduc community hospital,Hospitals,Leduc,AB,53.2548359,-113.5453314,Public Health Agency of Canada
little bow continuing care centre,Hospitals,Carmangay,AB,50.124098,-113.108947,Public Health Agency of Canada
lloydminster continuing care centre,Residential and long-term care,Lloydminster,AB,53.274952,-110.017784,Saskatchewan Health Authorities
manning community health centre,Hospitals,Manning,AB,56.9279959,-117.621417,Public Health Agency of Canada
margery e. yuill cancer centre,Hospitals,Medicine Hat,AB,50.03456,-110.70232,Province of Alberta
mayerthorpe health care centre,Hospitals,Mayerthorpe,AB,53.952194,-115.1472169,Public Health Agency of Canada
mazankowski alberta heart institute,Hospitals,Edmonton,AB,53.520191,-113.522727,Public Health Agency of Canada
medicine hat regional hospital,Hospitals,Medicine Hat,AB,50.034733,-110.702725,Public Health Agency of Canada
milk river health centre,Hospitals,Milk River,AB,49.148256,-112.0763544,Public Health Agency of Canada
mineral springs hospital,Hospitals,Banff,AB,51.1791402,-115.5746754,Public Health Agency of Canada
misericordia community hospital,Hospitals,Edmonton,AB,53.5210277,-113.6123197,Public Health Agency of Canada
northeast community health centre,Hospitals,Edmonton,AB,53.604272,-113.417472,Public Health Agency of Canada
northern lights regional health centre,Hospitals,Fort Mcmurray,AB,56.7163523,-111.3622389,Public Health Agency of Canada
northwest health centre,Hospitals,High Level,AB,58.5135257,-117.1621529,Public Health Agency of Canada
oilfields general hospital,Hospitals,Black Diamond,AB,50.6780144,-114.2344127,Public Health Agency of Canada
olds hospital & care centre,Hospitals,Olds,AB,51.8013128,-114.1178349,Public Health Agency of Canada
our lady of the rosary hospital,Hospitals,Castor,AB,52.2233878,-111.9068537,Province of Alberta
peace river community cancer centre,Hospitals,Peace River,AB,56.23018745,-117.3536897,Province of Alberta
peter lougheed centre,Hospitals,Calgary,AB,51.078059,-113.98295,Public Health Agency of Canada
pincher creek health centre,Hospitals,Pincher Creek,AB,49.493452,-113.946935,Public Health Agency of Canada
piyami health centre,Hospitals,Picture Butte,AB,49.8731985,-112.7773122,Public Health Agency of Canada
ponoka hospital and care centre,Hospitals,Ponoka,AB,52.684724,-113.589511,Public Health Agency of Canada
queen elizabeth ii hospital,Hospitals,Grande Prairie,AB,55.1752923,-118.786568,Public Health Agency of Canada
raymond health centre,Hospitals,Raymond,AB,49.4647002,-112.650584,Public Health Agency of Canada
red deer regional hospital centre,Hospitals,Red Deer,AB,52.2607786,-113.818671,Public Health Agency of Canada
redwater health centre,Hospitals,Redwater,AB,53.9495991,-113.1255813,Public Health Agency of Canada
richmond road diagnostic & treatment centre,Hospitals,Calgary,AB,51.035999,-114.110878,Province of Alberta
rimbey hospital & care centre,Hospitals,Rimbey,AB,52.6396975,-114.2459585,Public Health Agency of Canada
rocky mountain house health centre,Hospitals,Rocky Mountain House,AB,52.3785683,-114.920205,Public Health Agency of Canada
rockyview general hospital,Hospitals,Calgary,AB,50.9898221,-114.096632,Public Health Agency of Canada
royal alexandra hospital,Hospitals,Edmonton,AB,53.5573875,-113.497772,Public Health Agency of Canada
sacred heart community health centre,Hospitals,Mclennan,AB,55.710475,-116.914218,Public Health Agency of Canada
seton (jasper) healthcare centre,Hospitals,Jasper,AB,52.876102,-118.084124,Canadian Institute for Health Information
slave lake healthcare centre,Hospitals,Slave Lake,AB,55.284356,-114.760739,Public Health Agency of Canada
smoky lake (george mcdougall memorial) healthcare centre,Hospitals,Smoky Lake,AB,54.121133,-112.465024,Public Health Agency of Canada
smoky lake healthcare centre,Hospitals,Smoky Lake,AB,54.121031,-112.464953,Canadian Institute for Health Information
south health campus,Hospitals,Calgary,AB,50.8820756,-113.9511437,Province of Alberta
st. joseph's general hospital - vegreville,Hospitals,Vegreville,AB,53.493974,-112.033805,Public Health Agency of Canada
st. joseph’s general hospital,Hospitals,Vegreville,AB,53.49442,-112.03362,Province of Alberta
st. mary's camrose,Hospitals,Camrose,AB,53.0142926,-112.8305401,Public Health Agency of Canada
st. mary’s hospital,Hospitals,Camrose,AB,53.014198,-112.830093,Province of Alberta
st. paul healthcare centre,Hospitals,St Paul,AB,53.9888438,-111.2904497,Public Health Agency of Canada
st. theresa general hospital,Hospitals,Fort Vermilion,AB,58.3858843,-116.0122067,Public Health Agency of Canada
st. therese-st. paul healthcare centre,Hospitals,St Paul,AB,53.989267,-111.290463,Canadian Institute for Health Information
stettler hospital & care centre,Hospitals,Stettler,AB,52.323974,-112.72346,Public Health Agency of Canada
stollery children’s hospital,Hospitals,Edmonton,AB,53.520463,-113.520921,Province of Alberta
strathmore district health services,Hospitals,Strathmore,AB,51.060882,-113.386513,Public Health Agency of Canada
sturgeon community hospital,Hospitals,St Albert,AB,53.65524,-113.625711,Public Health Agency of Canada
sundre hospital & care centre,Hospitals,Sundre,AB,51.807789,-114.635486,Public Health Agency of Canada
swan hills healthcare centre,Hospitals,Swan Hills,AB,54.7274797,-115.403079,Public Health Agency of Canada
taber health centre,Hospitals,Taber,AB,49.7850125,-112.1651375,Public Health Agency of Canada
the good samaritan society — dr. gerald zetter care centre,Residential and long-term care,Edmonton,AB,53.5072809,-113.477577,Public Health Agency of Canada
three hills health centre,Hospitals,Three Hills,AB,51.7078018,-113.2510859,Public Health Agency of Canada
tofield health centre,Hospitals,Tofield,AB,53.3726572,-112.6510992,Public Health Agency of Canada
tom baker cancer centre,Hospitals,Calgary,AB,51.063131,-114.133258,Public Health Agency of Canada
two hills health centre,Hospitals,Two Hills,AB,53.7132007,-111.731815,Public Health Agency of Canada
university of alberta hospital,Hospitals,Edmonton,AB,53.520463,-113.520921,Province of Alberta
university of alberta hospital and stollery children's hospital,Hospitals,Edmonton,AB,53.5206343,-113.524527,Public Health Agency of Canada
valleyview health centre,Hospitals,Valleyview,AB,55.066647,-117.273404,Public Health Agency of Canada
vermilion health centre,Hospitals,Vermilion,AB,53.3547731,-110.8730789,Public Health Agency of Canada
viking health centre,Hospitals,Viking,AB,53.0996627,-111.7764446,Public Health Agency of Canada
vulcan community health centre,Hospitals,Vulcan,AB,50.3961012,-113.2588,Public Health Agency of Canada
wabasca/desmarais healthcare centre,Clinics and ambulatory care,Wabasca,AB,55.9429643,-113.8018573,Province of Alberta
wainwright health centre,Hospitals,Wainwright,AB,52.840949,-110.865862,Public Health Agency of Canada
westlock healthcare centre (h),Hospitals,Westlock,AB,54.14653,-113.853259,Public Health Agency of Canada
westview health centre,Hospitals,Stony Plain,AB,53.537465,-113.977133,Public Health Agency of Canada
westview health centre - stony plain,Clinics and ambulatory care,Stony Plain,AB,53.53827,-113.978791,Province of Alberta
wetaskiwin hospital & care centre,Hospitals,Wetaskiwin,AB,52.986764,-113.367947,Public Health Agency of Canada
whitecourt healthcare centre,Hospitals,Whitecourt,AB,54.131598,-115.674435,Public Health Agency of Canada
william j. cadzow - lac la biche healthcare centre,Clinics and ambulatory care,Lac La Biche,AB,54.7643782,-111.9635723,Province of Alberta
100 mile district general hospital,Hospitals,100 Mile House,BC,51.6376711,-121.2930534,Public Health Agency of Canada
115th residence,Residential and long-term care,Dawson Creek,BC,55.7455893,-120.2501096,Province of British Columbia
11a home,Residential and long-term care,Delta,BC,49.0241528,-123.0812712,Province of British Columbia
1220 east 14th,Residential and long-term care,North Vancouver,BC,49.3209903,-123.0404142,Province of British Columbia
122nd avenue home,Residential and long-term care,Maple Ridge,BC,49.2244182,-122.6062374,Province of British Columbia
123 walk-in clinic,Clinics and ambulatory care,Abbotsford,BC,49.051786,-122.315463,Province of British Columbia
123rd home,Residential and long-term care,Maple Ridge,BC,49.2259116,-122.6427073,Province of British Columbia
13333 - 20th avenue,Residential and long-term care,Surrey,BC,49.038953,-122.852582,Province of British Columbia
1416 residence,Residential and long-term care,Dawson Creek,BC,55.759787,-120.242,Province of British Columbia
17th street home,Residential and long-term care,Vernon,BC,50.273778,-119.255517,Province of British Columbia
1985 treelane road,Residential and long-term care,Campbell River,BC,50.025908,-125.27372,Province of British Columbia
1990 treelane road,Residential and long-term care,Campbell River,BC,50.026306,-125.27363,Province of British Columbia
216a street,Residential and long-term care,Langley,BC,49.1658526,-122.6236643,Province of British Columbia
227th home,Residential and long-term care,Maple Ridge,BC,49.2346071,-122.5944504,Province of British Columbia
25th avenue group home,Residential and long-term care,Salmon Arm,BC,50.7177569,-119.2529612,Province of British Columbia
29th street house,,Castlegar,BC,49.2759644,-117.6461235,Province of British Columbia
30th street group home,Residential and long-term care,Salmon Arm,BC,50.708592,-119.2511272,Province of British Columbia
3381 worthington,Residential and long-term care,Vancouver,BC,49.2551157,-123.0327623,Province of British Columbia
35th avenue home,Residential and long-term care,Vernon,BC,50.2664676,-119.2434272,Province of British Columbia
38th avenue group home,Residential and long-term care,Vancouver,BC,49.2364595,-123.0949445,Province of British Columbia
47th avenue residence,Residential and long-term care,Vancouver,BC,49.2279307,-123.070041,Province of British Columbia
4th street home,Residential and long-term care,Cranbrook,BC,49.5156951,-115.7487471,Province of British Columbia
58th avenue home,Residential and long-term care,Abbotsford,BC,49.107193,-122.415845,Province of British Columbia
5960 angus place,Residential and long-term care,Surrey,BC,49.110777,-122.747127,Province of British Columbia
5984 - 191a street,Residential and long-term care,Surrey,BC,49.1106832,-122.691835,Province of British Columbia
6655a and 6655b arlington street,Residential and long-term care,Vancouver,BC,49.222888,-123.029207,Province of British Columbia
6699 arlington,Residential and long-term care,Vancouver,BC,49.222641,-123.029465,Province of British Columbia
7th street,Residential and long-term care,Cranbrook,BC,49.5020649,-115.7749363,Province of British Columbia
88th,Residential and long-term care,Langley,BC,49.1623587,-122.5823423,Province of British Columbia
917 foster,Residential and long-term care,Coquitlam,BC,49.2565375,-122.8710548,Province of British Columbia
92a street house,Residential and long-term care,Fort St John,BC,56.2337165,-120.8340087,Province of British Columbia
9511 steveston highway,Residential and long-term care,Richmond,BC,49.1337379,-123.1212091,Province of British Columbia
95th avenue residence,Residential and long-term care,Dawson Creek,BC,55.7674715,-120.249386,Province of British Columbia
abbotsford regional hospital and cancer care,Hospitals,Abbotsford,BC,49.041893,-122.295136,Public Health Agency of Canada
abbotsford regional hospital and cancer centre,Hospitals,Abbotsford,BC,49.037872,-122.312854,Public Health Agency of Canada
abbotsford village medical clinic,Clinics and ambulatory care,Abbotsford,BC,49.038729,-122.269714,Province of British Columbia
abbott house,Residential and long-term care,Duncan,BC,48.850301,-123.71504,Province of British Columbia
abby central medical and dental clinic,Clinics and ambulatory care,Abbotsford,BC,49.0541,-122.3176,Province of British Columbia
aberdeen hospital - victoria,Hospitals,Victoria,BC,48.4418999,-123.343,Public Health Agency of Canada
able care medical clinic,Clinics and ambulatory care,Coquitlam,BC,49.277419,-122.795021,Province of British Columbia
acacia ty mawr,Residential and long-term care,Shawnigan Lake,BC,48.649871,-123.62358,Province of British Columbia
acropolis manor,Residential and long-term care,Prince Rupert,BC,54.304055,-130.33,Province of British Columbia
adanac house,Residential and long-term care,Victoria,BC,48.4350268,-123.3317071,Province of British Columbia
adanac park lodge,Residential and long-term care,Vancouver,BC,49.2770771,-123.0245958,Province of British Columbia
adrian house,Residential and long-term care,Burnaby,BC,49.2756077,-122.9836654,Province of British Columbia
agassiz seniors community,Residential and long-term care,Agassiz,BC,49.2335015,-121.7681608,Province of British Columbia
airport way medical clinic,Clinics and ambulatory care,Fort Nelson,BC,58.80862,-122.6934,Province of British Columbia
alder house,Residential and long-term care,Vancouver,BC,49.2461756,-123.0655383,Province of British Columbia
alder medical centre,Clinics and ambulatory care,Campbell River,BC,50.007502,-125.241145,Province of British Columbia
alder medical clinic,Clinics and ambulatory care,100 Mile House,BC,51.6391635,-121.2962013,Province of British Columbia
alexis home,Residential and long-term care,Kamloops,BC,50.701098,-120.3833093,Province of British Columbia
alfred adult residential,Residential and long-term care,Smithers,BC,54.776614,-127.17154,Province of British Columbia
alice lake place group home,Residential and long-term care,Coquitlam,BC,49.2551287,-122.813081,Province of British Columbia
allwood medical centre,Clinics and ambulatory care,Abbotsford,BC,49.051728,-122.319815,Province of British Columbia
altesse,Residential and long-term care,Burnaby,BC,49.2343917,-123.0214555,Province of British Columbia
amadeus residence,Residential and long-term care,Victoria,BC,48.392091,-123.53762,Province of British Columbia
amelia house,Residential and long-term care,Sidney,BC,48.6589243,-123.4037832,Province of British Columbia
amica at edgemont village,Residential and long-term care,North Vancouver,BC,49.33829,-123.101,Province of British Columbia
amica douglas house,Residential and long-term care,Victoria,BC,48.410418,-123.3692,Province of British Columbia
amica lions gate,Residential and long-term care,West Vancouver,BC,49.3313851,-123.135713,Province of British Columbia
amica on the gorge,Residential and long-term care,Victoria,BC,48.453413,-123.41963,Province of British Columbia
amica west vancouver,Residential and long-term care,West Vancouver,BC,49.3285716,-123.1332044,Province of British Columbia
amica white rock,Residential and long-term care,Surrey,BC,49.0313306,-122.7979716,Province of British Columbia
ananda house,Residential and long-term care,Vancouver,BC,49.263484,-123.079,Province of British Columbia
ancron medical centre,Clinics and ambulatory care,Nelson,BC,49.491628,-117.294835,Province of British Columbia
apple gate respite home,Residential and long-term care,Campbell River,BC,49.961599,-125.22528,Province of British Columbia
apple plaza walk-in clinic,Clinics and ambulatory care,Penticton,BC,49.47786,-119.5822,Province of British Columbia
applecross,Residential and long-term care,Nanaimo,BC,49.241761,-124.04279,Province of British Columbia
aquarius medical clinic,Clinics and ambulatory care,Vancouver,BC,49.273776,-123.120741,Province of British Columbia
arborwynd,Residential and long-term care,Maple Ridge,BC,49.2051508,-122.4709799,Province of British Columbia
arbour cottage,Residential and long-term care,Ladysmith,BC,48.9920971,-123.8145297,Province of British Columbia
arc en ciel,Residential and long-term care,Victoria,BC,48.4473046,-123.385387,Province of British Columbia
archway community services,Clinics and ambulatory care,Abbotsford,BC,49.053349,-122.32308,Province of British Columbia
archway house,Residential and long-term care,Surrey,BC,49.1102944,-122.7568634,Province of British Columbia
argyll lodge,Residential and long-term care,Surrey,BC,49.158058,-122.297122,Province of British Columbia
arrow lakes hospital,Hospitals,Nakusp,BC,50.2382819,-117.7959708,Public Health Agency of Canada
arrowsmith lodge,Residential and long-term care,Parksville,BC,49.316385,-124.32359,Province of British Columbia
ashcroft and district hospital and community health centre,Hospitals,Ashcroft,BC,50.7347718,-121.2801628,Public Health Agency of Canada
ashcroft hospital and community health care centre,Hospitals,Ashcroft,BC,50.734772,-121.280163,Province of British Columbia
ashley home,Residential and long-term care,Abbotsford,BC,49.042617,-122.313256,Province of British Columbia
ashnola at the crossing,Residential and long-term care,Keremeos,BC,49.220572,-119.953199,Province of British Columbia
aster house,Residential and long-term care,Surrey,BC,49.037309,-122.789768,Province of British Columbia
augustine house,Residential and long-term care,Delta,BC,49.0730448,-123.0769909,Province of British Columbia
avecina medical clinic,Clinics and ambulatory care,Langley,BC,49.10429,-122.6567,Province of British Columbia
avenir memory care at nanaimo,Residential and long-term care,Nanaimo,BC,49.21429,-124.02451,Province of British Columbia
avonlea care centre ltd,Residential and long-term care,Kelowna,BC,49.894147,-119.461716,Province of British Columbia
axis house castlegar,Residential and long-term care,Castlegar,BC,49.282833,-117.651421,Province of British Columbia
axis house williams lake,Residential and long-term care,Williams Lake,BC,52.1100783,-122.1000214,Province of British Columbia
ayre manor,Residential and long-term care,Sooke,BC,48.378338,-123.72716,Province of British Columbia
azure group home,Residential and long-term care,Richmond,BC,49.163382,-123.1552752,Province of British Columbia
bakerview court,Residential and long-term care,Surrey,BC,49.11592,-122.698825,Province of British Columbia
banfield pavilion - vancouver general hospital,Residential and long-term care,Vancouver,BC,49.2611939,-123.1187682,Province of British Columbia
bannister drive residence,Residential and long-term care,Mission,BC,49.1580908,-122.296432,Province of British Columbia
banyan house,Residential and long-term care,Vancouver,BC,49.24762,-123.0333789,Province of British Columbia
barberry lodge,Residential and long-term care,Port Coquitlam,BC,49.2648821,-122.75463,Province of British Columbia
barclay care home ltd.,Residential and long-term care,Port Coquitlam,BC,49.269879,-122.768542,Province of British Columbia
barlynn house,Residential and long-term care,North Vancouver,BC,49.3286133,-123.0398721,Province of British Columbia
barriere house,Residential and long-term care,Barriere,BC,51.1768649,-120.1290682,Province of British Columbia
bayshore home,Residential and long-term care,Chilliwack,BC,49.1007302,-121.9947065,Province of British Columbia
bc children's hospital,Hospitals,Vancouver,BC,49.244569,-123.125683,Province of British Columbia
bc women's hospital and health centre,Hospitals,Vancouver,BC,49.243637,-123.125393,Province of British Columbia
beacon hill villa,Residential and long-term care,Victoria,BC,48.4180655,-123.3670916,Province of British Columbia
beckley farm lodge,Residential and long-term care,Victoria,BC,48.415112,-123.37239,Province of British Columbia
beckman house,Residential and long-term care,Maple Ridge,BC,49.2212835,-122.6220496,Province of British Columbia
bed & breakfast,Residential and long-term care,Victoria,BC,48.460699,-123.36752,Province of British Columbia
bella bella medical clinic,Clinics and ambulatory care,Bella Bella,BC,52.161197,-128.143155,Province of British Columbia
bella coola general hospital,Hospitals,Bella Coola,BC,52.3741762,-126.75795,Public Health Agency of Canada
bella coola medical clinic,Clinics and ambulatory care,Bella Coola,BC,52.373495,-126.757077,Province of British Columbia
belmont residence,Residential and long-term care,Langley,BC,49.0741414,-122.6645132,Province of British Columbia
berkley care centre,Residential and long-term care,North Vancouver,BC,49.312278,-123.006,Province of British Columbia
berman house,Residential and long-term care,Vancouver,BC,49.271922,-123.062,Province of British Columbia
berwick house,Residential and long-term care,Victoria,BC,48.475333,-123.33305,Province of British Columbia
berwick on the lake,Residential and long-term care,Nanaimo,BC,49.21002,-124.00388,Province of British Columbia
berwick on the park,Residential and long-term care,Kamloops,BC,50.6578036,-120.3369705,Province of British Columbia
berwick royal oak,Residential and long-term care,Victoria,BC,48.5035189,-123.3868419,Province of British Columbia
bethayne house,Residential and long-term care,Surrey,BC,49.108379,-122.740143,Province of British Columbia
bethesda abbotsford home,Residential and long-term care,Abbotsford,BC,49.0363142,-122.3077081,Province of British Columbia
bethesda chilcotin home,Residential and long-term care,Abbotsford,BC,49.0710888,-122.3183114,Province of British Columbia
bethesda clearbrook home,Residential and long-term care,Abbotsford,BC,49.0477168,-122.3221005,Province of British Columbia
bethesda langley home,Residential and long-term care,Langley,BC,49.1727066,-122.6550127,Province of British Columbia
bethesda matsqui home,Residential and long-term care,Abbotsford,BC,49.0416172,-122.3166859,Province of British Columbia
bethesda richmond home,Residential and long-term care,Richmond,BC,49.1598783,-123.1400007,Province of British Columbia
bethesda south richmond home,Residential and long-term care,Richmond,BC,49.1340288,-123.1915231,Province of British Columbia
bethesda surrey home,Residential and long-term care,Surrey,BC,49.1989643,-122.770158,Province of British Columbia
bethesda west abbotsford home,Residential and long-term care,Abbotsford,BC,49.199194,-122.770159,Province of British Columbia
bethesda west clearbrook home,Residential and long-term care,Abbotsford,BC,49.0446238,-122.339746,Province of British Columbia
bethesda west richmond,Residential and long-term care,Richmond,BC,49.1399135,-123.1809197,Province of British Columbia
bevan village,Residential and long-term care,Abbotsford,BC,49.0413325,-122.2992395,Province of British Columbia
beverly medical clinic,Clinics and ambulatory care,Duncan,BC,48.785745,-123.708003,Province of British Columbia
beyond health and medical centre,Clinics and ambulatory care,Surrey,BC,49.11913,-122.6903,Province of British Columbia
birch lodge,Residential and long-term care,Coldstream,BC,50.2203239,-119.1493654,Province of British Columbia
birch station,Residential and long-term care,Richmond,BC,49.1553185,-123.1682267,Province of British Columbia
birchview residences,Residential and long-term care,Prince George,BC,53.999924,-122.8011,Province of British Columbia
birchwood house,Residential and long-term care,Vancouver,BC,49.250434,-123.151,Province of British Columbia
birchwood place,Residential and long-term care,Thornhill,BC,54.51652,-128.54583,Province of British Columbia
bissette,Residential and long-term care,Kamloops,BC,50.7616555,-120.3440301,Province of British Columbia
blenheim lodge,Residential and long-term care,Vancouver,BC,49.2572761,-123.1791189,Province of British Columbia
blenkinsop home,Residential and long-term care,Victoria,BC,48.4659403,-123.3503798,Province of British Columbia
blueridge house,Residential and long-term care,North Vancouver,BC,49.3249901,-123.000264,Province of British Columbia
borland medi-clinic,Clinics and ambulatory care,Williams Lake,BC,52.130092,-122.139779,Province of British Columbia
boundary district hospital,Hospitals,Grand Forks,BC,49.030363,-118.467838,Province of British Columbia
boundary hospital,Hospitals,Grand Forks,BC,49.0295499,-118.468238,Public Health Agency of Canada
boundary park medical centre,Clinics and ambulatory care,Surrey,BC,49.118235,-122.890172,Province of British Columbia
bowness residence,Residential and long-term care,Powell River,BC,49.8490901,-124.5073861,Province of British Columbia
bradner house,Residential and long-term care,Abbotsford,BC,49.0586,-122.425236,Province of British Columbia
braemore lodge,Residential and long-term care,Penticton,BC,49.4712603,-119.5812088,Province of British Columbia
brandt's creek mews,Residential and long-term care,Kelowna,BC,49.9200841,-119.4354247,Province of British Columbia
brentwood house,Residential and long-term care,Brentwood Bay,BC,48.5794252,-123.4509233,Province of British Columbia
brentwood medical clinic,Clinics and ambulatory care,Burnaby,BC,49.26859,-123.0008,Province of British Columbia
brickyard medical clinic,Clinics and ambulatory care,Surrey,BC,49.10453,-122.7394,Province of British Columbia
bridge house,Residential and long-term care,Vancouver,BC,49.253717,-123.075,Province of British Columbia
bridgit house,Residential and long-term care,North Vancouver,BC,49.3290462,-123.0766187,Province of British Columbia
britannia lodge,Residential and long-term care,Vancouver,BC,49.2751821,-123.0652695,Province of British Columbia
british columbia children's hospital,Hospitals,Vancouver,BC,49.244268,-123.125479,Public Health Agency of Canada
broadway house,Residential and long-term care,Vancouver,BC,49.2421167,-123.0656713,Province of British Columbia
broadway pentecostal lodge,Residential and long-term care,Vancouver,BC,49.2674372,-123.1343725,Province of British Columbia
broadway station medical clinic,Clinics and ambulatory care,Vancouver,BC,49.26194,-123.069626,Province of British Columbia
brock home,Residential and long-term care,Victoria,BC,48.454613,-123.51876,Province of British Columbia
brocklehurst gemstone care centre,Residential and long-term care,Kamloops,BC,50.6997303,-120.3999925,Province of British Columbia
brookside lodge,Residential and long-term care,Surrey,BC,49.114097,-122.681031,Province of British Columbia
brookswood court,Residential and long-term care,Langley,BC,49.0716323,-122.6690447,Province of British Columbia
brookvale care centre ltd,Residential and long-term care,Kelowna,BC,49.8814543,-119.4932628,Province of British Columbia
bruce house,Residential and long-term care,Penticton,BC,49.4780038,-119.5894259,Province of British Columbia
brydon house,Residential and long-term care,Langley,BC,49.1035697,-122.6782902,Province of British Columbia
buckingham house,Residential and long-term care,Burnaby,BC,49.2268549,-122.9509928,Province of British Columbia
buena vista lodge ltd,Residential and long-term care,White Rock,BC,49.0242352,-122.803626,Province of British Columbia
bulkley lodge,Residential and long-term care,Smithers,BC,54.779299,-127.15819,Province of British Columbia
bulkley valley district hospital,Hospitals,Smithers,BC,54.785021,-127.163422,Public Health Agency of Canada
burde street residence,Residential and long-term care,Port Alberni,BC,49.241643,-124.77894,Province of British Columbia
burden residential home,Residential and long-term care,Prince George,BC,53.908657,-122.77614,Province of British Columbia
burnaby hospital,Hospitals,Burnaby,BC,49.2494788,-123.0157868,Public Health Agency of Canada
burnside family medical clinic,Clinics and ambulatory care,Victoria,BC,48.45081,-123.387382,Province of British Columbia
burnside home,Residential and long-term care,Victoria,BC,48.460042,-123.39956,Province of British Columbia
byron house,Residential and long-term care,Vancouver,BC,49.256752,-123.093,Province of British Columbia
c & e home,Residential and long-term care,North Vancouver,BC,49.332392,-123.085,Province of British Columbia
cabeldu,Residential and long-term care,Delta,BC,49.1204814,-122.9062557,Province of British Columbia
caledonian clinic,Clinics and ambulatory care,Nanaimo,BC,49.234503,-124.026347,Province of British Columbia
camille house,Residential and long-term care,Vancouver,BC,49.2577746,-123.1054368,Province of British Columbia
campbell,Residential and long-term care,Prince George,BC,53.900246,-122.80605,Province of British Columbia
campbell home,Residential and long-term care,Maple Ridge,BC,49.2254665,-122.6634862,Province of British Columbia
campbell house,Residential and long-term care,Maple Ridge,BC,49.2241206,-122.629491,Province of British Columbia
campbell river and district general hospital,Hospitals,Campbell River,BC,50.01105,-125.242311,Canadian Institute for Health Information
campbell river and district regional hospital,Hospitals,Campbell River,BC,50.009834,-125.242771,Public Health Agency of Canada
campbell street group home,Residential and long-term care,Duncan,BC,48.783462,-123.70701,Province of British Columbia
camsell house,Residential and long-term care,Richmond,BC,49.1698215,-123.1558957,Province of British Columbia
canalta residence,Residential and long-term care,Dawson Creek,BC,55.750662,-120.25726,Province of British Columbia
canway medical centre,Clinics and ambulatory care,Burnaby,BC,49.254122,-122.98946,Province of British Columbia
capilano care centre,Residential and long-term care,West Vancouver,BC,49.329066,-123.13,Province of British Columbia
capilano house,Residential and long-term care,North Vancouver,BC,49.3511,-123.107354,Province of British Columbia
capilano road,Residential and long-term care,North Vancouver,BC,49.3532103,-123.1074121,Province of British Columbia
caramillo heights,Residential and long-term care,Kelowna,BC,49.9086172,-119.4621133,Province of British Columbia
care point medical and wellness clinics,Clinics and ambulatory care,Vancouver,BC,49.270184,-123.069821,Province of British Columbia
carefiniti health corporation,Clinics and ambulatory care,North Vancouver,BC,49.323719,-123.109974,Province of British Columbia
caremart medical,Clinics and ambulatory care,Coquitlam,BC,49.2809,-122.7989,Province of British Columbia
careplace medical centre,Clinics and ambulatory care,Surrey,BC,49.16775,-122.7998,Province of British Columbia
carey house,Residential and long-term care,Victoria,BC,48.4825802,-123.4007389,Province of British Columbia
cariboo memorial hospital,Hospitals,Williams Lake,BC,52.137421,-122.143656,Province of British Columbia
cariboo memorial hospital and health centre,Hospitals,Williams Lake,BC,52.13747,-122.143729,Public Health Agency of Canada
cariboo place,Residential and long-term care,Williams Lake,BC,52.1311279,-122.141753,Province of British Columbia
carlton gardens care centre,Residential and long-term care,Burnaby,BC,49.2550436,-123.0128497,Province of British Columbia
carnation house,Residential and long-term care,North Vancouver,BC,49.3183187,-123.0045886,Province of British Columbia
carolina house,Residential and long-term care,Vancouver,BC,49.2488302,-123.0917117,Province of British Columbia
carson house,Residential and long-term care,Burnaby,BC,49.2096828,-122.9894056,Province of British Columbia
cartier house care centre,Residential and long-term care,Coquitlam,BC,49.241712,-122.8528962,Province of British Columbia
cartref,Residential and long-term care,Victoria,BC,48.47379,-123.35158,Province of British Columbia
caspers way home,Residential and long-term care,Nanaimo,BC,49.177513,-123.98626,Province of British Columbia
castlegar house,Residential and long-term care,Castlegar,BC,49.2682638,-117.6459263,Province of British Columbia
castleview care centre,Residential and long-term care,Castlegar,BC,49.2881065,-117.6624447,Province of British Columbia
catherine house,Residential and long-term care,Coquitlam,BC,49.2701637,-122.8758933,Province of British Columbia
caulfield village medical clinic,Clinics and ambulatory care,West Vancouver,BC,49.35045,-123.2545,Province of British Columbia
cdscl 25th avenue,Residential and long-term care,Creston,BC,49.0886024,-116.4952898,Province of British Columbia
cdscl orchard house,Residential and long-term care,Creston,BC,49.0881948,-116.5151824,Province of British Columbia
cdscl purcell place,Residential and long-term care,Creston,BC,49.089596,-116.504221,Province of British Columbia
cedar care clinic,Clinics and ambulatory care,Mission,BC,49.133045,-122.327389,Province of British Columbia
cedars at cobble hill,Residential and long-term care,Cobble Hill,BC,48.698088,-123.6009,Province of British Columbia
cedarvale (east),Residential and long-term care,Maple Ridge,BC,49.2169929,-122.5669671,Province of British Columbia
cedarview lodge,Residential and long-term care,North Vancouver,BC,49.326053,-123.04,Province of British Columbia
celebration & rainbow manor,Residential and long-term care,Surrey,BC,49.186507,-122.77991,Province of British Columbia
central city lodge,Residential and long-term care,Vancouver,BC,49.2831332,-123.1119351,Province of British Columbia
central okanagan hospice house,Residential and long-term care,Kelowna,BC,49.8775979,-119.4818967,Province of British Columbia
central saanich house,Residential and long-term care,Saanichton,BC,48.563341,-123.40322,Province of British Columbia
central saanich medical clinic,Clinics and ambulatory care,Saanichton,BC,48.594726,-123.418858,Province of British Columbia
cerwydden care centre,Residential and long-term care,Duncan,BC,48.790277,-123.73317,Province of British Columbia
chadsey house,Residential and long-term care,Chilliwack,BC,49.1367191,-121.9733436,Province of British Columbia
champlain house,Residential and long-term care,Vancouver,BC,49.222657,-123.048,Province of British Columbia
chapman house,Residential and long-term care,Sechelt,BC,49.440467,-123.718,Province of British Columbia
charles street group home,Residential and long-term care,Vancouver,BC,49.2735362,-123.0314326,Province of British Columbia
charlford house,Residential and long-term care,Burnaby,BC,49.2718494,-122.9623947,Province of British Columbia
chartwell malaspina care residence,Residential and long-term care,Nanaimo,BC,49.129687,-123.92464,Province of British Columbia
chelsey house 2003 ltd,Residential and long-term care,Langley,BC,49.0849489,-122.6241638,Province of British Columbia
chemainus health care centre,Hospitals,Chemainus,BC,48.927226,-123.715913,Public Health Agency of Canada
cherington place,Residential and long-term care,Surrey,BC,49.205653,-122.849334,Province of British Columbia
chester house,Residential and long-term care,Vancouver,BC,49.2366929,-123.0889024,Province of British Columbia
chestnut house,Residential and long-term care,Delta,BC,49.0860239,-123.0685534,Province of British Columbia
chetwynd general hospital and health centre,Hospitals,Chetwynd,BC,55.696217,-121.644705,Public Health Agency of Canada
chetwynd hospital and health centre,Hospitals,Chetwynd,BC,55.695633,-121.645304,Canadian Institute for Health Information
chetwynd primary care clinic,Clinics and ambulatory care,Chetwynd,BC,55.69561,-121.6306,Province of British Columbia
children's and women's health centre of british columbia,Hospitals,Vancouver,BC,49.246128,-123.127523,Canadian Institute for Health Information
chilliwack general hospital,Hospitals,Chilliwack,BC,49.1669926,-121.963068,Public Health Agency of Canada
chilliwack lifestyles willow manor,Residential and long-term care,Chilliwack,BC,49.128984,-121.959427,Province of British Columbia
chopra addiction & wellness center,Residential and long-term care,Squamish,BC,49.831259,-123.151,Province of British Columbia
christel house,Residential and long-term care,Delta,BC,49.152412,-122.897278,Province of British Columbia
christenson village,Residential and long-term care,Gibsons,BC,49.4045,-123.519,Province of British Columbia
city view,Residential and long-term care,Dawson Creek,BC,55.767859,-120.2317,Province of British Columbia
civic family health centre,Clinics and ambulatory care,Surrey,BC,49.162652,-122.846488,Province of British Columbia
classic homestead - south,Residential and long-term care,Langley,BC,49.06356,-122.680175,Province of British Columbia
clayton heights medical clinic,Clinics and ambulatory care,Surrey,BC,49.12821,-122.7067,Province of British Columbia
clayton house,Residential and long-term care,North Saanich,BC,48.680171,-123.46226,Province of British Columbia
clover care medical clinic,Clinics and ambulatory care,Surrey,BC,49.10265,-122.7301,Province of British Columbia
clover point care,Residential and long-term care,Victoria,BC,48.4096733,-123.3542325,Province of British Columbia
cloverhill medical clinic,Clinics and ambulatory care,Surrey,BC,49.118604,-122.711505,Province of British Columbia
cloverley house,Residential and long-term care,North Vancouver,BC,49.3130596,-123.0461745,Province of British Columbia
coach house square medical clinic,Clinics and ambulatory care,100 Mile House,BC,51.64667,-121.2951,Province of British Columbia
coal harbour health centre,Clinics and ambulatory care,Vancouver,BC,49.288023,-123.123848,Province of British Columbia
coast magnolia house,Residential and long-term care,Vancouver,BC,49.2539535,-123.0886298,Province of British Columbia
coast medical,Clinics and ambulatory care,Whistler,BC,50.12038,-122.956058,Province of British Columbia
coast west,Residential and long-term care,Vancouver,BC,49.269211,-123.181,Province of British Columbia
cochrane house,Residential and long-term care,Coquitlam,BC,49.2521843,-122.8878045,Province of British Columbia
colebrookâ medical clinic,Clinics and ambulatory care,Surrey,BC,49.103543,-122.799043,Province of British Columbia
coleman street group home,Residential and long-term care,North Vancouver,BC,49.3504116,-123.0254987,Province of British Columbia
collingwood house,Residential and long-term care,Vancouver,BC,49.2393253,-123.026247,Province of British Columbia
columbia garden care village,Residential and long-term care,Invermere,BC,50.5076471,-116.0331677,Province of British Columbia
columbia house,Residential and long-term care,New Westminster,BC,49.2258399,-122.8939774,Province of British Columbia
columbia view lodge,Residential and long-term care,Trail,BC,49.09953,-117.6793694,Province of British Columbia
columbus residence,Residential and long-term care,Vancouver,BC,49.208775,-123.121,Province of British Columbia
colwood medical treatment centre,Clinics and ambulatory care,Victoria,BC,48.441188,-123.470525,Province of British Columbia
colwyn house,Residential and long-term care,Campbell River,BC,50.016425,-125.2430295,Province of British Columbia
commercial drive medical clinic,Clinics and ambulatory care,Vancouver,BC,49.271111,-123.069667,Province of British Columbia
community connections eighth street home,Residential and long-term care,Revelstoke,BC,50.9881555,-118.1896244,Province of British Columbia
community connections second street home,Residential and long-term care,Revelstoke,BC,51.0028574,-118.2035386,Province of British Columbia
community living society - neville house,Residential and long-term care,Burnaby,BC,49.2136422,-122.9808733,Province of British Columbia
como lake house,Residential and long-term care,Coquitlam,BC,49.2637783,-122.8514678,Province of British Columbia
comox valley medical clinic,Clinics and ambulatory care,Courtenay,BC,49.667209,-124.981057,Province of British Columbia
comox valley seniors village,Residential and long-term care,Courtenay,BC,49.702595,-124.99339,Province of British Columbia
connect lake country,Residential and long-term care,Lake Country,BC,50.0482249,-119.4033009,Province of British Columbia
continuum medical care,Clinics and ambulatory care,West Vancouver,BC,49.328644,-123.16017,Province of British Columbia
cook and quadra medical clinic,Clinics and ambulatory care,Victoria,BC,48.455102,-123.357643,Province of British Columbia
cook avenue,Residential and long-term care,Maple Ridge,BC,49.2199007,-122.6343005,Province of British Columbia
cook road medical clinic,Clinics and ambulatory care,Richmond,BC,49.166673,-123.134096,Province of British Columbia
coopershawk court,Residential and long-term care,Surrey,BC,49.150452,-122.828694,Province of British Columbia
corless crescent,Residential and long-term care,Prince George,BC,53.930081,-122.80623,Province of British Columbia
cormorant island community health centre,Clinics and ambulatory care,Alert Bay,BC,50.594,-126.943046,Province of British Columbia
cormorant island health centre,Hospitals,Alert Bay,BC,50.594297,-126.9423575,Public Health Agency of Canada
coronation home,Residential and long-term care,Kelowna,BC,49.8923387,-119.4793851,Province of British Columbia
cottage hospice,Residential and long-term care,Vancouver,BC,49.29107,-123.06,Province of British Columbia
cottonwood medical clinic,Clinics and ambulatory care,Maple Ridge,BC,49.22069,-122.561484,Province of British Columbia
country squire retirement villa,Residential and long-term care,Osoyoos,BC,49.0422212,-119.4731812,Province of British Columbia
courtyard gardens,Residential and long-term care,Richmond,BC,49.162097,-123.1441684,Province of British Columbia
cowichan district hospital,Hospitals,Duncan,BC,48.7850092,-123.7233231,Public Health Agency of Canada
cowichan way clinic,Clinics and ambulatory care,Duncan,BC,48.774515,-123.704014,Province of British Columbia
craigdarroch care home,Residential and long-term care,Victoria,BC,48.422818,-123.34522,Province of British Columbia
"crawford manor (""a"")",Residential and long-term care,Surrey,BC,49.1845991,-122.8673672,Province of British Columbia
creekside landing,Residential and long-term care,Vernon,BC,50.2465633,-119.3223493,Province of British Columbia
crescent gardens,Residential and long-term care,Surrey,BC,49.024671,-122.765236,Province of British Columbia
cresst,Residential and long-term care,Abbotsford,BC,49.045199,-122.2903273,Province of British Columbia
cresst - south fraser,Residential and long-term care,Surrey,BC,49.1806892,-122.8476199,Province of British Columbia
crest view care village,Residential and long-term care,Creston,BC,49.1043599,-116.5157147,Province of British Columbia
crestlene lodge ltd,Residential and long-term care,Delta,BC,49.1593008,-122.8997933,Province of British Columbia
creston valley hospital,Hospitals,Creston,BC,49.0987024,-116.5083103,Public Health Agency of Canada
creston valley hospital and health centre,Hospitals,Creston,BC,49.098702,-116.508309,Province of British Columbia
"cridge brain injury residence, the",Residential and long-term care,Victoria,BC,48.47524,-123.41437,Province of British Columbia
cristina home,Residential and long-term care,Surrey,BC,49.162594,-122.825181,Province of British Columbia
crofton house,Residential and long-term care,Powell River,BC,49.8366104,-124.522959,Province of British Columbia
crofton manor,Residential and long-term care,Vancouver,BC,49.23535,-123.168,Province of British Columbia
cross roads clinics,Clinics and ambulatory care,Vancouver,BC,49.263314,-123.115352,Province of British Columbia
crossroads,Residential and long-term care,Vancouver,BC,49.2679436,-123.1833749,Province of British Columbia
crossroads inlet centre hospice,Residential and long-term care,Port Moody,BC,49.284775,-122.8279927,Province of British Columbia
croydon villa,Residential and long-term care,Surrey,BC,49.053692,-122.793128,Province of British Columbia
cumberland house,Residential and long-term care,Burnaby,BC,49.2320214,-122.9185116,Province of British Columbia
cummings home,Residential and long-term care,Courtenay,BC,49.6903919,-124.9536777,Province of British Columbia
curzon house,Residential and long-term care,Richmond,BC,49.1559857,-123.1511773,Province of British Columbia
dania home,Residential and long-term care,Burnaby,BC,49.247584,-122.975187,Province of British Columbia
david lloyd jones home,Residential and long-term care,Kelowna,BC,49.8869222,-119.4815286,Province of British Columbia
davis drive,Residential and long-term care,Prince George,BC,53.875346,-122.78297,Province of British Columbia
davison,Residential and long-term care,Pitt Meadows,BC,49.227708,-122.683004,Province of British Columbia
dawson creek and district hospital,Hospitals,Dawson Creek,BC,55.7496332,-120.2358095,Public Health Agency of Canada
dawson medical clinic,Clinics and ambulatory care,Burnaby,BC,49.264467,-123.011697,Province of British Columbia
decaire house,Residential and long-term care,Coquitlam,BC,49.2487285,-122.8503737,Province of British Columbia
deer lake house,Residential and long-term care,Burnaby,BC,49.2285197,-122.9643376,Province of British Columbia
deertrail cottage,Residential and long-term care,Duncan,BC,48.838219,-123.64988,Province of British Columbia
delbruck house,Residential and long-term care,Nelson,BC,49.4813964,-117.2877274,Province of British Columbia
delta hospital,Hospitals,Delta,BC,49.0856773,-123.0618836,Public Health Agency of Canada
delta house,Residential and long-term care,Delta,BC,49.1377685,-122.9004883,Province of British Columbia
delta lodge,Residential and long-term care,Delta,BC,49.1699318,-122.9145102,Province of British Columbia
delta medical center,Clinics and ambulatory care,Delta,BC,49.09232,-123.085306,Province of British Columbia
denman medical centre,Clinics and ambulatory care,Vancouver,BC,49.287963,-123.141131,Province of British Columbia
denning health group,Clinics and ambulatory care,Surrey,BC,49.18544,-122.8474,Province of British Columbia
discovery harbour care centre,Residential and long-term care,Campbell River,BC,50.029604,-125.25371,Province of British Columbia
discovery medical clinic,Clinics and ambulatory care,Campbell River,BC,50.03209,-125.2611,Province of British Columbia
dixon place home,Residential and long-term care,Vernon,BC,50.2790503,-119.22541,Province of British Columbia
dobie house,Residential and long-term care,Vernon,BC,50.2665627,-119.2651516,Province of British Columbia
doc-side medical,Clinics and ambulatory care,Vancouver,BC,49.28098,-123.0901,Province of British Columbia
dogwood house,Residential and long-term care,Duncan,BC,48.781263,-123.7179264,Province of British Columbia
dogwood lodge,Residential and long-term care,Vancouver,BC,49.218578,-123.118,Province of British Columbia
doman house,Residential and long-term care,Vancouver,BC,49.2203849,-123.0371915,Province of British Columbia
douglas care community,Residential and long-term care,Victoria,BC,48.4110201,-123.3702758,Province of British Columbia
douglas house,Residential and long-term care,Victoria,BC,48.411065,-123.37902,Province of British Columbia
dover house intermediate care facility,Residential and long-term care,Nanaimo,BC,49.234198,-124.03401,Province of British Columbia
down's residence,Residential and long-term care,Vernon,BC,50.2746532,-119.2497058,Province of British Columbia
dr. helmcken memorial hospital,Hospitals,Clearwater,BC,51.645446,-120.018267,Province of British Columbia
dr. helmcken memorial hospital and health centre,Hospitals,Clearwater,BC,51.6453419,-120.018183,Public Health Agency of Canada
dr. peter aids foundation (residence),Residential and long-term care,Vancouver,BC,49.281727,-123.13,Province of British Columbia
dufferin group home,Residential and long-term care,Kamloops,BC,50.6590596,-120.3843445,Province of British Columbia
duke house,Residential and long-term care,Vancouver,BC,49.2393317,-123.0497683,Province of British Columbia
dunrovin park lodge,Residential and long-term care,Quesnel,BC,52.979626,-122.48601,Province of British Columbia
dustin house,Residential and long-term care,Victoria,BC,48.514907,-123.38556,Province of British Columbia
duthie avenue,Residential and long-term care,Burnaby,BC,49.2748071,-122.9538731,Province of British Columbia
dwelling place,Residential and long-term care,Nanaimo,BC,49.199663,-124.01516,Province of British Columbia
eagle crescent,Residential and long-term care,Williams Lake,BC,52.1190375,-122.1625031,Province of British Columbia
eagle ridge hospital,Hospitals,Port Moody,BC,49.285505,-122.82358,Public Health Agency of Canada
eagle rock heights,Residential and long-term care,Victoria,BC,48.466336,-123.36825,Province of British Columbia
east 36th house,Residential and long-term care,Vancouver,BC,49.2383527,-123.0986843,Province of British Columbia
east 45th group home,Residential and long-term care,Vancouver,BC,49.2296873,-123.0525228,Province of British Columbia
east 61st community house,Residential and long-term care,Vancouver,BC,49.2146808,-123.0920388,Province of British Columbia
east keith road house,Residential and long-term care,North Vancouver,BC,49.313665,-123.067037,Province of British Columbia
east kootenay regional hospital,Hospitals,Cranbrook,BC,49.512422,-115.749993,Public Health Agency of Canada
eastlawn,Residential and long-term care,Burnaby,BC,49.2739211,-122.9903615,Province of British Columbia
eden care centre,Residential and long-term care,Chilliwack,BC,49.1672383,-121.9419001,Province of British Columbia
eden gardens,Residential and long-term care,Nanaimo,BC,49.191744,-123.98389,Province of British Columbia
edgemont house,Residential and long-term care,North Vancouver,BC,49.3328531,-123.0948838,Province of British Columbia
edgemont medical clinic,Clinics and ambulatory care,Vancouver,BC,49.336925,-123.101618,Province of British Columbia
edgewood,Residential and long-term care,Nanaimo,BC,49.189984,-123.99763,Province of British Columbia
edmonds house,Residential and long-term care,Burnaby,BC,49.2252184,-122.9412436,Province of British Columbia
edwards crossing medical,Clinics and ambulatory care,Chilliwack,BC,49.168184,-121.958392,Province of British Columbia
ehn canada white rock mental health services inc,Residential and long-term care,Surrey,BC,49.048515,-122.797706,Province of British Columbia
eighth avenue group home,Residential and long-term care,Burns Lake,BC,54.2341003,-125.7581811,Province of British Columbia
eightieth avenue house,Residential and long-term care,Delta,BC,49.148372,-122.90575,Province of British Columbia
eleanor house,Residential and long-term care,Abbotsford,BC,49.0392857,-122.266435,Province of British Columbia
elgin house,Residential and long-term care,Surrey,BC,49.055582,-122.822937,Province of British Columbia
elicare medical,Clinics and ambulatory care,Burnaby,BC,49.253444,-122.89804,Province of British Columbia
elivan,Residential and long-term care,Victoria,BC,48.4471823,-123.3844489,Province of British Columbia
eljen medical clinic,Clinics and ambulatory care,Dawson Creek,BC,55.749128,-120.237571,Province of British Columbia
elk valley hospital,Hospitals,Fernie,BC,49.5136918,-115.0560315,Public Health Agency of Canada
ellwood medical clinic,Clinics and ambulatory care,Abbotsford,BC,49.06074,-122.3788,Province of British Columbia
emerald place,Residential and long-term care,Vancouver,BC,49.2845069,-123.0445436,Province of British Columbia
emerge addiction recovery program,Residential and long-term care,Vancouver,BC,49.2831332,-123.1119351,Province of British Columbia
emily house,Residential and long-term care,Burnaby,BC,49.2136236,-122.9979473,Province of British Columbia
english bluff,Residential and long-term care,Delta,BC,49.0260605,-123.0898037,Province of British Columbia
eso court,Residential and long-term care,Kelowna,BC,49.827363,-119.4779984,Province of British Columbia
esquimalt medical clinic,Clinics and ambulatory care,Victoria,BC,48.429952,-123.409936,Province of British Columbia
evergreen care unit,Residential and long-term care,Powell River,BC,49.85059,-124.529,Province of British Columbia
evergreen hamlets at fleetwood,Residential and long-term care,Surrey,BC,49.155213,-122.789853,Province of British Columbia
evergreen house,Residential and long-term care,Coquitlam,BC,49.2662976,-122.8848789,Province of British Columbia
evergreen residence,Residential and long-term care,Abbotsford,BC,49.0536498,-122.3450986,Province of British Columbia
evergreen seniors home,Residential and long-term care,Campbell River,BC,50.007318,-125.24818,Province of British Columbia
f.w. green memorial home,Residential and long-term care,Cranbrook,BC,49.5052761,-115.7573544,Province of British Columbia
fair haven burnaby lodge,Residential and long-term care,Burnaby,BC,49.2152662,-123.0058287,Province of British Columbia
fair haven homes vancouver lodge,Residential and long-term care,Vancouver,BC,49.2253678,-123.0513694,Province of British Columbia
fairfield medical treatment centre,Clinics and ambulatory care,Victoria,BC,48.432404,-123.322827,Province of British Columbia
fairway home,Residential and long-term care,Victoria,BC,48.446099,-123.49386,Province of British Columbia
false creek residence,Residential and long-term care,Vancouver,BC,49.26734,-123.129,Province of British Columbia
family focus,Residential and long-term care,Salt Spring Island,BC,48.873689,-123.56437,Province of British Columbia
felix road,Residential and long-term care,Kelowna,BC,49.9018861,-119.3907555,Province of British Columbia
feltham,Residential and long-term care,Victoria,BC,48.4758034,-123.3258787,Province of British Columbia
ferguson home,Residential and long-term care,Abbotsford,BC,49.0552957,-122.3275505,Province of British Columbia
fernridge place,Residential and long-term care,Langley,BC,49.040491,-122.669881,Province of British Columbia
fifty fourth avenue home,Residential and long-term care,Surrey,BC,49.100283,-122.868452,Province of British Columbia
finnish home,Residential and long-term care,Vancouver,BC,49.2082288,-123.0607454,Province of British Columbia
finnish manor,Residential and long-term care,Burnaby,BC,49.25405,-123.0127488,Province of British Columbia
fir park village,Residential and long-term care,Port Alberni,BC,49.250749,-124.79915,Province of British Columbia
first canadian medical clinic,Clinics and ambulatory care,Surrey,BC,49.191351,-122.80976,Province of British Columbia
firstcare medical centre,Clinics and ambulatory care,Vancouver,BC,49.261542,-123.069778,Province of British Columbia
fischer place,Residential and long-term care,100 Mile House,BC,51.63807,-121.291632,Province of British Columbia
five corners residence,Residential and long-term care,Langley,BC,49.0915519,-122.6283675,Province of British Columbia
flamingo road,Residential and long-term care,Prince George,BC,54.005809,-122.82062,Province of British Columbia
fleet street group home,Residential and long-term care,Coquitlam,BC,49.2634222,-122.8114257,Province of British Columbia
fleetwood house,Residential and long-term care,Surrey,BC,49.173384,-122.776442,Province of British Columbia
fleetwood place,Residential and long-term care,Surrey,BC,49.153895,-122.778049,Province of British Columbia
fletcher 1,Residential and long-term care,Maple Ridge,BC,49.2216885,-122.5919793,Province of British Columbia
foothills medical clinic,Clinics and ambulatory care,Coquitlam,BC,49.293373,-122.755466,Province of British Columbia
foremed clinic,Clinics and ambulatory care,New Westminster,BC,49.204289,-122.905839,Province of British Columbia
forensic psychiatric hospital (forensic psychiatric services commission),Hospitals,Port Coquitlam,BC,49.263318,-123.111417,Public Health Agency of Canada
forglen 5450,Residential and long-term care,Burnaby,BC,49.2349345,-122.9926051,Province of British Columbia
forrest place,Residential and long-term care,Warfield,BC,49.0940859,-117.7475746,Province of British Columbia
forrester house,Residential and long-term care,Victoria,BC,48.443712,-123.32226,Province of British Columbia
fort nelson general hospital,Hospitals,Fort Nelson,BC,58.8089587,-122.70494,Public Health Agency of Canada
fort st. john hospital,Hospitals,Fort St John,BC,56.2561383,-120.816339,Public Health Agency of Canada
fort st. john hospital and health centre,Hospitals,Fort St John,BC,56.24699,-120.842112,Canadian Institute for Health Information
fourth and alma,Residential and long-term care,Vancouver,BC,49.268865,-123.1845142,Province of British Columbia
foyer maillard,Residential and long-term care,Coquitlam,BC,49.2392629,-122.8662457,Province of British Columbia
francis house,Residential and long-term care,Richmond,BC,49.1497112,-123.1472723,Province of British Columbia
fraser canyon clinic,Clinics and ambulatory care,Hope,BC,49.378762,-121.443439,Province of British Columbia
fraser canyon hospital,Hospitals,Hope,BC,49.3768382,-121.424275,Public Health Agency of Canada
fraser highway medical clinic,Clinics and ambulatory care,Aldergrove,BC,49.05831,-122.4733,Province of British Columbia
fraser supported community living,Residential and long-term care,Langley City,BC,49.0887548,-122.6516108,Province of British Columbia
fraser valley detox and treatment centre,Residential and long-term care,Abbotsford,BC,49.1239695,-122.4160247,Province of British Columbia
fraserside residence,Residential and long-term care,Burnaby,BC,49.2134802,-122.9715652,Province of British Columbia
fraserview intermediate care lodge,Residential and long-term care,Richmond,BC,49.1398092,-123.1174766,Province of British Columbia
frederick road,Residential and long-term care,North Vancouver,BC,49.3416966,-123.0440175,Province of British Columbia
fruitvale house,Residential and long-term care,Fruitvale,BC,49.1122882,-117.5435526,Province of British Columbia
fsj acl four-plex,Residential and long-term care,Fort St John,BC,56.248114,-120.85713,Province of British Columbia
g.f. strong rehabilitation centre,Residential and long-term care,Vancouver,BC,49.246789,-123.125415,Public Health Agency of Canada
g.r. baker hospital,Hospitals,Quesnel,BC,52.981739,-122.498817,Province of British Columbia
g.r. baker memorial hospital,Hospitals,Quesnel,BC,52.9814079,-122.4995559,Public Health Agency of Canada
garden manor rest home,Residential and long-term care,Kamloops,BC,50.6729058,-120.3408427,Province of British Columbia
gate house adult care,Residential and long-term care,Cobble Hill,BC,48.681633,-123.60684,Province of British Columbia
gatehouse,Residential and long-term care,Courtenay,BC,49.7129894,-124.9862519,Province of British Columbia
gateway crisis stabilization unit,Residential and long-term care,Williams Lake,BC,52.1383395,-122.1431155,Public Health Agency of Canada
gateway house,Residential and long-term care,Nanaimo,BC,49.196739,-123.99909,Province of British Columbia
gateway lodge complex care,Residential and long-term care,Prince George,BC,53.905864,-122.7543,Province of British Columbia
gaumont residence,Residential and long-term care,Kamloops,BC,50.7086212,-120.3829343,Province of British Columbia
gemini house,Residential and long-term care,Port Coquitlam,BC,49.2542391,-122.7803914,Province of British Columbia
george derby centre,Residential and long-term care,Burnaby,BC,49.233602,-122.916488,Province of British Columbia
george pearson centre,Residential and long-term care,Vancouver,BC,49.21877,-123.121144,Public Health Agency of Canada
georgia house,Residential and long-term care,Delta,BC,49.0905341,-123.0876367,Province of British Columbia
georgia medical clinic,Clinics and ambulatory care,Vancouver,BC,49.292361,-123.134202,Province of British Columbia
german canadian care home,Residential and long-term care,Vancouver,BC,49.2098793,-123.0651145,Province of British Columbia
gibsons medical associates,Clinics and ambulatory care,Gibsons,BC,49.409182,-123.5307,Province of British Columbia
gilley house,Residential and long-term care,Burnaby,BC,49.2089907,-122.9733811,Province of British Columbia
gilley residence,Residential and long-term care,Parksville,BC,49.341872,-124.38007,Province of British Columbia
gillis house,Residential and long-term care,Merritt,BC,50.1075263,-120.7861348,Province of British Columbia
glacier view lodge,Residential and long-term care,Courtenay,BC,49.690363,-124.96434,Province of British Columbia
gladstone house ( l & t services),Residential and long-term care,Vancouver,BC,49.2429944,-123.0635011,Province of British Columbia
gladstone street group home,Residential and long-term care,Vancouver,BC,49.2356384,-123.0623051,Province of British Columbia
glengarry hospital,Hospitals,Victoria,BC,48.4152829,-123.3318857,Public Health Agency of Canada
glenmore lodge,Residential and long-term care,Kelowna,BC,49.9163179,-119.4400778,Province of British Columbia
glenora farm 1 (big house),Residential and long-term care,Duncan,BC,48.743009,-123.77905,Province of British Columbia
glenora farm 2 (helios house),Residential and long-term care,Duncan,BC,48.743009,-123.77905,Province of British Columbia
glenora farm 3 (corwyn house),Residential and long-term care,Duncan,BC,48.743009,-123.77905,Province of British Columbia
glenwood seniors community,Residential and long-term care,Agassiz,BC,49.2308549,-121.7581786,Province of British Columbia
glover medical centre,Clinics and ambulatory care,Langley,BC,49.108106,-122.65072,Province of British Columbia
goldcity walk-in clinic,Clinics and ambulatory care,Quesnel,BC,52.98001,-122.497053,Province of British Columbia
golden and district general hospital,Hospitals,Golden,BC,51.2964827,-116.9666022,Public Health Agency of Canada
golden and district hospital,Hospitals,Golden,BC,51.296792,-116.967372,Province of British Columbia
golden avenue residence,Residential and long-term care,Powell River,BC,49.8396688,-124.5216509,Province of British Columbia
golden grove care facility,Residential and long-term care,Campbell River,BC,49.9486852,-125.206101,Province of British Columbia
good samaritan canada heron grove,Residential and long-term care,Vernon,BC,50.2830685,-119.259139,Province of British Columbia
good samaritan canada village by the station,Residential and long-term care,Penticton,BC,49.485198,-119.596264,Province of British Columbia
"good samaritan canada, mountainview village",Residential and long-term care,Kelowna,BC,49.8620909,-119.4638895,Province of British Columbia
good shepherd lodge,Residential and long-term care,White Rock,BC,49.0245841,-122.8105055,Province of British Columbia
goodlad house,Residential and long-term care,Burnaby,BC,49.229818,-122.940914,Province of British Columbia
gordon head medical treatment centre,Clinics and ambulatory care,Victoria,BC,48.468573,-123.333124,Province of British Columbia
gorge view home,Residential and long-term care,Victoria,BC,48.4465292,-123.3923411,Province of British Columbia
gorse street residence,Residential and long-term care,Prince George,BC,53.905864,-122.7543,Province of British Columbia
goundrey home,Residential and long-term care,Mission,BC,49.158835,-122.27779,Province of British Columbia
gpar # 1,Residential and long-term care,Smithers,BC,54.790499,-127.16713,Province of British Columbia
graceland gates,Residential and long-term care,Langley,BC,49.1216231,-122.5659069,Province of British Columbia
graham avenue residence,Residential and long-term care,Terrace,BC,54.50559,-128.60227,Province of British Columbia
grant house,Residential and long-term care,Sooke,BC,48.373794,-123.74731,Province of British Columbia
grant st. east,Residential and long-term care,Abbotsford,BC,49.0451393,-122.343495,Province of British Columbia
grant st. west,Residential and long-term care,Abbotsford,BC,49.0453384,-122.3443139,Province of British Columbia
granville house,Residential and long-term care,Richmond,BC,49.16006,-123.114,Province of British Columbia
granville medical clinic,Clinics and ambulatory care,Vancouver,BC,49.262912,-123.138565,Province of British Columbia
gray house,Residential and long-term care,Burnaby,BC,49.2206634,-123.0000315,Province of British Columbia
green cross medical clinic and pharmacy,Clinics and ambulatory care,Surrey,BC,49.117839,-122.756821,Province of British Columbia
greenlea group home,Residential and long-term care,Victoria,BC,48.494161,-123.3936,Province of British Columbia
greenridge place,Residential and long-term care,Victoria,BC,48.466465,-123.36852,Province of British Columbia
greenwoods,Residential and long-term care,Salt Spring Island,BC,48.861709,-123.51033,Province of British Columbia
greystone,Residential and long-term care,Pitt Meadows,BC,49.2271727,-122.6854977,Province of British Columbia
grief point residence,Residential and long-term care,Powell River,BC,49.8095,-124.523809,Province of British Columbia
grosvenor house,Residential and long-term care,Victoria,BC,48.4424098,-123.3466641,Province of British Columbia
guildford medical clinic,Clinics and ambulatory care,Surrey,BC,49.191481,-122.815324,Province of British Columbia
guildford seniors village,Residential and long-term care,Surrey,BC,49.192422,-122.8183,Province of British Columbia
gvcss - steveston group home,Residential and long-term care,Richmond,BC,49.1337709,-123.1096721,Province of British Columbia
gvcss - williams road home,Residential and long-term care,Richmond,BC,49.1413308,-123.1724487,Province of British Columbia
haida gwaii hospital and health centre,Hospitals,Queen Charlotte,BC,53.254868,-132.070526,Province of British Columbia
haida house,Residential and long-term care,Victoria,BC,48.424436,-123.50331,Province of British Columbia
hammond place,Residential and long-term care,Nanaimo,BC,49.231449,-123.987,Province of British Columbia
happy rock,Residential and long-term care,Victoria,BC,48.449087,-123.39385,Province of British Columbia
hardy view lodge,Residential and long-term care,Grand Forks,BC,49.030261,-118.467798,Province of British Columbia
harmony court care centre,Residential and long-term care,Burnaby,BC,49.224537,-122.942499,Province of British Columbia
harmony house,Residential and long-term care,Nanaimo,BC,49.166974,-124.00225,Province of British Columbia
haro park centre,Residential and long-term care,Vancouver,BC,49.285771,-123.129,Province of British Columbia
harrison at elim village,Residential and long-term care,Surrey,BC,49.1669154,-122.7813251,Province of British Columbia
hart house,Residential and long-term care,Victoria,BC,48.415057,-123.32531,Province of British Columbia
hastings sunrise medical clinic,Clinics and ambulatory care,Vancouver,BC,49.280892,-123.058284,Province of British Columbia
haven hill retirement centre,Residential and long-term care,Penticton,BC,49.497463,-119.58078,Province of British Columbia
hawthorn house,Residential and long-term care,Vernon,BC,50.2529045,-119.3020415,Province of British Columbia
hawthorne,Residential and long-term care,Victoria,BC,48.4877589,-123.3304573,Province of British Columbia
hazelmere lodge ltd.,Residential and long-term care,Surrey,BC,49.031543,-122.683476,Province of British Columbia
hazelton residence,Residential and long-term care,Prince George,BC,53.898272,-122.73829,Province of British Columbia
health and home care society of british columbia,Residential and long-term care,Vancouver,BC,49.224896,-123.051,Province of British Columbia
healthvue medical clinic,Clinics and ambulatory care,Richmond,BC,49.184268,-123.09342,Province of British Columbia
healthway medical clinic,Clinics and ambulatory care,Langley,BC,49.106097,-122.662619,Province of British Columbia
hearthstone manor,Residential and long-term care,Vernon,BC,50.2622598,-119.2899179,Province of British Columbia
hedgerow home,Residential and long-term care,North Saanich,BC,48.6890683,-123.4290504,Province of British Columbia
henry house,Residential and long-term care,Sidney,BC,48.6534718,-123.4012506,Province of British Columbia
henry m. durand manor,Residential and long-term care,Golden,BC,51.296731,-116.967649,Province of British Columbia
heritage square,Residential and long-term care,Vernon,BC,50.270687,-119.26823,Province of British Columbia
highgate medical clinic,Clinics and ambulatory care,Burnaby,BC,49.218204,-122.955384,Province of British Columbia
highridge house,Residential and long-term care,Kamloops,BC,50.7091717,-120.383846,Province of British Columbia
highroads medical clinics,Clinics and ambulatory care,Kelowna,BC,49.83911,-119.6125,Province of British Columbia
highrock house,Residential and long-term care,Victoria,BC,48.433733,-123.40154,Province of British Columbia
hillside centre,Residential and long-term care,Kamloops,BC,50.6701949,-120.3345924,Public Health Agency of Canada
hillside home,Residential and long-term care,Abbotsford,BC,49.055155,-122.296419,Province of British Columbia
hillside lodge ltd,Residential and long-term care,Surrey,BC,49.195422,-122.873663,Province of British Columbia
hillside medical clinic,Clinics and ambulatory care,Kelowna,BC,49.901555,-119.453356,Province of British Columbia
hillside village,Residential and long-term care,Salmon Arm,BC,50.7112233,-119.252111,Province of British Columbia
hilltop house,Residential and long-term care,Squamish,BC,49.699648,-123.14,Province of British Columbia
hilltop medical clinic,Clinics and ambulatory care,Surrey,BC,49.031121,-122.798056,Province of British Columbia
hilton villa care centre,Residential and long-term care,Surrey,BC,49.202605,-122.847214,Province of British Columbia
holly,Residential and long-term care,Burnaby,BC,49.22274,-122.947842,Province of British Columbia
holly park house,Residential and long-term care,Surrey,BC,49.194299,-122.818758,Province of British Columbia
hollyburn house,Residential and long-term care,West Vancouver,BC,49.3299082,-123.167157,Province of British Columbia
holmberg house hospice,Residential and long-term care,Abbotsford,BC,49.0381016,-122.316119,Province of British Columbia
holy family hospital,Hospitals,Vancouver,BC,49.213284,-123.073098,Province of British Columbia
homewood ravensview,Residential and long-term care,North Saanich,BC,48.625121,-123.43954,Province of British Columbia
hoover rd. home,Residential and long-term care,Campbell River,BC,49.87363,-125.14242,Province of British Columbia
horizon access clinic,Clinics and ambulatory care,Chilliwack,BC,49.168381,-121.967945,Province of British Columbia
horizon house,Residential and long-term care,Richmond,BC,49.1934432,-123.1089233,Province of British Columbia
house 4,Residential and long-term care,Delta,BC,49.071478,-123.023601,Province of British Columbia
houston health centre,Residential and long-term care,Houston,BC,54.396218,-126.65281,Province of British Columbia
hunter park residence,Residential and long-term care,Langley City,BC,49.0848919,-122.669698,Province of British Columbia
hylan home,Residential and long-term care,Abbotsford,BC,49.0486682,-122.3317257,Province of British Columbia
ihealthmd medical centre,Clinics and ambulatory care,Vancouver,BC,49.319278,-123.071895,Province of British Columbia
inglewood care centre,Residential and long-term care,West Vancouver,BC,49.3354367,-123.1356688,Province of British Columbia
innervisions recovery society - 2,Residential and long-term care,Port Coquitlam,BC,49.2714141,-122.7678473,Province of British Columbia
innervisions recovery society hannah house,Residential and long-term care,Maple Ridge,BC,49.2202573,-122.6312954,Province of British Columbia
integrated wellness medical clinic,Clinics and ambulatory care,North Vancouver,BC,49.324316,-123.105667,Province of British Columbia
invermere and district hospital,Hospitals,Invermere,BC,50.510825,-116.032034,Canadian Institute for Health Information
invermere and district hospital/columbia valley,Hospitals,Invermere,BC,50.5067544,-116.033412,Public Health Agency of Canada
irecover okanagan,Residential and long-term care,Coldstream,BC,50.2331663,-119.1081637,Province of British Columbia
irene thomas hospice,Residential and long-term care,Delta,BC,49.086884,-123.060087,Province of British Columbia
island view place,Residential and long-term care,Saanichton,BC,48.572876,-123.40306,Province of British Columbia
island way group home,Residential and long-term care,Nanaimo,BC,49.198202,-124.00326,Province of British Columbia
j-von medical centre,Clinics and ambulatory care,Burnaby,BC,49.225261,-123.003865,Province of British Columbia
jackman manor,Residential and long-term care,Aldergrove,BC,49.0538233,-122.4630403,Province of British Columbia
james bay care centre,Residential and long-term care,Victoria,BC,48.4173083,-123.376914,Province of British Columbia
james bay medical treatment centre,Clinics and ambulatory care,Victoria,BC,48.415986,-123.373591,Province of British Columbia
jans place,Residential and long-term care,Langley,BC,49.092333,-122.660147,Province of British Columbia
jasper crescent care home,Residential and long-term care,Vancouver,BC,49.212233,-123.0665302,Province of British Columbia
jedburgh group home,Residential and long-term care,Victoria,BC,48.4582572,-123.4424864,Province of British Columbia
jeffree home,Residential and long-term care,Saanichton,BC,48.601164,-123.4222562,Province of British Columbia
jersey road home,Residential and long-term care,Victoria,BC,48.525563,-123.37238,Province of British Columbia
jesmar place group home,Residential and long-term care,Campbell River,BC,50.005402,-125.2443005,Province of British Columbia
jim pattison outpatient care and surgery centre,Hospitals,Surrey,BC,49.179456,-122.833248,Province of British Columbia
jinglepot residence,Residential and long-term care,Nanaimo,BC,49.204912,-124.02575,Province of British Columbia
joseph creek care village,Residential and long-term care,Cranbrook,BC,49.5268727,-115.7460108,Province of British Columbia
journeys,Residential and long-term care,Vancouver,BC,49.2682035,-123.0330655,Province of British Columbia
joyce avenue residence,Residential and long-term care,Powell River,BC,49.8240786,-124.5201111,Province of British Columbia
jubilee house,Residential and long-term care,Williams Lake,BC,52.130257,-122.1412297,Province of British Columbia
jubilee medical clinic and treatment centre,Clinics and ambulatory care,Victoria,BC,48.429847,-123.330528,Province of British Columbia
juniper place group home,Residential and long-term care,Vernon,BC,50.2729382,-119.2801154,Province of British Columbia
kaitlyn's way home,Residential and long-term care,Nanaimo,BC,49.2132522,-124.0369539,Province of British Columbia
kalum home,Residential and long-term care,Terrace,BC,54.520231,-128.58705,Province of British Columbia
kamloops seniors village,Residential and long-term care,Kamloops,BC,50.6499607,-120.3729788,Province of British Columbia
kamloops urgent care clinic,Clinics and ambulatory care,Kamloops,BC,50.669103,-120.356233,Province of British Columbia
kaspar house,Residential and long-term care,North Vancouver,BC,49.3260053,-123.0797408,Province of British Columbia
keary street home,Residential and long-term care,New Westminster,BC,49.225832,-122.8937034,Province of British Columbia
keefer medical clinic,Clinics and ambulatory care,Vancouver,BC,49.279292,-123.101951,Province of British Columbia
keeping house,Residential and long-term care,Nanaimo,BC,49.171867,-123.99782,Province of British Columbia
kelowna general hospital,Hospitals,Kelowna,BC,49.8735931,-119.493866,Public Health Agency of Canada
kennedy home,Residential and long-term care,Nanaimo,BC,49.161191,-123.95355,Province of British Columbia
kensington walk-in and paediatric medical clinic,Clinics and ambulatory care,Burnaby,BC,49.279428,-122.968239,Province of British Columbia
kerrisdale medical clinic,Clinics and ambulatory care,Vancouver,BC,49.233569,-123.154106,Province of British Columbia
kerrstead place,Residential and long-term care,North Vancouver,BC,49.3381035,-123.0302386,Province of British Columbia
kerrywood house,Residential and long-term care,Burnaby,BC,49.2484798,-122.9381034,Province of British Columbia
khatsahlano medical clinics,Clinics and ambulatory care,Victoria,BC,48.413923,-123.356852,Province of British Columbia
khazamipour medical services,Clinics and ambulatory care,Richmond,BC,49.166534,-123.13489,Province of British Columbia
khyaht ayahm,Residential and long-term care,North Vancouver,BC,49.3445718,-123.0237407,Province of British Columbia
kilmer house,Residential and long-term care,North Vancouver,BC,49.3463884,-123.0341251,Province of British Columbia
kimbelee place,Residential and long-term care,Surrey,BC,49.177418,-122.864118,Province of British Columbia
kimberley special care home,Residential and long-term care,Kimberley,BC,49.6899979,-115.9896466,Province of British Columbia
kinetic energy health and wellness centre,Clinics and ambulatory care,Kamloops,BC,50.67706,-120.3295,Province of British Columbia
king edward house,Residential and long-term care,Vancouver,BC,49.2483529,-123.0870448,Province of British Columbia
kingfisher place,Residential and long-term care,Vernon,BC,50.2761527,-119.2445371,Province of British Columbia
kinghaven treatment centre,Residential and long-term care,Abbotsford,BC,49.0307485,-122.358792,Province of British Columbia
kings house,Residential and long-term care,Surrey,BC,49.157599,-122.767254,Province of British Columbia
kinsmen lodge,Residential and long-term care,Surrey,BC,49.1777346,-122.8417995,Province of British Columbia
kinvillage,Residential and long-term care,Delta,BC,49.0214852,-123.073648,Province of British Columbia
kitimat general hospital and health centre,Hospitals,Kitimat,BC,54.050317,-128.647792,Province of British Columbia
kitimat hospital & health centre,Hospitals,Kitimat,BC,54.0504835,-128.6472372,Public Health Agency of Canada
kiwanis care centre,Residential and long-term care,New Westminster,BC,49.2232118,-122.9150878,Province of British Columbia
kiwanis village lodge,Residential and long-term care,Nanaimo,BC,49.186109,-123.96893,Province of British Columbia
knutsford group home,Residential and long-term care,Knutsford,BC,50.603467,-120.3104439,Province of British Columbia
kootenay boundary regional hospital,Hospitals,Trail,BC,49.103275,-117.701449,Public Health Agency of Canada
kootenay boundary regional hospital (trail),Hospitals,Trail,BC,49.103573,-117.701155,Canadian Institute for Health Information
kootenay columbia house,Residential and long-term care,Castlegar,BC,49.3279645,-117.6630835,Province of British Columbia
kootenay lake hospital,Hospitals,Nelson,BC,49.4950249,-117.2848169,Public Health Agency of Canada
kootenay lake medical clinic,Clinics and ambulatory care,Nelson,BC,49.49869,-117.2889,Province of British Columbia
kootenay street village,Residential and long-term care,Cranbrook,BC,49.5183259,-115.758538,Province of British Columbia
kopernik lodge,Residential and long-term care,Vancouver,BC,49.21522,-123.039,Province of British Columbia
kwantlen medical clinic,Clinics and ambulatory care,Surrey,BC,49.13365,-122.867417,Province of British Columbia
la rosa de matsqui,Residential and long-term care,Abbotsford,BC,49.017373,-122.428874,Province of British Columbia
ladner 1,Residential and long-term care,Delta,BC,49.099275,-123.0760699,Province of British Columbia
lady minto gulf islands hospital,Hospitals,Salt Spring Island,BC,48.8614452,-123.5085986,Public Health Agency of Canada
ladysmith community health centre,Hospitals,Ladysmith,BC,48.9957415,-123.8276344,Public Health Agency of Canada
lake country family practice,Clinics and ambulatory care,Lake Country,BC,50.025931,-119.405559,Province of British Columbia
lake country lodge,Residential and long-term care,Lake Country,BC,50.0291435,-119.3984578,Province of British Columbia
lakes district hospital and health centre,Hospitals,Burns Lake,BC,54.2356268,-125.7612623,Public Health Agency of Canada
lakes road home,Residential and long-term care,Duncan,BC,48.798968,-123.69182,Province of British Columbia
lakeshore medical centre,Clinics and ambulatory care,Kelowna,BC,49.881024,-119.431768,Province of British Columbia
lakeside house,Residential and long-term care,Vancouver,BC,49.250461,-123.0604877,Province of British Columbia
lakeview lodge,Residential and long-term care,West Kelowna,BC,49.8370173,-119.6237769,Province of British Columbia
lamton home,Residential and long-term care,Coldstream,BC,50.2318418,-119.2547159,Province of British Columbia
lands end home,Residential and long-term care,North Saanich,BC,48.68585,-123.41694,Province of British Columbia
langley gardens,Residential and long-term care,Langley,BC,49.1663494,-122.6609691,Province of British Columbia
langley lodge,Residential and long-term care,Langley,BC,49.1015673,-122.6573035,Province of British Columbia
langley memorial hospital,Hospitals,Langley,BC,49.0952999,-122.612079,Public Health Agency of Canada
langton road,Residential and long-term care,Richmond,BC,49.1570209,-123.1606944,Province of British Columbia
lannan road residence,Residential and long-term care,Comox,BC,49.7086633,-124.9362404,Province of British Columbia
lansdowne treatment centre,Clinics and ambulatory care,Victoria,BC,48.445104,-123.334011,Province of British Columbia
larkin house,Residential and long-term care,Port Coquitlam,BC,49.277786,-122.7851203,Province of British Columbia
larkspur house,Residential and long-term care,Port Coquitlam,BC,49.2660077,-122.7510197,Province of British Columbia
last door recovery centre,Residential and long-term care,New Westminster,BC,49.2078235,-122.9191564,Province of British Columbia
laurel place care centre,Residential and long-term care,Surrey,BC,49.1784188,-122.8417804,Province of British Columbia
laurel place hospice,Residential and long-term care,Surrey,BC,49.1784188,-122.8417804,Province of British Columbia
leaside place,Residential and long-term care,Vancouver,BC,49.2121813,-123.068935,Province of British Columbia
leonard place,Residential and long-term care,Prince George,BC,53.938608,-122.81031,Province of British Columbia
lillooet district hospital and health centre,Hospitals,Lillooet,BC,50.690014,-121.9387906,Public Health Agency of Canada
lillooet hospital and health centre,Hospitals,Lillooet,BC,50.689254,-121.939063,Province of British Columbia
lindsay home,Residential and long-term care,Victoria,BC,48.4911471,-123.3952548,Province of British Columbia
lions gate hospital,Hospitals,North Vancouver,BC,49.3218642,-123.0683701,Public Health Agency of Canada
lisgar residence,Residential and long-term care,Prince George,BC,53.897987,-122.79234,Province of British Columbia
"little mountain manor, inc.",Residential and long-term care,Parksville,BC,49.298621,-124.33023,Province of British Columbia
little mountain place,Residential and long-term care,Vancouver,BC,49.2376636,-123.0998532,Province of British Columbia
live well medical centre,Clinics and ambulatory care,Richmond,BC,49.148846,-123.136661,Province of British Columbia
lonsdale medical clinics,Clinics and ambulatory care,Vancouver,BC,49.327193,-123.071945,Province of British Columbia
loraine avenue,Residential and long-term care,North Vancouver,BC,49.3445873,-123.1065884,Province of British Columbia
louis brier home,Residential and long-term care,Vancouver,BC,49.23448,-123.129,Province of British Columbia
louis brier hospital,Residential and long-term care,Vancouver,BC,49.2340705,-123.1293368,Province of British Columbia
loyal medical clinic,Clinics and ambulatory care,Vancouver,BC,49.285409,-123.12195,Province of British Columbia
lucas home,Residential and long-term care,Victoria,BC,48.477997,-123.373936,Province of British Columbia
luther court,Residential and long-term care,Victoria,BC,48.4619202,-123.3364271,Province of British Columbia
luxton home,Residential and long-term care,Victoria,BC,48.419041,-123.5341518,Province of British Columbia
lynn valley care centre,Residential and long-term care,North Vancouver,BC,49.33396,-123.045,Province of British Columbia
lynn valley house,Residential and long-term care,North Vancouver,BC,49.340396,-123.0310686,Province of British Columbia
lynn valley medical and travel clinic,Clinics and ambulatory care,North Vancouver,BC,49.33592,-123.0412,Province of British Columbia
lynndale lodge,Residential and long-term care,Salmon Arm,BC,50.6919774,-119.340954,Province of British Columbia
m.s.a. manor,Residential and long-term care,Abbotsford,BC,49.0475442,-122.3144389,Province of British Columbia
mackenzie and district hospital and health centre,Hospitals,Mackenzie,BC,55.3375782,-123.100648,Public Health Agency of Canada
maginnis avenue,Residential and long-term care,Vancouver,BC,49.3426871,-123.034142,Province of British Columbia
magnolia gardens,Residential and long-term care,Langley,BC,49.1082447,-122.6494693,Province of British Columbia
magnolia house,Residential and long-term care,North Vancouver,BC,49.3242484,-123.0538386,Province of British Columbia
main street home,Residential and long-term care,Oliver,BC,49.173073,-119.5552406,Province of British Columbia
mainwaring,Residential and long-term care,North Saanich,BC,48.6249709,-123.4154788,Province of British Columbia
malaspina residence,Residential and long-term care,Courtenay,BC,49.6786877,-124.9927014,Province of British Columbia
manchenda medical clinic,Clinics and ambulatory care,Surrey,BC,49.13988,-122.8432,Province of British Columbia
mango medical clinic,Clinics and ambulatory care,Burnaby,BC,49.226057,-123.005725,Province of British Columbia
manning house,Residential and long-term care,Port Coquitlam,BC,49.2680766,-122.7578008,Province of British Columbia
manoah manor,Residential and long-term care,Langley City,BC,49.101831,-122.6608587,Province of British Columbia
manuel house,Residential and long-term care,Langley,BC,49.032664,-122.58322,Province of British Columbia
maple medical clinic,Clinics and ambulatory care,Vancouver,BC,49.263854,-123.151159,Province of British Columbia
maple ridge house,Residential and long-term care,Maple Ridge,BC,49.2245369,-122.5783552,Province of British Columbia
maple ridge seniors village,Residential and long-term care,Maple Ridge,BC,49.2193789,-122.6084592,Province of British Columbia
maple ridge treatment centre,Residential and long-term care,Maple Ridge,BC,49.2137785,-122.6051618,Province of British Columbia
maple street residence,Residential and long-term care,Port Alberni,BC,49.2711362,-124.8084067,Province of British Columbia
maplewood house,Residential and long-term care,Abbotsford,BC,49.0366072,-122.3091484,Province of British Columbia
marchmont house,Residential and long-term care,Duncan,BC,48.7770977,-123.6935153,Province of British Columbia
marchmont place,Residential and long-term care,Duncan,BC,48.793073,-123.72443,Province of British Columbia
marin park,Residential and long-term care,Brentwood Bay,BC,48.5714564,-123.4513407,Province of British Columbia
marine gateway medical clinic,Clinics and ambulatory care,Vancouver,BC,49.210379,-123.11683,Province of British Columbia
mariposa,Residential and long-term care,Victoria,BC,48.478199,-123.41418,Province of British Columbia
mariposa court,Residential and long-term care,Kelowna,BC,49.8590963,-119.4391121,Province of British Columbia
mariposa gardens,Residential and long-term care,Osoyoos,BC,49.034727,-119.4770583,Province of British Columbia
marjorie willoughby snowden memorial hospice home,Residential and long-term care,Kamloops,BC,50.6588194,-120.3374527,Province of British Columbia
mary basil house,Residential and long-term care,Cranbrook,BC,49.5249786,-115.7686075,Province of British Columbia
maryland house,Residential and long-term care,Sidney,BC,48.6401829,-123.4063757,Province of British Columbia
masset hospital,Hospitals,Masset,BC,54.0204495,-132.157076,Public Health Agency of Canada
matsqui-sumas-abbotsford general hospital cottage and worthington pavilions,Hospitals,Abbotsford,BC,49.041893,-122.295136,Canadian Institute for Health Information
matters of health medical clinic,Clinics and ambulatory care,Vancouver,BC,49.235586,-123.155556,Province of British Columbia
maxey road home,Residential and long-term care,Nanaimo,BC,49.185127,-124.00326,Province of British Columbia
may's place,Residential and long-term care,Vancouver,BC,49.28324,-123.097,Province of British Columbia
mayfair (the),Residential and long-term care,Abbotsford,BC,49.039494,-122.2976893,Province of British Columbia
mcarthur home,Residential and long-term care,Kamloops,BC,50.7625069,-120.3482057,Province of British Columbia
mcbride and district hospital,Hospitals,Mcbride,BC,53.3016398,-120.1608281,Public Health Agency of Canada
mcbride place,Residential and long-term care,Kamloops,BC,50.7029457,-120.4107315,Province of British Columbia
mccauley lodge,Residential and long-term care,Victoria,BC,48.426921,-123.4064,Province of British Columbia
mcculloch residence,Residential and long-term care,Kelowna,BC,49.8396118,-119.3486466,Province of British Columbia
mckenzie home,Residential and long-term care,Victoria,BC,48.4151589,-123.3554095,Province of British Columbia
mckim cottage,Clinics and ambulatory care,Nelson,BC,49.508589,-117.267255,Public Health Agency of Canada
mcqueen house,Residential and long-term care,Courtenay,BC,49.7107401,-124.9852203,Province of British Columbia
md medical centre,Clinics and ambulatory care,West Kelowna,BC,49.83547,-119.6209,Province of British Columbia
meadowbrook,Residential and long-term care,Maple Ridge,BC,49.2279307,-122.635215,Province of British Columbia
medi-kel,Clinics and ambulatory care,Kelowna,BC,49.883419,-119.493432,Province of British Columbia
medical arts centre,Clinics and ambulatory care,Nanaimo,BC,49.16431,-123.9333,Province of British Columbia
medusa street residence,Residential and long-term care,Sechelt,BC,49.4749989,-123.7650971,Province of British Columbia
mega fu medical,Clinics and ambulatory care,Richmond,BC,49.178089,-123.119861,Province of British Columbia
melody house,Residential and long-term care,Vancouver,BC,49.270557,-123.1681564,Province of British Columbia
menno extended care hospital,Residential and long-term care,Abbotsford,BC,49.0384349,-122.3117414,Public Health Agency of Canada
menno place - menno home,Residential and long-term care,Abbotsford,BC,49.03968,-122.311293,Province of British Columbia
mentmore,Residential and long-term care,Coquitlam,BC,49.2503872,-122.8702195,Province of British Columbia
mercy canada,Residential and long-term care,Surrey,BC,49.032142,-122.684235,Province of British Columbia
mercy medical clinic,Clinics and ambulatory care,Delta,BC,49.132875,-122.892594,Province of British Columbia
mid-main community health centre,Clinics and ambulatory care,Vancouver,BC,49.249493,-123.100611,Province of British Columbia
middleton house,Residential and long-term care,Vernon,BC,50.236328,-119.237596,Province of British Columbia
mile zero clinic,Clinics and ambulatory care,Dawson Creek,BC,55.757051,-120.222749,Province of British Columbia
milford,Residential and long-term care,Campbell River,BC,49.9676849,-125.235307,Province of British Columbia
milford home,Residential and long-term care,Richmond,BC,49.139108,-123.1151772,Province of British Columbia
mill lake residence,Residential and long-term care,Abbotsford,BC,49.0481178,-122.3077854,Province of British Columbia
millers way,Residential and long-term care,Burnaby,BC,49.220594,-122.935316,Province of British Columbia
millgrove home,Residential and long-term care,Victoria,BC,48.448569,-123.3931465,Province of British Columbia
mills memorial hospital,Hospitals,Terrace,BC,54.510203,-128.596541,Public Health Agency of Canada
mimi's house,Residential and long-term care,Victoria,BC,48.46396,-123.33049,Province of British Columbia
mina care home,Residential and long-term care,Victoria,BC,48.467004,-123.41149,Province of British Columbia
minoru residence,Residential and long-term care,Richmond,BC,49.16897,-123.15,Province of British Columbia
mission creek landing ltd.,Residential and long-term care,Kelowna,BC,49.8715375,-119.4282439,Province of British Columbia
mission hills medical clinic,Clinics and ambulatory care,Mission,BC,49.133002,-122.32574,Province of British Columbia
mission medical centre,Clinics and ambulatory care,Kelowna,BC,49.85784,-119.4897,Province of British Columbia
mission memorial hospital,Hospitals,Mission,BC,49.1351173,-122.3326872,Public Health Agency of Canada
monashee mews,Residential and long-term care,Lumby,BC,50.2498936,-118.9617267,Province of British Columbia
montgomery house,Residential and long-term care,Coquitlam,BC,49.2368532,-122.8392463,Province of British Columbia
moog and friends hospice house,Residential and long-term care,Penticton,BC,49.481517,-119.575713,Province of British Columbia
morgan place,Residential and long-term care,Surrey,BC,49.062332,-122.790069,Province of British Columbia
moss rock medical centre,Clinics and ambulatory care,Victoria,BC,48.415738,-123.349207,Province of British Columbia
mount ida medical centre,Clinics and ambulatory care,Salmon Arm,BC,50.699561,-119.287604,Province of British Columbia
mount ida mews,Residential and long-term care,Salmon Arm,BC,50.696003,-119.28418,Province of British Columbia
mount nelson place,Residential and long-term care,Invermere,BC,50.507667,-116.0282627,Province of British Columbia
mount saint joseph hospital,Hospitals,Vancouver,BC,49.257699,-123.096358,Province of British Columbia
mount seymour medical clinic,Clinics and ambulatory care,North Vancouver,BC,49.311582,-123.024409,Province of British Columbia
mount seymour parkway house,Residential and long-term care,North Vancouver,BC,49.3153534,-122.9773545,Province of British Columbia
mount st. joseph hospital - extended care unit,Residential and long-term care,Vancouver,BC,49.25788,-123.095,Province of British Columbia
mount tolmie hospital,Hospitals,Victoria,BC,48.459924,-123.330454,Public Health Agency of Canada
mountain lake seniors community ltd.,Residential and long-term care,Nelson,BC,49.508215,-117.265992,Province of British Columbia
mountain view,Residential and long-term care,Vernon,BC,50.2325339,-119.2424448,Province of British Columbia
mountain view home,Residential and long-term care,Abbotsford,BC,49.0955257,-122.0814539,Province of British Columbia
mountain view lodge,Residential and long-term care,Lillooet,BC,50.6892622,-121.9389613,Province of British Columbia
mountain view lodge complex & long term care unit,Residential and long-term care,Kitimat,BC,54.050267,-128.65618,Province of British Columbia
mountainview group home,Residential and long-term care,Nanaimo,BC,49.206446,-124.02689,Province of British Columbia
mt. cartier court,Residential and long-term care,Revelstoke,BC,50.977361,-118.191795,Province of British Columbia
mulberry place,Residential and long-term care,Vernon,BC,50.2628808,-119.2869228,Province of British Columbia
mundy street residence,Residential and long-term care,Coquitlam,BC,49.2400763,-122.8345635,Province of British Columbia
murals medical clinic,Clinics and ambulatory care,Langley,BC,49.090915,-122.606243,Province of British Columbia
murray house (p.d.s.c.l.),Residential and long-term care,Penticton,BC,49.4684905,-119.5904134,Province of British Columbia
murrayville manor,Residential and long-term care,Langley,BC,49.085552,-122.624304,Province of British Columbia
muscroft house,Residential and long-term care,Richmond,BC,49.148604,-123.1746239,Province of British Columbia
nanaimo regional general hospital,Hospitals,Nanaimo,BC,49.1849979,-123.969295,Public Health Agency of Canada
nanaimo seniors village,Residential and long-term care,Nanaimo,BC,49.236311,-124.03886,Province of British Columbia
nancy greene way,Residential and long-term care,North Vancouver,BC,49.3687958,-123.100531,Province of British Columbia
nazirah house,Residential and long-term care,Burnaby,BC,49.2215495,-123.0007978,Province of British Columbia
nechako center - adult,Residential and long-term care,Prince George,BC,53.9110183,-122.7663809,Province of British Columbia
nechako medical clinic,Clinics and ambulatory care,Prince George,BC,53.91085,-122.7588,Province of British Columbia
nelson avenue,Residential and long-term care,Burnaby,BC,49.2192139,-122.9945662,Province of British Columbia
nelson avenue residence,Residential and long-term care,Nelson,BC,49.5042319,-117.2789603,Province of British Columbia
nelson jubilee manor,Residential and long-term care,Nelson,BC,49.4795674,-117.2989961,Province of British Columbia
nelson residence,Residential and long-term care,Powell River,BC,49.8660534,-124.5253194,Province of British Columbia
neville house,Residential and long-term care,Burnaby,BC,49.2141609,-122.9810592,Province of British Columbia
new britton house,Residential and long-term care,Burnaby,BC,49.2168933,-122.9478861,Province of British Columbia
new greenwood lodge,Residential and long-term care,Surrey,BC,49.177352,-122.856054,Province of British Columbia
new pitt meadows medical clinic,Clinics and ambulatory care,Pitt Meadows,BC,49.224038,-122.690225,Province of British Columbia
new vista care home i,Residential and long-term care,Burnaby,BC,49.224288,-122.945653,Province of British Columbia
newgen medical centre,Clinics and ambulatory care,Surrey,BC,49.117601,-122.845853,Province of British Columbia
newlands residence,Residential and long-term care,Langley City,BC,49.0965714,-122.6436136,Province of British Columbia
newmarket drive,Residential and long-term care,North Vancouver,BC,49.3365841,-123.1026853,Province of British Columbia
newport house,Residential and long-term care,Squamish,BC,49.6982341,-123.156384,Province of British Columbia
ng nair place,Residential and long-term care,Langley,BC,49.085938,-122.575843,Province of British Columbia
nicola lodge,Residential and long-term care,Port Coquitlam,BC,49.255787,-122.737523,Province of British Columbia
nicola valley health centre,Hospitals,Merritt,BC,50.121172,-120.772629,Public Health Agency of Canada
nicola valley hospital and health centre,Hospitals,Merritt,BC,50.122034,-120.773011,Province of British Columbia
nigel house,Residential and long-term care,Victoria,BC,48.4580708,-123.3729505,Province of British Columbia
nikola road group home,Residential and long-term care,Campbell River,BC,50.01196,-125.28051,Province of British Columbia
ninety fifth avenue house,Residential and long-term care,Surrey,BC,49.175215,-122.798434,Province of British Columbia
ninth avenue residence,Residential and long-term care,Port Alberni,BC,49.230356,-124.799,Province of British Columbia
no. 5 road group home,Residential and long-term care,Richmond,BC,49.1340512,-123.0926533,Province of British Columbia
nootka street residence,Residential and long-term care,Powell River,BC,49.8209862,-124.5182516,Province of British Columbia
noric house,Residential and long-term care,Vernon,BC,50.251193,-119.282587,Province of British Columbia
normandy house,Residential and long-term care,Victoria,BC,48.500241,-123.39167,Province of British Columbia
normanna rest home ii,Residential and long-term care,Burnaby,BC,49.2221124,-122.9276938,Province of British Columbia
north island hospital campbell river and district,Hospitals,Campbell River,BC,50.011132,-125.243155,Province of British Columbia
north island hospital comox valley,Hospitals,Courtenay,BC,49.713417,-124.970384,Province of British Columbia
north nanaimo medical clinic,Clinics and ambulatory care,Nanaimo,BC,49.237763,-124.051975,Province of British Columbia
north okanagan hospice house,Residential and long-term care,Vernon,BC,50.261721,-119.281794,Province of British Columbia
north okanagan medical clinic,Clinics and ambulatory care,Vernon,BC,50.28442,-119.2721,Province of British Columbia
north peace primary care clinic,Clinics and ambulatory care,Fort St John,BC,56.247514,-120.839694,Province of British Columbia
north shore hospice,Residential and long-term care,North Vancouver,BC,49.32073,-123.065,Province of British Columbia
northcrest care centre ltd.,Residential and long-term care,Delta,BC,49.126442,-122.8911054,Province of British Columbia
northern haida gwaii hospital and health centre,Hospitals,Masset,BC,54.020576,-132.157074,Province of British Columbia
northern health authority,Clinics and ambulatory care,Valemount,BC,52.83176,-119.2739,Province of British Columbia
northshore medical clinic,Clinics and ambulatory care,North Vancouver,BC,49.323377,-123.106579,Province of British Columbia
norwood house,Residential and long-term care,North Vancouver,BC,49.3429472,-123.0767595,Province of British Columbia
oak bay lodge,Residential and long-term care,Victoria,BC,48.432936,-123.3138,Province of British Columbia
oak bay medical clinic,Clinics and ambulatory care,Victoria,BC,48.426478,-123.334374,Province of British Columbia
oakland,Residential and long-term care,Burnaby,BC,49.2283395,-122.9643356,Province of British Columbia
ocean medical,Clinics and ambulatory care,West Vancouver,BC,49.328678,-123.163856,Province of British Columbia
oceanside place,Residential and long-term care,Nanaimo,BC,49.2356879,-124.0264813,Province of British Columbia
old orchard medical clinic,Clinics and ambulatory care,Burnaby,BC,49.231407,-123.005129,Province of British Columbia
one hundred & forty three a street home,Residential and long-term care,Surrey,BC,49.160448,-122.8245,Province of British Columbia
one hundred and fifty eight a street,Residential and long-term care,Surrey,BC,49.1953556,-122.7829494,Province of British Columbia
one hundred and fifty four street group home,Residential and long-term care,Surrey,BC,49.032257,-122.795417,Province of British Columbia
one hundred and thirty first street home,Residential and long-term care,Surrey,BC,49.178018,-122.859968,Province of British Columbia
onsite detox and transitional housing,Residential and long-term care,Vancouver,BC,49.2816658,-123.1012105,Province of British Columbia
onyx house,Residential and long-term care,Victoria,BC,48.441832,-123.33275,Province of British Columbia
orchard haven,Residential and long-term care,Keremeos,BC,49.204679,-119.833278,Province of British Columbia
orchard heights,Residential and long-term care,Burnaby,BC,49.2343627,-123.0070684,Province of British Columbia
orchard manor at hawthorn park,Residential and long-term care,Kelowna,BC,49.8602539,-119.4853353,Province of British Columbia
orchard medical centre,Clinics and ambulatory care,Kelowna,BC,49.877565,-119.443356,Province of British Columbia
orchard recovery center,Residential and long-term care,Bowen Island,BC,49.372131,-123.361,Province of British Columbia
orchard view group home,Residential and long-term care,Salmon Arm,BC,50.723292,-119.250892,Province of British Columbia
orcrest group home,Residential and long-term care,Kamloops,BC,50.7750076,-120.3438216,Province of British Columbia
ord road group home,Residential and long-term care,Kamloops,BC,50.715316,-120.46172,Province of British Columbia
origin at longwood (astoria suites),Residential and long-term care,Nanaimo,BC,49.22078,-124.03124,Province of British Columbia
orillia house,Residential and long-term care,Victoria,BC,48.4482137,-123.3959333,Province of British Columbia
oriole house,Residential and long-term care,Kamloops,BC,50.7091406,-120.3889523,Province of British Columbia
oriole lodge,Residential and long-term care,Abbotsford,BC,49.0572496,-122.3230039,Province of British Columbia
orion house,Residential and long-term care,Langley,BC,49.0785912,-122.6586376,Province of British Columbia
ospika residence,Residential and long-term care,Prince George,BC,53.893633,-122.78843,Province of British Columbia
osprey home,Residential and long-term care,Abbotsford,BC,49.057665,-122.3712483,Province of British Columbia
our house,Residential and long-term care,North Vancouver,BC,49.3323066,-123.0257809,Province of British Columbia
our place,Residential and long-term care,Vancouver,BC,49.2407212,-123.0993326,Province of British Columbia
oyster harbour seniors community,Residential and long-term care,Ladysmith,BC,48.9966463,-123.8287358,Province of British Columbia
ozanam house,Residential and long-term care,Kelowna,BC,49.8667968,-119.4877827,Province of British Columbia
pacific medical clinic,Clinics and ambulatory care,Vancouver,BC,49.2286,-123.090632,Province of British Columbia
pacifica house,Residential and long-term care,Chilliwack,BC,49.1262975,-121.9500919,Province of British Columbia
pacifica treatment centre,Residential and long-term care,Vancouver,BC,49.2607112,-123.0684104,Province of British Columbia
paddock home,Residential and long-term care,Victoria,BC,48.4613659,-123.4394017,Province of British Columbia
padwick house,Residential and long-term care,Vancouver,BC,49.3267725,-123.0811369,Province of British Columbia
paisley house,Residential and long-term care,North Vancouver,BC,49.336714,-123.198295,Province of British Columbia
panama house,Residential and long-term care,Victoria,BC,48.477019,-123.39917,Province of British Columbia
panorama village medical clinic,Clinics and ambulatory care,Surrey,BC,49.10554,-122.8027,Province of British Columbia
park and tilford medical treatment centre,Clinics and ambulatory care,Vancouver,BC,49.308678,-123.04047,Province of British Columbia
park drive home,Residential and long-term care,Oliver,BC,49.1872754,-119.5418863,Province of British Columbia
parker place medical clinic,Clinics and ambulatory care,Richmond,BC,49.18167,-123.1347,Province of British Columbia
parklandview,Residential and long-term care,Surrey,BC,49.1635267,-122.7846172,Province of British Columbia
parkside house,Residential and long-term care,Victoria,BC,48.4762964,-123.3286197,Province of British Columbia
parkside intermediate care home,Residential and long-term care,Prince George,BC,53.917385,-122.7952,Province of British Columbia
parktree house,Residential and long-term care,Surrey,BC,49.1161555,-122.8849992,Province of British Columbia
parkview place,Residential and long-term care,Enderby,BC,50.5466217,-119.1407493,Province of British Columbia
parkway medical clinic,Clinics and ambulatory care,Victoria,BC,48.441396,-123.504347,Province of British Columbia
parkwood court,Residential and long-term care,Victoria,BC,48.4441795,-123.3338227,Province of British Columbia
paskin home,Residential and long-term care,Victoria,BC,48.4935158,-123.3925704,Province of British Columbia
path to freedom treatment centre ltd.,Residential and long-term care,Surrey,BC,49.1042087,-122.6955133,Province of British Columbia
patterson home,Residential and long-term care,Saanichton,BC,48.5967597,-123.4153745,Province of British Columbia
peace arch district hospital,Hospitals,White Rock,BC,49.029341,-122.792914,Canadian Institute for Health Information
peace arch hospital,Hospitals,White Rock,BC,49.029968,-122.792231,Public Health Agency of Canada
peace arch hospital - al hogg pavilion,Hospitals,White Rock,BC,49.029322,-122.792131,Province of British Columbia
peace portal seniors village,Residential and long-term care,Surrey,BC,49.031282,-122.7945296,Province of British Columbia
peace villa,Residential and long-term care,Fort St John,BC,56.256732,-120.81792,Province of British Columbia
peach city medical and urgent care clinic,Clinics and ambulatory care,Penticton,BC,49.472813,-119.583878,Province of British Columbia
peardonville house treatment centre,Residential and long-term care,Abbotsford,BC,49.0177352,-122.4065114,Province of British Columbia
pearl house,Residential and long-term care,Victoria,BC,48.4417088,-123.3327607,Province of British Columbia
pemberton marine medical clinic,Clinics and ambulatory care,North Vancouver,BC,49.32489,-123.1098,Province of British Columbia
pender house,Residential and long-term care,Vancouver,BC,49.279942,-123.052,Province of British Columbia
pendleton house,Residential and long-term care,Richmond,BC,49.1448543,-123.1772907,Province of British Columbia
peninsula medical clinic,Clinics and ambulatory care,Surrey,BC,49.045582,-122.796387,Province of British Columbia
penticton regional hospital,Hospitals,Penticton,BC,49.4812182,-119.577927,Public Health Agency of Canada
peruzzo house - v.i.t.a.l.s.,Residential and long-term care,Duncan,BC,48.777064,-123.70945,Province of British Columbia
peters road house,Residential and long-term care,North Vancouver,BC,49.341873,-123.0222214,Province of British Columbia
phoenix center quibble creek,Residential and long-term care,Surrey,BC,49.1745124,-122.8437601,Province of British Columbia
phoenix centre,Residential and long-term care,Kamloops,BC,50.6693527,-120.3363635,Province of British Columbia
piccadilly care center,Residential and long-term care,Salmon Arm,BC,50.6929509,-119.2955552,Province of British Columbia
piercy respite hotel,Residential and long-term care,Victoria,BC,48.4425235,-123.342568,Province of British Columbia
pine acres home,Residential and long-term care,Westbank,BC,49.839286,-119.59551,Province of British Columbia
pine grove lodge,Residential and long-term care,Kamloops,BC,50.6874166,-120.3509428,Province of British Columbia
pinegrove place,Residential and long-term care,Richmond,BC,49.1867925,-123.0984471,Province of British Columbia
pinetree lodge,Residential and long-term care,Coquitlam,BC,49.2953317,-122.7795583,Province of British Columbia
pioneer house,Residential and long-term care,New Westminster,BC,49.2273382,-122.8881385,Province of British Columbia
plateau medical clinic,Clinics and ambulatory care,Coquitlam,BC,49.297014,-122.803349,Province of British Columbia
pleasant view (pleasant view housing society),Residential and long-term care,Mission,BC,49.13839,-122.331857,Province of British Columbia
plymouth group home,Residential and long-term care,North Vancouver,BC,49.3147181,-122.9920303,Province of British Columbia
point grey medical clinic,Clinics and ambulatory care,Vancouver,BC,49.26383,-123.207511,Province of British Columbia
ponderosa lodge,Residential and long-term care,Kamloops,BC,50.670828,-120.331933,Province of British Columbia
port alice health centre,Hospitals,Port Alice,BC,50.4260087,-127.4878351,Public Health Agency of Canada
port hardy hospital,Hospitals,Port Hardy,BC,50.7200118,-127.502909,Public Health Agency of Canada
port mcneill and district hospital,Hospitals,Port Mcneill,BC,50.5806462,-127.0678577,Public Health Agency of Canada
port mcneill hospital,Hospitals,Port Mcneill,BC,50.58026,-127.067379,Province of British Columbia
porter lane,Residential and long-term care,Coquitlam,BC,49.263972,-122.861325,Province of British Columbia
portsmouth road home,Residential and long-term care,Nanaimo,BC,49.24003,-124.04648,Province of British Columbia
powell river general hospital,Hospitals,Powell River,BC,49.8508263,-124.518391,Public Health Agency of Canada
prairie valley lodge,Residential and long-term care,Summerland,BC,49.597847,-119.68345,Province of British Columbia
prema place,Residential and long-term care,Victoria,BC,48.424911,-123.50122,Province of British Columbia
primecare medical centre,Clinics and ambulatory care,Burnaby,BC,49.218846,-122.951615,Province of British Columbia
primrose centre for community living,Residential and long-term care,Delta,BC,49.0904225,-123.088506,Province of British Columbia
prince avenue home,Residential and long-term care,Castlegar,BC,49.3290404,-117.6732208,Province of British Columbia
prince george regional hospital,Hospitals,Prince George,BC,53.9113826,-122.7644758,Public Health Agency of Canada
prince rupert regional hospital,Hospitals,Prince Rupert,BC,54.3044463,-130.331503,Public Health Agency of Canada
princeton general hospital,Hospitals,Princeton,BC,49.4540952,-120.526738,Public Health Agency of Canada
providence health care (administrative office) - st. paul's hospital,Hospitals,Vancouver,BC,49.280516,-123.1281872,Public Health Agency of Canada
providence health care - holy family hospital,Residential and long-term care,Vancouver,BC,49.212701,-123.07308,Public Health Agency of Canada
providence health care - mount saint joseph hospital,Hospitals,Vancouver,BC,49.258002,-123.095299,Public Health Agency of Canada
purcell place,Residential and long-term care,Cranbrook,BC,49.527675,-115.7416049,Province of British Columbia
pure care clinic,Clinics and ambulatory care,Maple Ridge,BC,49.219791,-122.600013,Province of British Columbia
qe park medical clinic,Clinics and ambulatory care,Vancouver,BC,49.249473,-123.115216,Province of British Columbia
quadling house a,Residential and long-term care,Coquitlam,BC,49.2408467,-122.8750597,Province of British Columbia
quadra village medical clinic,Clinics and ambulatory care,Victoria,BC,48.438086,-123.358897,Province of British Columbia
qualicum manor,Residential and long-term care,Qualicum Beach,BC,49.3449157,-124.4405245,Province of British Columbia
quarterway place,Residential and long-term care,Nanaimo,BC,49.1990931,-124.0121423,Province of British Columbia
queen alexandra centre for children's health,Residential and long-term care,Victoria,BC,48.47151,-123.29954,Public Health Agency of Canada
queen charlotte islands general hospital,Hospitals,Queen Charlotte,BC,53.254641,-132.072632,Public Health Agency of Canada
queen victoria hospital,Hospitals,Revelstoke,BC,50.976799,-118.191902,Province of British Columbia
queen victoria hospital and health centre,Hospitals,Revelstoke,BC,50.9768022,-118.1901401,Public Health Agency of Canada
queen's park healthcare foundation,Hospitals,New Westminster,BC,49.216899,-122.902275,Canadian Institute for Health Information
quince street residence,Residential and long-term care,Prince George,BC,53.905294,-122.75337,Province of British Columbia
quinsam medical group,Clinics and ambulatory care,Campbell River,BC,49.973673,-125.245769,Province of British Columbia
r.w. large memorial hospital,Hospitals,Waglisla,BC,52.1612727,-128.143339,Public Health Agency of Canada
racing residence,Residential and long-term care,Quesnel,BC,52.9849646,-122.4493146,Province of British Columbia
radcliffe residence,Residential and long-term care,Prince George,BC,53.9284291,-122.7936192,Province of British Columbia
rai medical clinic,Clinics and ambulatory care,Delta,BC,49.128771,-122.89095,Province of British Columbia
rainbow lodge,Residential and long-term care,Burnaby,BC,49.2238303,-122.9332908,Province of British Columbia
rainbow manor,Residential and long-term care,Surrey,BC,49.1856298,-122.838137,Province of British Columbia
rainbow ridge special care home,Residential and long-term care,Maple Ridge,BC,49.1956597,-122.4531146,Province of British Columbia
randall house,Residential and long-term care,Burnaby,BC,49.2239136,-122.9716122,Province of British Columbia
raven house,Residential and long-term care,Coquitlam,BC,49.2653533,-122.8474036,Province of British Columbia
redfern home,Residential and long-term care,Victoria,BC,48.4223205,-123.3238702,Province of British Columbia
redonda crescent residence,Residential and long-term care,Powell River,BC,49.844051,-124.513203,Province of British Columbia
renaissance place,Residential and long-term care,Mission,BC,49.1444793,-122.3151715,Province of British Columbia
renfrew care centre,Residential and long-term care,Vancouver,BC,49.26786,-123.044,Province of British Columbia
renfrew house,Residential and long-term care,Vancouver,BC,49.254322,-123.0301071,Province of British Columbia
residence at morgan heights,Residential and long-term care,Surrey,BC,49.051717,-122.779794,Province of British Columbia
rest haven lodge,Residential and long-term care,Sidney,BC,48.654974,-123.40484,Province of British Columbia
richfield group home,Residential and long-term care,Richmond,BC,49.1477141,-123.107216,Province of British Columbia
richmond central medical clinic,Clinics and ambulatory care,Richmond,BC,49.170249,-123.136592,Province of British Columbia
richmond hospital,Hospitals,Richmond,BC,49.1689707,-123.146577,Public Health Agency of Canada
richmond hospital - child health centre,Hospitals,Richmond,BC,49.168979,-123.146976,Province of British Columbia
richmond house,Residential and long-term care,Richmond,BC,49.1492749,-123.1593858,Province of British Columbia
richmond in-store medical clinic,Clinics and ambulatory care,Richmond,BC,49.179216,-123.138509,Province of British Columbia
richmond lions manor - bridgeport,Residential and long-term care,Richmond,BC,49.1915171,-123.1251463,Province of British Columbia
ridge meadows care clinic,Clinics and ambulatory care,Pitt Meadows,BC,49.22004,-122.6718,Province of British Columbia
ridge meadows hospital,Hospitals,Maple Ridge,BC,49.2161889,-122.63008,Public Health Agency of Canada
ridge meadows hospital and health care centre,Hospitals,Maple Ridge,BC,49.214501,-122.631629,Canadian Institute for Health Information
ridgeview lodge,Residential and long-term care,Kamloops,BC,50.7034312,-120.3931349,Province of British Columbia
ridgewood lodge,Residential and long-term care,Princeton,BC,49.45385,-120.527633,Province of British Columbia
rittich road,Residential and long-term care,Kelowna,BC,49.9566759,-119.3620705,Province of British Columbia
river city medical clinic,Clinics and ambulatory care,Campbell River,BC,50.036017,-125.248484,Province of British Columbia
river house,Residential and long-term care,Kamloops,BC,50.752861,-120.347488,Province of British Columbia
river road residence,Residential and long-term care,Maple Ridge,BC,49.2117379,-122.6403965,Province of British Columbia
riverview hospital,Hospitals,Coquitlam,BC,49.2508389,-122.806171,Public Health Agency of Canada
roalshary,Residential and long-term care,Grand Forks,BC,49.031426,-118.441395,Province of British Columbia
robinson group home,Residential and long-term care,Richmond,BC,49.1490998,-123.1303718,Province of British Columbia
robson medical centre,Clinics and ambulatory care,Vancouver,BC,49.278437,-123.115388,Province of British Columbia
rocky mountain care village,Residential and long-term care,Fernie,BC,49.4923849,-115.0666592,Province of British Columbia
rosecliffe residence,Residential and long-term care,Sechelt,BC,49.4728988,-123.7649643,Province of British Columbia
rosedale medical associates,Clinics and ambulatory care,Summerland,BC,49.601216,-119.677714,Province of British Columbia
rosemary heights seniors village,Residential and long-term care,Surrey,BC,49.0635552,-122.8006006,Province of British Columbia
rosemont house,Residential and long-term care,Nelson,BC,49.480804,-117.299592,Province of British Columbia
rosewood,Residential and long-term care,Burnaby,BC,49.2279271,-122.9379603,Province of British Columbia
rosewood manor,Residential and long-term care,Richmond,BC,49.1551041,-123.1553156,Province of British Columbia
roslin house,Residential and long-term care,Kelowna,BC,49.8922928,-119.4585279,Province of British Columbia
ross road home,Residential and long-term care,North Vancouver,BC,49.3362883,-123.0277681,Province of British Columbia
rotary hospice house,Residential and long-term care,Prince George,BC,53.889563,-122.75596,Province of British Columbia
rotary manor,Residential and long-term care,Dawson Creek,BC,55.773403,-120.23466,Province of British Columbia
rote scheune acres,Residential and long-term care,Kelowna,BC,49.8231878,-119.4395524,Province of British Columbia
royal arch masonic home,Residential and long-term care,Vancouver,BC,49.2135328,-123.0288043,Province of British Columbia
royal city manor,Residential and long-term care,New Westminster,BC,49.2153153,-122.8951618,Province of British Columbia
royal columbia medical clinic,Clinics and ambulatory care,New Westminster,BC,49.225627,-122.892883,Province of British Columbia
royal columbian hospital,Hospitals,New Westminster,BC,49.2264136,-122.8916374,Public Health Agency of Canada
royal inland hospital,Hospitals,Kamloops,BC,50.6701949,-120.3345924,Public Health Agency of Canada
royal jubilee hospital,Hospitals,Victoria,BC,48.432719,-123.3279135,Public Health Agency of Canada
royal oak house,Residential and long-term care,Victoria,BC,48.4937596,-123.3852606,Province of British Columbia
ruby willows health care ltd,Residential and long-term care,Langley,BC,49.124274,-122.565628,Province of British Columbia
ryall road residence,Residential and long-term care,Duncan,BC,48.793073,-123.72443,Province of British Columbia
ryz's supportive living services,Residential and long-term care,Dawson Creek,BC,55.7616196,-120.2179821,Province of British Columbia
s.u.c.c.e.s.s. simon k.y. lee seniors care home,Residential and long-term care,Vancouver,BC,49.27979,-123.105,Province of British Columbia
saanich house,Residential and long-term care,Powell River,BC,49.862878,-124.52162,Province of British Columbia
saanich peninsula hospital,Hospitals,Saanichton,BC,48.5944724,-123.4105953,Public Health Agency of Canada
saanich plaza medical clinic,Clinics and ambulatory care,Victoria,BC,48.456348,-123.374168,Province of British Columbia
safa medical clinic,Clinics and ambulatory care,Langley,BC,49.165841,-122.662404,Province of British Columbia
sage health centre,Residential and long-term care,Kamloops,BC,50.6712832,-120.3418283,Province of British Columbia
saik'uz first nation,Clinics and ambulatory care,Vanderhoof,BC,53.941923,-124.102601,Province of British Columbia
sakura house,Residential and long-term care,Coquitlam,BC,49.253089,-122.852693,Province of British Columbia
salmon arm medical clinic,Clinics and ambulatory care,Salmon Arm,BC,50.703316,-119.278208,Province of British Columbia
salvation army harbour light centre,Residential and long-term care,Vancouver,BC,49.282434,-123.101,Province of British Columbia
salveo medical clinic,Clinics and ambulatory care,Prince George,BC,53.887457,-122.769326,Province of British Columbia
san miguel,Residential and long-term care,Victoria,BC,48.4799073,-123.3166363,Province of British Columbia
sandalwood adult intensive care facility,Residential and long-term care,Kamloops,BC,50.758396,-120.348604,Province of British Columbia
sandspit medical clinic,Clinics and ambulatory care,Sandspit,BC,53.243312,-131.817065,Province of British Columbia
sardis house,Residential and long-term care,Burnaby,BC,49.2339431,-123.0029902,Province of British Columbia
sardis new chaffey,Residential and long-term care,Burnaby,BC,49.2336902,-122.9968143,Province of British Columbia
scotia place,Residential and long-term care,Powell River,BC,49.8326712,-124.5216544,Province of British Columbia
scott home,Residential and long-term care,Terrace,BC,54.523671,-128.60342,Province of British Columbia
sea to sky walk in clinic,Clinics and ambulatory care,Squamish,BC,49.73649,-123.1339,Province of British Columbia
seamount home,Residential and long-term care,Victoria,BC,48.5782057,-123.4142669,Province of British Columbia
sechelt hospital,Hospitals,Sechelt,BC,49.475307,-123.749159,Province of British Columbia
selkirk family care home,Residential and long-term care,Kamloops,BC,50.7035685,-120.3710195,Province of British Columbia
selkirk seniors village,Residential and long-term care,Victoria,BC,48.441914,-123.37798,Province of British Columbia
selkirk waterfront,Residential and long-term care,Victoria,BC,48.441484,-123.37761,Province of British Columbia
sentinel house,Residential and long-term care,North Saanich,BC,48.6157359,-123.4302095,Province of British Columbia
serenity house,Residential and long-term care,Dawson Creek,BC,55.756212,-120.23914,Province of British Columbia
seventh avenue residence,Residential and long-term care,Mission,BC,49.1399655,-122.3137395,Province of British Columbia
seymour health centre,Clinics and ambulatory care,Vancouver,BC,49.26514,-123.1405,Province of British Columbia
sharondale lodge,Residential and long-term care,Surrey,BC,49.1062445,-122.7308893,Province of British Columbia
shaughnessy care centre,Residential and long-term care,Port Coquitlam,BC,49.2606033,-122.7799085,Province of British Columbia
shaw house,Residential and long-term care,Coquitlam,BC,49.2437599,-122.8877652,Province of British Columbia
shaw place,Residential and long-term care,Vancouver,BC,49.2326234,-123.0949923,Province of British Columbia
shelbourne medical clinic,Clinics and ambulatory care,Victoria,BC,48.448582,-123.333229,Province of British Columbia
shelmarie rest home,Residential and long-term care,Victoria,BC,48.4190982,-123.3248349,Province of British Columbia
shiloah,Residential and long-term care,Burnaby,BC,49.2168451,-123.0055897,Province of British Columbia
shone house,Residential and long-term care,North Vancouver,BC,49.3187921,-122.9593032,Province of British Columbia
shoreline medical,Clinics and ambulatory care,Sidney,BC,48.647652,-123.401503,Province of British Columbia
shorncliffe,Residential and long-term care,Sechelt,BC,49.474191,-123.765,Province of British Columbia
shuswap lake general hospital,Hospitals,Salmon Arm,BC,50.7045612,-119.2743811,Public Health Agency of Canada
shuswap providence medical clinic,Clinics and ambulatory care,Salmon Arm,BC,50.694848,-119.318555,Province of British Columbia
sicamous medical clinic,Clinics and ambulatory care,Sicamous,BC,50.836895,-118.98931,Province of British Columbia
sidley street,Residential and long-term care,Burnaby,BC,49.2171669,-122.9932027,Province of British Columbia
sidney all care residence,Residential and long-term care,Sidney,BC,48.6548435,-123.4053777,Province of British Columbia
sidney care home,Residential and long-term care,Sidney,BC,48.6512125,-123.4010229,Province of British Columbia
silver kettle village,Residential and long-term care,Grand Forks,BC,49.0246317,-118.4649688,Province of British Columbia
silverbirch house,Residential and long-term care,Castlegar,BC,49.3176585,-117.6672009,Province of British Columbia
simms road group home,Residential and long-term care,Campbell River,BC,49.974941,-125.22347,Province of British Columbia
simply wellness,Clinics and ambulatory care,Vancouver,BC,49.246217,-123.067617,Province of British Columbia
sina pharmacy and health centre,Clinics and ambulatory care,Vancouver,BC,49.279476,-123.11935,Province of British Columbia
six mile house,Residential and long-term care,Victoria,BC,48.457102,-123.45992,Province of British Columbia
sixth street residence,Residential and long-term care,Courtenay,BC,49.6877334,-125.0050414,Province of British Columbia
sj willis home,Residential and long-term care,Victoria,BC,48.441317,-123.36022,Province of British Columbia
skyline lodge,Residential and long-term care,Abbotsford,BC,49.0377195,-122.3063657,Province of British Columbia
slocan community health centre,Residential and long-term care,New Denver,BC,49.9842253,-117.3740924,Province of British Columbia
sluggett house,Residential and long-term care,Brentwood Bay,BC,48.572695,-123.44301,Province of British Columbia
smithson place home,Residential and long-term care,Kelowna,BC,49.8996441,-119.4624632,Province of British Columbia
solly court,Residential and long-term care,Kelowna,BC,49.898764,-119.3828911,Province of British Columbia
soltani medical clinic,Clinics and ambulatory care,Port Coquitlam,BC,49.27426,-122.7901,Province of British Columbia
sophia house,Residential and long-term care,Vancouver,BC,49.2415748,-123.0982494,Province of British Columbia
south canoe home,Residential and long-term care,Salmon Arm,BC,50.6912155,-119.2028411,Province of British Columbia
south granville park lodge,Residential and long-term care,Vancouver,BC,49.259225,-123.142,Province of British Columbia
south hills tertiary psychiatric rehabilitation centre,Residential and long-term care,Kamloops,BC,50.7033639,-120.3941722,Public Health Agency of Canada
south okanagan general hospital,Hospitals,Oliver,BC,49.1836817,-119.5395697,Public Health Agency of Canada
south similkameen health centre,Hospitals,Keremeos,BC,49.2049837,-119.832334,Public Health Agency of Canada
south surrey medical clinic,Clinics and ambulatory care,Surrey,BC,49.048561,-122.783332,Province of British Columbia
south vancouver medical clinic,Clinics and ambulatory care,Vancouver,BC,49.20884,-123.0993,Province of British Columbia
southdale manor,Residential and long-term care,Richmond,BC,49.1351705,-123.1195313,Province of British Columbia
southern place,Residential and long-term care,Abbotsford,BC,49.0565309,-122.3563942,Province of British Columbia
spall medical centre,Clinics and ambulatory care,Kelowna,BC,49.882804,-119.453794,Province of British Columbia
spartan place,Residential and long-term care,Vernon,BC,50.2870774,-119.2508847,Province of British Columbia
spring medical centre,Clinics and ambulatory care,Burnaby,BC,49.266808,-123.004908,Province of British Columbia
spring valley care centre,Residential and long-term care,Kelowna,BC,49.885121,-119.416235,Province of British Columbia
springridge group home,Residential and long-term care,Kamloops,BC,50.6582015,-120.3602463,Province of British Columbia
squamish general hospital,Hospitals,Squamish,BC,49.697911,-123.141176,Public Health Agency of Canada
st catherine's community home,Residential and long-term care,Prince George,BC,53.8601203,-122.7796175,Province of British Columbia
st. charles manor,Residential and long-term care,Victoria,BC,48.424174,-123.3394434,Province of British Columbia
st. john hospice,Residential and long-term care,Vancouver,BC,49.25541,-123.247,Province of British Columbia
st. john hospital,Hospitals,Vanderhoof,BC,54.0285333,-124.0107233,Public Health Agency of Canada
st. joseph's general hospital - comox,Hospitals,Comox,BC,49.6744637,-124.9415684,Public Health Agency of Canada
st. joseph's general hospital [bc],Hospitals,Comox,BC,49.67491,-124.941427,Canadian Institute for Health Information
st. jude's anglican home,Residential and long-term care,Vancouver,BC,49.2468877,-123.1227326,Province of British Columbia
st. mary's hospital - sechelt,Hospitals,Sechelt,BC,49.4746186,-123.7496314,Public Health Agency of Canada
st. paul's hospital - burrard building,Hospitals,Vancouver,BC,49.280614,-123.128913,Province of British Columbia
st. paul's hospital - providence building,Hospitals,Vancouver,BC,49.280614,-123.128913,Province of British Columbia
st. paul's hospital - providence ii building,Hospitals,Vancouver,BC,49.280614,-123.128913,Province of British Columbia
st. vincent's brock fahrni pavilion,Residential and long-term care,Vancouver,BC,49.243305,-123.123212,Province of British Columbia
st. vincent's langara,Residential and long-term care,Vancouver,BC,49.214793,-123.1112858,Province of British Columbia
stamps house - v.i.t.a.l.,Residential and long-term care,Duncan,BC,48.8138192,-123.6628588,Province of British Columbia
stanford seniors village,Residential and long-term care,Parksville,BC,49.316749,-124.31121,Province of British Columbia
starburst home care,Residential and long-term care,Vancouver,BC,49.2468922,-123.0909955,Province of British Columbia
station square medical clinic,Clinics and ambulatory care,Burnaby,BC,49.227868,-123.004463,Province of British Columbia
stayte house,Residential and long-term care,Surrey,BC,49.0253905,-122.7789675,Province of British Columbia
sterling centre clinic,Clinics and ambulatory care,Vernon,BC,50.260402,-119.275113,Province of British Columbia
stevenson open access clinic,Clinics and ambulatory care,Chilliwack,BC,49.124465,-121.959141,Province of British Columbia
steveston residence,Residential and long-term care,Richmond,BC,49.132846,-123.182,Province of British Columbia
stuart lake hospital,Hospitals,Fort St James,BC,54.4414052,-124.242352,Public Health Agency of Canada
stuart nechako manor,Residential and long-term care,Vanderhoof,BC,54.028787,-124.00926,Province of British Columbia
sullivan medical clinic,Clinics and ambulatory care,Surrey,BC,49.104505,-122.798666,Province of British Columbia
summerland health centre,Hospitals,Summerland,BC,49.601398,-119.668653,Public Health Agency of Canada
summerland seniors village,Residential and long-term care,Summerland,BC,49.6000555,-119.6687918,Province of British Columbia
sun peaks community health centre,Clinics and ambulatory care,Sun Peaks,BC,50.88453,-119.8904,Province of British Columbia
sun pointe village in rutland,Residential and long-term care,Kelowna,BC,49.8962631,-119.3878245,Province of British Columbia
suncreek village,Residential and long-term care,Surrey,BC,49.1156408,-122.8450108,Province of British Columbia
suncrest retirement community,Residential and long-term care,Surrey,BC,49.0485655,-122.7977862,Province of British Columbia
sunny hill health centre for children,Residential and long-term care,Vancouver,BC,49.2519743,-123.0482504,Public Health Agency of Canada
sunnybank centre,Residential and long-term care,Oliver,BC,49.187837,-119.5401017,Province of British Columbia
sunrise of lynn valley,Residential and long-term care,North Vancouver,BC,49.3326532,-123.0472914,Province of British Columbia
sunrise of vancouver,Residential and long-term care,Vancouver,BC,49.2195762,-123.1278011,Province of British Columbia
sunrise of victoria,Residential and long-term care,Victoria,BC,48.418885,-123.36082,Province of British Columbia
sunset lodge - salvation army,Residential and long-term care,Victoria,BC,48.4418742,-123.3933671,Province of British Columbia
sunshine coast health centre,Residential and long-term care,Powell River,BC,49.773664,-124.429,Province of British Columbia
sunwood medical clinic,Clinics and ambulatory care,Coquitlam,BC,49.274,-122.7944,Province of British Columbia
surrey memorial hospital,Hospitals,Surrey,BC,49.1765946,-122.8417742,Public Health Agency of Canada
swan valley lodge-30,Residential and long-term care,Creston,BC,49.0979123,-116.5153237,Province of British Columbia
swensson house,Residential and long-term care,Abbotsford,BC,49.0498845,-122.4532155,Province of British Columbia
tabor home,Residential and long-term care,Abbotsford,BC,49.047016,-122.338899,Province of British Columbia
tait street,Residential and long-term care,Victoria,BC,48.4710736,-123.3908108,Province of British Columbia
talarico place,Residential and long-term care,Castlegar,BC,49.3149693,-117.6614243,Province of British Columbia
tall timbers residence,Residential and long-term care,Langley,BC,49.103715,-122.554986,Province of British Columbia
tamarack house,Residential and long-term care,Victoria,BC,48.445491,-123.47428,Province of British Columbia
tanner house,Residential and long-term care,Vancouver,BC,49.2442213,-123.0313165,Province of British Columbia
tavernier home,Residential and long-term care,Mission,BC,49.1440221,-122.2959622,Province of British Columbia
tenth street medicentre,Clinics and ambulatory care,New Westminster,BC,49.201215,-122.916095,Province of British Columbia
terraceview lodge,Residential and long-term care,Terrace,BC,54.533333,-128.59334,Province of British Columbia
teshi house,Residential and long-term care,Nelson,BC,49.4739295,-117.291627,Province of British Columbia
the arbours at sunridge place,Residential and long-term care,Duncan,BC,48.777453,-123.69747,Province of British Columbia
the boulevard,Residential and long-term care,North Vancouver,BC,49.317604,-123.058,Province of British Columbia
the bridge medical clinic,Clinics and ambulatory care,Campbell River,BC,49.869856,-125.129046,Province of British Columbia
the cascades,Residential and long-term care,Chilliwack,BC,49.160818,-121.9629698,Province of British Columbia
the chrysalis 22,Residential and long-term care,Surrey,BC,49.2075008,-122.8309787,Province of British Columbia
the classic homestead - east,Residential and long-term care,Langley,BC,49.136447,-122.655987,Province of British Columbia
the classic homestead - west,Residential and long-term care,Langley,BC,49.136456,-122.656232,Province of British Columbia
the clinic at clayton heights,Clinics and ambulatory care,Surrey,BC,49.132924,-122.701348,Province of British Columbia
the crossing house,Residential and long-term care,Burnaby,BC,49.233638,-122.995372,Province of British Columbia
the divisions of family practice,Clinics and ambulatory care,Chilliwack,BC,49.16583,-121.9626,Province of British Columbia
the doctors' office,Clinics and ambulatory care,Vancouver,BC,49.263577,-123.121538,Province of British Columbia
the ellendale treatment program - liz's place,Residential and long-term care,Surrey,BC,49.2061108,-122.8128281,Province of British Columbia
the florentine,Residential and long-term care,Merritt,BC,50.1246261,-120.7634019,Province of British Columbia
the gardens at qualicum beach,Residential and long-term care,Qualicum Beach,BC,49.348341,-124.43764,Province of British Columbia
the gateby,Residential and long-term care,Vernon,BC,50.2642353,-119.2813015,Province of British Columbia
the hamlets at penticton,Residential and long-term care,Penticton,BC,49.4840616,-119.5897419,Province of British Columbia
the hamlets at vernon,Residential and long-term care,Vernon,BC,50.2628516,-119.2714963,Province of British Columbia
the hamlets at westsyde,Residential and long-term care,Kamloops,BC,50.770821,-120.341961,Province of British Columbia
the heights,Residential and long-term care,Victoria,BC,48.4770791,-123.4125089,Province of British Columbia
the heights at mount view,Residential and long-term care,Victoria,BC,48.459499,-123.38131,Province of British Columbia
the kiwanis pavilion,Residential and long-term care,Victoria,BC,48.446264,-123.34603,Province of British Columbia
the oxford - senior living and care,Residential and long-term care,Abbotsford,BC,49.0418106,-122.3349739,Province of British Columbia
the phoenix centre,Residential and long-term care,Surrey,BC,49.1745351,-122.843306,Province of British Columbia
the regional treatment centre (pacific),Hospitals,Abbotsford,BC,49.0310858,-122.3003157,Public Health Agency of Canada
the residence at clayton heights,Residential and long-term care,Surrey,BC,49.1317703,-122.7026815,Province of British Columbia
the residence in mission,Residential and long-term care,Mission,BC,49.135354,-122.330124,Province of British Columbia
the richmond bridge house,Residential and long-term care,Richmond,BC,49.162539,-123.1107626,Province of British Columbia
the salvation army buchanan lodge,Residential and long-term care,New Westminster,BC,49.2288744,-122.8979893,Province of British Columbia
the styles apartments,Residential and long-term care,Victoria,BC,48.43881,-123.38889,Province of British Columbia
the terraces at evergreen,Residential and long-term care,White Rock,BC,49.0295667,-122.8107662,Province of British Columbia
"the university hospital of northern british columbia, prince george",Hospitals,Prince George,BC,53.911312,-122.763377,Canadian Institute for Health Information
the village at smith creek,Residential and long-term care,West Kelowna,BC,49.842992,-119.627187,Province of British Columbia
the waterford,Residential and long-term care,Delta,BC,49.0271841,-123.0701603,Province of British Columbia
third avenue residence,Residential and long-term care,Mission,BC,49.1366484,-122.294644,Province of British Columbia
thornton,Residential and long-term care,Maple Ridge,BC,49.2195003,-122.5310159,Province of British Columbia
thorpe rd. house (v.i.t.a.l.),Residential and long-term care,Courtenay,BC,49.700739,-124.97727,Province of British Columbia
three links care centre,Residential and long-term care,Vancouver,BC,49.2503144,-123.0429307,Province of British Columbia
three links manor,Residential and long-term care,Kelowna,BC,49.883268,-119.4669195,Province of British Columbia
tilikum house,Residential and long-term care,Vancouver,BC,49.2578371,-123.0383714,Province of British Columbia
tillicum group home,Residential and long-term care,Victoria,BC,48.459891,-123.39731,Province of British Columbia
tillicum medical clinic,Clinics and ambulatory care,Victoria,BC,48.45447,-123.3949,Province of British Columbia
timberline house,Residential and long-term care,Campbell River,BC,49.962646,-125.23602,Province of British Columbia
tofino general hospital,Hospitals,Tofino,BC,49.151404,-125.908799,Public Health Agency of Canada
together we can,Residential and long-term care,Vancouver,BC,49.236999,-123.047,Province of British Columbia
top of the world ranch treatment centre,Residential and long-term care,Fort Steele,BC,49.685915,-115.664733,Province of British Columbia
topaz place,Residential and long-term care,Chilliwack,BC,49.1394638,-121.9679091,Province of British Columbia
totem lodge,Residential and long-term care,Sechelt,BC,49.47472,-123.758,Province of British Columbia
town plaza medical clinic,Clinics and ambulatory care,Whistler,BC,50.117232,-122.955944,Province of British Columbia
towne centre medical clinic,Clinics and ambulatory care,West Kelowna,BC,49.82718,-119.6288,Province of British Columbia
treebank home,Residential and long-term care,Victoria,BC,48.449659,-123.41854,Province of British Columbia
trillium house,Residential and long-term care,North Vancouver,BC,49.3206867,-122.9980666,Province of British Columbia
trillium lodge,Residential and long-term care,Parksville,BC,49.311376,-124.32514,Province of British Columbia
trillium lodge extended care hospital,Hospitals,Parksville,BC,49.31138,-124.325,Public Health Agency of Canada
trinity centre,Residential and long-term care,Penticton,BC,49.4644041,-119.5822885,Province of British Columbia
triton medical clinic,Clinics and ambulatory care,Surrey,BC,49.16434,-122.8753,Province of British Columbia
tsawaayuus (rainbow gardens),Residential and long-term care,Port Alberni,BC,49.269313,-124.848,Province of British Columbia
turner connection,Residential and long-term care,Nanaimo,BC,49.221571,-124.04173,Province of British Columbia
turning point recovery society - richmond men's house,Residential and long-term care,Richmond,BC,49.1820657,-123.1082596,Province of British Columbia
turning point recovery society - vancouver,Residential and long-term care,Vancouver,BC,49.2596944,-123.1138887,Province of British Columbia
turning point recovery society north shore men's,Residential and long-term care,North Vancouver,BC,49.312108,-123.005,Province of British Columbia
turning point recovery society north shore women's,Residential and long-term care,North Vancouver,BC,49.334326,-123.104,Province of British Columbia
turning point richmond women's,Residential and long-term care,Richmond,BC,49.138995,-123.1593558,Province of British Columbia
turnstone,Residential and long-term care,Sechelt,BC,49.482772,-123.768248,Province of British Columbia
turtle bay medical clinic,Clinics and ambulatory care,Lake Country,BC,50.05433,-119.412485,Province of British Columbia
twelfth avenue,Residential and long-term care,Burnaby,BC,49.2190106,-122.9329777,Province of British Columbia
twenty sixth avenue home,Residential and long-term care,Aldergrove,BC,49.0492254,-122.4728834,Province of British Columbia
twin oaks,Residential and long-term care,Victoria,BC,48.503458,-123.3578157,Province of British Columbia
ty watson house,Residential and long-term care,Port Alberni,BC,49.2276256,-124.8086038,Province of British Columbia
tyndall home,Residential and long-term care,Victoria,BC,48.490212,-123.31749,Province of British Columbia
ubc hospital,Hospitals,Vancouver,BC,49.2631558,-123.2460022,Public Health Agency of Canada
ubc hospital - detwiller pavilion,Hospitals,Vancouver,BC,49.264575,-123.244143,Province of British Columbia
ubc hospital - koerner pavilion,Hospitals,Vancouver,BC,49.264671,-123.244259,Province of British Columbia
ubc hospital - purdy pavilion,Hospitals,Vancouver,BC,49.263388,-123.245945,Province of British Columbia
ultima medical services,Clinics and ambulatory care,Vancouver,BC,49.2864911,-123.1213,Province of British Columbia
una medical clinic,Clinics and ambulatory care,Vancouver,BC,49.257857,-123.127501,Province of British Columbia
university hospital - purdy pavilion ecu,Residential and long-term care,Vancouver,BC,49.26331,-123.255,Province of British Columbia
university hospital of northern british columbia,Hospitals,Prince George,BC,53.911251,-122.763153,Province of British Columbia
university of northern british columbia,Clinics and ambulatory care,Prince George,BC,53.8922,-122.8134,Province of British Columbia
university village medical,Clinics and ambulatory care,Vancouver,BC,49.266463,-123.242117,Province of British Columbia
uptown medical clinic,Clinics and ambulatory care,Victoria,BC,48.45517,-123.3744,Province of British Columbia
valemount community health centre,Hospitals,Valemount,BC,52.83174,-119.273927,Public Health Agency of Canada
valhaven rest home,Residential and long-term care,Abbotsford,BC,49.0789671,-122.3857153,Province of British Columbia
valley centre medical clinic,Clinics and ambulatory care,Langley,BC,49.11821,-122.673359,Province of British Columbia
valleyhaven,Residential and long-term care,Chilliwack,BC,49.1664458,-121.9661444,Province of British Columbia
valleyview treatment centre,Clinics and ambulatory care,Cobble Hill,BC,48.710695,-123.607747,Province of British Columbia
van kleeck home,Residential and long-term care,Armstrong,BC,50.4387917,-119.1874706,Province of British Columbia
vancouver coastal health,Clinics and ambulatory care,Vancouver,BC,49.2640819,-123.2462781,Province of British Columbia
vancouver detoxification centre,Residential and long-term care,Vancouver,BC,49.267258,-123.097,Province of British Columbia
vancouver general hospital,Hospitals,Vancouver,BC,49.261616,-123.1239113,Public Health Agency of Canada
vancouver general hospital - banfield pavilion,Hospitals,Vancouver,BC,49.261231,-123.118806,Province of British Columbia
vancouver general hospital - gordon and leslie diamond health care centre,Hospitals,Vancouver,BC,49.261187,-123.125655,Province of British Columbia
vancouver general hospital - health centre,Hospitals,Vancouver,BC,49.26052,-123.120849,Province of British Columbia
vancouver general hospital - jim pattison pavilion,Hospitals,Vancouver,BC,49.260558,-123.124094,Province of British Columbia
vancouver general hospital - leon judah blackmore pavilion,Hospitals,West Vancouver,BC,49.260542,-123.122823,Province of British Columbia
vancouver general hospital - willow pavilion,Hospitals,Vancouver,BC,49.26051,-123.122,Province of British Columbia
vancouver hospice,Residential and long-term care,Vancouver,BC,49.24427,-123.14,Province of British Columbia
vancouver hospital and health sciences centre,Hospitals,W Vancouver,BC,49.260572,-123.124372,Canadian Institute for Health Information
vanmar place,Residential and long-term care,Chilliwack,BC,49.1240739,-121.9439663,Province of British Columbia
venture,Residential and long-term care,Vancouver,BC,49.2590505,-123.1002884,Province of British Columbia
veralife health centre,Clinics and ambulatory care,Surrey,BC,49.133691,-122.801946,Province of British Columbia
vernon jubilee hospital,Hospitals,Vernon,BC,50.2556464,-119.270432,Public Health Agency of Canada
victoria chinatown care centre,Residential and long-term care,Victoria,BC,48.4299113,-123.3676465,Province of British Columbia
victoria general and royal jubilee hospital,Hospitals,Victoria,BC,48.467302,-123.436488,Canadian Institute for Health Information
victoria general hospital,Hospitals,Victoria,BC,48.466809,-123.432576,Province of British Columbia
victoria general hospital - victoria,Hospitals,Victoria,BC,48.4665044,-123.4330644,Public Health Agency of Canada
victoria house,Residential and long-term care,Princeton,BC,49.4591879,-120.515888,Province of British Columbia
victoria mental health centre,Clinics and ambulatory care,Victoria,BC,48.43242,-123.323847,Province of British Columbia
victoria rest home ltd.,Residential and long-term care,New Westminster,BC,49.205615,-122.916128,Province of British Columbia
victorian community health centre of kaslo,Residential and long-term care,Kaslo,BC,49.9134786,-116.9140496,Province of British Columbia
victory house,Residential and long-term care,Vancouver,BC,49.2824813,-123.096363,Province of British Columbia
viewmont house,Residential and long-term care,Victoria,BC,48.49645,-123.38733,Province of British Columbia
villa carital,Residential and long-term care,Vancouver,BC,49.2565839,-123.0521465,Province of British Columbia
villa cathay care home,Residential and long-term care,Vancouver,BC,49.277208,-123.084,Province of British Columbia
village langley (the),Residential and long-term care,Langley,BC,49.073088,-122.674722,Province of British Columbia
villeneuve house,Residential and long-term care,Kelowna,BC,49.8882963,-119.4605542,Province of British Columbia
virginia house,Residential and long-term care,Vancouver,BC,49.2615516,-123.1447641,Province of British Columbia
vista,Residential and long-term care,Vancouver,BC,49.254868,-123.071,Province of British Columbia
vista house,Residential and long-term care,Burnaby,BC,49.2135719,-122.9745099,Province of British Columbia
viva care,Clinics and ambulatory care,Abbotsford,BC,49.05795,-122.3783,Province of British Columbia
waddington group home,Residential and long-term care,Kamloops,BC,50.653665,-120.33799,Province of British Columbia
walker,Residential and long-term care,Abbotsford,BC,49.0374461,-122.2638329,Province of British Columbia
wallace road duplex,Residential and long-term care,Kelowna,BC,49.9055892,-119.3836707,Province of British Columbia
wallace street medical clinic,Clinics and ambulatory care,Nanaimo,BC,49.168301,-123.94144,Province of British Columbia
walpole house,Residential and long-term care,North Vancouver,BC,49.3216264,-123.0014172,Province of British Columbia
warner house,Residential and long-term care,Armstrong,BC,50.443508,-119.207355,Province of British Columbia
wascana house,Residential and long-term care,Victoria,BC,48.4531909,-123.3852909,Province of British Columbia
washington park medical clinic,Clinics and ambulatory care,Courtenay,BC,49.69744,-124.9863,Province of British Columbia
waterloo rest home ltd,Residential and long-term care,Vancouver,BC,49.2697648,-123.1799944,Province of British Columbia
wave medical clinic,Clinics and ambulatory care,Vancouver,BC,49.279513,-123.12848,Province of British Columbia
waverly seniors village,Residential and long-term care,Chilliwack,BC,49.155593,-121.95191,Province of British Columbia
welcome medical clinic,Clinics and ambulatory care,Burnaby,BC,49.219204,-122.927954,Province of British Columbia
well medical clinic,Clinics and ambulatory care,Coquitlam,BC,49.249007,-122.867352,Province of British Columbia
wellington street group home,Residential and long-term care,Port Coquitlam,BC,49.2788454,-122.7620924,Province of British Columbia
wellness first medical clinic,Clinics and ambulatory care,Richmond,BC,49.14019,-123.1378,Province of British Columbia
wells gray place,Residential and long-term care,New Westminster,BC,49.2325521,-122.8936793,Province of British Columbia
west 63rd home,Residential and long-term care,Vancouver,BC,49.2134497,-123.1139356,Province of British Columbia
west coast family medical clinic,Clinics and ambulatory care,Sooke,BC,48.378844,-123.721171,Province of British Columbia
west coast general hospital,Hospitals,Port Alberni,BC,49.2487383,-124.782044,Public Health Agency of Canada
west coast urgent care clinic,Clinics and ambulatory care,Port Alberni,BC,49.263571,-124.792035,Province of British Columbia
west houston,Residential and long-term care,Nelson,BC,49.4808886,-117.299647,Province of British Columbia
west kelowna walk-in and family practice,Clinics and ambulatory care,West Kelowna,BC,49.8375,-119.6156,Province of British Columbia
west shore laylum,Residential and long-term care,Surrey,BC,49.0482742,-122.7977542,Province of British Columbia
west steveston medical clinic,Clinics and ambulatory care,Richmond,BC,49.132,-123.0961,Province of British Columbia
west vancouver beachside medical,Clinics and ambulatory care,West Vancouver,BC,49.32737,-123.15454,Province of British Columbia
westholme road group home,Residential and long-term care,Duncan,BC,48.850249,-123.71544,Province of British Columbia
westminster house,Residential and long-term care,Surrey,BC,49.032828,-122.836989,Province of British Columbia
westporte residence,Residential and long-term care,Port Alberni,BC,49.2734596,-124.8466434,Province of British Columbia
westside medical associates,Clinics and ambulatory care,West Kelowna,BC,49.86601,-119.563434,Province of British Columbia
westsyde care annex,Residential and long-term care,Kamloops,BC,50.758769,-120.3494264,Province of British Columbia
westsyde care residence,Residential and long-term care,Kamloops,BC,50.758789,-120.34943,Province of British Columbia
westwood group home,Residential and long-term care,Nanaimo,BC,49.17259,-124.01553,Province of British Columbia
wexford creek,Residential and long-term care,Nanaimo,BC,49.131794,-123.92555,Province of British Columbia
wheelhouse integrative medical clinic,Clinics and ambulatory care,Victoria,BC,48.463909,-123.499077,Province of British Columbia
whistler blackcomb sea to sky community hospice,Residential and long-term care,Squamish,BC,49.69963,-123.14,Province of British Columbia
whistler medical clinic,Clinics and ambulatory care,Whistler,BC,50.120463,-122.954906,Province of British Columbia
white heather manor,Residential and long-term care,Kelowna,BC,49.8506754,-119.4776144,Province of British Columbia
white rock seniors village,Residential and long-term care,White Rock,BC,49.0236424,-122.7891502,Province of British Columbia
whitecliff retirement residence,Residential and long-term care,Surrey,BC,49.031791,-122.793109,Province of British Columbia
wicks road group home,Residential and long-term care,Duncan,BC,48.798265,-123.68607,Province of British Columbia
wilcox home,Residential and long-term care,Victoria,BC,48.5567761,-123.3977046,Province of British Columbia
wilding way,Residential and long-term care,North Vancouver,BC,49.3307307,-123.0534125,Province of British Columbia
williams lake community mental health and addiction services,Residential and long-term care,Williams Lake,BC,52.1297698,-122.1397368,Public Health Agency of Canada
williams lake seniors village,Residential and long-term care,Williams Lake,BC,52.1520084,-122.1593926,Province of British Columbia
williams road group home,Residential and long-term care,Richmond,BC,49.1406059,-123.1314438,Province of British Columbia
willingdon creek village,Residential and long-term care,Powell River,BC,49.849859,-124.519,Province of British Columbia
willoughby medical centre,Clinics and ambulatory care,Langley,BC,49.12048,-122.6614,Province of British Columbia
willow house,Residential and long-term care,Vernon,BC,50.2554465,-119.2599452,Province of British Columbia
willow manor care centre,Residential and long-term care,Maple Ridge,BC,49.2253273,-122.6020158,Province of British Columbia
willow place,Residential and long-term care,Trail,BC,49.0924555,-117.7478234,Province of British Columbia
willowbrook medical clinic,Clinics and ambulatory care,Langley,BC,49.115513,-122.678664,Province of British Columbia
willowview,Residential and long-term care,Vernon,BC,50.2550268,-119.2705047,Province of British Columbia
wilmada place,Residential and long-term care,Chilliwack,BC,49.1712909,-121.932773,Province of British Columbia
windermere care centre,Residential and long-term care,Vancouver,BC,49.260325,-123.125,Province of British Columbia
windridge house,Residential and long-term care,North Vancouver,BC,49.3097667,-123.0142042,Province of British Columbia
wingate house,Residential and long-term care,Coquitlam,BC,49.2538639,-122.8583242,Province of British Columbia
winston manor,Residential and long-term care,Vancouver,BC,49.2660448,-123.1686393,Province of British Columbia
wisteria house group home,Residential and long-term care,Duncan,BC,48.782618,-123.73072,Province of British Columbia
woodgrove manor,Residential and long-term care,Nanaimo,BC,49.2291611,-124.0433343,Province of British Columbia
woodrich,Residential and long-term care,Richmond,BC,49.1592408,-123.1584481,Province of British Columbia
woodvan,Residential and long-term care,Vancouver,BC,49.214385,-123.0777711,Province of British Columbia
woodwards home,Residential and long-term care,Richmond,BC,49.1437498,-123.1592847,Province of British Columbia
wrinch memorial hospital,Hospitals,Hazelton,BC,55.2595756,-127.651258,Public Health Agency of Canada
yale house,Residential and long-term care,Surrey,BC,49.1883729,-122.8586626,Province of British Columbia
yaletown house,Residential and long-term care,Vancouver,BC,49.275272,-123.119,Province of British Columbia
yaletown medical clinic,Clinics and ambulatory care,Vancouver,BC,49.273447,-123.12342,Province of British Columbia
yates and quadra integrated health centre,Clinics and ambulatory care,Victoria,BC,48.42563,-123.358744,Province of British Columbia
yew residence,Residential and long-term care,Vancouver,BC,49.2300254,-123.1590853,Province of British Columbia
youville residence,Residential and long-term care,Vancouver,BC,49.24058,-123.12,Province of British Columbia
yucalta lodge,Residential and long-term care,Campbell River,BC,50.009873,-125.24531,Province of British Columbia
yyoung medical clinic and pharmacy,Clinics and ambulatory care,Vancouver,BC,49.269917,-123.100793,Province of British Columbia
zion park manor,Residential and long-term care,Surrey,BC,49.1101454,-122.724215,Province of British Columbia
altona community health centre,Hospitals,Altona,MB,49.1074008,-97.5507187,Public Health Agency of Canada
altona community memorial,Hospitals,Altona,MB,49.097393,-97.566131,Canadian Institute for Health Information
altona community memorial health centre,Clinics and ambulatory care,Altona,MB,49.107597,-97.550719,Province of Manitoba and Manitoba Health Authorities
arborg and districts health centre,Hospitals,Arborg,MB,50.905138,-97.226298,Canadian Institute for Health Information
arborg hospital,Hospitals,Arborg,MB,50.9061209,-97.2261858,Province of Manitoba and Manitoba Health Authorities
ashern – lakeshore general hospital,Hospitals,Ashern,MB,51.1802504,-98.3526275,Province of Manitoba and Manitoba Health Authorities
baldur health centre,Hospitals,Baldur,MB,49.3848958,-99.2407383,Public Health Agency of Canada
beausejour district hospital,Hospitals,Beausejour,MB,50.0578759,-96.5199995,Public Health Agency of Canada
beausejour health centre,Clinics and ambulatory care,Beausejour,MB,50.06166,-96.515192,Province of Manitoba and Manitoba Health Authorities
beausejour hospital,Hospitals,Beausejour,MB,50.0578965,-96.5200145,Province of Manitoba and Manitoba Health Authorities
benito health centre inc.,Hospitals,Benito,MB,51.914325,-101.54707,Public Health Agency of Canada
bethesda hospital,Hospitals,Steinbach,MB,49.5295887,-96.6800683,Public Health Agency of Canada
bethesda regional health centre,Clinics and ambulatory care,Steinbach,MB,49.5297417,-96.6802789,Province of Manitoba and Manitoba Health Authorities
birtle health centre,Hospitals,Birtle,MB,50.4257546,-101.04682,Public Health Agency of Canada
boissevain health centre,Hospitals,Boissevain,MB,49.225534,-100.059793,Public Health Agency of Canada
boissevain health centre district,Hospitals,Boissevain,MB,49.224217,-100.059664,Canadian Institute for Health Information
brandon general hospital,Hospitals,Brandon,MB,49.840453,-99.936903,Canadian Institute for Health Information
brandon regional health centre,Hospitals,Brandon,MB,49.840231,-99.936897,Public Health Agency of Canada
breast health centre,Clinics and ambulatory care,Winnipeg,MB,49.8847121,-97.1233133,Province of Manitoba and Manitoba Health Authorities
cancercare manitoba- mcdermot,Hospitals,Winnipeg,MB,49.9030607,-97.1583208,Province of Manitoba and Manitoba Health Authorities
carberry health centre,Hospitals,Carberry,MB,49.871223,-99.361694,Canadian Institute for Health Information
carberry plain health centre,Hospitals,Carberry,MB,49.871891,-99.356199,Public Health Agency of Canada
carman memorial hospital,Hospitals,Carman,MB,49.496954,-98.008551,Public Health Agency of Canada
cartwright health centre,Hospitals,Cartwright,MB,49.09505,-99.3411,Public Health Agency of Canada
centre de sante st. claude health centre,Clinics and ambulatory care,Grey,MB,49.653788,-98.344588,Province of Manitoba and Manitoba Health Authorities
centre de santé notre-dame health centre,Clinics and ambulatory care,Lorne,MB,49.532008,-98.564292,Province of Manitoba and Manitoba Health Authorities
centre medico social de salaberry district health centre,Hospitals,St Pierre-Jolys,MB,49.4445191,-96.9898441,Public Health Agency of Canada
churchill health centre,Clinics and ambulatory care,Churchill,MB,58.7716045,-94.1702555,Province of Manitoba and Manitoba Health Authorities
concordia hospital,Hospitals,Winnipeg,MB,49.913511,-97.06463,Public Health Agency of Canada
cormorant health care centre,Hospitals,"Division No. 21, Unorganized",MB,54.224805,-100.601709,Province of Manitoba and Manitoba Health Authorities
cranberry portage wellness centre,Clinics and ambulatory care,Kelsey,MB,54.585535,-101.375943,Province of Manitoba and Manitoba Health Authorities
dauphin regional health centre,Hospitals,Dauphin,MB,51.1477443,-100.0609707,Public Health Agency of Canada
davidson memorial health centre,Clinics and ambulatory care,Cartwright-Roblin,MB,49.091939,-99.334541,Province of Manitoba and Manitoba Health Authorities
deer lodge centre inc.,Residential and long-term care,Winnipeg,MB,49.8779998,-97.2355202,Public Health Agency of Canada
deloraine health centre,Hospitals,Deloraine,MB,49.1916925,-100.4983178,Public Health Agency of Canada
desalaberry district health centre,Hospitals,Saint Pierre-Jolys,MB,49.444981,-96.988244,Canadian Institute for Health Information
dr. evelyn memorial hospital,Hospitals,Stonewall,MB,50.1303426,-97.3357173,Province of Manitoba and Manitoba Health Authorities
e.m. crowe memorial hospital,Hospitals,Eriksdale,MB,50.864458,-98.1049068,Province of Manitoba and Manitoba Health Authorities
eden mental health centre,Clinics and ambulatory care,Winkler,MB,49.1777107,-97.9560743,Public Health Agency of Canada
elizabeth m. crowe memorial hospital,Hospitals,Eriksdale,MB,50.8660843,-98.1066581,Public Health Agency of Canada
elkwood manor,Residential and long-term care,Wallace-Woodworth,MB,49.976117,-101.240845,Province of Manitoba and Manitoba Health Authorities
emerson health centre,Hospitals,Emerson,MB,49.0046511,-97.2157093,Public Health Agency of Canada
erickson health centre,Hospitals,Erickson,MB,50.496341,-99.90902,Public Health Agency of Canada
eriksdale e.m. crowe memorial hospital,Hospitals,West Interlake,MB,50.866247,-98.10668,Province of Manitoba and Manitoba Health Authorities
eriksdale medical clinic,Clinics and ambulatory care,Eriksdale,MB,50.8635647,-98.1049507,Province of Manitoba and Manitoba Health Authorities
eveline street clinic,Clinics and ambulatory care,Selkirk,MB,50.1299913,-96.8857792,Province of Manitoba and Manitoba Health Authorities
flin flon general hospital,Hospitals,Flin Flon,MB,54.7643835,-101.8766221,Province of Manitoba and Manitoba Health Authorities
gillam hospital inc.,Hospitals,Gillam,MB,56.346671,-94.708376,Public Health Agency of Canada
gimli community health centre (johnson memorial hospital),Hospitals,Gimli,MB,50.627844,-96.994259,Public Health Agency of Canada
gimli johnson memorial hospital,Hospitals,Gimli,MB,50.627187,-96.994988,Province of Manitoba and Manitoba Health Authorities
gladstone health centre,Clinics and ambulatory care,Westlake-Gladstone,MB,50.225025,-98.943426,Province of Manitoba and Manitoba Health Authorities
glenboro health district hospital,Hospitals,Glenboro,MB,49.559843,-99.287091,Public Health Agency of Canada
grace general hospital,Hospitals,Winnipeg,MB,49.8823551,-97.2767758,Public Health Agency of Canada
grace hospital,Hospitals,Winnipeg,MB,49.881923,-97.274715,Canadian Institute for Health Information
grandview district hospital,Hospitals,Grandview,MB,51.178923,-100.70023,Canadian Institute for Health Information
grandview health centre,Clinics and ambulatory care,Grandview,MB,51.179309,-100.699876,Province of Manitoba and Manitoba Health Authorities
hamiota district health centre,Hospitals,Hamiota,MB,50.18213,-100.59,Public Health Agency of Canada
hamitoa health centre,Clinics and ambulatory care,Hamiota,MB,50.182126,-100.589744,Province of Manitoba and Manitoba Health Authorities
hartney health centre,Hospitals,Hartney,MB,49.484746,-100.526726,Public Health Agency of Canada
health sciences centre,Hospitals,Winnipeg,MB,49.904682,-97.159448,Public Health Agency of Canada
hunter memorial hospital,Hospitals,Teulon,MB,50.3874521,-97.254977,Province of Manitoba and Manitoba Health Authorities
hôpital ste-anne hospital,Hospitals,Ste-Anne,MB,49.6678815,-96.6476614,Public Health Agency of Canada
ilford community health centre,Clinics and ambulatory care,Ilford,MB,56.067745,-95.600435,Province of Manitoba and Manitoba Health Authorities
johnson memorial hospital,Hospitals,Gimli,MB,50.6279201,-96.9939877,Province of Manitoba and Manitoba Health Authorities
kin place primary health care centre,Clinics and ambulatory care,Oakbank,MB,49.9443501,-96.840926,Province of Manitoba and Manitoba Health Authorities
lac du bonnet health centre,Clinics and ambulatory care,Lac Du Bonnet,MB,50.253,-96.060223,Province of Manitoba and Manitoba Health Authorities
lac du bonnet primary health clinic,Clinics and ambulatory care,Lac Du Bonnet,MB,50.2528364,-96.0612718,Province of Manitoba and Manitoba Health Authorities
lakeshore general hospital - ashern,Hospitals,Ashern,MB,51.1798564,-98.351933,Public Health Agency of Canada
leaf rapids health care centre,Hospitals,Leaf Rapids,MB,56.463294,-100.011258,Public Health Agency of Canada
leaf rapids health centre,Clinics and ambulatory care,Leaf Rapids,MB,56.463351,-100.0107,Province of Manitoba and Manitoba Health Authorities
lorne memorial hospital,Hospitals,Swan Lake,MB,49.412453,-98.787451,Public Health Agency of Canada
lundar health centre – nurse practitioner clinic,Clinics and ambulatory care,Lundar,MB,50.6938986,-98.0386811,Province of Manitoba and Manitoba Health Authorities
lynn lake hospital,Hospitals,Lynn Lake,MB,56.8568707,-101.0440366,Province of Manitoba and Manitoba Health Authorities
macgregor health centre,Hospitals,Macgregor,MB,49.9622412,-98.775017,Public Health Agency of Canada
"manitoba adolescent treatment centre, inc. - hospital program",Hospitals,Winnipeg,MB,49.90613,-97.163433,Public Health Agency of Canada
mccreary/alonsa health centre,Hospitals,Mccreary,MB,50.772448,-99.486386,Public Health Agency of Canada
melita health centre,Hospitals,Melita,MB,49.2705031,-100.996575,Public Health Agency of Canada
minnedosa health centre,Hospitals,Minnedosa,MB,50.241616,-99.839963,Public Health Agency of Canada
minnedosa health district,,Minnedosa,MB,50.2419435,-99.8365575,Province of Manitoba and Manitoba Health Authorities
misericordia health centre,Hospitals,Winnipeg,MB,49.8789496,-97.1593898,Public Health Agency of Canada
morris general hospital,Hospitals,E Morris,MB,49.3532971,-97.3606927,Public Health Agency of Canada
neepawa district memorial hospital,Hospitals,Neepawa,MB,50.234156,-99.4629502,Public Health Agency of Canada
neepawa health centre,Hospitals,Neepawa,MB,50.234162,-99.46262,Canadian Institute for Health Information
neepawa health centre (memorial hospital),Hospitals,Neepawa,MB,50.2343329,-99.4613957,Province of Manitoba and Manitoba Health Authorities
norway house indian hospital,Hospitals,Norway House,MB,53.983997,-97.832136,Public Health Agency of Canada
notre dame medical nursing unit,Hospitals,Notre-Dame-De-Lourdes,MB,49.5326942,-98.562463,Public Health Agency of Canada
pan am clinic,Clinics and ambulatory care,Winnipeg,MB,49.853271,-97.1729129,Province of Manitoba and Manitoba Health Authorities
pembina manitou health centre,Hospitals,Manitou,MB,49.241727,-98.544099,Public Health Agency of Canada
percy e. moore hospital,Hospitals,Hodgson,MB,51.21595,-97.574065,Public Health Agency of Canada
pikwitonei health centre,Clinics and ambulatory care,"Division No. 22, Unorganized",MB,55.595632,-97.087572,Province of Manitoba and Manitoba Health Authorities
pinawa hospital,Hospitals,Pinawa,MB,50.15126,-95.8835,Public Health Agency of Canada
pine falls health complex,Hospitals,Pine Falls,MB,50.56338,-96.2148,Public Health Agency of Canada
pine falls hospital,Hospitals,Pine Falls,MB,50.5633796,-96.2148499,Province of Manitoba and Manitoba Health Authorities
portage district general hospital,Hospitals,Portage La Prairie,MB,49.96723,-98.2815,Public Health Agency of Canada
quarry ridge medical clinic,Clinics and ambulatory care,Stonewall,MB,50.1312642,-97.3282445,Province of Manitoba and Manitoba Health Authorities
reston community health centre,Hospitals,N Reston,MB,49.5613575,-101.0998449,Public Health Agency of Canada
riverdale health centre,Clinics and ambulatory care,Riverdale,MB,50.035198,-100.242171,Province of Manitoba and Manitoba Health Authorities
rivers health centre,Hospitals,Rivers,MB,50.0351804,-100.242086,Public Health Agency of Canada
riverview health centre,Residential and long-term care,Winnipeg,MB,49.868759,-97.119886,Public Health Agency of Canada
roblin & district health centre,Hospitals,Roblin,MB,51.2270295,-101.3627624,Public Health Agency of Canada
roblin health centre,Clinics and ambulatory care,Hillsburg-Roblin-Shell River,MB,51.227136,-101.362792,Province of Manitoba and Manitoba Health Authorities
rock lake health district hospital,Hospitals,Crystal City,MB,49.1501474,-98.9509769,Public Health Agency of Canada
rossburn district health centre,Hospitals,Rossburn,MB,50.667222,-100.806773,Canadian Institute for Health Information
rossburn health centre,Hospitals,Rossburn,MB,50.6670586,-100.8045689,Public Health Agency of Canada
russell health centre,Hospitals,Russell,MB,50.7731668,-101.2772138,Public Health Agency of Canada
selkirk & district general hospital,Hospitals,Selkirk,MB,50.1574965,-96.8877138,Public Health Agency of Canada
selkirk careplus walk-in clinic,Clinics and ambulatory care,Selkirk,MB,50.143996,-96.87489,Province of Manitoba and Manitoba Health Authorities
selkirk medical centre,Clinics and ambulatory care,Selkirk,MB,50.141993,-96.8715129,Province of Manitoba and Manitoba Health Authorities
selkirk mental health centre,Clinics and ambulatory care,Selkirk,MB,50.1531413,-96.8880005,Public Health Agency of Canada
selkirk quickcare clinic,Clinics and ambulatory care,Selkirk,MB,50.1576011,-96.9026359,Province of Manitoba and Manitoba Health Authorities
selkirk regional health centre,Clinics and ambulatory care,Selkirk,MB,50.1567853,-96.8829839,Province of Manitoba and Manitoba Health Authorities
selkirk travel health clinic,Clinics and ambulatory care,Selkirk,MB,50.144757,-96.8712574,Province of Manitoba and Manitoba Health Authorities
seven oaks general hospital,Hospitals,Winnipeg,MB,49.9553126,-97.1461033,Public Health Agency of Canada
seven regions health centre,Hospitals,Gladstone,MB,50.225678,-98.9435589,Public Health Agency of Canada
sherridon health centre,Clinics and ambulatory care,"Division No. 21, Unorganized",MB,55.124244,-101.085324,Province of Manitoba and Manitoba Health Authorities
shoal lake-strathclair health centre,Hospitals,Shoal Lake,MB,50.438675,-100.594663,Canadian Institute for Health Information
snow lake health centre,Hospitals,Snow Lake,MB,54.881037,-100.027829,Canadian Institute for Health Information
souris health centre,Hospitals,Souris,MB,49.614677,-100.2491169,Public Health Agency of Canada
st laurent community health centre,Clinics and ambulatory care,St Laurent,MB,50.4101523,-97.9375711,Province of Manitoba and Manitoba Health Authorities
st. anthony’s general hospital,Hospitals,Kelsey,MB,53.827585,-101.250896,Province of Manitoba and Manitoba Health Authorities
st. boniface general hospital,Hospitals,Winnipeg,MB,49.8843372,-97.1248402,Public Health Agency of Canada
st. claude health centre,Hospitals,St Claude,MB,49.6537739,-98.3449207,Public Health Agency of Canada
ste. anne hospital,Hospitals,Sainte Anne,MB,49.667158,-96.648785,Canadian Institute for Health Information
ste. rose general hospital,Hospitals,Ste Rose Du Lac,MB,52.099188,-101.271765,Canadian Institute for Health Information
stonewall and district health centre,Hospitals,Stonewall,MB,50.131652,-97.335247,Canadian Institute for Health Information
swan river valley hospital,Hospitals,Swan River,MB,52.106327,-101.263378,Canadian Institute for Health Information
swan valley health centre,Hospitals,Swan River,MB,52.106406,-101.262285,Public Health Agency of Canada
teulon medical clinic,Clinics and ambulatory care,Teulon,MB,50.3862055,-97.258389,Province of Manitoba and Manitoba Health Authorities
teulon/hunter memorial hospital,Hospitals,Teulon,MB,50.387348,-97.254851,Public Health Agency of Canada
the pas health complex,Hospitals,The Pas,MB,53.829393,-101.247878,Canadian Institute for Health Information
the pas health complex inc. (st. anthony general hospital),Hospitals,The Pas,MB,53.827349,-101.251094,Public Health Agency of Canada
thicket portage community health centre,Hospitals,Thicket Portage,MB,55.318447,-97.686998,Province of Manitoba and Manitoba Health Authorities
thompson general hospital,Hospitals,S Thompson,MB,55.735294,-97.856618,Public Health Agency of Canada
tiger hills health centre,Hospitals,Treherne,MB,49.633472,-98.698192,Public Health Agency of Canada
tiger hills health district,Hospitals,Treherne,MB,49.634198,-98.698072,Canadian Institute for Health Information
tri-lake health centre,Hospitals,Killarney,MB,49.175966,-99.6634111,Public Health Agency of Canada
victoria general hospital - winnipeg,Hospitals,Winnipeg,MB,49.8067554,-97.1527389,Public Health Agency of Canada
virden district hospital,Hospitals,Virden,MB,49.856408,-100.923601,Canadian Institute for Health Information
virden health centre,Hospitals,Virden,MB,49.8564212,-100.9237773,Public Health Agency of Canada
vita & district health centre,Hospitals,Vita,MB,49.136181,-96.564779,Public Health Agency of Canada
wabowden community health centre,Clinics and ambulatory care,"Division No. 22, Unorganized",MB,54.90946,-98.629192,Province of Manitoba and Manitoba Health Authorities
wawanesa and district memorial health centre,Hospitals,Wawanesa,MB,49.595097,-99.69253,Canadian Institute for Health Information
wawanesa health centre,Clinics and ambulatory care,Oakland-Wawanesa,MB,49.595754,-99.693114,Province of Manitoba and Manitoba Health Authorities
western surgery centre,Hospitals,Winnipeg,MB,49.8430716,-97.1997911,Province of Manitoba and Manitoba Health Authorities
whitemouth clinic,Clinics and ambulatory care,Whitemouth,MB,49.9553628,-95.9735042,Province of Manitoba and Manitoba Health Authorities
whitemouth district health centre,Clinics and ambulatory care,Whitemouth,MB,49.955996,-95.973021,Province of Manitoba and Manitoba Health Authorities
winnipegosis and district health centre,Clinics and ambulatory care,Mossey River,MB,51.640305,-99.932282,Province of Manitoba and Manitoba Health Authorities
winnipegosis general hospital inc.,Hospitals,Winnipegosis,MB,51.640253,-99.932233,Public Health Agency of Canada
woodlands clinic,Clinics and ambulatory care,Woodlands,MB,50.2070522,-97.6571939,Province of Manitoba and Manitoba Health Authorities
campbellton regional hospital,Hospitals,Campbellton,NB,47.9930568,-66.6665744,Public Health Agency of Canada
campbellton regional hospital / hôpital régional de campbellton,Hospitals,Campbellton,NB,47.993001,-66.666471,Vitalité Health Authority - New Brunswick
centracare saint john inc.,Hospitals,Saint John,NB,45.2543073,-66.1268967,Public Health Agency of Canada
centre d'oncologie dr-léon-richard,Clinics and ambulatory care,Moncton,NB,46.0969071,-64.7868313,Public Health Agency of Canada
centre hospitalier restigouche inc.,Hospitals,Campbellton,NB,47.9930568,-66.6665744,Public Health Agency of Canada
centre hospitalier universitaire dr-georges-l.-dumont,Hospitals,Moncton,NB,46.0980252,-64.7862138,Public Health Agency of Canada
chaleur regional hospital,Hospitals,Bathurst,NB,47.646965,-65.693773,Canadian Institute for Health Information
chaleur regional hospital / hôpital régional chaleur,Hospitals,Bathurst,NB,47.649555,-65.693374,Vitalité Health Authority - New Brunswick
charlotte county hospital,Hospitals,St Stephen,NB,45.1944858,-67.2658217,Public Health Agency of Canada
charlotte county hospital / hôpital du comté de charlotte,Hospitals,St Stephen,NB,45.194884,-67.267309,Horizon Health Authority - New Brunswick
dr. everett chalmers regional hospital,Hospitals,Fredericton,NB,45.9389697,-66.6544717,Public Health Agency of Canada
dr. everett chalmers regional hospital / hôpital régional dr everett chalmers,Hospitals,Fredericton,NB,45.93992,-66.654111,Horizon Health Authority - New Brunswick
dr. georges-l. dumont regional hospital,Hospitals,Moncton,NB,46.097973,-64.787034,Canadian Institute for Health Information
dr. georges-l.-dumont university hospital centre / centre hospitalier universitaire dr-georges-l.-dumont,Hospitals,Moncton,NB,46.097885,-64.787161,Vitalité Health Authority - New Brunswick
edmundston regional hospital,Hospitals,Edmundston,NB,47.375995,-68.31069,Canadian Institute for Health Information
edmundston regional hospital / hôpital régional d’edmundston,Hospitals,Edmundston,NB,47.376423,-68.310634,Vitalité Health Authority - New Brunswick
enfant-jésus rhsj† hospital,Hospitals,Caraquet,NB,47.79516,-64.938919,Canadian Institute for Health Information
enfant-jésus rhsj† hospital / hôpital de l’enfant-jésus rhsj†,Hospitals,Caraquet,NB,47.794639,-64.938884,Vitalité Health Authority - New Brunswick
grand falls general hospital / hôpital général de grand-sault,Hospitals,Grand Falls,NB,47.04533,-67.754716,Vitalité Health Authority - New Brunswick
grand manan hospital,Hospitals,Grand Manan,NB,44.7622016,-66.7638355,Public Health Agency of Canada
grand manan hospital / hôpital de grand manan,Hospitals,Grand Manan,NB,44.762163,-66.763825,Horizon Health Authority - New Brunswick
hotel dieu of saint-joseph,Hospitals,Perth-Andover,NB,46.7290031,-67.710327,Public Health Agency of Canada
hotel-dieu of st. joseph / hôpital hôtel-dieu de saint-joseph,Hospitals,Perth-Andover,NB,46.729093,-67.710215,Horizon Health Authority - New Brunswick
hôpital de l'enfant - jésus rhsj,Hospitals,Caraquet,NB,47.7945304,-64.938719,Public Health Agency of Canada
hôpital de tracadie-sheila,Hospitals,Tracadie-Sheila,NB,47.5123828,-64.90633,Public Health Agency of Canada
hôpital et centre de santé communautaire de lamèque,Hospitals,Lamèque,NB,47.7916389,-64.6531608,Public Health Agency of Canada
hôpital general de grand-sault,Hospitals,Grand Falls/Grand-Sault,NB,47.0452984,-67.754333,Public Health Agency of Canada
hôpital régional chaleur,Hospitals,Bathurst,NB,47.649288,-65.694674,Public Health Agency of Canada
hôpital régional d'edmundston,Hospitals,Edmundston,NB,47.3759952,-68.3106899,Public Health Agency of Canada
hôpital stella-maris-de-kent,Hospitals,Sainte-Anne-De-Kent,NB,46.5588706,-64.7823508,Public Health Agency of Canada
hôtel-dieu saint-joseph de saint-quentin / hôtel-dieu saint-joseph de saint-quentin,Hospitals,Saint-Quentin,NB,47.497546,-67.393196,Vitalité Health Authority - New Brunswick
lamèque hospital and community health centre,Hospitals,Lamèque,NB,47.791639,-64.653161,Canadian Institute for Health Information
lamèque hospital and community health centre / hôpital et centre de santé communautaire de lamèque,Hospitals,Lamèque,NB,47.791603,-64.652963,Vitalité Health Authority - New Brunswick
miramichi regional hospital,Hospitals,Miramichi,NB,47.0028679,-65.5414429,Public Health Agency of Canada
miramichi regional hospital / hôpital régional de miramichi,Hospitals,Miramichi,NB,47.002809,-65.541447,Horizon Health Authority - New Brunswick
oromocto public hospital,Hospitals,Oromocto,NB,45.8486363,-66.4731796,Public Health Agency of Canada
oromocto public hospital / hôpital public d’oromocto,Hospitals,Oromocto,NB,45.848627,-66.473685,Horizon Health Authority - New Brunswick
restigouche hospital centre / centre hospitalier restigouche,Hospitals,Campbellton,NB,47.993001,-66.666471,Vitalité Health Authority - New Brunswick
sackville memorial hospital,Hospitals,Sackville,NB,45.8919015,-64.3724448,Public Health Agency of Canada
sackville memorial hospital / hôpital mémorial de sackville,Hospitals,Sackville,NB,45.892303,-64.373339,Horizon Health Authority - New Brunswick
saint john regional hospital,Hospitals,Saint John,NB,45.302733,-66.08515,Canadian Institute for Health Information
saint john regional hospital / hôpital régional de saint john,Hospitals,Saint John,NB,45.301739,-66.085223,Horizon Health Authority - New Brunswick
st. joseph's hospital / hôpital st. joseph,Hospitals,Saint John,NB,45.279031,-66.057905,Horizon Health Authority - New Brunswick
st. joseph's hospital [nb],Hospitals,Saint John,NB,45.279275,-66.057714,Canadian Institute for Health Information
stella-maris-de-kent hospital,Hospitals,Sainte-Anne-De-Kent,NB,46.558269,-64.778995,Canadian Institute for Health Information
stella-maris-de-kent hospital / hôpital stella-maris-de-kent,Hospitals,Sainte-Anne-De-Kent,NB,46.558804,-64.782402,Vitalité Health Authority - New Brunswick
sussex health centre,Hospitals,Sussex,NB,45.7263329,-65.4905742,Public Health Agency of Canada
sussex health centre / centre de santé de sussex,Clinics and ambulatory care,Sussex,NB,45.726658,-65.490043,Horizon Health Authority - New Brunswick
the moncton hospital,Hospitals,Moncton,NB,46.104977,-64.80615,Public Health Agency of Canada
the moncton hospital / l’hôpital de moncton,Hospitals,Moncton,NB,46.105744,-64.805127,Horizon Health Authority - New Brunswick
the stan cassidy centre for rehabilitation,Residential and long-term care,Fredericton,NB,45.9374307,-66.6529383,Public Health Agency of Canada
tobique valley community health centre,Hospitals,Plaster Rock,NB,46.8910194,-67.397851,Public Health Agency of Canada
tracadie hospital / hôpital de tracadie,Hospitals,Tracadie,NB,47.51235,-64.906321,Vitalité Health Authority - New Brunswick
upper river valley hospital,Hospitals,Waterville,NB,46.283593,-67.571154,Public Health Agency of Canada
upper river valley hospital / hôpital du haut de la vallée,Hospitals,Waterville,NB,46.283518,-67.571068,Horizon Health Authority - New Brunswick
workers' rehabilitation centre,Residential and long-term care,Saint John,NB,45.2979544,-66.1938769,Public Health Agency of Canada
a.m. guy memorial health centre,Hospitals,Buchans,NL,48.824015,-56.857397,Canadian Institute for Health Information
baie verte peninsula health centre,Hospitals,Baie Verte,NL,49.9256663,-56.221936,Public Health Agency of Canada
bay d'espoir community health centre,Clinics and ambulatory care,St Albans,NL,47.877254,-55.844996,Province of Newfoundland and Labrador
bell place community health centre,Clinics and ambulatory care,Gander,NL,48.9592291,-54.6187879,Province of Newfoundland and Labrador
belleoram community health centre,Clinics and ambulatory care,Belleoram,NL,47.52454,-55.411677,Province of Newfoundland and Labrador
bonavista peninsula community health centre,Hospitals,Bonavista,NL,48.647676,-53.106419,Public Health Agency of Canada
bonavista peninsula health centre,Hospitals,Bonavista,NL,48.646578,-53.108451,Canadian Institute for Health Information
bonne bay health centre,Hospitals,Norris Point,NL,49.470386,-58.126394,Canadian Institute for Health Information
brookfield/bonnews health centre,Hospitals,Badgers Quay,NL,49.13469,-53.590632,Public Health Agency of Canada
burin peninsula health care centre,Clinics and ambulatory care,Burin,NL,47.0799052,-55.1924421,Province of Newfoundland and Labrador
calder health care centre,Hospitals,Burgeo,NL,47.613264,-57.622844,Canadian Institute for Health Information
captain william jackman memorial hospital,Hospitals,Labrador City,NL,52.949224,-66.913417,Canadian Institute for Health Information
carbonear general hospital,Hospitals,Carbonear,NL,47.7252563,-53.2265711,Public Health Agency of Canada
central health regional office,,Grand Falls-Windsor,NL,48.930504,-55.662127,Public Health Agency of Canada
central newfoundland regional health centre,Hospitals,Grand Falls-Windsor,NL,48.932557,-55.647952,Canadian Institute for Health Information
centreville community health centre,Clinics and ambulatory care,Centreville-Wareham-Trinity,NL,49.022072,-53.891758,Province of Newfoundland and Labrador
connaigre peninsula community health centre,Hospitals,Harbour Breton,NL,47.477569,-55.807156,Canadian Institute for Health Information
connaigre peninsula health centre,Hospitals,Harbour Breton,NL,47.468051,-55.827481,Public Health Agency of Canada
dr. a. a. wilkinson memorial health centre,Hospitals,Old Perlican,NL,48.076266,-52.999593,Canadian Institute for Health Information
dr. brian adams memorial community health centre,Clinics and ambulatory care,Gambo,NL,48.786982,-54.210981,Province of Newfoundland and Labrador
dr. c.v. smith memorial community health centre,Clinics and ambulatory care,Glovertown,NL,48.673359,-54.019229,Province of Newfoundland and Labrador
dr. charles l. legrow health centre,Hospitals,Port Aux Basques,NL,47.588959,-59.162949,Public Health Agency of Canada
dr. charles s. curtis memorial hospital,Hospitals,St Anthony,NL,51.362436,-55.586989,Public Health Agency of Canada
dr. g.b. cross memorial hospital,Hospitals,Clarenville,NL,48.1649933,-53.9844029,Public Health Agency of Canada
dr. walter templeman health care centre,Hospitals,Bell Island,NL,47.645878,-52.946948,Province of Newfoundland and Labrador
dr. wm h. newhook community health centre,Clinics and ambulatory care,Whitbourne,NL,47.4179017,-53.5242792,Province of Newfoundland and Labrador
eastport community health centre,Clinics and ambulatory care,Eastport,NL,48.652814,-53.772084,Province of Newfoundland and Labrador
exploits community health centre,Clinics and ambulatory care,Botwood,NL,49.14989795,-55.34523481,Province of Newfoundland and Labrador
fogo island health centre,Hospitals,Fogo,NL,49.6655689,-54.2245912,Public Health Agency of Canada
"general hospital, health sciences centre",Hospitals,Stjohns,NL,47.56635,-52.746244,Canadian Institute for Health Information
grand falls-windsor community health centre,Clinics and ambulatory care,Grand Falls-Windsor,NL,48.9551593,-55.6489109,Province of Newfoundland and Labrador
green bay community health centre,Hospitals,Springdale,NL,49.507969,-56.047566,Public Health Agency of Canada
green bay health centre,Hospitals,Springdale,NL,49.505774,-56.053543,Canadian Institute for Health Information
health sciences centre - general hospital,Hospitals,St Johns,NL,47.5718074,-52.74187758,Province of Newfoundland and Labrador
james paton memorial regional health centre,Hospitals,Gander,NL,48.95607,-54.628799,Public Health Agency of Canada
janeway children's health and rehabilitation centre,Residential and long-term care,St Johns,NL,47.572666,-52.742467,Public Health Agency of Canada
labrador health centre,Hospitals,Happy Valley-Goose Bay,NL,53.296639,-60.341373,Canadian Institute for Health Information
labrador south health centre,Hospitals,Forteau,NL,51.473905,-56.960103,Public Health Agency of Canada
labrador west health centre,Clinics and ambulatory care,Labrador City,NL,52.950351,-66.936169,Province of Newfoundland and Labrador
labrador-grenfell health,Hospitals,Labrador City,NL,52.948396,-66.91316,Public Health Agency of Canada
lewisporte community health center,Clinics and ambulatory care,Lewisporte,NL,49.2674445,-55.0285778,Province of Newfoundland and Labrador
lewisporte health centre,Clinics and ambulatory care,Lewisporte,NL,49.247869,-55.0690294,Province of Newfoundland and Labrador
mose ambrose community health centre,Clinics and ambulatory care,Ambrose,NL,47.465085,-55.508624,Province of Newfoundland and Labrador
new world island community health centre,Clinics and ambulatory care,Summerford,NL,49.512986,-54.775389,Province of Newfoundland and Labrador
notre dame bay memorial health centre,Hospitals,Twillingate,NL,49.653287,-54.757129,Public Health Agency of Canada
placentia health centre,Clinics and ambulatory care,Placentia,NL,47.238992,-53.964533,Province of Newfoundland and Labrador
rufus guinchard health care centre,Hospitals,Port Saunders,NL,50.649633,-57.305352,Public Health Agency of Canada
rufus guinchard health centre,Clinics and ambulatory care,Port Saunders,NL,50.64966,-57.30538,Province of Newfoundland and Labrador
sir thomas roddick hospital,Hospitals,Stephenville,NL,48.559658,-58.552607,Public Health Agency of Canada
st. alban's community health centre,Clinics and ambulatory care,St Albans,NL,49.221526,-55.058038,Province of Newfoundland and Labrador
st. clare's mercy hospital,Hospitals,St Johns,NL,47.557926,-52.72165,Public Health Agency of Canada
the dr. leonard a. miller centre,Residential and long-term care,St Johns,NL,47.576217,-52.695163,Public Health Agency of Canada
u.s. memorial health centre,Hospitals,St Lawrence,NL,46.930187,-55.39905,Public Health Agency of Canada
waterford hospital,Hospitals,St Johns,NL,47.5296172,-52.7420607,Province of Newfoundland and Labrador
western memorial regional hospital,Hospitals,Corner Brook,NL,48.9485018,-57.9305905,Public Health Agency of Canada
white bay central health centre,Hospitals,Roddickton,NL,50.868696,-56.117025,Canadian Institute for Health Information
aberdeen hospital,Clinics and ambulatory care,New Glasgow,NS,45.572868,-62.642863,Province of Nova Scotia
aberdeen hospital - new glasgow,Hospitals,New Glasgow,NS,45.573042,-62.642895,Public Health Agency of Canada
alderwood,Residential and long-term care,Baddeck,NS,46.09560382,-60.7655569,Province of Nova Scotia
all saints springhill hospital,Hospitals,Springhill,NS,45.65028,-64.0501,Public Health Agency of Canada
annapolis community health centre,Hospitals,Annapolis Royal,NS,44.7366188,-65.5018643,Public Health Agency of Canada
annapolis royal nursing home limited,Residential and long-term care,Annapolis Royal,NS,44.73538941,-65.50017693,Province of Nova Scotia
arborstone enhanced care,Residential and long-term care,Halifax,NS,44.6328756,-63.60822714,Province of Nova Scotia
au logis d'meteghan ltd.,Residential and long-term care,Meteghan,NS,44.19395069,-66.1529628,Province of Nova Scotia
bay side home corporation,Residential and long-term care,Barrington,NS,43.54844926,-65.59817351,Province of Nova Scotia
bayview memorial health centre,Residential and long-term care,Advocate Harbour,NS,45.3462119,-64.79483503,Province of Nova Scotia
bissett court,Residential and long-term care,Cole Harbour,NS,44.67789912,-63.49031476,Province of Nova Scotia
blomidon court,Residential and long-term care,Greenwich,NS,45.07640112,-64.40682884,Province of Nova Scotia
buchanan memorial community health centre,Hospitals,Neils Harbour,NS,46.81057,-60.334327,Canadian Institute for Health Information
buchanan memorial hospital,Hospitals,Neils Harbour,NS,46.810706,-60.334216,Public Health Agency of Canada
canadian forces health services centre - atlantic,Hospitals,Halifax,NS,44.659385,-63.590703,Public Health Agency of Canada
canso seaside manor,Residential and long-term care,Canso,NS,45.33262821,-60.98400465,Province of Nova Scotia
cape breton healthcare complex,Hospitals,Sydney,NS,46.116816,-60.170239,Canadian Institute for Health Information
cape breton regional health care complex,Clinics and ambulatory care,Sydney,NS,46.11301583,-60.17413362,Province of Nova Scotia
cape breton regional hospital,Hospitals,Sydney,NS,46.113409,-60.174263,Public Health Agency of Canada
carefield manor ltd,Residential and long-term care,Sydney,NS,46.1708223,-60.1673939,Province of Nova Scotia
cedarstone enhanced care limited,Residential and long-term care,Truro,NS,45.35048296,-63.27590922,Province of Nova Scotia
celtic court,Residential and long-term care,Sydney,NS,46.12197357,-60.19465838,Province of Nova Scotia
centennial villa,Residential and long-term care,Amherst,NS,45.82402994,-64.18990713,Province of Nova Scotia
chignecto manor,Residential and long-term care,Advocate Harbour,NS,45.33572452,-64.77821416,Province of Nova Scotia
clarmar residential care facility,Residential and long-term care,Dartmouth,NS,44.68353015,-63.53262551,Province of Nova Scotia
cobequid community health centre,Hospitals,Sackville,NS,44.757207,-63.658994,Province of Nova Scotia
colchester east hants health centre,Clinics and ambulatory care,Truro,NS,45.349105,-63.303475,Province of Nova Scotia
colchester regional hospital,Hospitals,Truro,NS,45.3570969,-63.2928819,Public Health Agency of Canada
cumberland regional health care centre,Hospitals,Amherst,NS,45.8041086,-64.1968995,Public Health Agency of Canada
dartmouth general hospital,Hospitals,Dartmouth,NS,44.6539875,-63.5476214,Public Health Agency of Canada
debert court,Residential and long-term care,Debert,NS,45.43524004,-63.45367776,Province of Nova Scotia
digby general hospital,Hospitals,Digby,NS,44.616534,-65.761667,Public Health Agency of Canada
dominion community guest home,Residential and long-term care,Dominion,NS,46.21071558,-60.02235419,Province of Nova Scotia
dutch brook guest home,Residential and long-term care,Dutch Brook,NS,46.05163944,-60.20140324,Province of Nova Scotia
dykeland lodge,Residential and long-term care,Windsor,NS,44.9797639,-64.12698544,Province of Nova Scotia
east coast forensic hospital,Residential and long-term care,Dartmouth,NS,44.72131801,-63.59190651,Province of Nova Scotia
east cumberland lodge,Residential and long-term care,Pugwash,NS,45.85652617,-63.65756956,Province of Nova Scotia
eastern kings memorial community health centre,Hospitals,Wolfville,NS,45.08760375,-64.37074372,Province of Nova Scotia
eastern memorial hospital,Hospitals,Canso,NS,45.3329637,-60.9838126,Public Health Agency of Canada
eastern shore memorial,Hospitals,Sheet Harbour,NS,44.925852,-62.541326,Canadian Institute for Health Information
eastern shore memorial hospital,Hospitals,Sheet Harbour,NS,44.920899,-62.532983,Public Health Agency of Canada
elk court,Residential and long-term care,Brookfield,NS,45.2580136,-63.2772736,Province of Nova Scotia
evergreen home for special care,Residential and long-term care,Kentville,NS,45.07629159,-64.54005837,Province of Nova Scotia
fishermen's memorial hospital,Hospitals,Lunenburg,NS,44.382276,-64.326952,Public Health Agency of Canada
foyer celeste inc,Residential and long-term care,Meteghan,NS,44.18382208,-66.1695472,Province of Nova Scotia
foyer père fiset,Residential and long-term care,Cheticamp,NS,46.6235201,-61.0165357,Province of Nova Scotia
gables lodge limited,Residential and long-term care,Amherst,NS,45.82493255,-64.18951872,Province of Nova Scotia
glace bay healthcare facility,Hospitals,Glace Bay,NS,46.183211,-59.938572,Public Health Agency of Canada
glasgow hall - parklands at the lakes limited,Residential and long-term care,Dartmouth,NS,44.66571626,-63.53063283,Province of Nova Scotia
glen haven manor,Residential and long-term care,New Glasgow,NS,45.57493525,-62.6439357,Province of Nova Scotia
grand view manor,Residential and long-term care,Berwick,NS,45.03538522,-64.72859639,Province of Nova Scotia
haliburton place,Residential and long-term care,Windsor,NS,44.98638355,-64.12037375,Province of Nova Scotia
hants community hospital,Hospitals,Windsor,NS,44.986514,-64.120414,Public Health Agency of Canada
harbour view facility,Residential and long-term care,Sydney Mines,NS,46.23474447,-60.22220735,Province of Nova Scotia
harbour view haven,Residential and long-term care,Lunenburg,NS,44.3770737,-64.30247321,Province of Nova Scotia
harbourstone enhanced care limited,Residential and long-term care,Sydney,NS,46.10704016,-60.21381807,Province of Nova Scotia
harbourview lodge continuing care centre,Residential and long-term care,Sheet Harbour,NS,44.920405,-62.53265876,Province of Nova Scotia
heart of the valley - long term care centre,Residential and long-term care,Middleton,NS,44.95050711,-65.06681003,Province of Nova Scotia
high - crest home new glasgow,Residential and long-term care,New Glasgow,NS,45.58562993,-62.6418534,Province of Nova Scotia
high - crest place,Residential and long-term care,New Glasgow,NS,45.58571686,-62.64514469,Province of Nova Scotia
high - crest sherbrooke home for special care,Residential and long-term care,Sherbrooke,NS,45.14081795,-61.98116323,Province of Nova Scotia
high - crest springhill home for special care ltd,Residential and long-term care,Springhill,NS,45.649513,-64.0493362,Province of Nova Scotia
highland crest residential care facility,Residential and long-term care,Antigonish,NS,45.6176844,-61.99047184,Province of Nova Scotia
highland manor,Residential and long-term care,Neils Harbour,NS,46.81096704,-60.32216494,Province of Nova Scotia
hillside pines home for special care,Residential and long-term care,Bridgewater,NS,44.36887146,-64.52064795,Province of Nova Scotia
hillsview acres,Residential and long-term care,Greenfield,NS,44.20916426,-64.86372431,Province of Nova Scotia
inverary manor,Residential and long-term care,Inverness,NS,46.22671368,-61.30384755,Province of Nova Scotia
inverness consolidated memorial hospital,Hospitals,Inverness,NS,46.226968,-61.304843,Canadian Institute for Health Information
ivey's terrace nursing home,Residential and long-term care,Trenton,NS,45.62311588,-62.6314136,Province of Nova Scotia
ivy meadows continuing care centre,Residential and long-term care,Beaverbank,NS,44.90232904,-63.71091493,Province of Nova Scotia
iwk health centre,Clinics and ambulatory care,Halifax,NS,44.637993,-63.583484,Public Health Agency of Canada
karlaine place,Residential and long-term care,Bible Hill,NS,45.37554221,-63.25979318,Province of Nova Scotia
kings regional health & regional rehabilitation centre,Residential and long-term care,Cambridge,NS,45.057382,-64.666718,Province of Nova Scotia
lillian fraser memorial hospital,Hospitals,Tatamagouche,NS,45.711524,-63.296239,Public Health Agency of Canada
lohnes rest home,Residential and long-term care,Barss Corner,NS,44.58428314,-64.64425866,Province of Nova Scotia
mahone nursing home,Residential and long-term care,Mahone Bay,NS,44.4477332,-64.3771694,Province of Nova Scotia
maple hill manor,Residential and long-term care,New Waterford,NS,46.24071186,-60.08543333,Province of Nova Scotia
maplestone enhanced care limited,Residential and long-term care,Halifax,NS,44.65374305,-63.64920759,Province of Nova Scotia
maritime odd fellows home,Residential and long-term care,Pictou,NS,45.67329614,-62.72274498,Province of Nova Scotia
mary's abide-a-while home ltd,Residential and long-term care,Shelburne,NS,43.76568776,-65.32470646,Province of Nova Scotia
melville gardens nursing home,Residential and long-term care,Halifax,NS,44.63200392,-63.61463688,Province of Nova Scotia
melville lodge,Residential and long-term care,Halifax,NS,44.62956069,-63.61525121,Province of Nova Scotia
milford haven corporation,Residential and long-term care,Guysborough,NS,45.40211233,-61.50709367,Province of Nova Scotia
miner's memorial manor,Residential and long-term care,Sydney Mines,NS,46.23959752,-60.21829662,Province of Nova Scotia
mitchell's rest home,Residential and long-term care,Upper Nine Mile River,NS,45.08188105,-63.64660355,Province of Nova Scotia
mountain lea lodge,Residential and long-term care,Bridgetown North,NS,44.84888674,-65.29260802,Province of Nova Scotia
musquodoboit valley home for special care association,Residential and long-term care,Middle Musquodoboit,NS,45.03997373,-63.13996247,Province of Nova Scotia
musquodoboit valley memorial hospital,Hospitals,Middle Musquodoboit,NS,45.0404637,-63.1404927,Public Health Agency of Canada
my cape breton home for seniors - north sydney,Residential and long-term care,North Sydney,NS,46.20477157,-60.26941415,Province of Nova Scotia
my cape breton home for seniors - sydney,Residential and long-term care,Sydney,NS,46.11836193,-60.22143907,Province of Nova Scotia
nakile home for special care,Residential and long-term care,Argyle,NS,43.79122868,-65.86173664,Province of Nova Scotia
new visions home for seniors,Residential and long-term care,Berwick,NS,45.03433004,-64.72327232,Province of Nova Scotia
new waterford consolidated hospital,Hospitals,New Waterford,NS,46.240138,-60.085691,Public Health Agency of Canada
north cumberland memorial hospital,Hospitals,Pugwash,NS,45.856298,-63.65887,Public Health Agency of Canada
north queens nursing home,Residential and long-term care,Caledonia,NS,44.37646364,-65.0148132,Province of Nova Scotia
northside community guest home,Residential and long-term care,North Sydney,NS,46.19500767,-60.26263014,Province of Nova Scotia
northside general hospital,Hospitals,North Sydney,NS,46.218293,-60.235619,Public Health Agency of Canada
northside general hospital 4 east,Residential and long-term care,North Sydney,NS,46.21820836,-60.23555151,Province of Nova Scotia
northumberland hall continuing care residence,Residential and long-term care,Amherst,NS,45.82921455,-64.18958683,Province of Nova Scotia
northwoodcare bedford incorporated- christina & hedley g. ivany place,Residential and long-term care,Bedford,NS,44.72371655,-63.70626578,Province of Nova Scotia
northwoodcare incorporated,Residential and long-term care,Halifax,NS,44.65718076,-63.59204668,Province of Nova Scotia
nova scotia environmental health centre,Clinics and ambulatory care,Fall River,NS,44.809976,-63.605992,Province of Nova Scotia
nova scotia rehabilitation centre,Residential and long-term care,Halifax,NS,44.639724,-63.582158,Province of Nova Scotia
oakwood terrace,Residential and long-term care,Dartmouth,NS,44.65352971,-63.54451843,Province of Nova Scotia
ocean view continuing care centre,Residential and long-term care,Eastern Passage,NS,44.60672388,-63.47021578,Province of Nova Scotia
olson's glo estate home for special care,Residential and long-term care,Overton,NS,43.848349,-66.127733,Province of Nova Scotia
orchard court continuing care residence,Residential and long-term care,Kentville,NS,45.07927263,-64.50264685,Province of Nova Scotia
parkstone enhanced care limited,Residential and long-term care,Halifax,NS,44.66338256,-63.67207336,Province of Nova Scotia
peter's place (pjd rehab housing inc.),Residential and long-term care,Pleasnantville,NS,44.25792189,-64.41615526,Province of Nova Scotia
peter's place halifax - pjd rehab housing incorporated,Residential and long-term care,Halifax,NS,44.66905884,-63.65842992,Province of Nova Scotia
pont du marais home ltd,Residential and long-term care,Lower West Pubnico,NS,43.63821368,-65.80187492,Province of Nova Scotia
port hawkesbury nursing home,Residential and long-term care,Port Hawkesbury,NS,45.619351,-61.3537771,Province of Nova Scotia
precision health - 16 rannoch road,Residential and long-term care,Dartmouth,NS,44.69066361,-63.53563314,Province of Nova Scotia
precision health - 24 kincardine street,Residential and long-term care,Dartmouth,NS,44.69142556,-63.53708654,Province of Nova Scotia
precision health - washmill lake drive appartments,Residential and long-term care,Halifax,NS,44.65001241,-63.65366567,Province of Nova Scotia
qeii - halifax infirmary site,Hospitals,Halifax,NS,44.645784,-63.586389,Province of Nova Scotia
qeii - victoria general (vg) site,Hospitals,Halifax,NS,44.63840489,-63.58040241,Province of Nova Scotia
queen elizabeth ii health sciences centre,Hospitals,Halifax,NS,44.638422,-63.581341,Public Health Agency of Canada
queens general hospital,Hospitals,Liverpool,NS,44.037653,-64.705594,Public Health Agency of Canada
queens manor,Residential and long-term care,Liverpool,NS,44.03617567,-64.70679145,Province of Nova Scotia
r.c. macgillivray guest home,Residential and long-term care,Sydney,NS,46.12356627,-60.19425513,Province of Nova Scotia
richmond villa,Residential and long-term care,St Peters,NS,45.65842332,-60.87480584,Province of Nova Scotia
rk macdonald nursing home,Residential and long-term care,Antigonish,NS,45.62516431,-61.99132033,Province of Nova Scotia
rosedale home for special care,Residential and long-term care,New Germany,NS,44.53721096,-64.71115891,Province of Nova Scotia
roseway hospital,Hospitals,Shelburne,NS,43.749523,-65.310347,Public Health Agency of Canada
roseway manor inc.,Residential and long-term care,Sandy Point,NS,43.74876507,-65.30896095,Province of Nova Scotia
ryan hall,Residential and long-term care,Bridgewater,NS,44.38345744,-64.50550609,Province of Nova Scotia
sacred heart hospital,Hospitals,Cheticamp,NS,46.623469,-61.015105,Public Health Agency of Canada
saint vincent's nursing home,Residential and long-term care,Halifax,NS,44.64791631,-63.59419064,Province of Nova Scotia
saunders rest home,Residential and long-term care,Bridgetown,NS,44.84085709,-65.28885285,Province of Nova Scotia
seabright rest home ltd.,Residential and long-term care,Seabright,NS,44.62317275,-63.92622043,Province of Nova Scotia
seaview manor,Residential and long-term care,Glace Bay,NS,46.18448967,-59.93643857,Province of Nova Scotia
serenity lodge,Residential and long-term care,Enfield,NS,44.95087375,-63.53505955,Province of Nova Scotia
shiretown nursing home,Residential and long-term care,Pictou,NS,45.67775737,-62.7295376,Province of Nova Scotia
shoreham village,Residential and long-term care,Chester,NS,44.54485891,-64.23220467,Province of Nova Scotia
sisters of st. martha,Residential and long-term care,Antgonish,NS,45.63114048,-61.98085488,Province of Nova Scotia
soldiers memorial hospital,Hospitals,Middleton,NS,44.882577,-65.156992,Canadian Institute for Health Information
south cumberland community care centre,Hospitals,Parrsboro,NS,45.409197,-64.325971,Public Health Agency of Canada
south shore regional hospital,Hospitals,Bridgewater,NS,44.3831672,-64.5105957,Public Health Agency of Canada
southview guest home ltd.,Residential and long-term care,Sydney,NS,46.1862368,-60.19756978,Province of Nova Scotia
st. anne community and nursing care centre,Residential and long-term care,Arichat,NS,45.51104211,-61.03191108,Province of Nova Scotia
st. anne's community and nursing,Residential and long-term care,Arichat,NS,45.510722,-61.031852,Province of Nova Scotia
st. martha's regional hospital,Hospitals,Antigonish,NS,45.627949,-61.980072,Public Health Agency of Canada
st. mary's memorial hospital,Hospitals,Sherbrooke,NS,45.147814,-61.98193,Public Health Agency of Canada
strait richmond hospital,Hospitals,Cleveland,NS,45.617084,-61.222926,Public Health Agency of Canada
sunshine personal home care inc.,Residential and long-term care,Halifax,NS,44.63301289,-63.62351235,Province of Nova Scotia
surf lodge community continuing care centre,Residential and long-term care,Lockeport,NS,43.70157259,-65.11747788,Province of Nova Scotia
sutherland harris memorial hospital,Hospitals,Pictou,NS,45.67663,-62.727086,Public Health Agency of Canada
taigh na mara facility,Residential and long-term care,Glace Bay,NS,46.19945045,-59.9776869,Province of Nova Scotia
taigh solas,Residential and long-term care,North Sydney,NS,46.21820836,-60.23555151,Province of Nova Scotia
the admiral long term care centre,Residential and long-term care,Dartmouth,NS,44.68431853,-63.54545574,Province of Nova Scotia
the birches,Residential and long-term care,Musquodoboit Harbour,NS,44.78303535,-63.15833345,Province of Nova Scotia
the cove guest home,Residential and long-term care,Sydney,NS,46.12106735,-60.19770963,Province of Nova Scotia
the east coast forensic hospital,Hospitals,Dartmouth,NS,44.7213432,-63.5916342,Public Health Agency of Canada
the heritage house,Residential and long-term care,Port Hood,NS,46.01450107,-61.52808448,Province of Nova Scotia
the magnolia,Residential and long-term care,Enfield,NS,44.95132751,-63.52747659,Province of Nova Scotia
the meadows - tidal view manor,Residential and long-term care,Yarmouth,NS,43.85050874,-66.1030679,Province of Nova Scotia
the mira,Residential and long-term care,Truro,NS,45.34816341,-63.27478112,Province of Nova Scotia
the nova scotia hospital,Hospitals,Dartmouth,NS,44.6510535,-63.5490045,Public Health Agency of Canada
the sagewood continuing care centre,Residential and long-term care,Sackville,NS,44.76140286,-63.65201397,Province of Nova Scotia
tibbetts home for special care,Residential and long-term care,Wilmot,NS,44.97704128,-64.96906184,Province of Nova Scotia
tideview terrace,Residential and long-term care,Conway,NS,44.60922277,-65.76329329,Province of Nova Scotia
townsview estates,Residential and long-term care,Millbrook 27,NS,45.33779325,-63.30136407,Province of Nova Scotia
twin oaks memorial hospital,Hospitals,Musquodoboit Harbour,NS,44.783235,-63.158434,Public Health Agency of Canada
valley regional hospital,Hospitals,Kentville,NS,45.0840529,-64.5005906,Public Health Agency of Canada
valley view villa,Residential and long-term care,Stellarton,NS,45.53959114,-62.667273,Province of Nova Scotia
victoria county memorial hospital,Hospitals,Baddeck,NS,46.100264,-60.756029,Canadian Institute for Health Information
victoria haven nursing home,Residential and long-term care,Glace Bay,NS,46.21158569,-59.96484069,Province of Nova Scotia
victoria manor,Residential and long-term care,Amherst,NS,45.82972917,-64.21463348,Province of Nova Scotia
victoria park guest home,Residential and long-term care,Windsor,NS,44.99277128,-64.13321305,Province of Nova Scotia
villa acadienne,Residential and long-term care,Meteghan,NS,44.19370413,-66.15414223,Province of Nova Scotia
villa saint joseph-du-lac,Residential and long-term care,Dayton,NS,43.8692446,-66.11164311,Province of Nova Scotia
vimy court,Residential and long-term care,Bible Hill,NS,45.3793295,-63.2606517,Province of Nova Scotia
waterford heights,Residential and long-term care,New Waterford,NS,46.23986335,-60.08579329,Province of Nova Scotia
wedgewood house for seniors limited,Residential and long-term care,Kentville,NS,45.07685084,-64.49156123,Province of Nova Scotia
western kings memorial health centre,Hospitals,Berwick,NS,45.0366969,-64.736579,Public Health Agency of Canada
white birches retirement residence,Residential and long-term care,Amherst,NS,45.84141239,-64.17934846,Province of Nova Scotia
white hills long term care centre,Residential and long-term care,Hammonds Plains,NS,44.744604,-63.805761,Province of Nova Scotia
willow lodge,Residential and long-term care,Tatamagouche,NS,45.71116398,-63.29718836,Province of Nova Scotia
willows manor limited,Residential and long-term care,Shubenacadie,NS,45.088376,-63.40760294,Province of Nova Scotia
windsor elms village for continuing care society,Residential and long-term care,Windsor,NS,44.99494045,-64.17090584,Province of Nova Scotia
wolfville elms,Residential and long-term care,Wolfville,NS,45.0868507,-64.3790725,Province of Nova Scotia
wolfville nursing home,Residential and long-term care,Wolfville,NS,45.08978053,-64.37227286,Province of Nova Scotia
wynn park villa,Residential and long-term care,Truro,NS,45.35569122,-63.30189093,Province of Nova Scotia
yarmouth regional hospital,Hospitals,Yarmouth,NS,43.8506469,-66.1217646,Public Health Agency of Canada
fort simpson health centre,Clinics and ambulatory care,Fort Simpson,NT,61.865045,-121.354432,Northwest Territories
fort smith health centre,Clinics and ambulatory care,Fort Smith,NT,60.003556,-111.880212,Northwest Territories
h.h. williams memorial hospital,Hospitals,Hay River,NT,60.81655,-115.779057,Public Health Agency of Canada
inuvik regional hospital,Hospitals,Inuvik,NT,68.35299,-133.694525,Northwest Territories
stanton regional hospital,Hospitals,Yellowknife,NT,62.447559,-114.40444,Northwest Territories
stanton territorial hospital,Hospitals,Yellowknife,NT,62.447684,-114.4045,Public Health Agency of Canada
kitikmeot regional health centre,Hospitals,Cambridge Bay,NU,69.117411,-105.051707,Public Health Agency of Canada
kivalliq health centre,Hospitals,Rankin Inlet,NU,62.815036,-92.086775,Public Health Agency of Canada
qikiqtani general hospital,Hospitals,Iqaluit,NU,63.749938,-68.509098,Nunavut
"(georgian, trillium & sunset manors) corporation of the county of simcoe",Clinics and ambulatory care,Midhurst,ON,44.44491511,-79.74484567,Province of Ontario
147 elder street inc.,Residential and long-term care,Toronto,ON,43.7628942,-79.45410882,Province of Ontario
2 spirited people of the 1st nations,Clinics and ambulatory care,Toronto,ON,43.64982129,-79.36935038,Province of Ontario
"3 c's reintroduction centre, the",Residential and long-term care,Thunder Bay,ON,48.48675977,-89.321521,Province of Ontario
Résidence St. François,Residential and long-term care,Casselman,ON,45.31639206,-75.09025213,Province of Ontario
a better way retirement home corp.,Residential and long-term care,Toronto,ON,43.78366142,-79.20760054,Province of Ontario
a-way express courier service,Residential and long-term care,Toronto,ON,43.68664259,-79.31066676,Province of Ontario
aamjiwnaag first nation chippewas of sarnia (css),Clinics and ambulatory care,Sarnia,ON,42.93600731,-82.41599187,Province of Ontario
aamjiwnaang first nation chippewas of sarnia,Clinics and ambulatory care,Sarnia,ON,42.93600731,-82.41599187,Province of Ontario
abbeylawn manor retirement home,Residential and long-term care,Pickering,ON,43.79773372,-79.11423721,Province of Ontario
aberdeen gardens retirement residence,Residential and long-term care,Hamilton,ON,43.25164109,-79.89294681,Province of Ontario
aberdeen health & community services,Clinics and ambulatory care,Brantford,ON,43.14755536,-80.23320331,Province of Ontario
abi possibilities,Clinics and ambulatory care,Toronto,ON,43.61822987,-79.51489762,Province of Ontario
abington court,Residential and long-term care,Hamilton,ON,43.23895509,-79.80581978,Province of Ontario
ableliving services inc.,Clinics and ambulatory care,Hamilton,ON,43.24048479,-79.92012482,Province of Ontario
aboriginal community based non-residential mental health services (css),Clinics and ambulatory care,Sudbury,ON,46.49171358,-81.00200379,Province of Ontario
aboriginal peoples' alliance of northern ontario (apano),Clinics and ambulatory care,Cochrane,ON,49.06100267,-81.0247051,Province of Ontario
access alliance multicultural health and community services,Hospitals,Toronto,ON,43.65757158,-79.40343899,Province of Ontario
access better living inc.,Clinics and ambulatory care,Timmins,ON,48.48601227,-81.31161512,Province of Ontario
access independent living services,Clinics and ambulatory care,Toronto,ON,43.7584873,-79.48115742,Province of Ontario
acclaim health,Clinics and ambulatory care,Oakville,ON,43.40795623,-79.72589097,Province of Ontario
"accommodation, information and support inc.",Residential and long-term care,Toronto,ON,43.66539409,-79.40348049,Province of Ontario
across boundaries: an ethnocultural mental health centre,Residential and long-term care,Toronto,ON,43.7589948,-79.51880674,Province of Ontario
activity haven senior centre (peterborough) inc.,Residential and long-term care,Peterborough,ON,44.31951895,-78.3207549,Province of Ontario
adair place,Residential and long-term care,Tamworth,ON,44.47618644,-76.98939748,Province of Ontario
addiction & mental health services - kingston frontenac lennox & addington (amhs - kfla),Residential and long-term care,Kingston,ON,44.22905481,-76.4840666,Province of Ontario
addiction services for york region,Residential and long-term care,Markham,ON,43.85908432,-79.31460658,Province of Ontario
addiction services of thames valley (adstv),Residential and long-term care,Saint Thomas,ON,42.77959605,-81.19344148,Province of Ontario
addictions and mental health services - hastings prince edward,Residential and long-term care,Madoc,ON,44.50567572,-77.47198554,Province of Ontario
adelaide place retirement community,Residential and long-term care,Kawartha Lakes,ON,44.34636004,-78.74439154,Province of Ontario
adeline's lodge,Residential and long-term care,Toronto,ON,43.58781597,-79.53873663,Province of Ontario
adult recreation therapy centre,Clinics and ambulatory care,Brantford,ON,43.17723146,-80.24016811,Province of Ontario
advent forestview retirement residence,Residential and long-term care,Toronto,ON,43.7703728,-79.44469031,Province of Ontario
afton park place long term care community,Residential and long-term care,Sarnia,ON,42.97632532,-82.36144406,Province of Ontario
aide aux seniors de sudbury est/sudbury east seniors support inc.,Clinics and ambulatory care,Noã«Lville,ON,46.136083,-80.425449,Province of Ontario
akausivik inuit family health team (formerly tungasuvvingat inuit),Clinics and ambulatory care,Ottawa,ON,45.43172166,-75.66769193,Province of Ontario
albany retirement village,Residential and long-term care,Petrolia,ON,42.88016952,-82.14880159,Province of Ontario
albright gardens,Residential and long-term care,Lincoln,ON,43.15187669,-79.47659767,Province of Ontario
alexander muir retirement residence,Residential and long-term care,Newmarket,ON,44.05368825,-79.45268034,Province of Ontario
alexander place,Residential and long-term care,Hamilton,ON,43.34234541,-79.90081952,Province of Ontario
alexandra hospital,Hospitals,Ingersoll,ON,43.032068,-80.875459,Public Health Agency of Canada
alexandra marine and general hospital,Hospitals,Goderich,ON,43.75029339,-81.70601993,Province of Ontario
alexandra marine and general hospital of goderich,Residential and long-term care,Goderich,ON,43.73584389,-81.69832412,Province of Ontario
alexis lodge retirement residence,Residential and long-term care,Toronto,ON,43.76371901,-79.28864066,Province of Ontario
algoma family services,Residential and long-term care,Sault Ste Marie,ON,46.5215406,-84.31783225,Province of Ontario
algoma manor,Clinics and ambulatory care,Thessalon,ON,46.2634618,-83.56324898,Province of Ontario
algoma manor nursing home,Residential and long-term care,Thessalon,ON,46.2634618,-83.56324898,Province of Ontario
algoma manor nursing home - css,Clinics and ambulatory care,Thessalon,ON,46.2634618,-83.56324898,Province of Ontario
algoma nurse practitioner-led clinic,Clinics and ambulatory care,Sault Ste Marie,ON,46.5338405,-84.30918975,Province of Ontario
algoma public health,Residential and long-term care,Blind River,ON,46.18549773,-82.95352888,Province of Ontario
algoma public health unit,Clinics and ambulatory care,Sault Ste Marie,ON,46.5323816,-84.31484105,Province of Ontario
algoma substance abuse rehabilitation centre,Residential and long-term care,Sault Ste Marie,ON,46.5164072,-84.33883146,Province of Ontario
algonquin family health team,Clinics and ambulatory care,Huntsville,ON,45.33830888,-79.20335818,Province of Ontario
algonquin nursing home,Residential and long-term care,Mattawa,ON,46.31349257,-78.71984132,Province of Ontario
algonquins of pikwakanagan,Clinics and ambulatory care,Golden Lake,ON,45.57562081,-77.25115207,Province of Ontario
alice saddy association,Clinics and ambulatory care,London,ON,42.97690648,-81.23850631,Province of Ontario
allendale,Residential and long-term care,Milton,ON,43.51655054,-79.87240973,Province of Ontario
alliston family health team,Clinics and ambulatory care,New Tecumseth,ON,44.15381495,-79.87046948,Province of Ontario
almonte country haven,Residential and long-term care,Mississippi Mills,ON,45.2188403,-76.19075728,Province of Ontario
almonte general hospital,Hospitals,Almonte,ON,45.229134,-76.189495,Public Health Agency of Canada
alpha court non-profit housing inc.,Residential and long-term care,Thunder Bay,ON,48.44347166,-89.25623467,Province of Ontario
alpha house,Residential and long-term care,Toronto,ON,43.67333379,-79.35586548,Province of Ontario
alta vista manor,Residential and long-term care,Ottawa,ON,45.40349445,-75.63938942,Province of Ontario
altamont care community,Residential and long-term care,Toronto,ON,43.79854962,-79.14005432,Province of Ontario
alzheimer society - york region,Clinics and ambulatory care,Aurora,ON,43.9873434,-79.4613733,Province of Ontario
alzheimer society lanark leeds grenville,Clinics and ambulatory care,Brockville,ON,44.59188291,-75.68349326,Province of Ontario
alzheimer society leeds-grenville,Clinics and ambulatory care,Brockville,ON,44.59188291,-75.68349326,Province of Ontario
alzheimer society of belleville-hastings-quinte,Clinics and ambulatory care,Belleville,ON,44.168469,-77.353038,Province of Ontario
alzheimer society of brant,Clinics and ambulatory care,Brantford,ON,43.14248265,-80.27205522,Province of Ontario
alzheimer society of cambridge,Clinics and ambulatory care,Cambridge,ON,43.39701529,-80.34420357,Province of Ontario
alzheimer society of chatham-kent,Clinics and ambulatory care,Chatham-Kent,ON,42.41444853,-82.18305125,Province of Ontario
alzheimer society of cornwall & district,Clinics and ambulatory care,Cornwall,ON,45.01701602,-74.73122098,Province of Ontario
alzheimer society of dufferin county,Clinics and ambulatory care,Orangeville,ON,43.9123152,-80.10782484,Province of Ontario
alzheimer society of durham region,Clinics and ambulatory care,Oshawa,ON,43.88944965,-78.87895794,Province of Ontario
alzheimer society of elgin-st. thomas,Clinics and ambulatory care,Saint Thomas,ON,42.73878874,-81.19297157,Province of Ontario
alzheimer society of grey-bruce,Clinics and ambulatory care,Owen Sound,ON,44.56309927,-80.94192327,Province of Ontario
alzheimer society of guelph-wellington,Clinics and ambulatory care,Guelph,ON,43.54541173,-80.24641475,Province of Ontario
alzheimer society of hamilton and halton,Clinics and ambulatory care,Hamilton,ON,43.25665249,-79.93422662,Province of Ontario
alzheimer society of hastings-prince edward,Clinics and ambulatory care,Belleville,ON,44.16796597,-77.35377838,Province of Ontario
alzheimer society of huron county inc.,Clinics and ambulatory care,Clinton,ON,43.62179308,-81.54961967,Province of Ontario
alzheimer society of kenora & rainy river district,Clinics and ambulatory care,Kenora,ON,49.77572754,-94.4852186,Province of Ontario
alzheimer society of kingston,Clinics and ambulatory care,Kingston,ON,44.25568652,-76.498125,Province of Ontario
alzheimer society of kitchener-waterloo,Clinics and ambulatory care,Kitchener,ON,43.4633353,-80.45872131,Province of Ontario
alzheimer society of london and middlesex,Clinics and ambulatory care,London,ON,43.01664828,-81.26913702,Province of Ontario
alzheimer society of muskoka,Clinics and ambulatory care,Bracebridge,ON,45.01841232,-79.31460759,Province of Ontario
alzheimer society of niagara region,Clinics and ambulatory care,St Catharines,ON,43.18351721,-79.26633031,Province of Ontario
alzheimer society of north bay and district,Clinics and ambulatory care,North Bay,ON,46.31889133,-79.44197936,Province of Ontario
alzheimer society of north east simcoe county,Clinics and ambulatory care,Orillia,ON,44.60535525,-79.41127648,Province of Ontario
alzheimer society of ontario,Clinics and ambulatory care,Toronto,ON,43.66999639,-79.38985879,Province of Ontario
alzheimer society of oxford,Clinics and ambulatory care,Woodstock,ON,43.12995893,-80.75260207,Province of Ontario
alzheimer society of perth county,Clinics and ambulatory care,Stratford,ON,43.37141906,-80.94661975,Province of Ontario
"alzheimer society of peterborough, haliburton & northumberland",Clinics and ambulatory care,Peterborough,ON,44.30437875,-78.3210991,Province of Ontario
alzheimer society of prince edward county,Clinics and ambulatory care,Edward,ON,44.00956055,-77.14004779,Province of Ontario
alzheimer society of sarnia-lambton,Clinics and ambulatory care,Sarnia,ON,42.98421102,-82.38565967,Province of Ontario
alzheimer society of sault ste. marie and algoma,Clinics and ambulatory care,Sault Ste Marie,ON,46.5159811,-84.28650594,Province of Ontario
alzheimer society of simcoe county,Clinics and ambulatory care,Barrie,ON,44.3813294,-79.70462585,Province of Ontario
alzheimer society of thunder bay,Clinics and ambulatory care,Thunder Bay,ON,48.43359187,-89.21958186,Province of Ontario
alzheimer society of timmins-porcupine district inc.,Clinics and ambulatory care,Timmins,ON,48.47470957,-81.32914363,Province of Ontario
alzheimer society of toronto,Clinics and ambulatory care,Toronto,ON,43.70669329,-79.39948989,Province of Ontario
alzheimer society of windsor and essex county,Clinics and ambulatory care,Windsor,ON,42.31669177,-83.0061887,Province of Ontario
alzheimer society peel,Clinics and ambulatory care,Mississauga,ON,43.56089946,-79.58102284,Province of Ontario
alzheimer society peel (central west lhin),Clinics and ambulatory care,Mississauga,ON,43.56089946,-79.58102284,Province of Ontario
alzheimer society sudbury-manitoulin,Clinics and ambulatory care,Sudbury,ON,46.51756439,-80.98200638,Province of Ontario
alzheimer society waterloo wellington,Clinics and ambulatory care,Kitchener,ON,43.4633353,-80.45872131,Province of Ontario
amber lea place retirement residence,Residential and long-term care,Brantford,ON,43.15713846,-80.27468682,Province of Ontario
amelie residence,Residential and long-term care,Ottawa,ON,45.34295944,-75.63716051,Province of Ontario
amethyst women's addiction centre,Residential and long-term care,Ottawa,ON,45.42991766,-75.67444133,Province of Ontario
amherstburg community services,Clinics and ambulatory care,Amherstburg,ON,42.10448713,-83.10021441,Province of Ontario
amherstburg family health team,Clinics and ambulatory care,Amherstburg,ON,42.08735643,-83.10897921,Province of Ontario
amica at barrie,Residential and long-term care,Barrie,ON,44.4162674,-79.66788724,Province of Ontario
amica at bayview,Residential and long-term care,Toronto,ON,43.766395,-79.38399909,Province of Ontario
amica at bayview gardens,Residential and long-term care,Toronto,ON,43.76720841,-79.38241549,Province of Ontario
amica at brampton,Residential and long-term care,Brampton,ON,43.67006457,-79.7398157,Province of Ontario
amica at city centre,Residential and long-term care,Mississauga,ON,43.58723066,-79.64714336,Province of Ontario
amica at dundas,Residential and long-term care,Hamilton,ON,43.26447919,-79.95503403,Province of Ontario
amica at erin mills,Residential and long-term care,Mississauga,ON,43.54959005,-79.71614718,Province of Ontario
amica at london,Residential and long-term care,London,ON,43.02024838,-81.30637654,Province of Ontario
amica at newmarket,Residential and long-term care,Newmarket,ON,44.05501705,-79.43496524,Province of Ontario
amica at oakville,Residential and long-term care,Oakville,ON,43.39473282,-79.71469797,Province of Ontario
amica at stoney creek,Residential and long-term care,Hamilton,ON,43.21755269,-79.74812356,Province of Ontario
amica at swan lake,Residential and long-term care,Markham,ON,43.89526623,-79.25243066,Province of Ontario
amica at the balmoral club,Residential and long-term care,Toronto,ON,43.68422839,-79.40018149,Province of Ontario
amica at thornhill,Residential and long-term care,Vaughan,ON,43.79438891,-79.43905361,Province of Ontario
amica at unionville,Residential and long-term care,Markham,ON,43.85638152,-79.31000908,Province of Ontario
amica at westboro park,Residential and long-term care,Ottawa,ON,45.38886545,-75.76081176,Province of Ontario
amica at whitby,Residential and long-term care,Whitby,ON,43.90290315,-78.94221856,Province of Ontario
amica at windsor,Residential and long-term care,Windsor,ON,42.32797968,-82.97918309,Province of Ontario
anagram premier/rescare premier canada,Clinics and ambulatory care,Niagara-On-The-Lake,ON,43.22611312,-79.09861726,Province of Ontario
ancaster community services,Clinics and ambulatory care,Hamilton,ON,43.22526378,-79.97666674,Province of Ontario
anfield manor,Residential and long-term care,Londesborough,ON,43.6146704,-81.5405969,Province of Ontario
angel's retirement home,Residential and long-term care,St Catharines,ON,43.15948841,-79.20817339,Province of Ontario
anishnawbe health toronto,Residential and long-term care,Toronto,ON,43.68166709,-79.4184381,Province of Ontario
anishnawbe health toronto community health centre,Hospitals,Toronto,ON,43.65422059,-79.36981238,Province of Ontario
anishnawbe mushkiki inc.,Clinics and ambulatory care,Thunder Bay,ON,48.38439656,-89.24912166,Province of Ontario
anne johnston health station - tobias house attendant care,Hospitals,Toronto,ON,43.70972309,-79.39930509,Province of Ontario
anne johnston health station - tobias house attendant care (css),Clinics and ambulatory care,Toronto,ON,43.68309609,-79.32334507,Province of Ontario
anson general hospital,Hospitals,Iroquois Falls,ON,48.7690269,-80.6860401,Public Health Agency of Canada
anson place care centre,Residential and long-term care,Hagersville,ON,42.96738873,-80.04801284,Province of Ontario
aphasia institute,Clinics and ambulatory care,Toronto,ON,43.7494936,-79.35469398,Province of Ontario
appleby place,Residential and long-term care,Burlington,ON,43.36821872,-79.75569998,Province of Ontario
applefest lodge,Residential and long-term care,Brighton,ON,44.04358743,-77.72759309,Province of Ontario
applewood retirement residence,Residential and long-term care,Peterborough,ON,44.27854324,-78.36214781,Province of Ontario
arbor trace alzheimer's special care center,Residential and long-term care,London,ON,42.96298198,-81.17483989,Province of Ontario
arbour creek long-term care centre,Residential and long-term care,Hamilton,ON,43.22141329,-79.77670807,Province of Ontario
arbour heights,Residential and long-term care,Kingston,ON,44.23937071,-76.55865852,Province of Ontario
arid group homes (niagara),Residential and long-term care,Fort Erie,ON,42.90986347,-78.91451317,Province of Ontario
arnprior and district family health team,Clinics and ambulatory care,Arnprior,ON,45.44144283,-76.35297456,Province of Ontario
arnprior and district memorial hospital,Hospitals,Arnprior,ON,45.441325,-76.352265,Canadian Institute for Health Information
arnprior regional health,Residential and long-term care,Arnprior,ON,45.44130283,-76.35303016,Province of Ontario
arnprior regional health — arnprior & district memorial hospital,Hospitals,Arnprior,ON,45.441542,-76.35292,Public Health Agency of Canada
arnprior villa,Residential and long-term care,Arnprior,ON,45.42438943,-76.36493626,Province of Ontario
"arnprior, braeside, mcnab seniors at home program inc.",Clinics and ambulatory care,Arnprior,ON,45.43422493,-76.35837846,Province of Ontario
arul oli senior centre,Residential and long-term care,Toronto,ON,43.83209692,-79.23443505,Province of Ontario
ashwood manor,Residential and long-term care,London,ON,42.90973516,-81.28913502,Province of Ontario
assisted living southwestern ontario,Clinics and ambulatory care,Windsor,ON,42.30329217,-83.07435282,Province of Ontario
association of ontario health centres,Clinics and ambulatory care,Toronto,ON,43.71371849,-79.45837461,Province of Ontario
at-home hospice,Clinics and ambulatory care,Ottawa,ON,45.38617585,-75.74015465,Province of Ontario
atikameksheng anishnawbek,Clinics and ambulatory care,Naughton,ON,46.39804346,-81.17895173,Province of Ontario
atikokan family health team,Clinics and ambulatory care,Atikokan,ON,48.75379034,-91.60071464,Province of Ontario
atikokan general hospital,Residential and long-term care,Atikokan,ON,48.754155,-91.597609,Public Health Agency of Canada
atikokan general hospital (css),Clinics and ambulatory care,Atikokan,ON,48.75359294,-91.59845814,Province of Ontario
atrium at kew beach,Residential and long-term care,Toronto,ON,43.67800329,-79.30274076,Province of Ontario
atrium retirement residence,Residential and long-term care,Orillia,ON,44.60949175,-79.43333849,Province of Ontario
au chateau,Residential and long-term care,West Nipissing,ON,46.37203452,-79.92058532,Province of Ontario
au chã¢teau home for the aged - css,Clinics and ambulatory care,West Nipissing,ON,46.37203452,-79.92058532,Province of Ontario
auberge plein soleil,Residential and long-term care,Alfred,ON,45.55953881,-74.87851758,Province of Ontario
augustine villas retirement home and assisted living,Residential and long-term care,Kingsville,ON,42.03996314,-82.73671029,Province of Ontario
aurora-newmarket family health team,Clinics and ambulatory care,Newmarket,ON,44.06057705,-79.45637234,Province of Ontario
avalon retirement centre,Residential and long-term care,Orangeville,ON,43.9169995,-80.11650514,Province of Ontario
avalon retirement lodge,Residential and long-term care,Orangeville,ON,43.9169995,-80.11650514,Province of Ontario
ay alternatives for youth hamilton,Residential and long-term care,Hamilton,ON,43.25556639,-79.8696957,Province of Ontario
aylmer retirement residence,Residential and long-term care,Aylmer,ON,42.77286835,-80.97801581,Province of Ontario
babcock community care centre,Residential and long-term care,Wardsville,ON,42.6583997,-81.75796234,Province of Ontario
balance for blind adults,Clinics and ambulatory care,Toronto,ON,43.65694408,-79.45227951,Province of Ontario
balance for blind adults (tc lhin),Clinics and ambulatory care,Toronto,ON,43.64861988,-79.52910703,Province of Ontario
balance for blind adults (toronto central lhin),Clinics and ambulatory care,Toronto,ON,43.65694408,-79.45227951,Province of Ontario
balmoral place retirement community,Residential and long-term care,Collingwood,ON,44.50769829,-80.23972254,Province of Ontario
bancroft fht,Clinics and ambulatory care,Bancroft,ON,45.0555315,-77.84916191,Province of Ontario
banwell gardens care centre,Residential and long-term care,Windsor,ON,42.31060008,-82.89979807,Province of Ontario
banyan community services inc,Clinics and ambulatory care,Hamilton,ON,43.23397249,-79.84680429,Province of Ontario
"barbra schlifer commemorative clinic, the",Residential and long-term care,Toronto,ON,43.65588248,-79.40919499,Province of Ontario
bariatric medical institute inc - css,Clinics and ambulatory care,Ottawa,ON,45.33352244,-75.72851974,Province of Ontario
barnswallow place care community,Residential and long-term care,Elmira,ON,43.59297082,-80.57796106,Province of Ontario
barrhaven manor,Residential and long-term care,Ottawa,ON,45.27769903,-75.74225964,Province of Ontario
barrie and community family health team,Clinics and ambulatory care,Barrie,ON,44.34808359,-79.68029584,Province of Ontario
barrie area native advisory circle,Clinics and ambulatory care,Barrie,ON,44.3823507,-79.71426826,Province of Ontario
barrie community health centre,Hospitals,Barrie,ON,44.390288,-79.69138875,Province of Ontario
barrie manor senior living,Residential and long-term care,Barrie,ON,44.3979773,-79.65571934,Province of Ontario
barry's bay & area senior citizens home support program inc.,Clinics and ambulatory care,Barrys Bay,ON,45.48200648,-77.6946246,Province of Ontario
barton retirement inc. (the wellington retirement community),Residential and long-term care,Hamilton,ON,43.20948778,-79.8796767,Province of Ontario
batchewana first nation of ojibways,Clinics and ambulatory care,Garden River,ON,46.52830941,-84.26145704,Province of Ontario
bay haven nursing home,Residential and long-term care,Collingwood,ON,44.49946329,-80.19803202,Province of Ontario
bay haven senior care community,Residential and long-term care,Collingwood,ON,44.49946329,-80.19803202,Province of Ontario
bay ridges,Residential and long-term care,Pickering,ON,43.82847003,-79.0771309,Province of Ontario
baycrest centre for geriatric care,Residential and long-term care,Toronto,ON,43.7300765,-79.43421181,Province of Ontario
baycrest geriatric health care system,Residential and long-term care,Toronto,ON,43.7305734,-79.433654,Public Health Agency of Canada
baycrest hospital,Clinics and ambulatory care,Toronto,ON,43.7300765,-79.43421181,Province of Ontario
baycrest hospital - north york,Hospitals,Toronto,ON,43.730336,-79.43236041,Province of Ontario
bayfield house retirement lodge,Residential and long-term care,Penetanguishene,ON,44.77457015,-79.93728776,Province of Ontario
bayfield manor,Residential and long-term care,Kemptville,ON,45.01874519,-75.65323739,Province of Ontario
bayfield manor retirement community,Residential and long-term care,Kemptville,ON,45.01874519,-75.65323739,Province of Ontario
bayshore healthcare ltd,Clinics and ambulatory care,Mississauga,ON,43.52298305,-79.65538916,Province of Ontario
bayview retirement home,Residential and long-term care,Waubaushene,ON,44.75224116,-79.70792729,Province of Ontario
baywoods place,Residential and long-term care,Hamilton,ON,43.25176169,-79.8569424,Province of Ontario
beach arms retirement residence,Residential and long-term care,Toronto,ON,43.67733999,-79.30233976,Province of Ontario
beacon heights retirement residence,Residential and long-term care,Ottawa,ON,45.45085876,-75.5870252,Province of Ontario
beamsville medical centre fht,Clinics and ambulatory care,Lincoln,ON,43.16419089,-79.47463457,Province of Ontario
bearbrook retirement residence,Residential and long-term care,Ottawa,ON,45.43259036,-75.56384389,Province of Ontario
beattie manor,Residential and long-term care,Wardsville,ON,42.6486067,-81.74992014,Province of Ontario
beausoleil first nation,Clinics and ambulatory care,Cedar Point,ON,44.80851975,-80.11456672,Province of Ontario
beechwood manor,Residential and long-term care,Waterloo,ON,43.4562434,-80.54209083,Province of Ontario
beechwood private hospital,Hospitals,Penetanguishene,ON,44.77483255,-79.92912816,Province of Ontario
bella senior care residences,Residential and long-term care,Niagara Falls,ON,43.05084229,-79.04543772,Province of Ontario
belleville,Clinics and ambulatory care,Belleville,ON,44.16453286,-77.38436828,Province of Ontario
belleville and quinte west community health centre,Hospitals,Belleville,ON,44.1603606,-77.3979771,Province of Ontario
bellwood health services inc.,Residential and long-term care,Toronto,ON,43.7195849,-79.36622688,Province of Ontario
bellwoods centres,Clinics and ambulatory care,Toronto,ON,43.7185524,-79.33749378,Province of Ontario
belmont house,Residential and long-term care,Toronto,ON,43.67461349,-79.39106979,Province of Ontario
belmont long term care facility,Residential and long-term care,Belleville,ON,44.16007616,-77.40393509,Province of Ontario
belvedere heights,Residential and long-term care,Parry Sound,ON,45.34272524,-80.03862375,Province of Ontario
belvedere heights - css,Clinics and ambulatory care,Parry Sound,ON,45.34272524,-80.03862375,Province of Ontario
benbowopka treatment centre,Residential and long-term care,Blind River,ON,46.18232273,-82.94721488,Province of Ontario
bendale acres,Residential and long-term care,Toronto,ON,43.75493801,-79.25183955,Province of Ontario
bennett health care centre,Residential and long-term care,Halton Hills,ON,43.64477486,-79.93394806,Province of Ontario
berkshire care centre,Residential and long-term care,Windsor,ON,42.31631637,-83.04161991,Province of Ontario
bernard betel centre for creative living,Clinics and ambulatory care,Toronto,ON,43.79192171,-79.44721752,Province of Ontario
bertram place retirement living centre,Residential and long-term care,Hamilton,ON,43.26504409,-79.95507773,Province of Ontario
beth donovan hospice,Clinics and ambulatory care,Kemptville,ON,45.03983249,-75.61880098,Province of Ontario
bethammi nursing home,Residential and long-term care,Thunder Bay,ON,48.44135877,-89.24131667,Province of Ontario
bethany care home of norwich,Residential and long-term care,Norwich,ON,42.98864051,-80.59258351,Province of Ontario
bethany lodge,Residential and long-term care,Markham,ON,43.86204073,-79.30139068,Province of Ontario
bethell hospice,Clinics and ambulatory care,Caledon,ON,43.87985701,-79.73758312,Province of Ontario
bethsaida retirement home ltd,Residential and long-term care,Orangeville,ON,43.915362,-80.10123464,Province of Ontario
bethseda home,Residential and long-term care,Toronto,ON,43.80182762,-79.26619476,Province of Ontario
better living at thompson house,Clinics and ambulatory care,Toronto,ON,43.7324901,-79.34677178,Province of Ontario
better living health and community services,Clinics and ambulatory care,Toronto,ON,43.7324901,-79.34677178,Province of Ontario
bill mcmurray residence,Residential and long-term care,Toronto,ON,43.65162918,-79.4347012,Province of Ontario
billings court manor,Residential and long-term care,Burlington,ON,43.36439192,-79.78777539,Province of Ontario
billings lodge retirement community,Residential and long-term care,Ottawa,ON,45.38338775,-75.67274113,Province of Ontario
billingswood manor,Residential and long-term care,Ottawa,ON,45.38492745,-75.67327503,Province of Ontario
billy buffett's house of welcome inc.,Residential and long-term care,Ottawa,ON,45.43901656,-75.65640123,Province of Ontario
bingham memorial hospital,Hospitals,Matheson,ON,48.5396038,-80.4697506,Public Health Agency of Canada
bingwi neyaashi anishinaabek (sand point),Clinics and ambulatory care,Thunder Bay,ON,48.43069956,-89.22750086,Province of Ontario
birchmere retirement residence,Residential and long-term care,Orillia,ON,44.61976735,-79.41392188,Province of Ontario
birchwood terrace,Residential and long-term care,Kenora,ON,49.76559284,-94.504978,Province of Ontario
birdsilver gardens senior support centre,Residential and long-term care,Toronto,ON,43.79197732,-79.13066792,Province of Ontario
birkdale place seniors community,Residential and long-term care,Milton,ON,43.50029384,-79.86709342,Province of Ontario
birmingham retirement community,Residential and long-term care,Mount Forest,ON,43.98529868,-80.73344194,Province of Ontario
black creek community health centre,Residential and long-term care,Toronto,ON,43.72178469,-79.51168893,Province of Ontario
blackadar continuing care centre,Residential and long-term care,Hamilton,ON,43.26120069,-79.96830854,Province of Ontario
blackadar retirement residence,Residential and long-term care,Hamilton,ON,43.26134859,-79.96827634,Province of Ontario
blackburn senior retirement home,Residential and long-term care,Ottawa,ON,45.43604286,-75.54856219,Province of Ontario
blenheim community village,Residential and long-term care,Chatham-Kent,ON,42.33971663,-81.98799919,Province of Ontario
blenheim meals on wheels,Clinics and ambulatory care,Chatham-Kent,ON,42.33297033,-81.99809449,Province of Ontario
blind river district health centre,Hospitals,Blind River,ON,46.1873626,-82.9240632,Public Health Agency of Canada
bloomington cove care community,Residential and long-term care,Whitchurch-Stouffville,ON,44.00278365,-79.26290138,Province of Ontario
blue hills child and family centre,Clinics and ambulatory care,Aurora,ON,43.96036,-79.4727,Public Health Agency of Canada
blue mountain manor retirement residence,Residential and long-term care,Stayner,ON,44.42198169,-80.08361758,Province of Ontario
blue sky family health team,Clinics and ambulatory care,North Bay,ON,46.32156633,-79.46831247,Province of Ontario
blue water rest home,Clinics and ambulatory care,Zurich,ON,43.41978964,-81.63774028,Province of Ontario
bluewater area family health team,Clinics and ambulatory care,Zurich,ON,43.42100354,-81.62496147,Province of Ontario
bluewater health,Hospitals,Sarnia,ON,42.9773664,-82.3905476,Public Health Agency of Canada
bluewater health - petrolia (charlotte eleanor englehart hospital),Hospitals,Petrolia,ON,42.87826,-82.147367,Province of Ontario
bluewater health - sarnia,Clinics and ambulatory care,Sarnia,ON,42.97663532,-82.38926827,Province of Ontario
bob rumball home for the deaf,Residential and long-term care,Barrie,ON,44.3641363,-79.62310322,Province of Ontario
bobier villa,Residential and long-term care,Dutton,ON,42.66709281,-81.51387127,Province of Ontario
bonnechere algonquin health care service,Clinics and ambulatory care,Petawawa,ON,45.89993357,-77.28315121,Province of Ontario
bonnechere manor,Residential and long-term care,Renfrew,ON,45.48345932,-76.70256458,Province of Ontario
bough beeches place,Residential and long-term care,Mississauga,ON,43.62599437,-79.60046495,Province of Ontario
bowmanville creek retirement community,Residential and long-term care,Bowmanville,ON,43.91037416,-78.68822688,Province of Ontario
boys' & girls' club of london,Clinics and ambulatory care,London,ON,42.97965408,-81.24629421,Province of Ontario
boys' and girls' club of brantford,Clinics and ambulatory care,Brantford,ON,43.12058955,-80.27202662,Province of Ontario
bradford valley care community,Residential and long-term care,Bradford West Gwillimbury,ON,44.09967975,-79.57244678,Province of Ontario
bradgate arms,Residential and long-term care,Toronto,ON,43.68566339,-79.40066839,Province of Ontario
braemar retirement centre,Residential and long-term care,Wingham,ON,43.90065854,-81.30031372,Province of Ontario
brain injury association of durham region,Clinics and ambulatory care,Oshawa,ON,43.89162635,-78.89514265,Province of Ontario
brain injury community re-entry (niagara) inc.,Clinics and ambulatory care,Thorold,ON,43.1110871,-79.23930319,Province of Ontario
brain injury services of hamilton,Clinics and ambulatory care,Hamilton,ON,43.25550359,-79.8607841,Province of Ontario
brain injury services of northern ontario,Clinics and ambulatory care,Thunder Bay,ON,48.39063116,-89.25774036,Province of Ontario
"brain injury services of simcoe county inc., (biss)",Clinics and ambulatory care,Barrie,ON,44.3740078,-79.69117235,Province of Ontario
bramalea community health centre,Hospitals,Brampton,ON,43.72807748,-79.7120768,Province of Ontario
bramalea retirement residence,Residential and long-term care,Brampton,ON,43.71669058,-79.7250052,Province of Ontario
brampton meals on wheels,Clinics and ambulatory care,Brampton,ON,43.69999507,-79.78142981,Province of Ontario
"branch 133, legion village inc.",Clinics and ambulatory care,Cobourg,ON,43.95651529,-78.17033082,Province of Ontario
brant community healthcare - brantford general,Hospitals,Brantford,ON,43.15261826,-80.27581052,Province of Ontario
brant community healthcare - willet,Hospitals,Paris,ON,43.204588,-80.387076,Province of Ontario
brant community healthcare system,Residential and long-term care,Brantford,ON,43.15251326,-80.27636662,Province of Ontario
brant community healthcare system - brantford general hospital site,Hospitals,Brantford,ON,43.152313,-80.276196,Public Health Agency of Canada
brant community healthcare system - willett hospital site,Residential and long-term care,Paris,ON,43.2045736,-80.3870839,Public Health Agency of Canada
brant county health unit,Clinics and ambulatory care,Brantford,ON,43.15184426,-80.27441232,Province of Ontario
brantwood community services,Clinics and ambulatory care,Brantford,ON,43.128167,-80.278928,Public Health Agency of Canada
breakaway addiction services,Residential and long-term care,Toronto,ON,43.64322438,-79.4311146,Province of Ontario
breaking down barriers-an independent living centre inc.,Clinics and ambulatory care,Collingwood,ON,44.49772369,-80.21494293,Province of Ontario
briarfield gardens,Residential and long-term care,Kitchener,ON,43.4339767,-80.4446075,Province of Ontario
briargate,Residential and long-term care,Amherstview,ON,44.21822341,-76.65431965,Province of Ontario
bridgepoint fht,Clinics and ambulatory care,Toronto,ON,43.66699229,-79.35364348,Province of Ontario
bridgepoint hospital,Residential and long-term care,Toronto,ON,43.6658334,-79.355147,Public Health Agency of Canada
bridges community health centre,Hospitals,Fort Erie,ON,42.90410417,-78.97151339,Province of Ontario
bridlewood manor,Residential and long-term care,Brockville,ON,44.61785752,-75.70286837,Province of Ontario
bridlewood trails retirement community,Residential and long-term care,Ottawa,ON,45.27421082,-75.86090248,Province of Ontario
brierwood gardens,Residential and long-term care,Brantford,ON,43.17853986,-80.24747732,Province of Ontario
broadview nursing centre,Residential and long-term care,Smiths Falls,ON,44.88786035,-76.0208378,Province of Ontario
broadview retirement lodge,Residential and long-term care,Smiths Falls,ON,44.88786035,-76.0208378,Province of Ontario
brock community health centre,Hospitals,Beaverton,ON,44.4268626,-79.1419982,Province of Ontario
brockton and area family health team,Clinics and ambulatory care,Walkerton,ON,44.12202678,-81.15303929,Province of Ontario
brockville and area centre for developmentally handicapped persons,Residential and long-term care,Brockville,ON,44.59152691,-75.68079546,Province of Ontario
brockville general - st. vincent de paul,Hospitals,Brockville,ON,44.59203591,-75.68319296,Province of Ontario
brockville general hospital,Hospitals,Brockville,ON,44.597394,-75.681314,Public Health Agency of Canada
brockville general hospital -css program,Clinics and ambulatory care,Brockville,ON,44.59689041,-75.68141846,Province of Ontario
brockville mental health centre,Hospitals,Brockville,ON,44.6033323,-75.6677491,Province of Ontario
brooks landing retirement living,Residential and long-term care,Perth Road,ON,44.48989086,-76.48143042,Province of Ontario
brookside court/hilltop place,Residential and long-term care,Richmond Hill,ON,43.89785833,-79.41245401,Province of Ontario
brookside retirement living,Residential and long-term care,Watford,ON,42.95519614,-81.88315661,Province of Ontario
brouillette manor,Residential and long-term care,Windsor,ON,42.3064019,-82.8920717,Province of Ontario
brucefield manor retirement home,Residential and long-term care,Brant,ON,43.08867,-80.310606,Province of Ontario
brucelea haven long term care home - corporation of the county of bruce,Residential and long-term care,Walkerton,ON,44.12121858,-81.15427199,Province of Ontario
brunswick house first nation,Clinics and ambulatory care,Chapleau,ON,47.81434965,-83.38572602,Province of Ontario
bruyere academic fht,Clinics and ambulatory care,Ottawa,ON,45.43194006,-75.69701384,Province of Ontario
bruyère - hôpital saint-vincent hospital,Residential and long-term care,Ottawa,ON,45.413491,-75.708815,Public Health Agency of Canada
bruyère continuing care - saint-vincent hospital,Hospitals,Ottawa,ON,45.41342185,-75.70813274,Province of Ontario
bruyère continuing care - élisabeth bruyère hospital,Hospitals,Ottawa,ON,45.43174946,-75.69687954,Province of Ontario
bruyère continuing care inc. - palliative care program,Clinics and ambulatory care,Ottawa,ON,45.43194006,-75.69701384,Province of Ontario
buckingham manor,Residential and long-term care,Whitchurch-Stouffville,ON,43.97081455,-79.24840007,Province of Ontario
bulimia anorexia nervosa association (bana),Residential and long-term care,Windsor,ON,42.30045197,-83.0275405,Province of Ontario
burk's falls family health team,Clinics and ambulatory care,Burks Falls,ON,45.6167198,-79.4046789,Province of Ontario
burlington family health team,Clinics and ambulatory care,Burlington,ON,43.31523311,-79.80179169,Province of Ontario
burloak,Residential and long-term care,Burlington,ON,43.38147032,-79.73937757,Province of Ontario
burnbrae gardens long term care residence,Residential and long-term care,Campbellford,ON,44.28480207,-77.84842135,Province of Ontario
burton manor,Residential and long-term care,Brampton,ON,43.66143557,-79.77341911,Province of Ontario
butternut manor,Residential and long-term care,Uxbridge,ON,44.10422028,-79.13997995,Province of Ontario
"c.n.i.b. ontario division, ottawa & cornwall districts",Clinics and ambulatory care,Ottawa,ON,45.38799185,-75.67505383,Province of Ontario
"c.n.i.b., hastings & prince edward counties and kingston",Clinics and ambulatory care,Kingston,ON,44.23927072,-76.50769261,Province of Ontario
calabogie and area home support program inc.,Clinics and ambulatory care,Calabogie,ON,45.29992859,-76.73054207,Province of Ontario
caldwell first nation (css),Clinics and ambulatory care,Leamington,ON,42.05267205,-82.59754225,Province of Ontario
caledon community services,Clinics and ambulatory care,Caledon,ON,43.87985701,-79.73758312,Province of Ontario
caledon meals on wheels,Clinics and ambulatory care,Caledon,ON,43.87348751,-79.72446771,Province of Ontario
cama woodlands nursing home,Residential and long-term care,Burlington,ON,43.3099325,-79.86719201,Province of Ontario
cambridge country manor,Residential and long-term care,Cambridge,ON,43.4552726,-80.3577529,Province of Ontario
cambridge memorial hospital,Hospitals,Cambridge,ON,43.378517,-80.32855,Public Health Agency of Canada
camh community mental health services,Clinics and ambulatory care,Toronto,ON,43.64308398,-79.41732259,Province of Ontario
camilla care community,Residential and long-term care,Mississauga,ON,43.57311436,-79.60700205,Province of Ontario
camilla gardens retirement home,Residential and long-term care,Ottawa,ON,45.43271076,-75.61778811,Province of Ontario
campbellford memorial hospital,Hospitals,Campbellford,ON,44.3124044,-77.7898476,Public Health Agency of Canada
campbellford memorial hospital (css),Clinics and ambulatory care,Campbellford,ON,44.31248837,-77.79004673,Province of Ontario
campbellford memorial multicare lodge,Clinics and ambulatory care,Campbellford,ON,44.31344677,-77.78917393,Province of Ontario
canadian deafblind association ontario chapter,Clinics and ambulatory care,Brant,ON,43.18798086,-80.37880636,Province of Ontario
canadian hearing society (the) hamilton,Clinics and ambulatory care,Hamilton,ON,43.25355619,-79.8686684,Province of Ontario
canadian hearing society - kingston,Clinics and ambulatory care,Kingston,ON,44.23953561,-76.54618462,Province of Ontario
canadian hearing society - ottawa,Clinics and ambulatory care,Ottawa,ON,45.38909365,-75.67634693,Province of Ontario
canadian hearing society - sault ste. marie,Clinics and ambulatory care,Sault Ste Marie,ON,46.5164278,-84.33872916,Province of Ontario
canadian hearing society - sudbury,Clinics and ambulatory care,Sudbury,ON,46.46679218,-80.99968868,Province of Ontario
canadian hearing society - thunder bay,Clinics and ambulatory care,Thunder Bay,ON,48.38324276,-89.24814606,Province of Ontario
"canadian hearing society, the",Residential and long-term care,Belleville,ON,44.16796597,-77.35377838,Province of Ontario
canadian mental health association (cmha) brant-haldimand-norfolk branch,Residential and long-term care,Brantford,ON,43.14027205,-80.26767882,Province of Ontario
canadian mental health association (cmha) champlain east branch,Residential and long-term care,Casselman,ON,45.30852406,-75.08405313,Province of Ontario
canadian mental health association (cmha) cochrane timiskaming branch,Residential and long-term care,Temiskaming Shores,ON,47.50822641,-79.67051436,Province of Ontario
canadian mental health association (cmha) durham,Residential and long-term care,Oshawa,ON,43.89821385,-78.86653234,Province of Ontario
canadian mental health association (cmha) elgin branch,Residential and long-term care,Saint Thomas,ON,42.77775004,-81.20040218,Province of Ontario
canadian mental health association (cmha) fort frances branch,Residential and long-term care,Kenora,ON,49.76754264,-94.5000169,Province of Ontario
canadian mental health association (cmha) grey bruce branch,Residential and long-term care,Owen Sound,ON,44.56233917,-80.92622116,Province of Ontario
"canadian mental health association (cmha) haliburton, kawartha, pine ridge",Residential and long-term care,Peterborough,ON,44.30638665,-78.3191073,Province of Ontario
canadian mental health association (cmha) halton region branch,Residential and long-term care,Halton Hills,ON,43.65089776,-79.90095305,Province of Ontario
canadian mental health association (cmha) hamilton branch,Residential and long-term care,Hamilton,ON,43.25240829,-79.8677603,Province of Ontario
canadian mental health association (cmha) huron-perth branch,Residential and long-term care,Stratford,ON,43.38053846,-81.00189687,Province of Ontario
canadian mental health association (cmha) kenora branch,Residential and long-term care,Kenora,ON,49.76587454,-94.4901052,Province of Ontario
canadian mental health association (cmha) lambton kent branch,Residential and long-term care,Chatham-Kent,ON,42.40256903,-82.19808246,Province of Ontario
canadian mental health association (cmha) middlesex,Residential and long-term care,Goderich,ON,43.73584389,-81.69832412,Province of Ontario
canadian mental health association (cmha) muskoka-parry sound branch,Residential and long-term care,Powassan,ON,46.0796032,-79.36552221,Province of Ontario
canadian mental health association (cmha) niagara branch,Residential and long-term care,St Catharines,ON,43.16570951,-79.23331029,Province of Ontario
canadian mental health association (cmha) nipissing regional branch,Residential and long-term care,North Bay,ON,46.30204843,-79.45319476,Province of Ontario
canadian mental health association (cmha) ontario division,Residential and long-term care,Toronto,ON,43.65541839,-79.38637899,Province of Ontario
canadian mental health association (cmha) ottawa branch,Residential and long-term care,Ottawa,ON,45.38799185,-75.67505383,Province of Ontario
canadian mental health association (cmha) oxford county branch,Residential and long-term care,Ingersoll,ON,43.03811541,-80.8816683,Province of Ontario
canadian mental health association (cmha) peel dufferin branch,Residential and long-term care,Brampton,ON,43.65860057,-79.72630969,Province of Ontario
canadian mental health association (cmha) sault ste. marie branch,Residential and long-term care,Wawa,ON,47.9975979,-84.77183499,Province of Ontario
canadian mental health association (cmha) simcoe county branch,Residential and long-term care,Orillia,ON,44.60834805,-79.42176108,Province of Ontario
canadian mental health association (cmha) sudbury - manitoulin branch,Residential and long-term care,Sudbury,ON,46.49293048,-80.99918868,Province of Ontario
canadian mental health association (cmha) thunder bay branch,Residential and long-term care,Thunder Bay,ON,48.38526796,-89.24526016,Province of Ontario
canadian mental health association (cmha) toronto branch,Residential and long-term care,Toronto,ON,43.73009029,-79.47087532,Province of Ontario
canadian mental health association (cmha) waterloo wellington,Residential and long-term care,Waterloo,ON,43.4869081,-80.52671273,Province of Ontario
canadian mental health association (cmha) windsor-essex county branch,Residential and long-term care,Windsor,ON,42.30368457,-83.0259966,Province of Ontario
canadian mental health association (cmha) york region branch,Residential and long-term care,Newmarket,ON,44.04429225,-79.47984855,Province of Ontario
canadian mental health association - durham (css),Clinics and ambulatory care,Oshawa,ON,43.89821385,-78.86653234,Province of Ontario
"canadian mental health association, halton region branch (css)",Clinics and ambulatory care,Oakville,ON,43.47872304,-79.65802046,Province of Ontario
"canadian mental health association, london-middlesex branch",Clinics and ambulatory care,London,ON,43.01305928,-81.24125911,Province of Ontario
"canadian mental health association, windsor-essex county branch",Hospitals,Windsor,ON,42.30368457,-83.0259966,Province of Ontario
canadian national institute for the blind (the) - central west region,Clinics and ambulatory care,Hamilton,ON,43.23365099,-79.79279368,Province of Ontario
canadian national institute for the blind (the) - halton-peel,Clinics and ambulatory care,Mississauga,ON,43.59177946,-79.63634556,Province of Ontario
canadian red cross - halton branch,Clinics and ambulatory care,Burlington,ON,43.35481671,-79.79474219,Province of Ontario
canadian red cross - ontario zone,Clinics and ambulatory care,Toronto,ON,43.65810998,-79.45057051,Province of Ontario
canadian red cross - peel branch,Clinics and ambulatory care,Mississauga,ON,43.52662255,-79.68270717,Province of Ontario
canadian red cross - sault ste. marie and district,Clinics and ambulatory care,Sault Ste Marie,ON,46.5254261,-84.30982375,Province of Ontario
canadian red cross - sudbury branch,Clinics and ambulatory care,Sudbury,ON,46.51765999,-80.94285127,Province of Ontario
canadian red cross - timmins and district branch,Clinics and ambulatory care,Timmins,ON,48.47561417,-81.33694163,Province of Ontario
canadian red cross society,Clinics and ambulatory care,Peterborough,ON,44.30412145,-78.3193612,Province of Ontario
canadian red cross society - thunder bay,Clinics and ambulatory care,Thunder Bay,ON,48.40249096,-89.25884987,Province of Ontario
canadian red cross society ontario zone (the) - brantford branch,Clinics and ambulatory care,Brantford,ON,43.14153475,-80.26974712,Province of Ontario
canadian red cross society ontario zone (the) - hamilton/flamborough branch,Clinics and ambulatory care,Hamilton,ON,43.25287159,-79.8576425,Province of Ontario
canadian red cross society ontario zone (the) - niagara five branches,Clinics and ambulatory care,St Catharines,ON,43.16420061,-79.2367039,Province of Ontario
canadian red cross society-community health services-cornwall,Clinics and ambulatory care,Cornwall,ON,45.01833943,-74.71360358,Province of Ontario
canadian red cross-muskoka district branch,Clinics and ambulatory care,Bracebridge,ON,45.04164133,-79.31332279,Province of Ontario
cancer care ontario,Clinics and ambulatory care,Toronto,ON,43.65841829,-79.39025879,Province of Ontario
canes community care,Residential and long-term care,Toronto,ON,43.71686989,-79.59203906,Province of Ontario
canes community care (mh lhin),Clinics and ambulatory care,Toronto,ON,43.71686989,-79.59203906,Province of Ontario
canterbury gardens retirement residence,Residential and long-term care,Peterborough,ON,44.29289414,-78.36061941,Province of Ontario
canterbury place retirement residence,Residential and long-term care,Toronto,ON,43.772131,-79.4144039,Province of Ontario
capability support services inc.,Clinics and ambulatory care,Hamilton,ON,43.23994919,-79.91538542,Province of Ontario
capreol nurse practitioner-led clinic,Clinics and ambulatory care,Capreol,ON,46.70910902,-80.92637518,Province of Ontario
cardinal place,Residential and long-term care,Windsor,ON,42.30303187,-83.07384972,Province of Ontario
care north hastings,Clinics and ambulatory care,Bancroft,ON,45.0550849,-77.86421482,Province of Ontario
carefirst family health team,Clinics and ambulatory care,Richmond Hill,ON,43.84347762,-79.3908623,Province of Ontario
carefirst senior and community services association (central lhin),Clinics and ambulatory care,Toronto,ON,43.81258112,-79.29492787,Province of Ontario
carefirst senior and community services association (toronto central lhin),Clinics and ambulatory care,Toronto,ON,43.81258112,-79.29492787,Province of Ontario
carefirst seniors and community services association,Clinics and ambulatory care,Toronto,ON,43.81258112,-79.29492787,Province of Ontario
carefirst transitional care centre,Residential and long-term care,Toronto,ON,43.81258112,-79.29492787,Province of Ontario
carefor civic complex,Residential and long-term care,Pembroke,ON,45.82141926,-77.10212074,Province of Ontario
carefor health & community services - eastern counties,Clinics and ambulatory care,Cornwall,ON,45.01987273,-74.72424808,Province of Ontario
carefor health & community services - ottawa-carleton branch,Clinics and ambulatory care,Ottawa,ON,45.41411106,-75.64156832,Province of Ontario
carefor health & community services - renfrew branch,Clinics and ambulatory care,Pembroke,ON,45.82141926,-77.10212074,Province of Ontario
carefor mackay centre,Residential and long-term care,Pembroke,ON,45.81513586,-77.10918694,Province of Ontario
carefree lodge,Residential and long-term care,Toronto,ON,43.78501831,-79.3941154,Province of Ontario
caressant care - arthur,Residential and long-term care,Arthur,ON,43.83174956,-80.53012776,Province of Ontario
caressant care - cobden,Residential and long-term care,Cobden,ON,45.62876664,-76.88767295,Province of Ontario
caressant care - fergus,Residential and long-term care,Fergus,ON,43.70904655,-80.3698587,Province of Ontario
caressant care - harriston,Residential and long-term care,Minto,ON,43.91461596,-80.87806388,Province of Ontario
caressant care - lindsay,Residential and long-term care,Kawartha Lakes,ON,44.34327843,-78.75034644,Province of Ontario
caressant care - listowel,Residential and long-term care,Listowel,ON,43.72273922,-80.95335159,Province of Ontario
caressant care - woodstock,Residential and long-term care,Woodstock,ON,43.12334673,-80.74298547,Province of Ontario
caressant care arthur nursing home,Residential and long-term care,Arthur,ON,43.83174956,-80.53012776,Province of Ontario
caressant care bourget,Residential and long-term care,Clarence-Rockland,ON,45.43608988,-75.15507656,Province of Ontario
caressant care courtland,Residential and long-term care,Courtland,ON,42.83110128,-80.63239781,Province of Ontario
caressant care fergus nursing home,Residential and long-term care,Fergus,ON,43.70904655,-80.3698587,Province of Ontario
caressant care lindsay nursing home,Residential and long-term care,Kawartha Lakes,ON,44.34327843,-78.75034644,Province of Ontario
caressant care listowel nursing home,Residential and long-term care,Listowel,ON,43.72273922,-80.95335159,Province of Ontario
caressant care marmora,Residential and long-term care,Marmora,ON,44.48072361,-77.67733231,Province of Ontario
caressant care on bonnie place,Residential and long-term care,Saint Thomas,ON,42.77305945,-81.16165267,Province of Ontario
caressant care on mary bucke,Residential and long-term care,Saint Thomas,ON,42.76681534,-81.16897487,Province of Ontario
caressant care on mclaughlin road,Residential and long-term care,Kawartha Lakes,ON,44.3447647,-78.7610205,Province of Ontario
caressant care woodstock nursing home,Residential and long-term care,Woodstock,ON,43.12334673,-80.74298547,Province of Ontario
caritas school of life,Residential and long-term care,Vaughan,ON,43.7693971,-79.55938155,Province of Ontario
carizon family and community services,Residential and long-term care,Kitchener,ON,43.4456504,-80.49396072,Province of Ontario
carleton lodge,Residential and long-term care,Ottawa,ON,45.26559733,-75.70705903,Province of Ontario
carleton place and district memorial hospital,Hospitals,Carleton Place,ON,45.140984,-76.136681,Public Health Agency of Canada
carleton place terrace by symphony,Residential and long-term care,Carleton Place,ON,45.13261569,-76.13744376,Province of Ontario
carleton residence attendant services program,Clinics and ambulatory care,Ottawa,ON,45.38748295,-75.69598713,Province of Ontario
carlington community health centre,Residential and long-term care,Ottawa,ON,45.38332675,-75.73342345,Province of Ontario
carlingview manor,Residential and long-term care,Ottawa,ON,45.36711344,-75.77672586,Province of Ontario
carlingwood retirement community,Residential and long-term care,Ottawa,ON,45.37561924,-75.77213836,Province of Ontario
carolina retirement residence,Residential and long-term care,Perth,ON,44.89897964,-76.25803618,Province of Ontario
caroline family health team of burlington,Clinics and ambulatory care,Burlington,ON,43.35804601,-79.79246529,Province of Ontario
caroline place retirement residence,Residential and long-term care,Hamilton,ON,43.25974649,-79.87474961,Province of Ontario
carriage house retirement residence,Residential and long-term care,Cherry Valley,ON,43.94315634,-77.15044049,Province of Ontario
carrington place retirement residence,Residential and long-term care,Hamilton,ON,43.21614158,-79.99126034,Province of Ontario
carveth care centre,Residential and long-term care,Gananoque,ON,44.33633895,-76.1592067,Province of Ontario
casa dolce casa,Residential and long-term care,Vaughan,ON,43.7876026,-79.57491686,Province of Ontario
case manor care community,Residential and long-term care,Kawartha Lakes,ON,44.54008478,-78.54103519,Province of Ontario
cassellholme,Residential and long-term care,North Bay,ON,46.31926603,-79.44608166,Province of Ontario
cassellholme - css,Clinics and ambulatory care,North Bay,ON,46.31926603,-79.44608166,Province of Ontario
castle peak retirement residence,Residential and long-term care,Bracebridge,ON,45.06571433,-79.32255439,Province of Ontario
castleview wychwood towers,Residential and long-term care,Toronto,ON,43.67317759,-79.4217856,Province of Ontario
cathmar manor,Residential and long-term care,Hamilton,ON,43.26228939,-79.8620852,Province of Ontario
catholic family services of hamilton,Clinics and ambulatory care,Hamilton,ON,43.25128269,-79.8519978,Province of Ontario
causeway work centre,Residential and long-term care,Ottawa,ON,45.40666475,-75.72365445,Province of Ontario
cavendish manor residence,Residential and long-term care,Niagara Falls,ON,43.0794347,-79.08873644,Province of Ontario
cawthra gardens,Residential and long-term care,Mississauga,ON,43.59302306,-79.60362445,Province of Ontario
cedar centre,Residential and long-term care,Newmarket,ON,44.07102146,-79.43193184,Province of Ontario
cedar crossing retirement community,Residential and long-term care,Simcoe,ON,42.8420917,-80.32018271,Province of Ontario
cedarbrook lodge retirement residence,Residential and long-term care,Toronto,ON,43.75474181,-79.22486164,Province of Ontario
cedarcroft place,Residential and long-term care,Oshawa,ON,43.90261095,-78.83985223,Province of Ontario
cedarcroft stratford retirement residence,Residential and long-term care,Stratford,ON,43.36494076,-80.99038977,Province of Ontario
cedarhurst dementia care home,Residential and long-term care,Toronto,ON,43.7514172,-79.38443889,Province of Ontario
cedarvale lodge retirement and care community,Residential and long-term care,Georgina,ON,44.232338,-79.456847,Province of Ontario
cedarvale terrace,Residential and long-term care,Toronto,ON,43.68545859,-79.4124234,Province of Ontario
cedarwood lodge,Residential and long-term care,Sault Ste Marie,ON,46.55200831,-84.31955276,Province of Ontario
cedarwood village,Residential and long-term care,Simcoe,ON,42.8408326,-80.32971141,Province of Ontario
centennial park place,Residential and long-term care,Toronto,ON,43.65323988,-79.58203235,Province of Ontario
centennial place long-term care home,Residential and long-term care,Millbrook,ON,44.1562909,-78.4477515,Province of Ontario
central brampton family health team,Clinics and ambulatory care,Brampton,ON,43.69234697,-79.76772121,Province of Ontario
"central chc, st thomas",Hospitals,Saint Thomas,ON,42.77931495,-81.19813428,Province of Ontario
central east community care access centre (css),Clinics and ambulatory care,Whitby,ON,43.86698314,-78.92281636,Province of Ontario
central east local health integration network,Clinics and ambulatory care,Ajax,ON,43.84539974,-79.02089259,Province of Ontario
central east local health integration network (lhin op),Clinics and ambulatory care,Ajax,ON,43.84539974,-79.02089259,Province of Ontario
central hastings fht,Clinics and ambulatory care,Madoc,ON,44.50567572,-77.47198554,Province of Ontario
central lambton family health team,Clinics and ambulatory care,Petrolia,ON,42.87707,-82.148697,Province of Ontario
central lhin-home care (css),Clinics and ambulatory care,Newmarket,ON,44.05619185,-79.42863453,Province of Ontario
central local health integration network,Clinics and ambulatory care,Markham,ON,43.85033152,-79.364423,Province of Ontario
central local health integration network (lhin op),Clinics and ambulatory care,Markham,ON,43.85033152,-79.364423,Province of Ontario
central neighbourhood house association,Clinics and ambulatory care,Toronto,ON,43.67192409,-79.37797418,Province of Ontario
central place retirement community,Residential and long-term care,Owen Sound,ON,44.56533917,-80.94004436,Province of Ontario
central toronto youth services,Residential and long-term care,Toronto,ON,43.66537169,-79.38117158,Province of Ontario
central west community care access centre (css),Clinics and ambulatory care,Brampton,ON,43.66084217,-79.72121679,Province of Ontario
central west local health integration network,Clinics and ambulatory care,Brampton,ON,43.66084217,-79.72121679,Province of Ontario
central west local health integration network (lhin op),Clinics and ambulatory care,Brampton,ON,43.66084217,-79.72121679,Province of Ontario
centre d'accueil champlain,Residential and long-term care,Ottawa,ON,45.44308406,-75.66040993,Province of Ontario
centre d'accueil mon chez nous,Residential and long-term care,Lefaivre,ON,45.63941613,-74.89555409,Province of Ontario
centre d'accueil roger seguin,Residential and long-term care,Clarence Creek,ON,45.51025689,-75.21616879,Province of Ontario
centre de reeducation cor jesus de timmins incorporee,Residential and long-term care,Timmins,ON,48.48744427,-81.33941713,Province of Ontario
centre de sante communautaire de sudbury est (noelville & st charles),Hospitals,Noelville,ON,46.13613645,-80.42571986,Province of Ontario
centre de sante communautaire du temiskaming,Clinics and ambulatory care,Temiskaming Shores,ON,47.50822641,-79.67051436,Province of Ontario
centre de sante communautaire hamilton-wentworth - css,Clinics and ambulatory care,Welland,ON,42.99376778,-79.23185768,Province of Ontario
centre de santé communautaire chigamik chc,Hospitals,Midland,ON,44.7346478,-79.8711022,Province of Ontario
centre de santé communautaire de sudbury,Hospitals,Sudbury,ON,46.49377068,-80.99830178,Province of Ontario
centre de services guigues,Residential and long-term care,Ottawa,ON,45.43059996,-75.69116704,Province of Ontario
centre for addiction and mental health (camh),Residential and long-term care,Toronto,ON,43.65841319,-79.39897099,Province of Ontario
centre for addiction and mental health (corporate office),Residential and long-term care,Toronto,ON,43.6435848,-79.4185408,Public Health Agency of Canada
centre for addiction and mental health (css),Clinics and ambulatory care,Toronto,ON,43.64308398,-79.41732259,Province of Ontario
centre for addiction and mental health - brentcliffe rd. site,Residential and long-term care,Toronto,ON,43.7195763,-79.3662235,Public Health Agency of Canada
centre for addiction and mental health - college st. site,Residential and long-term care,Toronto,ON,43.6584046,-79.3989676,Public Health Agency of Canada
centre for addiction and mental health - college street site,Hospitals,Toronto,ON,43.65822289,-79.39895869,Province of Ontario
centre for addiction and mental health - queen street site,Hospitals,Toronto,ON,43.64430178,-79.41814739,Province of Ontario
centre for addiction and mental health - russell st. site,Residential and long-term care,Toronto,ON,43.6597795,-79.3994315,Public Health Agency of Canada
centre for education and research on aging and health (cerah),Clinics and ambulatory care,Thunder Bay,ON,48.420696,-89.2621063,Province of Ontario
centre for family medicine fht,Clinics and ambulatory care,Kitchener,ON,43.4527311,-80.49878142,Province of Ontario
centre for information and community services of ontario,Clinics and ambulatory care,Toronto,ON,43.77830991,-79.27603766,Province of Ontario
centre francophone de toronto,Hospitals,Toronto,ON,43.66145369,-79.38430699,Province of Ontario
centres for seniors windsor,Clinics and ambulatory care,Windsor,ON,42.30689927,-83.05485171,Province of Ontario
centretown community health centre,Hospitals,Ottawa,ON,45.41547135,-75.69776014,Province of Ontario
centretown community health centre inc.,Residential and long-term care,Ottawa,ON,45.41547135,-75.69776014,Province of Ontario
cerebral palsy parent council of toronto (participation house),Clinics and ambulatory care,Markham,ON,43.88344503,-79.23506466,Province of Ontario
"chai-tikvah foundation, the",Residential and long-term care,Toronto,ON,43.7641371,-79.44182311,Province of Ontario
champlain community care access centre (css),Clinics and ambulatory care,Ottawa,ON,45.42165526,-75.62991862,Province of Ontario
champlain local health integration network,Clinics and ambulatory care,Ottawa,ON,45.42855856,-75.61471891,Province of Ontario
champlain local health integration network (lhin op),Clinics and ambulatory care,Ottawa,ON,45.42855856,-75.61471891,Province of Ontario
champlain manor retirement residence,Residential and long-term care,Orillia,ON,44.61915565,-79.43833899,Province of Ontario
changes recovery homes,Residential and long-term care,Kenora,ON,49.77505554,-94.46217989,Province of Ontario
chapel hill retirement residence,Residential and long-term care,Ottawa,ON,45.44605817,-75.52636768,Province of Ontario
chapleau and district family health team,Clinics and ambulatory care,Chapleau,ON,47.8403741,-83.414812,Province of Ontario
chapleau general hospital,Residential and long-term care,Chapleau,ON,47.84117,-83.414963,Public Health Agency of Canada
chapleau health services,Hospitals,Chapleau,ON,47.8411696,-83.4149629,Province of Ontario
charity house (windsor),Residential and long-term care,Windsor,ON,42.31079847,-83.03517701,Province of Ontario
charlotte villa,Residential and long-term care,Brantford,ON,43.14078355,-80.26118952,Province of Ontario
chartwell anne hathaway retirement residence,Residential and long-term care,Stratford,ON,43.36179776,-80.97808866,Province of Ontario
chartwell aurora long term care residence,Residential and long-term care,Aurora,ON,43.99779774,-79.47131474,Province of Ontario
chartwell avondale retirement residence,Residential and long-term care,Toronto,ON,43.66365619,-79.32980687,Province of Ontario
chartwell aylmer long term care residence,Residential and long-term care,Aylmer,ON,42.77395085,-80.99760032,Province of Ontario
chartwell ballycliffe long term care residence,Residential and long-term care,Ajax,ON,43.85095764,-79.02534179,Province of Ontario
chartwell bankside terrace retirement residence,Residential and long-term care,Kitchener,ON,43.43152629,-80.52861203,Province of Ontario
chartwell barclay house retirement residence,Residential and long-term care,North Bay,ON,46.32411793,-79.44891816,Province of Ontario
chartwell barrington retirement residence,Residential and long-term care,Barrie,ON,44.3637375,-79.65990624,Province of Ontario
chartwell barton retirement residence,Residential and long-term care,Newmarket,ON,44.06067035,-79.43131634,Province of Ontario
chartwell bayview retirement residence,Residential and long-term care,Belleville,ON,44.14640476,-77.40901089,Province of Ontario
chartwell belcourt residence pour retraités,Residential and long-term care,Ottawa,ON,45.47099417,-75.52244358,Province of Ontario
chartwell bon air long term care residence,Residential and long-term care,Cannington,ON,44.34590892,-79.03751134,Province of Ontario
chartwell brant centre long term care residence,Residential and long-term care,Burlington,ON,43.31651571,-79.80381069,Province of Ontario
chartwell bridlewood retirement residence,Residential and long-term care,Ottawa,ON,45.34850954,-75.64630022,Province of Ontario
chartwell centennial retirement residence,Residential and long-term care,Oshawa,ON,43.91235415,-78.85972124,Province of Ontario
chartwell champlain long term care residence,Residential and long-term care,Lorignal,ON,45.62972163,-74.67048831,Province of Ontario
chartwell chateau cornwall retirement residence,Residential and long-term care,Cornwall,ON,45.01776073,-74.72297518,Province of Ontario
chartwell chateau georgian retirement residence,Residential and long-term care,Timmins,ON,48.48577307,-81.33032493,Province of Ontario
chartwell christopher terrace retirement residence,Residential and long-term care,Burlington,ON,43.34219451,-79.78182398,Province of Ontario
chartwell collegiate heights retirement residence,Residential and long-term care,Sault Ste Marie,ON,46.5149724,-84.32534525,Province of Ontario
chartwell colonial retirement residence,Residential and long-term care,Whitby,ON,43.89217885,-78.94637257,Province of Ontario
chartwell conservatory pond retirement residence,Residential and long-term care,Kingston,ON,44.23685681,-76.59274333,Province of Ontario
chartwell constantia retirement residence,Residential and long-term care,Vaughan,ON,43.81000591,-79.45672392,Province of Ontario
chartwell deerview crossing retirement residence,Residential and long-term care,Hamilton,ON,43.20793238,-79.91323931,Province of Ontario
chartwell duke of devonshire retirement residence,Residential and long-term care,Ottawa,ON,45.39043205,-75.72455914,Province of Ontario
chartwell elmira long term care residence,Residential and long-term care,Elmira,ON,43.60150562,-80.56368125,Province of Ontario
chartwell elmira retirement residence,Residential and long-term care,Elmira,ON,43.60068982,-80.56320535,Province of Ontario
chartwell empress kanata retirement residence,Residential and long-term care,Ottawa,ON,45.30730983,-75.9068857,Province of Ontario
chartwell georgian retirement residence,Residential and long-term care,Hamilton,ON,43.26028359,-79.97063634,Province of Ontario
chartwell georgian traditions retirement residence,Residential and long-term care,Collingwood,ON,44.50987989,-80.23901844,Province of Ontario
chartwell gibson long term care residence,Residential and long-term care,Toronto,ON,43.80765981,-79.37379369,Province of Ontario
chartwell gibson retirement residence,Residential and long-term care,Toronto,ON,43.80779081,-79.37282579,Province of Ontario
chartwell glacier ridge retirement residence,Residential and long-term care,Thunder Bay,ON,48.41801316,-89.25289087,Province of Ontario
chartwell grenadier retirement residence,Residential and long-term care,Toronto,ON,43.65263078,-79.47100711,Province of Ontario
chartwell hartford retirement residence,Residential and long-term care,Morrisburg,ON,44.89855949,-75.18473483,Province of Ontario
chartwell harwood retirement residences,Residential and long-term care,Ajax,ON,43.86504834,-79.02835469,Province of Ontario
chartwell heritage glen retirement residence,Residential and long-term care,Mississauga,ON,43.58275466,-79.7524751,Province of Ontario
chartwell hilldale retirement residence,Residential and long-term care,Thunder Bay,ON,48.46195217,-89.25930628,Province of Ontario
chartwell hollandview trail retirement residence,Residential and long-term care,Aurora,ON,44.00838574,-79.45096614,Province of Ontario
chartwell héritage residence pour retraités,Residential and long-term care,Ottawa,ON,45.44081286,-75.64156412,Province of Ontario
chartwell isabella retirement residence,Residential and long-term care,Thunder Bay,ON,48.37697526,-89.25576126,Province of Ontario
chartwell jackson creek retirement residence,Residential and long-term care,Peterborough,ON,44.30857555,-78.3291506,Province of Ontario
chartwell james street retirement residence,Residential and long-term care,Bracebridge,ON,45.04370993,-79.31395439,Province of Ontario
chartwell kanata retirement residence,Residential and long-term care,Ottawa,ON,45.35276403,-75.92250971,Province of Ontario
chartwell kingsville retirement residence,Residential and long-term care,Kingsville,ON,42.03955604,-82.72822769,Province of Ontario
chartwell lakeshore retirement residence,Residential and long-term care,Burlington,ON,43.36642542,-79.73256877,Province of Ontario
chartwell lancaster long term care residence,Residential and long-term care,Lancaster,ON,45.14626646,-74.50391692,Province of Ontario
chartwell lansing retirement residence,Residential and long-term care,Toronto,ON,43.7594321,-79.42349041,Province of Ontario
chartwell leamington retirement residence,Residential and long-term care,Leamington,ON,42.03829014,-82.60343625,Province of Ontario
chartwell london long term care residence,Residential and long-term care,London,ON,43.04406869,-81.26074922,Province of Ontario
chartwell lord lansdowne retirement residence,Residential and long-term care,Ottawa,ON,45.39947355,-75.68676793,Province of Ontario
chartwell martha's landing retirement residence,Residential and long-term care,Burlington,ON,43.32692581,-79.79224629,Province of Ontario
chartwell mcconnell retirement residence,Residential and long-term care,Cornwall,ON,45.02570993,-74.71485918,Province of Ontario
chartwell meadowbrook retirement community,Residential and long-term care,Sudbury,ON,46.42492066,-81.14115202,Province of Ontario
chartwell montgomery village retirement residence,Residential and long-term care,Orangeville,ON,43.90432559,-80.13195805,Province of Ontario
chartwell muskoka traditions retirement residence,Residential and long-term care,Huntsville,ON,45.34061968,-79.22595369,Province of Ontario
chartwell new edinburgh square retirement residence,Residential and long-term care,Ottawa,ON,45.43982596,-75.67705673,Province of Ontario
chartwell niagara long term care residence,Residential and long-term care,Niagara-On-The-Lake,ON,43.2549638,-79.0657413,Province of Ontario
chartwell oak park lasalle retirement residence,Residential and long-term care,Windsor,ON,42.24665886,-83.0347155,Province of Ontario
chartwell oak park terrace retirement residence,Residential and long-term care,Windsor,ON,42.28359,-82.989608,Province of Ontario
chartwell oakville retirement residence,Residential and long-term care,Oakville,ON,43.48067364,-79.71759898,Province of Ontario
chartwell orchards retirement residence,Residential and long-term care,Lincoln,ON,43.1595939,-79.39574265,Province of Ontario
chartwell oxford gardens retirement residence,Residential and long-term care,Woodstock,ON,43.14347373,-80.76340338,Province of Ontario
chartwell park place retirement residence,Residential and long-term care,Aurora,ON,43.99495144,-79.46604124,Province of Ontario
chartwell parkhill long term care residence,Residential and long-term care,Parkhill,ON,43.15701009,-81.68166257,Province of Ontario
chartwell parkway retirement residence,Residential and long-term care,Pickering,ON,43.84066643,-79.0727951,Province of Ontario
chartwell pembroke heritage retirement residence,Residential and long-term care,Pembroke,ON,45.83207956,-77.14110175,Province of Ontario
chartwell pickering city centre retirement residence,Residential and long-term care,Pickering,ON,43.83806563,-79.0804323,Province of Ontario
chartwell pine grove long term care residence,Residential and long-term care,Vaughan,ON,43.797729,-79.58431476,Province of Ontario
chartwell pine grove retirement residence,Residential and long-term care,Vaughan,ON,43.797729,-79.58431476,Province of Ontario
chartwell pinewood retirement residence,Residential and long-term care,Pembroke,ON,45.82365756,-77.08655613,Province of Ontario
chartwell quail creek retirement residence,Residential and long-term care,Renfrew,ON,45.48171312,-76.69926487,Province of Ontario
chartwell queen's square retirement residence,Residential and long-term care,Cambridge,ON,43.36033629,-80.31694255,Province of Ontario
chartwell regency retirement residence,Residential and long-term care,Mississauga,ON,43.54916686,-79.59085414,Province of Ontario
chartwell rideau place retirement residence,Residential and long-term care,Ottawa,ON,45.43062676,-75.67279853,Province of Ontario
chartwell riverpark retirement residence,Residential and long-term care,Ottawa,ON,45.34839464,-75.82177497,Province of Ontario
chartwell riverside retirement residence,Residential and long-term care,London,ON,42.98395718,-81.26866552,Province of Ontario
chartwell robert speck retirement residence,Residential and long-term care,Mississauga,ON,43.59758416,-79.63359016,Province of Ontario
chartwell rockcliffe retirement residence,Residential and long-term care,Ottawa,ON,45.43758816,-75.68149693,Province of Ontario
chartwell rogers cove retirement residence,Residential and long-term care,Huntsville,ON,45.33668128,-79.19980138,Province of Ontario
chartwell rosedale retirement residence,Residential and long-term care,Brockville,ON,44.60350062,-75.66223536,Province of Ontario
chartwell rouge valley retirement residence,Residential and long-term care,Markham,ON,43.89121033,-79.26722977,Province of Ontario
chartwell royal marquis retirement residence,Residential and long-term care,Windsor,ON,42.28011387,-83.0075218,Province of Ontario
chartwell royal oak long term care residence,Residential and long-term care,Kingsville,ON,42.0501946,-82.7375796,Province of Ontario
chartwell royal on gordon retirement residence,Residential and long-term care,Guelph,ON,43.50287752,-80.19348183,Province of Ontario
chartwell royalcliffe retirement residence,Residential and long-term care,London,ON,42.95257037,-81.26148042,Province of Ontario
chartwell scarlett heights retirement residence,Residential and long-term care,Toronto,ON,43.68288858,-79.52073923,Province of Ontario
chartwell southwind retirement residence,Residential and long-term care,Sudbury,ON,46.45963938,-81.00297678,Province of Ontario
chartwell st. clair beach retirement residence,Residential and long-term care,Windsor,ON,42.32599578,-82.86564416,Province of Ontario
chartwell stillwater creek retirement residence,Residential and long-term care,Ottawa,ON,45.32345073,-75.82748427,Province of Ontario
chartwell stonehaven retirement residence,Residential and long-term care,Ottawa,ON,45.29185263,-75.85586078,Province of Ontario
chartwell terrace on the square retirement residence,Residential and long-term care,Waterloo,ON,43.4609376,-80.52157873,Province of Ontario
chartwell thunder bay retirement residence,Residential and long-term care,Thunder Bay,ON,48.46526737,-89.20749116,Province of Ontario
chartwell tiffin retirement residence,Residential and long-term care,Midland,ON,44.7428346,-79.8554069,Province of Ontario
chartwell tranquility place retirement residence,Residential and long-term care,Brantford,ON,43.18565986,-80.27885003,Province of Ontario
chartwell trilogy long term care residence,Residential and long-term care,Toronto,ON,43.73848531,-79.23864245,Province of Ontario
chartwell valley vista retirement residence,Residential and long-term care,Vaughan,ON,43.85950242,-79.48212453,Province of Ontario
chartwell van horne retirement residence,Residential and long-term care,Smiths Falls,ON,44.88141425,-76.0128102,Province of Ontario
chartwell waterford long term care residence,Residential and long-term care,Oakville,ON,43.42715623,-79.76303438,Province of Ontario
chartwell waterford retirement residence,Residential and long-term care,Oakville,ON,43.42740353,-79.76329719,Province of Ontario
chartwell wedgewood retirement residence,Residential and long-term care,Brockville,ON,44.59067871,-75.68220626,Province of Ontario
chartwell wellington park retirement residence,Residential and long-term care,Guelph,ON,43.51693402,-80.24516065,Province of Ontario
chartwell wenleigh long term care residence,Residential and long-term care,Mississauga,ON,43.52485635,-79.65178876,Province of Ontario
chartwell westbury long term care residence,Residential and long-term care,Toronto,ON,43.64832328,-79.56767874,Province of Ontario
chartwell westmount long term care residence,Residential and long-term care,Kitchener,ON,43.40613299,-80.51775782,Province of Ontario
chartwell westmount on william retirement residence,Residential and long-term care,Sudbury,ON,46.50942279,-80.94676907,Province of Ontario
chartwell westmount retirement residence,Residential and long-term care,Kitchener,ON,43.40682679,-80.51801842,Province of Ontario
chartwell whispering pines retirement residence,Residential and long-term care,Barrie,ON,44.3914871,-79.71751146,Province of Ontario
chartwell white eagle long term care residence,Residential and long-term care,Toronto,ON,43.63717128,-79.4392265,Province of Ontario
chartwell willowdale retirement residence,Residential and long-term care,Smiths Falls,ON,44.88178075,-76.0181318,Province of Ontario
chartwell willowgrove long term care residence,Residential and long-term care,Hamilton,ON,43.23324649,-79.93527582,Province of Ontario
chartwell woodhaven long term care residence,Residential and long-term care,Markham,ON,43.88586653,-79.23093356,Province of Ontario
chartwell wynfield long term care residence,Residential and long-term care,Hampton,ON,43.94673256,-78.87267965,Province of Ontario
chartwell wynfield retirement residence,Residential and long-term care,Oshawa,ON,43.94642766,-78.87369675,Province of Ontario
chateau glengarry,Residential and long-term care,Alexandria,ON,45.31112498,-74.63167517,Province of Ontario
chateau park long term care home,Residential and long-term care,Windsor,ON,42.30747117,-83.07313582,Province of Ontario
chatham retirement resort,Residential and long-term care,Chatham-Kent,ON,42.39499053,-82.21070246,Province of Ontario
chatham-kent community health centres,Residential and long-term care,Windsor,ON,42.30600867,-83.005524,Province of Ontario
chatham-kent family health team,Clinics and ambulatory care,Chatham-Kent,ON,42.40658323,-82.19086776,Province of Ontario
chatham-kent health alliance,Hospitals,Chatham,ON,42.405071,-82.193665,Public Health Agency of Canada
chatham-kent health alliance - (css),Clinics and ambulatory care,Chatham-Kent,ON,42.40506643,-82.19364046,Province of Ontario
chatham-kent health alliance - chatham site,Hospitals,Chatham,ON,42.40588433,-82.19401776,Province of Ontario
chatham-kent health alliance - sydenham district hospital campus,Hospitals,Wallaceburg,ON,42.598468,-82.366871,Public Health Agency of Canada
chatham-kent health alliance - sydenham site,Hospitals,Wallaceburg,ON,42.59738676,-82.36690003,Province of Ontario
chatham-kent health unit,Clinics and ambulatory care,Chatham-Kent,ON,42.4038131,-82.2085925,Province of Ontario
chelsey park,Residential and long-term care,London,ON,42.98760838,-81.27670392,Province of Ontario
chelsey park retirement community,Residential and long-term care,London,ON,42.98779818,-81.27690042,Province of Ontario
cheltenham care community,Residential and long-term care,Toronto,ON,43.7818402,-79.44446061,Province of Ontario
cheshire homes (hastings-prince edward) inc.,Clinics and ambulatory care,Belleville,ON,44.15840816,-77.37946428,Province of Ontario
cheshire homes - peel cheshire homes inc. (brampton),Clinics and ambulatory care,Brampton,ON,43.69888777,-79.78024741,Province of Ontario
cheshire homes - peel cheshire homes inc. (streetsville),Clinics and ambulatory care,Mississauga,ON,43.57605736,-79.70511818,Province of Ontario
"cheshire homes of london, inc.",Clinics and ambulatory care,London,ON,42.99846998,-81.2152564,Province of Ontario
chester village,Residential and long-term care,Toronto,ON,43.6936488,-79.27484865,Province of Ontario
chez nous retirement residence,Residential and long-term care,Lakeshore,ON,42.30451789,-82.54951356,Province of Ontario
chiefs of ontario,Clinics and ambulatory care,Toronto,ON,43.65697389,-79.36050608,Province of Ontario
child and parent resource institute,Hospitals,London,ON,42.9673109,-81.3337064,Public Health Agency of Canada
children's centre thunder bay,Residential and long-term care,Thunder Bay,ON,48.42375406,-89.23147636,Province of Ontario
children's hospital of eastern ontario,Hospitals,Ottawa,ON,45.4007668,-75.652152,Province of Ontario
children's hospital of eastern ontario (cheo),Residential and long-term care,Ottawa,ON,45.35305824,-75.78762576,Province of Ontario
chinese family services of ontario,Residential and long-term care,Toronto,ON,43.80799722,-79.28979207,Province of Ontario
chippewas of georgina island first nations,Clinics and ambulatory care,Georgina,ON,42.604781,-81.60574,Province of Ontario
chippewas of kettle and stony point home support program,Clinics and ambulatory care,Lambton Shores,ON,43.17887838,-81.99593417,Province of Ontario
chippewas of nawash unceded first nation,Clinics and ambulatory care,Wiarton,ON,44.90715112,-81.02254923,Province of Ontario
chippewas of rama,Clinics and ambulatory care,Orillia,ON,44.64654896,-79.35164566,Province of Ontario
chippewas of saugeen (css),Clinics and ambulatory care,Southampton,ON,44.51468384,-81.34409219,Province of Ontario
chippewas of the thames band (css),Clinics and ambulatory care,Muncey,ON,42.82015534,-81.44030796,Province of Ontario
chirs,Clinics and ambulatory care,Toronto,ON,43.77882471,-79.42092451,Province of Ontario
"choices for change: alcohol, drug and gambling counselling centre",Residential and long-term care,Goderich,ON,43.74248749,-81.70993313,Province of Ontario
choices living retirement residence,Residential and long-term care,Hanover,ON,44.15403169,-81.02729035,Province of Ontario
christie gardens,Residential and long-term care,Toronto,ON,43.67304599,-79.4223122,Province of Ontario
christie oaks care home,Residential and long-term care,Acton,ON,43.62283575,-80.04369409,Province of Ontario
churchill place,Residential and long-term care,Oakville,ON,43.44942594,-79.66593136,Province of Ontario
cilt (centre for independent living in toronto) (df),Clinics and ambulatory care,Toronto,ON,43.67192409,-79.37797418,Province of Ontario
circle of home care services (toronto),Clinics and ambulatory care,Toronto,ON,43.7481786,-79.407177,Province of Ontario
cite parkway retirement residence,Residential and long-term care,Ottawa,ON,45.44484246,-75.63376962,Province of Ontario
city housing hamilton,Clinics and ambulatory care,Hamilton,ON,43.25702279,-79.87796231,Province of Ontario
city of hamilton,Residential and long-term care,Hamilton,ON,43.25355619,-79.8686684,Province of Ontario
city of kawartha lakes family health team,Clinics and ambulatory care,Kawartha Lakes,ON,44.35532244,-78.75488564,Province of Ontario
city of lakes family health team,Clinics and ambulatory care,Sudbury,ON,46.51756439,-80.98200638,Province of Ontario
city of mississauga -the next step to active living program,Clinics and ambulatory care,Mississauga,ON,43.542555,-79.684402,Province of Ontario
city of ottawa - adult day programs,Clinics and ambulatory care,Ottawa,ON,45.34567414,-75.76391455,Province of Ontario
city of toronto,Residential and long-term care,Toronto,ON,43.65654429,-79.37938038,Province of Ontario
city of toronto - long-term care homes & services - supportive housing,Clinics and ambulatory care,Toronto,ON,43.64609738,-79.38896939,Province of Ontario
city of toronto cummer lodge,Clinics and ambulatory care,Toronto,ON,43.64609738,-79.38896939,Province of Ontario
city view retirement community,Residential and long-term care,Ottawa,ON,45.34284694,-75.75549625,Province of Ontario
clair hills retirement community,Residential and long-term care,Waterloo,ON,43.4629158,-80.58129925,Province of Ontario
clarence-rockland fht,Clinics and ambulatory care,Clarence-Rockland,ON,45.54450839,-75.30124672,Province of Ontario
clarendon foundation (cheshire homes) inc.,Clinics and ambulatory care,Toronto,ON,43.703519,-79.35245538,Province of Ontario
clarion nursing home,Residential and long-term care,Hamilton,ON,43.22037979,-79.72817146,Province of Ontario
clinton family health team,Clinics and ambulatory care,Clinton,ON,43.62158548,-81.54194706,Province of Ontario
clinton public hospital,Hospitals,Clinton,ON,43.62139358,-81.54264646,Province of Ontario
closing the gap healthcare group inc.,Clinics and ambulatory care,Mississauga,ON,43.66542478,-79.59519885,Province of Ontario
cmha - waterloo wellington dufferin branch (css),Clinics and ambulatory care,Guelph,ON,43.53895392,-80.25186875,Province of Ontario
cmha durham,Clinics and ambulatory care,Oshawa,ON,43.89821385,-78.86653234,Province of Ontario
cmha york region,Clinics and ambulatory care,Newmarket,ON,44.05729695,-79.42756963,Province of Ontario
cnib,Clinics and ambulatory care,Toronto,ON,43.7179585,-79.37770879,Province of Ontario
cnib - hamilton,Clinics and ambulatory care,Hamilton,ON,43.23365099,-79.79279368,Province of Ontario
cnib - sudbury & manitoulin district,Clinics and ambulatory care,Sudbury,ON,46.47508828,-81.00634068,Province of Ontario
cnib - thunder bay & district,Clinics and ambulatory care,Thunder Bay,ON,48.43712077,-89.21925496,Province of Ontario
cnib - timmins & district branch,Clinics and ambulatory care,Timmins,ON,48.47744267,-81.32947753,Province of Ontario
cnib york branch,Clinics and ambulatory care,Barrie,ON,44.3813294,-79.70462585,Province of Ontario
cobble creek residence inc.,Residential and long-term care,Kitchener,ON,43.4909305,-80.48076562,Province of Ontario
cobblestone gardens retirement residence,Residential and long-term care,Thorold,ON,43.1255125,-79.19884428,Province of Ontario
cobourg retirement residence,Residential and long-term care,Cobourg,ON,43.96202309,-78.16625532,Province of Ontario
cochrane family health team,Clinics and ambulatory care,Cochrane,ON,49.06972337,-81.0205325,Province of Ontario
cochrane temiskaming resource centre,Clinics and ambulatory care,Timmins,ON,48.488455,-81.317921,Public Health Agency of Canada
coleman care centre,Residential and long-term care,Barrie,ON,44.4011191,-79.71536396,Province of Ontario
collingwood general & marine hospital,Clinics and ambulatory care,Collingwood,ON,44.49830249,-80.20249962,Province of Ontario
collingwood general and marine hospital,Hospitals,Collingwood,ON,44.499502,-80.203407,Public Health Agency of Canada
collingwood nursing home,Residential and long-term care,Collingwood,ON,44.48264419,-80.22895893,Province of Ontario
colonel by,Residential and long-term care,Ottawa,ON,45.39488455,-75.68678253,Province of Ontario
columbia forest,Residential and long-term care,Waterloo,ON,43.4649426,-80.59136415,Province of Ontario
"community & primary health care - lanark, leeds & grenville",Clinics and ambulatory care,Brockville,ON,44.60729181,-75.69309047,Province of Ontario
community addiction and mental health services of haldimand and norfolk,Residential and long-term care,Simcoe,ON,42.8343442,-80.31537241,Province of Ontario
community addiction services of niagara,Residential and long-term care,St Catharines,ON,43.159034,-79.2453008,Province of Ontario
community care city of kawartha lakes,Hospitals,Kawartha Lakes,ON,44.35293494,-78.73833674,Province of Ontario
"community care concepts of woolwich, wellesley and wilmot",Clinics and ambulatory care,Elmira,ON,43.55382081,-80.55436845,Province of Ontario
community care durham,Residential and long-term care,Whitby,ON,43.87165105,-78.91437355,Province of Ontario
community care for central hastings,Clinics and ambulatory care,Madoc,ON,44.50625122,-77.47498334,Province of Ontario
community care for south hastings inc.,Clinics and ambulatory care,Belleville,ON,44.16962,-77.353655,Province of Ontario
community care haliburton county,Clinics and ambulatory care,Haliburton,ON,45.0472037,-78.5085521,Province of Ontario
community care northumberland,Clinics and ambulatory care,Campbellford,ON,44.31344677,-77.78917393,Province of Ontario
community care peterborough,Clinics and ambulatory care,Peterborough,ON,44.30685175,-78.3061161,Province of Ontario
community counselling & addictions services,Clinics and ambulatory care,Sioux Lookout,ON,50.10598388,-91.92799068,Province of Ontario
community counselling centre of nipissing,Residential and long-term care,North Bay,ON,46.30725453,-79.46013696,Province of Ontario
community head injury resources services of toronto,Clinics and ambulatory care,Toronto,ON,43.77882471,-79.42092451,Province of Ontario
"community health services - canadian red cross, chatham-kent branch",Clinics and ambulatory care,Chatham-Kent,ON,42.40256903,-82.19808246,Province of Ontario
"community health services - canadian red cross, grey-bruce branch",Clinics and ambulatory care,Owen Sound,ON,44.57429817,-80.94626397,Province of Ontario
"community health services - canadian red cross, stratford-perth branch",Clinics and ambulatory care,Stratford,ON,43.37196946,-80.96039426,Province of Ontario
"community health services - canadian red cross, woodstock branch",Clinics and ambulatory care,Barrie,ON,44.3835427,-79.71089355,Province of Ontario
community home assistance to seniors (chats),Clinics and ambulatory care,Aurora,ON,43.98811134,-79.46177824,Province of Ontario
community home support - lanark county,Clinics and ambulatory care,Perth,ON,44.90587334,-76.26567728,Province of Ontario
community mental health & addictions,Clinics and ambulatory care,Hamilton,ON,43.24835429,-79.8712476,Province of Ontario
community mental health services (orillia soldiers memorial hospital,Clinics and ambulatory care,Orillia,ON,44.60486835,-79.42560388,Province of Ontario
community options program to employment (cope) - torchlight services,Clinics and ambulatory care,Guelph,ON,43.53781712,-80.25944745,Province of Ontario
community services for independence north west,Clinics and ambulatory care,Thunder Bay,ON,48.41941576,-89.25413207,Province of Ontario
community support centre of essex county,Clinics and ambulatory care,Lakeshore,ON,42.29329099,-82.706011,Province of Ontario
community support connections - meals on wheels and more,Clinics and ambulatory care,Breslau,ON,43.48506151,-80.4156287,Province of Ontario
community support services of niagara region,Clinics and ambulatory care,St. Catharines,ON,43.1448129,-79.2697296,Province of Ontario
conestoga lodge,Residential and long-term care,Kitchener,ON,43.43042349,-80.49063072,Province of Ontario
connexion family health team,Clinics and ambulatory care,Ottawa,ON,45.45294156,-75.5878435,Province of Ontario
constitution place,Residential and long-term care,Mississauga,ON,43.60446857,-79.59239015,Province of Ontario
consumer/survivor initiative of niagara,Residential and long-term care,St Catharines,ON,43.16570951,-79.23331029,Province of Ontario
conway opportunity homes,Clinics and ambulatory care,Hamilton,ON,43.25335049,-79.8459646,Province of Ontario
cooksville care centre,Residential and long-term care,Mississauga,ON,43.57334286,-79.60968605,Province of Ontario
copernicus lodge,Residential and long-term care,Toronto,ON,43.64020808,-79.447311,Province of Ontario
copper terrace,Residential and long-term care,Chatham-Kent,ON,42.39831463,-82.20038906,Province of Ontario
cornwall community hospital,Residential and long-term care,Alexandria,ON,45.29800098,-74.62656227,Province of Ontario
cornwall community hospital - mcconnell ave.,Hospitals,Cornwall,ON,45.029921,-74.718312,Public Health Agency of Canada
corporation of county of elgin,Clinics and ambulatory care,Saint Thomas,ON,42.73878874,-81.19297157,Province of Ontario
corporation of the city of cambridge,Clinics and ambulatory care,Cambridge,ON,43.36018659,-80.31241555,Province of Ontario
corporation of the city of guelph,Clinics and ambulatory care,Guelph,ON,43.54331113,-80.24842765,Province of Ontario
corporation of the city of kitchener,Clinics and ambulatory care,Kitchener,ON,43.4524915,-80.48968472,Province of Ontario
corporation of the city of london,Clinics and ambulatory care,London,ON,42.94410837,-81.2242039,Province of Ontario
corporation of the city of st. thomas - valleyview home,Clinics and ambulatory care,Saint Thomas,ON,42.80412155,-81.15985057,Province of Ontario
corporation of the city of thunder bay,Clinics and ambulatory care,Thunder Bay,ON,48.38205716,-89.24603366,Province of Ontario
corporation of the city of waterloo (the),Clinics and ambulatory care,Waterloo,ON,43.4633725,-80.52036303,Province of Ontario
corporation of the county of essex - victoria street manor/sun parlor home,Clinics and ambulatory care,Essex,ON,42.16099956,-82.82474203,Province of Ontario
corporation of the county of perth,Clinics and ambulatory care,Stratford,ON,43.37149536,-80.98497737,Province of Ontario
corporation of the town of halton hills (the),Clinics and ambulatory care,Halton Hills,ON,43.63825356,-79.93112266,Province of Ontario
corporation of the town of st. marys - home support services,Clinics and ambulatory care,Saint Marys,ON,43.25156843,-81.1333145,Province of Ontario
corporation of the township of schreiber,Clinics and ambulatory care,Schreiber,ON,48.80763085,-87.2661107,Province of Ontario
corporation of the township of st. joseph,Clinics and ambulatory care,Richards Landing,ON,46.28610668,-84.03357593,Province of Ontario
cosmetic surgery hospital,Hospitals,Woodbridge,ON,43.7833018,-79.578003,Public Health Agency of Canada
costi immigrant services,Residential and long-term care,Toronto,ON,43.67885409,-79.44368851,Province of Ontario
cota health,Residential and long-term care,Toronto,ON,43.66516559,-79.37364258,Province of Ontario
cota health (toronto central lhin),Clinics and ambulatory care,Toronto,ON,43.65746389,-79.35716348,Province of Ontario
cottage country family health team,Clinics and ambulatory care,Bracebridge,ON,45.04606513,-79.31547339,Province of Ontario
couchiching family health team,Clinics and ambulatory care,Orillia,ON,44.60087235,-79.42736958,Province of Ontario
couchiching first nation (css),Clinics and ambulatory care,Fort Frances,ON,48.63423629,-93.35993155,Province of Ontario
council for london seniors,Clinics and ambulatory care,London,ON,42.98258488,-81.26139442,Province of Ontario
counselling centre of east algoma,Residential and long-term care,Blind River,ON,46.18248063,-82.93519797,Province of Ontario
country estates retirement home,Residential and long-term care,Kawartha Lakes,ON,44.37744874,-78.76719105,Province of Ontario
country haven retirement home,Residential and long-term care,Beachburg,ON,45.71888166,-76.85439195,Province of Ontario
country home care services ltd.,Residential and long-term care,Whitchurch-Stouffville,ON,43.98184135,-79.22502166,Province of Ontario
country lane long term care residence,Residential and long-term care,Chatsworth,ON,44.4657069,-80.9030782,Province of Ontario
country manor retirement home,Residential and long-term care,Lambton Shores,ON,43.16243938,-81.85244972,Province of Ontario
country meadows retirement residence,Residential and long-term care,Brunner,ON,43.52179349,-80.91997886,Province of Ontario
country moments retirement home,Residential and long-term care,Huntsville,ON,45.31887878,-79.24437549,Province of Ontario
country roads community health centre,Hospitals,Portland,ON,44.69431581,-76.19447194,Province of Ontario
country terrace,Residential and long-term care,Komoka,ON,42.95867137,-81.43757387,Province of Ontario
country view care,Residential and long-term care,Godfrey,ON,44.59712177,-76.68879979,Province of Ontario
country view lodge,Residential and long-term care,Pakenham,ON,45.34114702,-76.28200362,Province of Ontario
country village homes - woodslee,Residential and long-term care,South Woodslee,ON,42.1724111,-82.7212974,Province of Ontario
countryview retirement residence,Residential and long-term care,Listowel,ON,43.6997553,-80.872622,Province of Ontario
county of renfrew - (adult day service),Clinics and ambulatory care,Pembroke,ON,45.7995814,-77.1188035,Province of Ontario
craigholme,Residential and long-term care,Ailsa Craig,ON,43.14535469,-81.53006982,Province of Ontario
craiglee nursing home,Residential and long-term care,Toronto,ON,43.706865,-79.25329325,Province of Ontario
craigwiel gardens - css,Clinics and ambulatory care,Ailsa Craig,ON,43.14535469,-81.53006982,Province of Ontario
credit river retirement residence,Residential and long-term care,Mississauga,ON,43.58094516,-79.71729218,Province of Ontario
credit valley family health team,Clinics and ambulatory care,Mississauga,ON,43.55907115,-79.70554618,Province of Ontario
credit valley hospital,Hospitals,Mississauga,ON,43.5593496,-79.7032464,Public Health Agency of Canada
creedan valley care community,Residential and long-term care,Creemore,ON,44.32664057,-80.09982767,Province of Ontario
creek way village,Residential and long-term care,Burlington,ON,43.39302822,-79.77985319,Province of Ontario
crescent hill place retirement,Residential and long-term care,Brampton,ON,43.72163358,-79.7364305,Province of Ontario
crescent park lodge,Residential and long-term care,Fort Erie,ON,42.91044887,-78.92320857,Province of Ontario
crest support services,Residential and long-term care,Lucan,ON,43.1547019,-81.39943458,Province of Ontario
cross toronto community development corporation,Residential and long-term care,Toronto,ON,43.66546488,-79.48166312,Province of Ontario
crossroads centre inc.,Residential and long-term care,Thunder Bay,ON,48.42902176,-89.24535107,Province of Ontario
crosstown family health team (formerly west park),Clinics and ambulatory care,Toronto,ON,43.68896429,-79.49550922,Province of Ontario
crown ridge place,Residential and long-term care,Quinte West,ON,44.10639945,-77.56149694,Province of Ontario
csc de kapuskasing et région (css),Hospitals,Kapuskasing,ON,49.41487164,-82.41931451,Province of Ontario
cumberland lodge,Residential and long-term care,Ottawa,ON,45.51561708,-75.40637035,Province of Ontario
cummer lodge,Residential and long-term care,Toronto,ON,43.78816171,-79.4075617,Province of Ontario
curve lake,Clinics and ambulatory care,Curve Lake,ON,44.46244057,-78.37487623,Province of Ontario
dale brain injury services inc.,Clinics and ambulatory care,London,ON,42.99846998,-81.2152564,Province of Ontario
dave smith youth treatment centre / centre de traitement pour jeunes dave smith,Residential and long-term care,Ottawa,ON,45.27423822,-75.96233511,Province of Ontario
davenhill senior living,Residential and long-term care,Toronto,ON,43.67423139,-79.38791859,Province of Ontario
davenport perth neighbourhood centre,Hospitals,Toronto,ON,43.67068498,-79.45483721,Province of Ontario
davenport-perth neighbourhood & community health centre - css,Clinics and ambulatory care,Toronto,ON,43.67068498,-79.45483721,Province of Ontario
dayspring residence,Residential and long-term care,Tillsonburg,ON,42.923935,-80.765673,Province of Ontario
de dwa da dehs nye aboriginal health access centre,Residential and long-term care,Brantford,ON,43.13997205,-80.26754162,Province of Ontario
de dwa da dehs nye's aboriginal health centre,Clinics and ambulatory care,Hamilton,ON,43.24835649,-79.84311419,Province of Ontario
de dwa da dehs nye's aboriginal health centre - css,Clinics and ambulatory care,Hamilton,ON,43.24835649,-79.84311419,Province of Ontario
deaf access simcoe,Clinics and ambulatory care,Barrie,ON,44.3813294,-79.70462585,Province of Ontario
dearness home for senior citizens,Residential and long-term care,London,ON,42.94410837,-81.2242039,Province of Ontario
deep river and district hospital,Hospitals,Deep River,ON,46.0908667,-77.4750037,Public Health Agency of Canada
deer park villa,Residential and long-term care,Grimsby,ON,43.1895365,-79.54142639,Province of Ontario
deerwood creek care community,Residential and long-term care,Toronto,ON,43.73160489,-79.61744587,Province of Ontario
delaware nation (moravian of the thames) (css),Clinics and ambulatory care,Thamesville,ON,42.56381627,-81.87570007,Province of Ontario
delhi fht,Clinics and ambulatory care,Delhi,ON,42.85626649,-80.49705007,Province of Ontario
delhi long term care centre,Residential and long-term care,Delhi,ON,42.8420406,-80.4905752,Province of Ontario
delmanor elgin mills,Residential and long-term care,Richmond Hill,ON,43.89114592,-79.43936142,Province of Ontario
delmanor glen abbey,Residential and long-term care,Oakville,ON,43.44530143,-79.73083328,Province of Ontario
delmanor northtown,Residential and long-term care,Toronto,ON,43.77540511,-79.4141526,Province of Ontario
delmanor prince edward,Residential and long-term care,Toronto,ON,43.66125518,-79.51006583,Province of Ontario
delmanor wynford,Residential and long-term care,Toronto,ON,43.7246323,-79.32618287,Province of Ontario
delrose retirement residence,Residential and long-term care,Delhi,ON,42.84253499,-80.49026886,Province of Ontario
dementia alliance,Clinics and ambulatory care,Simcoe,ON,42.8513806,-80.30845961,Province of Ontario
dementia society of ottawa and renfrew county,Clinics and ambulatory care,Ottawa,ON,45.40374035,-75.63671562,Province of Ontario
derbecker's heritage house,Residential and long-term care,Saint Jacobs,ON,43.54089651,-80.54914374,Province of Ontario
devonshire retirement residence,Residential and long-term care,Windsor,ON,42.31615767,-83.05106551,Province of Ontario
dilico anishinabek family care,Clinics and ambulatory care,Fort William First Nation,ON,48.35423355,-89.26127296,Province of Ontario
dilico ojibway child and family services,Clinics and ambulatory care,Fort William First Nation,ON,48.35423355,-89.26127296,Province of Ontario
dixie bloor neighbourhood drop-in centre,Clinics and ambulatory care,Mississauga,ON,43.62129377,-79.60303445,Province of Ontario
dixon hall,Clinics and ambulatory care,Toronto,ON,43.65624799,-79.35890658,Province of Ontario
do not use - inactive,Clinics and ambulatory care,Thunder Bay,ON,48.41941576,-89.25413207,Province of Ontario
dokis first nation,Clinics and ambulatory care,Dokis,ON,46.129579,-80.032406,Province of Ontario
dolce vita retirement living,Residential and long-term care,Windsor,ON,42.31336527,-83.0216454,Province of Ontario
dom lipa,Residential and long-term care,Toronto,ON,43.62949697,-79.56513824,Province of Ontario
domestic abuse services oxford,Residential and long-term care,Woodstock,ON,43.13282023,-80.73030776,Province of Ontario
don mills fht,Clinics and ambulatory care,Toronto,ON,43.7286232,-79.34204848,Province of Ontario
don mills surgical unit,Hospitals,North York,ON,43.7236162,-79.33617748,Province of Ontario
donway place,Residential and long-term care,Toronto,ON,43.734248,-79.34066228,Province of Ontario
doon village retirement residence,Residential and long-term care,Kitchener,ON,43.39183449,-80.4390437,Province of Ontario
dorchester terrace retirement residence,Residential and long-term care,Dorchester,ON,42.98070929,-81.05340845,Province of Ontario
dorothy ley hospice,Clinics and ambulatory care,Toronto,ON,43.60806727,-79.55990744,Province of Ontario
dorval medical associates family health team,Clinics and ambulatory care,Oakville,ON,43.44193983,-79.69414926,Province of Ontario
douglas crossing retirement community,Residential and long-term care,Uxbridge,ON,44.09139007,-79.13045064,Province of Ontario
douglas h. rapelje lodge,Residential and long-term care,Welland,ON,42.97774267,-79.24618498,Province of Ontario
dover cliffs,Residential and long-term care,Port Dover,ON,42.78788949,-80.20786437,Province of Ontario
dowling rest home,Residential and long-term care,Toronto,ON,43.63691448,-79.4389914,Province of Ontario
downsview long term care centre,Residential and long-term care,Toronto,ON,43.7511842,-79.48559573,Province of Ontario
dr. bob kemp hospice,Clinics and ambulatory care,Hamilton,ON,43.20834778,-79.8768475,Province of Ontario
dre's lodge inc.,Residential and long-term care,Sunderland,ON,44.26304971,-79.06649504,Province of Ontario
dryden aboriginal women's resource centre,Clinics and ambulatory care,Dryden,ON,49.784441,-92.840194,Province of Ontario
dryden regional health centre,Hospitals,Dryden,ON,49.76956,-92.838641,Public Health Agency of Canada
dryden regional health centre - css,Clinics and ambulatory care,Dryden,ON,49.76956867,-92.8386484,Province of Ontario
dufferin area family health team,Clinics and ambulatory care,Orangeville,ON,43.9212788,-80.09932514,Province of Ontario
dufferin county community support services,Clinics and ambulatory care,Shelburne,ON,44.07608582,-80.19971428,Province of Ontario
dufferin oaks,Residential and long-term care,Shelburne,ON,44.07675832,-80.20035498,Province of Ontario
"dunara homes for recovery, inc.",Residential and long-term care,Guelph,ON,43.53418102,-80.23594704,Province of Ontario
dundas community services,Clinics and ambulatory care,Hamilton,ON,43.26586919,-79.95406853,Province of Ontario
dundas county hospice,Clinics and ambulatory care,Williamsburg,ON,44.9726845,-75.24174085,Province of Ontario
dundas manor nursing home,Residential and long-term care,Winchester,ON,45.08860351,-75.3555682,Province of Ontario
dundas retirement place,Residential and long-term care,Hamilton,ON,43.26507159,-79.95304373,Province of Ontario
dundurn place care centre,Residential and long-term care,Hamilton,ON,43.25642639,-79.8639432,Province of Ontario
durham community health centre,Hospitals,Oshawa,ON,43.86928605,-78.84479043,Province of Ontario
durham hospice,Clinics and ambulatory care,Whitby,ON,43.88801015,-78.91036165,Province of Ontario
durham mental health services,Residential and long-term care,Whitby,ON,43.88199115,-78.91455045,Province of Ontario
durham region health department,Clinics and ambulatory care,Whitby,ON,43.89862715,-78.94031826,Province of Ontario
e. j. mcquigge lodge,Residential and long-term care,Belleville,ON,44.19803357,-77.39029009,Province of Ontario
eagle terrace,Residential and long-term care,Newmarket,ON,44.04894845,-79.46340434,Province of Ontario
ear falls community health centre incorporated,Clinics and ambulatory care,Ear Falls,ON,50.63824344,-93.23724339,Province of Ontario
earls court village,Residential and long-term care,London,ON,43.02686099,-81.21868721,Province of Ontario
east end community health centre,Hospitals,Toronto,ON,43.66630519,-79.31630836,Province of Ontario
east gta family health team,Clinics and ambulatory care,Toronto,ON,43.76296761,-79.29523607,Province of Ontario
east wellington community services inc.,Clinics and ambulatory care,Erin,ON,43.76862927,-80.06141961,Province of Ontario
east wellington fht,Clinics and ambulatory care,Erin,ON,43.78179447,-80.07795862,Province of Ontario
east york meals on wheels,Clinics and ambulatory care,Toronto,ON,43.7065469,-79.35157538,Province of Ontario
east york mental health counselling services agency,Residential and long-term care,Toronto,ON,43.68158869,-79.33065757,Province of Ontario
eastern ontario health unit,Clinics and ambulatory care,Cornwall,ON,45.02917463,-74.73640869,Province of Ontario
eastern ottawa community fht / équipe de santé familiale communautaire de l'est,Clinics and ambulatory care,Ottawa,ON,45.48022467,-75.50899988,Province of Ontario
eastern ottawa resource centre,Clinics and ambulatory care,Ottawa,ON,45.4726308,-75.4956947,Province of Ontario
eastholme home for the aged,Residential and long-term care,Powassan,ON,46.0786957,-79.3588835,Province of Ontario
"eastholme, distric of parry sound (east) home for the aged - css",Clinics and ambulatory care,Powassan,ON,46.0786957,-79.3588835,Province of Ontario
"eastholme, district of parry sound (east) home for the aged",Clinics and ambulatory care,Powassan,ON,46.0786957,-79.3588835,Province of Ontario
eastview neighbourhood community centre,Clinics and ambulatory care,Toronto,ON,43.67506329,-79.33978307,Province of Ontario
eatonville care centre,Residential and long-term care,Toronto,ON,43.64760318,-79.56046144,Province of Ontario
eden community homes,Residential and long-term care,Toronto,ON,43.65637419,-79.39509179,Province of Ontario
eden house nursing home,Residential and long-term care,Guelph,ON,43.58078794,-80.16785633,Province of Ontario
eden house retirement home,Residential and long-term care,Guelph,ON,43.58078794,-80.16785633,Province of Ontario
eden place retirement home,Residential and long-term care,Belleville,ON,44.16443676,-77.38830509,Province of Ontario
eden villa retirement & assisted living,Residential and long-term care,Chatham-Kent,ON,42.41149633,-82.17726115,Province of Ontario
edgewater gardens long term care centre,Residential and long-term care,Dunnville,ON,42.90614674,-79.625957,Province of Ontario
eganville & district senior citizens' needs association,Clinics and ambulatory care,Eganville,ON,45.53196021,-77.09591361,Province of Ontario
ehatare nursing home,Residential and long-term care,Toronto,ON,43.77551412,-79.18320493,Province of Ontario
ehatare retirement home,Residential and long-term care,Toronto,ON,43.77551412,-79.18320493,Province of Ontario
elder care retirement home,Residential and long-term care,Edward,ON,43.98629914,-77.23025702,Province of Ontario
elgin abbey lodge,Residential and long-term care,Chesley,ON,44.31058562,-81.09967099,Province of Ontario
elgin abbey nursing home,Residential and long-term care,Chesley,ON,44.31058562,-81.09967099,Province of Ontario
elgin manor,Residential and long-term care,Saint Thomas,ON,42.76901044,-81.23754879,Province of Ontario
elginwood,Residential and long-term care,Richmond Hill,ON,43.90172983,-79.44169122,Province of Ontario
elim springs retirement residence,Residential and long-term care,Toronto,ON,43.64126548,-79.53888573,Province of Ontario
elizabeth centre,Residential and long-term care,Sudbury,ON,46.6119611,-81.02674901,Province of Ontario
elliot lake family health team,Clinics and ambulatory care,Elliot Lake,ON,46.38582667,-82.64942541,Province of Ontario
elliot lake palliative care,Clinics and ambulatory care,Elliot Lake,ON,46.38484207,-82.66092821,Province of Ontario
elm grove living centre,Residential and long-term care,Toronto,ON,43.64031588,-79.4307008,Province of Ontario
elmwood place,Residential and long-term care,London,ON,42.96948268,-81.26521352,Province of Ontario
embassy west senior living,Residential and long-term care,Ottawa,ON,45.38364335,-75.73827195,Province of Ontario
emerald retirement residence,Residential and long-term care,Niagara Falls,ON,43.0900705,-79.09116624,Province of Ontario
emery-keelesdale,Clinics and ambulatory care,Toronto,ON,43.69098659,-79.47236762,Province of Ontario
emo health centre,Hospitals,Emo,ON,48.631491,-93.842073,Public Health Agency of Canada
empathy house of recovery,Residential and long-term care,Ottawa,ON,45.40108045,-75.67543973,Province of Ontario
empire crossing retirement community,Residential and long-term care,Port Hope,ON,43.96081849,-78.27960676,Province of Ontario
empire living centre,Residential and long-term care,North Bay,ON,46.31255503,-79.46375766,Province of Ontario
empress gardens retirement residence,Residential and long-term care,Peterborough,ON,44.30332275,-78.3192937,Province of Ontario
enaahtig healing lodge and learning centre,Residential and long-term care,Orillia,ON,44.61868065,-79.42805209,Province of Ontario
englehart and district family health team,Clinics and ambulatory care,Englehart,ON,47.82268675,-79.87926567,Province of Ontario
englehart and district hospital inc.,Hospitals,Englehart,ON,47.823199,-79.879574,Public Health Agency of Canada
equipe de sante familiale academique montfort,Clinics and ambulatory care,Ottawa,ON,45.44476036,-75.63723032,Province of Ontario
erie shores healthcare,Hospitals,Leamington,ON,42.048353,-82.614791,Province of Ontario
erie st. clair lhin-home care,Clinics and ambulatory care,Chatham-Kent,ON,42.38576803,-82.20489826,Province of Ontario
erie st. clair local health integration network,Clinics and ambulatory care,Chatham-Kent,ON,42.39253523,-82.20998046,Province of Ontario
erie st. clair local health integration network (lhin op),Clinics and ambulatory care,Chatham-Kent,ON,42.39253523,-82.20998046,Province of Ontario
erin mills lodge nursing home,Residential and long-term care,Mississauga,ON,43.53474615,-79.66736096,Province of Ontario
errinrung long term care home,Residential and long-term care,The Blue Mountains,ON,44.55940799,-80.45518861,Province of Ontario
errinrung retirement community,Residential and long-term care,The Blue Mountains,ON,44.55940799,-80.45518861,Province of Ontario
espanola & area family health team,Clinics and ambulatory care,Espanola,ON,46.2500864,-81.78323771,Province of Ontario
espanola general hospital,Hospitals,Espanola,ON,46.248452,-81.780832,Public Health Agency of Canada
espanola general hospital (operating as espanola nursing home-eldcap),Residential and long-term care,Espanola,ON,46.2482946,-81.78317101,Province of Ontario
espanola general hospital (operating as espanola nursing home-ltc),Residential and long-term care,Espanola,ON,46.2484521,-81.7808318,Province of Ontario
essex community services,Clinics and ambulatory care,Essex,ON,42.17463046,-82.82524143,Province of Ontario
essex county,Clinics and ambulatory care,Essex,ON,42.17463046,-82.82524143,Province of Ontario
essex retirees social club,Clinics and ambulatory care,Essex,ON,42.17301396,-82.82365463,Province of Ontario
estherville manor,Residential and long-term care,Brampton,ON,43.69601307,-79.79769042,Province of Ontario
etobicoke medical centre family health team,Clinics and ambulatory care,Toronto,ON,43.64655638,-79.56056694,Province of Ontario
etobicoke service for seniors,Clinics and ambulatory care,Toronto,ON,43.69710409,-79.52690243,Province of Ontario
etobicoke service for seniors (toronto central lhin),Clinics and ambulatory care,Toronto,ON,43.69710409,-79.52690243,Province of Ontario
evans house,Residential and long-term care,Toronto,ON,43.62017967,-79.50327902,Province of Ontario
evergreen retirement residence,Residential and long-term care,Mississauga,ON,43.59259706,-79.67056277,Province of Ontario
exeter villa,Residential and long-term care,Exeter,ON,43.34653763,-81.47441712,Province of Ontario
extendicare bayview,Residential and long-term care,Toronto,ON,43.79341251,-79.3906724,Province of Ontario
extendicare brampton,Residential and long-term care,Brampton,ON,43.65536347,-79.7356338,Province of Ontario
extendicare cobourg,Residential and long-term care,Cobourg,ON,43.9837753,-78.17209322,Province of Ontario
extendicare falconbridge,Residential and long-term care,Sudbury,ON,46.50713379,-80.93753367,Province of Ontario
extendicare guildwood,Residential and long-term care,Toronto,ON,43.74686311,-79.20313123,Province of Ontario
extendicare haliburton,Residential and long-term care,Haliburton,ON,45.051712,-78.502471,Province of Ontario
extendicare halton hills,Residential and long-term care,Halton Hills,ON,43.64922616,-79.94812796,Province of Ontario
extendicare hamilton,Residential and long-term care,Hamilton,ON,43.23730029,-79.92136612,Province of Ontario
extendicare kapuskasing,Residential and long-term care,Kapuskasing,ON,49.41769224,-82.41017831,Province of Ontario
extendicare kawartha lakes,Residential and long-term care,Kawartha Lakes,ON,44.36383334,-78.72369584,Province of Ontario
extendicare kingston,Residential and long-term care,Kingston,ON,44.23934601,-76.53531092,Province of Ontario
extendicare kirkland lake,Residential and long-term care,Kirkland Lake,ON,48.15597609,-80.02268375,Province of Ontario
extendicare lakefield,Residential and long-term care,Harcourt,ON,44.42419477,-78.2815351,Province of Ontario
extendicare laurier manor,Residential and long-term care,Ottawa,ON,45.44640676,-75.61084101,Province of Ontario
extendicare london,Residential and long-term care,London,ON,43.00042548,-81.24860602,Province of Ontario
extendicare maple view of sault ste. marie,Residential and long-term care,Sault Ste Marie,ON,46.5350635,-84.30335325,Province of Ontario
extendicare medex,Residential and long-term care,Ottawa,ON,45.35435184,-75.75821985,Province of Ontario
extendicare mississauga,Residential and long-term care,Mississauga,ON,43.63238897,-79.72791359,Province of Ontario
extendicare new orchard lodge,Residential and long-term care,Ottawa,ON,45.37526254,-75.77907516,Province of Ontario
extendicare oshawa,Residential and long-term care,Oshawa,ON,43.89733765,-78.87514724,Province of Ontario
extendicare peterborough,Residential and long-term care,Peterborough,ON,44.29856245,-78.34564511,Province of Ontario
extendicare port hope,Residential and long-term care,Port Hope,ON,43.96724219,-78.28414406,Province of Ontario
extendicare port stanley,Residential and long-term care,Port Stanley,ON,42.67066023,-81.20881357,Province of Ontario
extendicare rouge valley,Residential and long-term care,Toronto,ON,43.80332132,-79.18867764,Province of Ontario
extendicare scarborough,Residential and long-term care,Toronto,ON,43.76375641,-79.21012454,Province of Ontario
extendicare southwood lakes,Residential and long-term care,Windsor,ON,42.24130106,-82.97743668,Province of Ontario
extendicare st. catharines,Residential and long-term care,St Catharines,ON,43.1300249,-79.2583408,Province of Ontario
extendicare starwood,Residential and long-term care,Ottawa,ON,45.35366004,-75.75058715,Province of Ontario
extendicare tecumseh,Residential and long-term care,Tecumseh,ON,42.28214117,-82.88283156,Province of Ontario
extendicare timmins,Residential and long-term care,Timmins,ON,48.47746467,-81.37922804,Province of Ontario
extendicare tri-town,Residential and long-term care,Temiskaming Shores,ON,47.4407208,-79.63014404,Province of Ontario
extendicare van daele,Residential and long-term care,Sault Ste Marie,ON,46.5295084,-84.32443156,Province of Ontario
extendicare west end villa,Residential and long-term care,Ottawa,ON,45.35438354,-75.77592346,Province of Ontario
extendicare york,Residential and long-term care,Sudbury,ON,46.47514368,-81.00771419,Province of Ontario
f. j. davey home,Residential and long-term care,Sault Ste Marie,ON,46.5521221,-84.3119845,Province of Ontario
fairfield manor retirement residence,Residential and long-term care,Ottawa,ON,45.30090253,-75.88533859,Province of Ontario
fairfield park,Residential and long-term care,Chatham-Kent,ON,42.59425785,-82.41318124,Province of Ontario
fairfield residence,Residential and long-term care,Toronto,ON,43.59791447,-79.52347352,Province of Ontario
fairhaven,Residential and long-term care,Peterborough,ON,44.32761635,-78.3181676,Province of Ontario
fairmount home for the aged,Residential and long-term care,Kingston,ON,44.31346333,-76.4650418,Province of Ontario
fairvern nursing home,Residential and long-term care,Huntsville,ON,45.32656618,-79.21252868,Province of Ontario
fairview lodge,Residential and long-term care,Whitby,ON,43.87912064,-78.95110927,Province of Ontario
fairview lodge (the regional municipality of durham),Clinics and ambulatory care,Whitby,ON,43.89862715,-78.94031826,Province of Ontario
fairview manor,Residential and long-term care,Mississippi Mills,ON,45.2287855,-76.18998128,Province of Ontario
fairview mennonite home,Residential and long-term care,Cambridge,ON,43.3985564,-80.34314607,Province of Ontario
fairview nursing home,Residential and long-term care,Toronto,ON,43.64812078,-79.4285026,Province of Ontario
fairview suites retirement home,Residential and long-term care,Cambridge,ON,43.3987288,-80.34534257,Province of Ontario
faith manor nursing home,Residential and long-term care,Brampton,ON,43.65401717,-79.7413989,Province of Ontario
faith place,Clinics and ambulatory care,Oshawa,ON,43.89998245,-78.86653234,Province of Ontario
family association for mental health everywhere (fame),Residential and long-term care,Brampton,ON,43.65860057,-79.72630969,Province of Ontario
family counselling and support services for guelph-wellington,Residential and long-term care,Guelph,ON,43.54428713,-80.24364695,Province of Ontario
family counselling centre,Clinics and ambulatory care,Sarnia,ON,42.97647492,-82.34127865,Province of Ontario
family counselling service volunteers & information,Clinics and ambulatory care,Peterborough,ON,44.31021695,-78.3203794,Province of Ontario
family first fht,Clinics and ambulatory care,Ottawa,ON,45.45712527,-75.49522137,Province of Ontario
family service kent,Clinics and ambulatory care,Chatham-Kent,ON,42.40436573,-82.17965245,Province of Ontario
family service thames valley,Residential and long-term care,London,ON,42.98807948,-81.26880582,Province of Ontario
family service toronto,Residential and long-term care,Toronto,ON,43.66039509,-79.37858618,Province of Ontario
family services perth-huron,Clinics and ambulatory care,Stratford,ON,43.36884386,-80.98016086,Province of Ontario
family services windsor-essex,Clinics and ambulatory care,Windsor,ON,42.30016487,-83.0098548,Province of Ontario
family services à la famille ottawa,Residential and long-term care,Ottawa,ON,45.40313215,-75.73068205,Province of Ontario
family transition place,Residential and long-term care,Orangeville,ON,43.9273918,-80.10041594,Province of Ontario
fenelon court,Residential and long-term care,Kawartha Lakes,ON,44.52846487,-78.73121905,Province of Ontario
fergus place,Residential and long-term care,Kitchener,ON,43.4358399,-80.4396966,Province of Ontario
fiddick's nursing home,Residential and long-term care,Petrolia,ON,42.877897,-82.135951,Province of Ontario
fiddick's retirement home,Residential and long-term care,Petrolia,ON,42.87782842,-82.13527668,Province of Ontario
fieldstone commons care community,Residential and long-term care,Toronto,ON,43.76728591,-79.27793126,Province of Ontario
fife house,Residential and long-term care,Toronto,ON,43.66765829,-79.37508638,Province of Ontario
fife house foundation,Clinics and ambulatory care,Toronto,ON,43.66765829,-79.37508638,Province of Ontario
finlandia hoivakoti nursing home,Residential and long-term care,Sudbury,ON,46.48424888,-80.92711026,Province of Ontario
finlandia village,Clinics and ambulatory care,Sudbury,ON,46.48424888,-80.92711026,Province of Ontario
first place hamilton,Residential and long-term care,Hamilton,ON,43.25314089,-79.8584936,Province of Ontario
flemingdon health centre,Hospitals,Toronto,ON,43.70983,-79.33261657,Province of Ontario
flying post first nation,Clinics and ambulatory care,Nipigon,ON,49.010889,-88.263254,Province of Ontario
forest heights,Residential and long-term care,Kitchener,ON,43.42864339,-80.52997973,Province of Ontario
forest hill,Residential and long-term care,Ottawa,ON,45.31439133,-75.9096673,Province of Ontario
forest hill place,Residential and long-term care,Toronto,ON,43.70622009,-79.4252491,Province of Ontario
forest valley terrace by symphony,Residential and long-term care,Ottawa,ON,45.45881737,-75.5586327,Province of Ontario
fort erie meals on wheels,Clinics and ambulatory care,Fort Erie,ON,42.91973368,-78.91242847,Province of Ontario
fort frances community clinic inc.,Clinics and ambulatory care,Fort Frances,ON,48.60819408,-93.39290826,Province of Ontario
fort frances tribal area health services inc.,Residential and long-term care,Fort Frances,ON,48.62753689,-93.36073115,Province of Ontario
fort william family health team inc.,Clinics and ambulatory care,Thunder Bay,ON,48.42360286,-89.27392277,Province of Ontario
fort william first nation,Clinics and ambulatory care,Fort William First Nation,ON,48.35463545,-89.26200206,Province of Ontario
forum italia community services - micba,Clinics and ambulatory care,Mississauga,ON,43.61192657,-79.65063147,Province of Ontario
fosterbrooke,Residential and long-term care,Toronto,ON,43.64665448,-79.39003029,Province of Ontario
fountain view care community,Residential and long-term care,Toronto,ON,43.7205599,-79.30496586,Province of Ontario
four counties addiction services team inc.,Residential and long-term care,Peterborough,ON,44.30605755,-78.3192866,Province of Ontario
four counties brain injury association,Clinics and ambulatory care,Peterborough,ON,44.30357875,-78.3203241,Province of Ontario
four counties health services,Clinics and ambulatory care,Newbury,ON,42.6834332,-81.78922696,Province of Ontario
four counties health services corporation,Hospitals,Newbury,ON,42.683425,-81.789223,Public Health Agency of Canada
four elms retirement residence,Residential and long-term care,Vaughan,ON,43.7877523,-79.46946902,Province of Ontario
fox ridge care community,Residential and long-term care,Brantford,ON,43.15692506,-80.25558282,Province of Ontario
fox run retirement home inc.,Residential and long-term care,Erin,ON,43.75346767,-80.08819742,Province of Ontario
fox run retirement residence,Residential and long-term care,Gananoque,ON,44.33732175,-76.12701389,Province of Ontario
foyer des pionniers,Residential and long-term care,Hearst,ON,49.6848447,-83.67961927,Province of Ontario
foyer richelieu welland,Residential and long-term care,Welland,ON,42.99062027,-79.22461408,Province of Ontario
foyer st-viateur nursing home,Residential and long-term care,Limoges,ON,45.29369315,-75.22846107,Province of Ontario
franklin gardens long term care home,Residential and long-term care,Leamington,ON,42.03083044,-82.59816325,Province of Ontario
fraser house retirement home,Residential and long-term care,Edward,ON,44.01223925,-77.14248949,Province of Ontario
fred victor centre,Residential and long-term care,Toronto,ON,43.66070949,-79.38355728,Province of Ontario
french river nurse practitioner-led clinic,Clinics and ambulatory care,French River,ON,46.10621734,-80.62617992,Province of Ontario
friendly manor nursing home,Residential and long-term care,Greater Napanee,ON,44.2012069,-77.0375329,Province of Ontario
friends & advocates peel,Residential and long-term care,Brampton,ON,43.69622638,-79.7472506,Province of Ontario
friuli terrace (friuli benevolent corp / friuli),Clinics and ambulatory care,Vaughan,ON,43.76625,-79.57303415,Province of Ontario
frost manor,Residential and long-term care,Kawartha Lakes,ON,44.342364,-78.747889,Province of Ontario
fudger house,Residential and long-term care,Toronto,ON,43.66633069,-79.37402148,Province of Ontario
g & b house,Residential and long-term care,Owen Sound,ON,44.56029767,-80.92589916,Province of Ontario
garden city manor,Residential and long-term care,St Catharines,ON,43.18091791,-79.2490312,Province of Ontario
garden court nursing home,Residential and long-term care,Toronto,ON,43.60195707,-79.49680752,Province of Ontario
garden terrace,Residential and long-term care,Ottawa,ON,45.30976033,-75.9009793,Province of Ontario
garden villa retirement residence,Residential and long-term care,Chesterville,ON,45.09946782,-75.22728616,Province of Ontario
gardens of parry sound,Residential and long-term care,Parry Sound,ON,45.36233335,-80.03838435,Province of Ontario
gardenview long term care home,Residential and long-term care,Townsend,ON,42.88836551,-80.14081206,Province of Ontario
garrison place,Residential and long-term care,Fort Erie,ON,42.90403357,-78.92909258,Province of Ontario
garry j. armstrong home,Residential and long-term care,Ottawa,ON,45.43785466,-75.68321333,Province of Ontario
gateway community health centre,Hospitals,Tweed,ON,44.47448562,-77.31669239,Province of Ontario
gateway haven long term care home,Residential and long-term care,Wiarton,ON,44.74034089,-81.12803284,Province of Ontario
gateway residential and community support services of niagara,Residential and long-term care,Welland,ON,42.98820377,-79.25069868,Province of Ontario
george brown college,Residential and long-term care,Toronto,ON,43.65124129,-79.37027698,Province of Ontario
george herman house,Residential and long-term care,Toronto,ON,43.67398969,-79.40582219,Province of Ontario
georgetown hospital,Hospitals,Georgetown,ON,43.644797,-79.933322,Public Health Agency of Canada
georgian,Clinics and ambulatory care,Barrie,ON,44.4116603,-79.66675384,Province of Ontario
georgian bay fht,Clinics and ambulatory care,Collingwood,ON,44.50108939,-80.20516252,Province of Ontario
georgian bay general hospital,Hospitals,Midland,ON,44.741864,-79.911754,Canadian Institute for Health Information
georgian bay general hospital - midland,Hospitals,Midland,ON,44.7421835,-79.9135656,Province of Ontario
georgian bay general hospital - penetanguishene,Hospitals,Penetanguishene,ON,44.769498,-79.929469,Province of Ontario
georgian heights,Residential and long-term care,Owen Sound,ON,44.56929937,-80.92272196,Province of Ontario
georgian manor home for the aged,Residential and long-term care,Penetanguishene,ON,44.76796585,-79.91976266,Province of Ontario
georgian residences,Residential and long-term care,Penetanguishene,ON,44.76796585,-79.91976266,Province of Ontario
georgina,Clinics and ambulatory care,Georgina,ON,44.304694,-79.361197,Province of Ontario
geraldton district hospital,Hospitals,Geraldton,ON,49.7226939,-86.9547123,Public Health Agency of Canada
geriatric psychiatry community services of ottawa,Residential and long-term care,Ottawa,ON,45.43220386,-75.69601434,Province of Ontario
gerstein crisis centre,Residential and long-term care,Toronto,ON,43.78638301,-79.4118822,Province of Ontario
gilbert hall retirement home,Residential and long-term care,Wingham,ON,43.88515973,-81.31294852,Province of Ontario
gilmore lodge,Residential and long-term care,Fort Erie,ON,42.92080238,-78.91490397,Province of Ontario
gizhewaadiziwin health access centre,Residential and long-term care,Fort Frances,ON,48.62753689,-93.36073115,Province of Ontario
glanbrook community services,Clinics and ambulatory care,Hamilton,ON,43.12915187,-79.83736468,Province of Ontario
glebe centre,Residential and long-term care,Ottawa,ON,45.39876525,-75.68635693,Province of Ontario
glebe centre inc. (the),Clinics and ambulatory care,Ottawa,ON,45.39876525,-75.68635693,Province of Ontario
glen hill marnwood,Residential and long-term care,Bowmanville,ON,43.91589256,-78.68988509,Province of Ontario
glen hill strathaven,Residential and long-term care,Bowmanville,ON,43.91212066,-78.67361278,Province of Ontario
glen-stor-dun lodge,Residential and long-term care,Cornwall,ON,45.02603103,-74.68347497,Province of Ontario
glen-stor-dun lodge (city of cornwall),Clinics and ambulatory care,Cornwall,ON,45.02603103,-74.68347497,Province of Ontario
glengarry,Clinics and ambulatory care,Lancaster,ON,45.14418886,-74.50269842,Province of Ontario
glengarry inter-agency group inc.,Clinics and ambulatory care,Vankleek Hill,ON,45.56101752,-74.63006139,Province of Ontario
glengarry memorial hospital,Hospitals,Alexandria,ON,45.30700928,-74.64531028,Province of Ontario
glynnwood,Residential and long-term care,Markham,ON,43.81983661,-79.40361491,Province of Ontario
goderich place retirement residence,Residential and long-term care,Goderich,ON,43.72853959,-81.70948703,Province of Ontario
golden agers - salvation army in canada (the governing council of the),Clinics and ambulatory care,Owen Sound,ON,44.57344577,-80.94993577,Province of Ontario
golden dawn nursing home,Residential and long-term care,Lions Head,ON,44.98706902,-81.25537981,Province of Ontario
golden manor,Residential and long-term care,Timmins,ON,48.48606627,-81.34352493,Province of Ontario
golden plough lodge,Residential and long-term care,Cobourg,ON,43.9744937,-78.19501703,Province of Ontario
golden pond retirement lodge,Residential and long-term care,Waterford,ON,42.93481642,-80.29271571,Province of Ontario
golden pond retirement residence,Residential and long-term care,Codrington,ON,44.12413954,-77.78791971,Province of Ontario
golden years nursing home,Residential and long-term care,Cambridge,ON,43.4042795,-80.35454667,Province of Ontario
good companions seniors' center,Clinics and ambulatory care,Ottawa,ON,45.41364475,-75.71017064,Province of Ontario
good samaritan nursing home,Residential and long-term care,New Tecumseth,ON,44.15888285,-79.84546178,Province of Ontario
good samaritan retirement lodge,Residential and long-term care,New Tecumseth,ON,44.15888285,-79.84546178,Province of Ontario
good shepherd centre hamilton (the),Clinics and ambulatory care,Hamilton,ON,43.24748669,-79.8504159,Province of Ontario
good shepherd ministries,Clinics and ambulatory care,Toronto,ON,43.65615969,-79.36252578,Province of Ontario
good shepherd non-profit homes inc.,Residential and long-term care,Hamilton,ON,43.24748669,-79.8504159,Province of Ontario
good shepherd refuge social ministries,Residential and long-term care,Toronto,ON,43.65615969,-79.36252578,Province of Ontario
goodness retirement living,Residential and long-term care,Saint Thomas,ON,42.759489,-81.173799,Province of Ontario
governing council of salvation army - london village adult day program,Clinics and ambulatory care,London,ON,42.99826238,-81.2030626,Province of Ontario
"governing council of the salvation army in canada, the",Residential and long-term care,Toronto,ON,43.67333259,-79.40135009,Province of Ontario
governor's walk retirement residence,Residential and long-term care,Ottawa,ON,45.44025126,-75.68767054,Province of Ontario
grace haven,Clinics and ambulatory care,Dryden,ON,49.78362787,-92.8355216,Province of Ontario
grace manor,Residential and long-term care,Brampton,ON,43.65294337,-79.7414379,Province of Ontario
grace villa nursing home,Residential and long-term care,Hamilton,ON,43.21147629,-79.84709659,Province of Ontario
grand bend area community health centre,Hospitals,Exeter,ON,43.3099406,-81.7502814,Province of Ontario
grand bend area community health centre inc.,Clinics and ambulatory care,Lambton Shores,ON,43.30994901,-81.7502855,Province of Ontario
grand river community health centre,Clinics and ambulatory care,Brantford,ON,43.13882755,-80.25587592,Province of Ontario
grand river hospital,Hospitals,Kitchener,ON,43.4557709,-80.5116801,Public Health Agency of Canada
grand river hospital - freeport,Hospitals,Kitchener,ON,43.425772,-80.412239,Province of Ontario
grand river hospital - freeport site,Residential and long-term care,Kitchener,ON,43.4255623,-80.4130265,Public Health Agency of Canada
grand river hospital - kitchener-waterloo,Hospitals,Kitchener,ON,43.457019,-80.5125547,Province of Ontario
grand river hospital corporation,Residential and long-term care,Kitchener,ON,43.4251973,-80.41257309,Province of Ontario
grand wood park,Residential and long-term care,London,ON,42.97086368,-81.24181941,Province of Ontario
grandview fht,Clinics and ambulatory care,Cambridge,ON,43.38142249,-80.31935576,Province of Ontario
grandview lodge / dunnville,Residential and long-term care,Dunnville,ON,42.90834644,-79.6340154,Province of Ontario
granite landing,Residential and long-term care,Cambridge,ON,43.38918,-80.28204865,Province of Ontario
granite ridge care community,Residential and long-term care,Ottawa,ON,45.26988372,-75.90499269,Province of Ontario
granite ridge retirement residence,Residential and long-term care,Gravenhurst,ON,44.9106018,-79.36804549,Province of Ontario
gravenhurst senior citizens club,Clinics and ambulatory care,Gravenhurst,ON,44.9240139,-79.3740637,Province of Ontario
"gravenhurst senior citizens club inc.,",Clinics and ambulatory care,Gravenhurst,ON,44.9240139,-79.3740637,Province of Ontario
great northern family health team,Clinics and ambulatory care,Temiskaming Shores,ON,47.49941201,-79.69553097,Province of Ontario
great northern retirement home,Residential and long-term care,Sault Ste Marie,ON,46.54935421,-84.31709876,Province of Ontario
greater city of sudbury program for community living,Clinics and ambulatory care,Sudbury,ON,46.43849906,-81.14574553,Province of Ontario
greenbelt family health team,Clinics and ambulatory care,Ottawa,ON,45.29303723,-75.74235664,Province of Ontario
greenstone family health team,Clinics and ambulatory care,Geraldton,ON,49.7233494,-86.95696565,Province of Ontario
greenview lodge,Residential and long-term care,Toronto,ON,43.736373,-79.34886588,Province of Ontario
greenway lodge retirement home,Residential and long-term care,Mississauga,ON,43.56395956,-79.56964054,Province of Ontario
greenway retirement village,Residential and long-term care,Brampton,ON,43.69217287,-79.76373531,Province of Ontario
greenwood court,Residential and long-term care,Stratford,ON,43.38294686,-80.97615776,Province of Ontario
grey bruce health services,Residential and long-term care,Owen Sound,ON,44.56018467,-80.92544046,Province of Ontario
grey bruce health services (corporate headquarters) - owen sound,Hospitals,Owen Sound,ON,44.569716,-80.910861,Public Health Agency of Canada
grey bruce health services - lion's head,Hospitals,Lions Head,ON,44.9860183,-81.2489387,Public Health Agency of Canada
grey bruce health services - markdale,Hospitals,Markdale,ON,44.3181695,-80.6501723,Public Health Agency of Canada
grey bruce health services - meaford,Hospitals,Meaford,ON,44.6057164,-80.599874,Public Health Agency of Canada
grey bruce health services - owen sound,Hospitals,Owen Sound,ON,44.56746057,-80.91238596,Province of Ontario
grey bruce health services - southampton,Hospitals,Southampton,ON,44.4933843,-81.3660659,Public Health Agency of Canada
grey bruce health services - wiarton,Hospitals,Wiarton,ON,44.736996,-81.138661,Public Health Agency of Canada
grey bruce health unit,Clinics and ambulatory care,Owen Sound,ON,44.57653957,-80.94024697,Province of Ontario
grey bruce palliative care hospice association inc.,Clinics and ambulatory care,Owen Sound,ON,44.56819217,-80.94068617,Province of Ontario
grey gables home for the aged,Residential and long-term care,Markdale,ON,44.31396564,-80.64029685,Province of Ontario
greycliffe manor,Residential and long-term care,Niagara Falls,ON,43.0883215,-79.13431826,Province of Ontario
"groupe action pour l'enfant, la famille et la communauté de prescott et russell",Clinics and ambulatory care,Hawkesbury,ON,45.60991163,-74.60804929,Province of Ontario
grove arnprior & district nh - arnprior and district memorial hospital (css),Clinics and ambulatory care,Arnprior,ON,45.43909913,-76.36088256,Province of Ontario
grove park home for senior citizens,Clinics and ambulatory care,Barrie,ON,44.4060207,-79.66946724,Province of Ontario
groves memorial community hospital,Hospitals,Fergus,ON,43.7053256,-80.3730598,Public Health Agency of Canada
groves park lodge,Residential and long-term care,Renfrew,ON,45.48151172,-76.69696907,Province of Ontario
guelph community health centre,Hospitals,Guelph,ON,43.54778153,-80.25146465,Province of Ontario
guelph fht,Clinics and ambulatory care,Guelph,ON,43.54602733,-80.24841155,Province of Ontario
guelph general hospital,Hospitals,Guelph,ON,43.5563618,-80.2535473,Public Health Agency of Canada
guelph independent living,Clinics and ambulatory care,Guelph,ON,43.55328942,-80.29533457,Province of Ontario
h.j. mcfarland memorial home,Residential and long-term care,Prince Edward County,ON,44.02513295,-77.13549939,Province of Ontario
habitat services (mental health program services of metropolitan toronto),Residential and long-term care,Toronto,ON,43.65437708,-79.45149351,Province of Ontario
haileybury family health team,Clinics and ambulatory care,Temiskaming Shores,ON,47.438445,-79.63182464,Province of Ontario
haldimand fht,Clinics and ambulatory care,Hagersville,ON,42.95989873,-80.05228964,Province of Ontario
haldimand norfolk work group of simcoe (hnwgs),Residential and long-term care,Simcoe,ON,42.8431732,-80.32437671,Province of Ontario
haldimand war memorial hospital,Hospitals,Dunnville,ON,42.904968,-79.6249358,Public Health Agency of Canada
haldimand-norfolk community senior support services inc.,Clinics and ambulatory care,Hagersville,ON,42.95869143,-80.04475583,Province of Ontario
haldimand-norfolk health unit,Clinics and ambulatory care,Simcoe,ON,42.8480811,-80.30364261,Province of Ontario
haldimand-norfolk women's services,Residential and long-term care,Dunnville,ON,42.90354584,-79.61700779,Province of Ontario
haliburton highlands fht,Clinics and ambulatory care,Haliburton,ON,45.03901766,-78.52815703,Province of Ontario
haliburton highlands health services,Clinics and ambulatory care,Haliburton,ON,45.03824146,-78.52941943,Province of Ontario
haliburton highlands health services - haliburton,Hospitals,Haliburton,ON,45.03832146,-78.52850623,Province of Ontario
haliburton highlands health services - haliburton hospital,Hospitals,Haliburton,ON,45.0382326,-78.5294162,Public Health Agency of Canada
haliburton highlands health services - minden,Hospitals,Minden,ON,44.9250073,-78.7316832,Province of Ontario
haliburton highlands health services - minden hospital site,Hospitals,Minden,ON,44.925109,-78.730152,Public Health Agency of Canada
haliburton highlands health services corporation,Residential and long-term care,Minden,ON,44.91797433,-78.72235679,Province of Ontario
"haliburton, kawartha, pine ridge district health unit",Clinics and ambulatory care,Port Hope,ON,43.96823949,-78.28561196,Province of Ontario
hallowell house,Residential and long-term care,Edward,ON,43.99421064,-77.1810053,Province of Ontario
"halton alcohol, drug and gambling assessment, prevention and treatment services",Residential and long-term care,Halton Hills,ON,43.65089776,-79.90095305,Province of Ontario
halton cheshire homes incorporated - carey house,Clinics and ambulatory care,Burlington,ON,43.35761511,-79.80927849,Province of Ontario
halton geriatric mental health outreach program - st. joseph's healthcare,Clinics and ambulatory care,Hamilton,ON,43.24835429,-79.8712476,Province of Ontario
halton healthcare services,Hospitals,Oakville,ON,43.453245,-79.67417,Canadian Institute for Health Information
halton healthcare services - georgetown,Hospitals,Georgetown,ON,43.6447833,-79.9333207,Province of Ontario
halton healthcare services - milton,Hospitals,Milton,ON,43.49790864,-79.86981483,Province of Ontario
halton healthcare services - oakville,Hospitals,Oakville,ON,43.44892573,-79.76659729,Province of Ontario
halton healthcare services corporation,Clinics and ambulatory care,Oakville,ON,43.45041353,-79.76475299,Province of Ontario
halton healthcare services corporation - milton site,Hospitals,Milton,ON,43.497184,-79.868466,Public Health Agency of Canada
halton healthcare services corporation - oakville site,Hospitals,Oakville,ON,43.453245,-79.6741696,Public Health Agency of Canada
halton hills family health team,Clinics and ambulatory care,Halton Hills,ON,43.64477486,-79.93394806,Province of Ontario
halton region health department,Clinics and ambulatory care,Burlington,ON,43.35405261,-79.78458289,Province of Ontario
hamilton community support association,Residential and long-term care,Hamilton,ON,43.25118819,-79.83462369,Province of Ontario
hamilton continuing care,Residential and long-term care,Hamilton,ON,43.24791349,-79.8504795,Province of Ontario
hamilton east kiwanis boys' and girls' club - adult day program,Clinics and ambulatory care,Hamilton,ON,43.24868989,-79.81072298,Province of Ontario
hamilton health sciences,Hospitals,Hamilton,ON,43.258574,-79.917513,Canadian Institute for Health Information
hamilton health sciences (corporate office),Hospitals,Hamilton,ON,43.2530003,-79.8605236,Public Health Agency of Canada
hamilton health sciences (css),Clinics and ambulatory care,Hamilton,ON,43.25950349,-79.91747322,Province of Ontario
hamilton health sciences - chedoke hospital,Residential and long-term care,Hamilton,ON,43.238389,-79.917184,Public Health Agency of Canada
hamilton health sciences - general,Hospitals,Hamilton,ON,43.26130599,-79.854337,Province of Ontario
hamilton health sciences - hamilton general hospital,Hospitals,Hamilton,ON,43.2617528,-79.8543243,Public Health Agency of Canada
hamilton health sciences - juravinski,Hospitals,Hamilton,ON,43.23931559,-79.84535719,Province of Ontario
hamilton health sciences - juravinski hospital,Hospitals,Hamilton,ON,43.2399446,-79.8464032,Public Health Agency of Canada
hamilton health sciences - mcmaster,Hospitals,Hamilton,ON,43.259256,-79.917531,Province of Ontario
hamilton health sciences - mcmaster university medical centre/children's hospital,Hospitals,Hamilton,ON,43.2579911,-79.9171015,Public Health Agency of Canada
hamilton health sciences - st. peter's hospital,Hospitals,Hamilton,ON,43.24514479,-79.83712249,Province of Ontario
hamilton health sciences - ucc,Hospitals,Hamilton,ON,43.26011899,-79.89768341,Province of Ontario
hamilton health sciences - west lincoln,Hospitals,Grimsby,ON,43.188085,-79.542023,Province of Ontario
hamilton health sciences corporation,Residential and long-term care,Hamilton,ON,43.25950349,-79.91747322,Province of Ontario
hamilton jewish home for the aged - shalom village,Clinics and ambulatory care,Hamilton,ON,43.26411849,-79.89518251,Province of Ontario
hamilton networked family health team,Clinics and ambulatory care,Hamilton,ON,43.25750229,-79.87474961,Province of Ontario
hamilton niagara haldimand branch community care access centre (css),Clinics and ambulatory care,Brantford,ON,43.15628086,-80.24140951,Province of Ontario
hamilton niagara haldimand brant local health integration network,Clinics and ambulatory care,Grimsby,ON,43.1845707,-79.52728319,Province of Ontario
hamilton niagara haldimand brant local health integration network (lhin op),Clinics and ambulatory care,Grimsby,ON,43.1845707,-79.52728319,Province of Ontario
hamilton program for schizophrenia,Residential and long-term care,Hamilton,ON,43.25533609,-79.8684934,Province of Ontario
hamilton public health services,Clinics and ambulatory care,Hamilton,ON,43.25786669,-79.8711221,Province of Ontario
hamilton urban core community health centre,Hospitals,Hamilton,ON,43.25759679,-79.8649483,Province of Ontario
hamilton's hometown retirement living,Residential and long-term care,Minto,ON,43.90732536,-80.86075748,Province of Ontario
hampton court,Residential and long-term care,Southampton,ON,44.49438613,-81.3729198,Province of Ontario
hampton terrace care centre,Residential and long-term care,Burlington,ON,43.3054339,-79.8554984,Province of Ontario
hannah walker place,Residential and long-term care,Owen Sound,ON,44.56423637,-80.94598097,Province of Ontario
hanover and district hospital,Hospitals,Hanover,ON,44.141468,-81.029334,Public Health Agency of Canada
hanover care centre,Residential and long-term care,Hanover,ON,44.15991379,-81.01744915,Province of Ontario
hanover family health team inc.,Clinics and ambulatory care,Hanover,ON,44.14187529,-81.02931555,Province of Ontario
happy valley family health team inc.,Clinics and ambulatory care,Saint Marys,ON,43.25917413,-81.15198121,Province of Ontario
harbour hill retirement community,Residential and long-term care,Goderich,ON,43.73120259,-81.70494283,Province of Ontario
harbourview family health team,Clinics and ambulatory care,Thunder Bay,ON,48.42137156,-89.27180407,Province of Ontario
hardy terrace,Residential and long-term care,Brantford,ON,43.0876862,-80.3068167,Province of Ontario
harmony estate seniors residence inc.,Residential and long-term care,Courtice,ON,43.92292826,-78.80593782,Province of Ontario
harmony hall centre- call a service inc,Clinics and ambulatory care,Toronto,ON,43.7021584,-79.29886836,Province of Ontario
harmony hill retirement community,Residential and long-term care,Oshawa,ON,43.94184456,-78.83499383,Province of Ontario
harmony hills care community,Residential and long-term care,Toronto,ON,43.7205599,-79.30496586,Province of Ontario
harold and grace baker centre,Residential and long-term care,Toronto,ON,43.69821459,-79.46978092,Province of Ontario
harrow health centre inc. family health team,Clinics and ambulatory care,Essex,ON,42.03085103,-82.92295145,Province of Ontario
harrowood seniors community,Residential and long-term care,Essex,ON,42.02966893,-82.92051825,Province of Ontario
harvest retirement community,Residential and long-term care,Tillsonburg,ON,42.85929058,-80.70325263,Province of Ontario
hastings and prince edward counties health unit,Clinics and ambulatory care,Belleville,ON,44.18671277,-77.39169699,Province of Ontario
hastings centennial manor,Residential and long-term care,Bancroft,ON,45.0550849,-77.86421482,Province of Ontario
hastings manor home for the aged,Residential and long-term care,Belleville,ON,44.14751276,-77.41249679,Province of Ontario
hawkesbury and district general hospital,Hospitals,Hawkesbury,ON,45.59876503,-74.60792089,Province of Ontario
hawkesbury and district general hospital (css),Clinics and ambulatory care,Hawkesbury,ON,45.59950703,-74.60755899,Province of Ontario
hawthorn woods care community,Residential and long-term care,Brampton,ON,43.75755779,-79.68888879,Province of Ontario
hawthorne place care centre,Residential and long-term care,Toronto,ON,43.7562352,-79.52146844,Province of Ontario
hazel burns hospice,Clinics and ambulatory care,Toronto,ON,43.69098659,-79.47236762,Province of Ontario
hazeldean gardens retirement residence,Residential and long-term care,Ottawa,ON,45.27115462,-75.9329051,Province of Ontario
hazelton place retirement residence,Residential and long-term care,Toronto,ON,43.67320579,-79.39543479,Province of Ontario
headwaters health care centre,Hospitals,Orangeville,ON,43.919726,-80.073998,Canadian Institute for Health Information
headwaters health care centre - dufferin,Hospitals,Orangeville,ON,43.9208479,-80.07235513,Province of Ontario
headwaters health care centre - headwaters orangeville,Hospitals,Orangeville,ON,43.920509,-80.072243,Public Health Agency of Canada
headwaters health care centre - headwaters shelburne,Residential and long-term care,Shelburne,ON,43.920509,-80.072243,Public Health Agency of Canada
health for all fht,Clinics and ambulatory care,Markham,ON,43.88472803,-79.23194586,Province of Ontario
health sciences north (css),Clinics and ambulatory care,Sudbury,ON,46.46793268,-80.99662778,Province of Ontario
health sciences north - ramsey lake health centre,Hospitals,Sudbury,ON,46.4679347,-80.9962836,Public Health Agency of Canada
health sciences north - sudbury mental health and addictions centre,Residential and long-term care,Sudbury,ON,46.4918343,-80.9921781,Public Health Agency of Canada
health sciences north/ horizon santé-nord,Residential and long-term care,Sudbury,ON,46.46793268,-80.99662778,Province of Ontario
health zone,Clinics and ambulatory care,London,ON,42.968175,-81.206594,Province of Ontario
heart niagara,Residential and long-term care,Niagara Falls,ON,43.1067413,-79.06999624,Province of Ontario
hearthouse hospice inc.,Clinics and ambulatory care,Mississauga,ON,43.63071277,-79.64556487,Province of Ontario
heartwood,Residential and long-term care,Cornwall,ON,45.03336123,-74.73229849,Province of Ontario
heatherwood retirement residence,Residential and long-term care,St Catharines,ON,43.18068401,-79.2546439,Province of Ontario
heidehof long term care home,Residential and long-term care,St Catharines,ON,43.19665771,-79.251902,Province of Ontario
helen henderson care centre,Residential and long-term care,Amherstview,ON,44.22539531,-76.66374476,Province of Ontario
helen henderson nursing home,Residential and long-term care,Amherstview,ON,44.22539531,-76.66374476,Province of Ontario
helen zurbrigg non-profit homes inc.,Clinics and ambulatory care,Hamilton,ON,43.21650318,-79.89718941,Province of Ontario
hellenic care for seniors (toronto),Residential and long-term care,Toronto,ON,43.67679399,-79.430342,Province of Ontario
hellenic home - scarborough,Residential and long-term care,Toronto,ON,43.74876471,-79.27408486,Province of Ontario
hellenic home for the aged inc.,Clinics and ambulatory care,Toronto,ON,43.67565839,-79.4300414,Province of Ontario
"helping hands, orillia",Clinics and ambulatory care,Orillia,ON,44.59464035,-79.40948818,Province of Ontario
henley place,Residential and long-term care,London,ON,43.04540679,-81.21472021,Province of Ontario
henvey inlet first nation,Clinics and ambulatory care,Killarney,ON,45.97628652,-80.56271949,Province of Ontario
heritage court retirement home,Residential and long-term care,Dresden,ON,42.58796186,-82.18427927,Province of Ontario
heritage green nursing home,Residential and long-term care,Hamilton,ON,43.19352179,-79.78959737,Province of Ontario
heritage green retirement home,Residential and long-term care,Hamilton,ON,43.19303418,-79.79094197,Province of Ontario
heritage heights retirement home inc,Residential and long-term care,Cornwall,ON,45.03177703,-74.768573,Province of Ontario
heritage house guelph,Residential and long-term care,Guelph,ON,43.49214642,-80.17916512,Province of Ontario
heritage house mississauga,Residential and long-term care,Mississauga,ON,43.57761356,-79.61660025,Province of Ontario
heritage lodge,Residential and long-term care,Vankleek Hill,ON,45.51589681,-74.6525039,Province of Ontario
heritage manor retirement home inc,Residential and long-term care,Cornwall,ON,45.03161243,-74.7622221,Province of Ontario
heritage place,Residential and long-term care,Burlington,ON,43.37994,-79.801331,Province of Ontario
heritage river retirement residence,Residential and long-term care,Elora,ON,43.69075054,-80.42694572,Province of Ontario
heron terrace long term care community,Residential and long-term care,Windsor,ON,42.31721678,-82.89932307,Province of Ontario
hesperus fellowship community of ontario,Clinics and ambulatory care,Vaughan,ON,43.84396791,-79.46448243,Province of Ontario
hf connecting health,Clinics and ambulatory care,Toronto,ON,43.80724932,-79.28926847,Province of Ontario
highgate residence,Residential and long-term care,Hamilton,ON,43.209027,-79.983869,Province of Ontario
highland manor retirement lodge,Residential and long-term care,Fergus,ON,43.70112555,-80.3684367,Province of Ontario
highland place,Residential and long-term care,Kitchener,ON,43.43474169,-80.51927753,Province of Ontario
highland wood,Residential and long-term care,Haliburton,ON,45.03824146,-78.52941943,Province of Ontario
highview residences,Residential and long-term care,London,ON,42.9837115,-81.299224,Province of Ontario
highview residences kitchener,Residential and long-term care,Kitchener,ON,43.37245359,-80.42376089,Province of Ontario
hillcrest village care centre,Residential and long-term care,Midland,ON,44.75357305,-79.87963994,Province of Ontario
hillel lodge,Residential and long-term care,Ottawa,ON,45.37622944,-75.75281145,Province of Ontario
hillsdale estates,Residential and long-term care,Oshawa,ON,43.91384855,-78.86330374,Province of Ontario
hillsdale terraces,Residential and long-term care,Oshawa,ON,43.91500165,-78.86454214,Province of Ontario
hillside haven retirement residence,Residential and long-term care,Campbellford,ON,44.30601757,-77.79558323,Province of Ontario
hillside manor,Residential and long-term care,Stratford,ON,43.4245342,-81.0983168,Province of Ontario
hillside park retirement residence,Residential and long-term care,Elliot Lake,ON,46.37822187,-82.6490677,Province of Ontario
hillside residence,Residential and long-term care,Maryhill,ON,43.53553652,-80.38805569,Province of Ontario
hilltop manor nursing home (merrickville),Residential and long-term care,Merrickville,ON,44.90918586,-75.83453904,Province of Ontario
hogarth riverview manor,Residential and long-term care,Thunder Bay,ON,48.38712316,-89.27025117,Province of Ontario
holland bloorview kids rehabilitation hospital,Residential and long-term care,Toronto,ON,43.7180569,-79.3741804,Public Health Agency of Canada
holland christian homes,Clinics and ambulatory care,Brampton,ON,43.65401717,-79.7413989,Province of Ontario
home and community support services of grey-bruce,Clinics and ambulatory care,Owen Sound,ON,44.56819217,-80.94068617,Province of Ontario
home support services - morrisburg and district,Clinics and ambulatory care,Morrisburg,ON,44.87651898,-75.22673964,Province of Ontario
homes first society,Residential and long-term care,Toronto,ON,43.65838018,-79.4432376,Province of Ontario
homewood health centre,Clinics and ambulatory care,Guelph,ON,43.5573791,-80.2567498,Public Health Agency of Canada
hong fook mental health association,Residential and long-term care,Toronto,ON,43.80724932,-79.28926847,Province of Ontario
hong fook mental health association (css),Clinics and ambulatory care,Toronto,ON,43.80724932,-79.28926847,Province of Ontario
hope place centres,Residential and long-term care,Oakville,ON,43.41330933,-79.73311187,Province of Ontario
hope street terrace,Residential and long-term care,Port Hope,ON,43.95459039,-78.28837976,Province of Ontario
hopegreybruce mental health and addictions services,Residential and long-term care,Wiarton,ON,44.73815779,-81.13894145,Province of Ontario
hopital montfort,Clinics and ambulatory care,Ottawa,ON,45.44597846,-75.63936652,Province of Ontario
horizon place,Residential and long-term care,London,ON,42.99038528,-81.29188703,Province of Ontario
hornepayne community hospital,Residential and long-term care,Hornepayne,ON,49.212827,-84.774059,Public Health Agency of Canada
hospice at may court (the),Clinics and ambulatory care,Ottawa,ON,45.39004145,-75.68318573,Province of Ontario
hospice care ottawa,Clinics and ambulatory care,Ottawa,ON,45.39004145,-75.68318573,Province of Ontario
hospice dufferin,Clinics and ambulatory care,Orangeville,ON,43.9153785,-80.10451754,Province of Ontario
hospice georgian triangle,Clinics and ambulatory care,Collingwood,ON,44.50132959,-80.20234612,Province of Ontario
hospice huronia,Clinics and ambulatory care,Penetanguishene,ON,44.76910765,-79.92962656,Province of Ontario
hospice kingston,Clinics and ambulatory care,Kingston,ON,44.22392201,-76.4906727,Province of Ontario
hospice lennox & addington,Clinics and ambulatory care,Napanee,ON,44.2404237,-76.9660337,Province of Ontario
hospice niagara,Clinics and ambulatory care,St Catharines,ON,43.18351721,-79.26633031,Province of Ontario
hospice north hastings,Clinics and ambulatory care,Bancroft,ON,45.0624262,-77.85599012,Province of Ontario
hospice northwest,Clinics and ambulatory care,Thunder Bay,ON,48.44135877,-89.24131667,Province of Ontario
hospice of waterloo region,Clinics and ambulatory care,Kitchener,ON,43.44149309,-80.51298162,Province of Ontario
hospice of windsor and essex county inc. (the),Clinics and ambulatory care,Windsor,ON,42.31207858,-82.95423208,Province of Ontario
"hospice of windsor and essex county, the",Residential and long-term care,Windsor,ON,42.31207858,-82.95423208,Province of Ontario
hospice orillia,Clinics and ambulatory care,Orillia,ON,44.59835715,-79.42356608,Province of Ontario
hospice palliative care ontario,Clinics and ambulatory care,Toronto,ON,43.66168609,-79.38275468,Province of Ontario
hospice peterborough,Clinics and ambulatory care,Peterborough,ON,44.30688155,-78.3273481,Province of Ontario
hospice prince edward,Clinics and ambulatory care,Edward,ON,44.00844395,-77.1520916,Province of Ontario
hospice simcoe,Clinics and ambulatory care,Barrie,ON,44.4141375,-79.64634494,Province of Ontario
hospice toronto,Clinics and ambulatory care,Toronto,ON,43.70685039,-79.39598279,Province of Ontario
hospice wellington,Clinics and ambulatory care,Guelph,ON,43.51061892,-80.22892404,Province of Ontario
hospital for sick children,Hospitals,Toronto,ON,43.657374,-79.387437,Canadian Institute for Health Information
"hospital for sick children, the",Residential and long-term care,Toronto,ON,43.65710429,-79.38773779,Province of Ontario
hotel dieu grace healthcare,Residential and long-term care,Windsor,ON,42.26334796,-83.00722799,Province of Ontario
hotel dieu hospital - religious hospitallers of saint joseph of the hotel dieu of kingston,Hospitals,Kingston,ON,44.2309092,-76.4860318,Public Health Agency of Canada
hotel dieu hospital of cornwall,Hospitals,Cornwall,ON,45.014927,-74.732434,Province of Ontario
hotel dieu shaver health & rehabilitation centre,Residential and long-term care,St Catharines,ON,43.1221556,-79.2428955,Public Health Agency of Canada
hotel dieu shaver health and rehabilitation centre (religions hospital of st. joseph),Hospitals,St Catharines,ON,43.1221165,-79.2423596,Province of Ontario
hotel-dieu grace healthcare css,Clinics and ambulatory care,Windsor,ON,42.2848987,-83.063687,Province of Ontario
hotel-dieu grace healthcare css,Residential and long-term care,Clarence-Rockland,ON,45.54524319,-75.29106901,Province of Ontario
house of friendship of kitchener,Residential and long-term care,Waterloo,ON,43.4727515,-80.52391663,Province of Ontario
house of sophrosyne,Residential and long-term care,Windsor,ON,42.28144927,-83.05908801,Province of Ontario
house of wellness assisted living,Residential and long-term care,Brampton,ON,43.72809588,-79.7407139,Province of Ontario
houselink community homes,Residential and long-term care,Toronto,ON,43.66279568,-79.4215129,Province of Ontario
hudson manor,Residential and long-term care,Chatham-Kent,ON,42.26072459,-82.42339301,Province of Ontario
humber community seniors' services inc.,Clinics and ambulatory care,Toronto,ON,43.68749609,-79.49003332,Province of Ontario
humber river family health team,Clinics and ambulatory care,Toronto,ON,43.7633868,-79.48950763,Province of Ontario
humber river hospital,Residential and long-term care,Toronto,ON,43.72377199,-79.48937432,Province of Ontario
humber river hospital - church (memorial),Hospitals,Etobicoke,ON,43.7092993,-79.5101739,Province of Ontario
humber river hospital - wilson,Hospitals,Toronto,ON,43.724252,-79.4877005,Province of Ontario
humber river hospital -york finch,Hospitals,Toronto,ON,43.754503,-79.526393,Province of Ontario
humber river regional hospital,Hospitals,Weston,ON,43.708564,-79.509731,Canadian Institute for Health Information
humber river regional hospital - church st. site,Hospitals,Weston,ON,43.7086562,-79.509922,Public Health Agency of Canada
humber river regional hospital - finch avenue site,Hospitals,Toronto,ON,43.7545875,-79.5255552,Public Health Agency of Canada
humber river regional hospital - keele street site,Hospitals,Toronto,ON,43.6974651,-79.4738514,Public Health Agency of Canada
humber valley terrace,Residential and long-term care,Toronto,ON,43.72717599,-79.59650396,Province of Ontario
hunt club manor,Residential and long-term care,Ottawa,ON,45.35522785,-75.64663482,Province of Ontario
"huntsville meals on wheels inc.,",Clinics and ambulatory care,North Huntsville,ON,45.33901628,-79.20271148,Province of Ontario
huron community family health team,Clinics and ambulatory care,Huron East,ON,43.55055027,-81.38675221,Province of Ontario
huron county health unit,Clinics and ambulatory care,Clinton,ON,43.59819557,-81.53131266,Province of Ontario
huron hospice volunteer service,Clinics and ambulatory care,Clinton,ON,43.62204508,-81.54256426,Province of Ontario
huron lodge community service board inc.,Clinics and ambulatory care,Elliot Lake,ON,46.3847048,-82.646288,Province of Ontario
huron lodge long term care home,Residential and long-term care,Windsor,ON,42.25323436,-83.0236891,Province of Ontario
huron perth healthcare alliance (head office) - stratford general hospital,Hospitals,Stratford,ON,43.368168,-80.995481,Public Health Agency of Canada
huron perth healthcare alliance - clinton public hospital,Hospitals,Clinton,ON,43.6218473,-81.5422341,Public Health Agency of Canada
huron perth healthcare alliance - seaforth community hospital,Hospitals,Seaforth,ON,43.5511473,-81.3851219,Public Health Agency of Canada
huron perth healthcare alliance - st. marys memorial hospital,Hospitals,St Marys,ON,43.2589986,-81.1518984,Public Health Agency of Canada
huron perth healthcare alliance stratford site - special services unit,Clinics and ambulatory care,Stratford,ON,43.36818816,-80.99715857,Province of Ontario
huronia,Clinics and ambulatory care,Shanty Bay,ON,44.55648523,-79.65742825,Province of Ontario
huronia district hospital,Hospitals,Midland,ON,44.742184,-79.913566,Public Health Agency of Canada
huronia regional centre,Residential and long-term care,Orillia,ON,44.5913796,-79.4244174,Public Health Agency of Canada
huronia transition homes,Residential and long-term care,Midland,ON,44.74870115,-79.88900505,Province of Ontario
huronlea home for the aged,Residential and long-term care,Brussels,ON,43.73846151,-81.25635699,Province of Ontario
huronview home for the aged,Residential and long-term care,Clinton,ON,43.5981871,-81.5313086,Province of Ontario
hutton house association for adults with disabilities,Clinics and ambulatory care,London,ON,42.98299228,-81.29275553,Province of Ontario
hyland crest,Residential and long-term care,Minden,ON,44.92594814,-78.72985369,Province of Ontario
hã´pital de mattawa hospital (mattawa fht),Clinics and ambulatory care,Mattawa,ON,46.3108571,-78.713252,Province of Ontario
hôpital de smooth rock falls hospital,Hospitals,Smooth Rock Falls,ON,49.273348,-81.612027,Canadian Institute for Health Information
hôpital general de hawkesbury and district general hospital inc.,Hospitals,Hawkesbury,ON,45.5994979,-74.607557,Public Health Agency of Canada
hôpital glengarry memorial hospital,Hospitals,Alexandria,ON,45.305873,-74.644064,Public Health Agency of Canada
hôpital général de hawkesbury & district general hospital,Hospitals,Hawkesbury,ON,45.598536,-74.606644,Canadian Institute for Health Information
hôpital général de hawkesbury and district general hospital inc.,Residential and long-term care,Casselman,ON,45.31256166,-75.08610963,Province of Ontario
hôpital montfort hospital,Hospitals,Ottawa,ON,45.4459814,-75.6392384,Public Health Agency of Canada
hôpital notre-dame hospital,Hospitals,Hearst,ON,49.687043,-83.679139,Canadian Institute for Health Information
hôpital régional de sudbury regional hospital,Hospitals,Sudbury,ON,46.467986,-80.996107,Canadian Institute for Health Information
hôpital Élisabeth bruyère hospital,Residential and long-term care,Ottawa,ON,45.431931,-75.6970115,Public Health Agency of Canada
hôpitall privé beechwood private hospital,Residential and long-term care,Penetanguishene,ON,44.774881,-79.929456,Public Health Agency of Canada
hôtel-dieu grace hospital,Hospitals,Windsor,ON,42.308465,-83.033049,Canadian Institute for Health Information
hôtel-dieu grace hospital - hôtel dieu site,Hospitals,Windsor,ON,42.284899,-83.063687,Public Health Agency of Canada
ican-independence centre and network,Clinics and ambulatory care,Sudbury,ON,46.48088398,-81.01745719,Province of Ontario
idlewyld manor,Residential and long-term care,Hamilton,ON,43.23618909,-79.91485732,Province of Ontario
iler lodge,Residential and long-term care,Essex,ON,42.17030086,-82.82364113,Province of Ontario
imo's sunnyside home,Residential and long-term care,Brampton,ON,43.66526317,-79.7554343,Province of Ontario
ina grafton gage home,Residential and long-term care,Toronto,ON,43.705765,-79.27714255,Province of Ontario
independent living centre of waterloo region,Clinics and ambulatory care,Kitchener,ON,43.4494997,-80.50073572,Province of Ontario
"independent living centre, kingston",Clinics and ambulatory care,Kingston,ON,44.24071032,-76.50913121,Province of Ontario
independent living halton - joyce scott non-profit homes inc.,Clinics and ambulatory care,Milton,ON,43.52382994,-79.88564223,Province of Ontario
independent living services of simcoe county and area,Clinics and ambulatory care,Barrie,ON,44.3821425,-79.71277816,Province of Ontario
india rainbow community services of peel,Clinics and ambulatory care,Mississauga,ON,43.58101986,-79.61814785,Province of Ontario
indian rainbow community services of peel (central west lhin),Clinics and ambulatory care,Mississauga,ON,43.58101986,-79.61814785,Province of Ontario
ingersoll,Clinics and ambulatory care,Ingersoll,ON,43.03811541,-80.8816683,Province of Ontario
ingersoll nurse practitioner-led clinic,Residential and long-term care,Ingersoll,ON,43.03814771,-80.8815543,Province of Ontario
ingersoll services for seniors,Clinics and ambulatory care,Ingersoll,ON,43.02532,-80.89394331,Province of Ontario
inner city family health team (formerly seaton house),Clinics and ambulatory care,Toronto,ON,43.65289989,-79.37610058,Province of Ontario
innisfil meals on wheels inc.,Clinics and ambulatory care,Innisfil,ON,44.3536257,-79.5491625,Province of Ontario
inspirit residences,Residential and long-term care,London,ON,42.95800837,-81.26640392,Province of Ontario
ioof seniors home,Residential and long-term care,Barrie,ON,44.3686217,-79.68736455,Province of Ontario
ioof seniors homes inc.,Clinics and ambulatory care,Barrie,ON,44.3689595,-79.68674065,Province of Ontario
iroquois falls family health team,Clinics and ambulatory care,Iroquois Falls,ON,48.76906815,-80.68543285,Province of Ontario
iroquois lodge nursing home,Residential and long-term care,Ohsweken,ON,43.07299235,-80.11640017,Province of Ontario
isabel and arthur meighen manor,Residential and long-term care,Toronto,ON,43.70000099,-79.39254279,Province of Ontario
island park retirement residence,Residential and long-term care,Campbellford,ON,44.29305727,-77.80340983,Province of Ontario
island view retirement residence,Residential and long-term care,Arnprior,ON,45.43259743,-76.34723725,Province of Ontario
islington centre - etobicoke senior citizens,Clinics and ambulatory care,Toronto,ON,43.64762728,-79.53001033,Province of Ontario
ivan franko home (etobicoke),Residential and long-term care,Toronto,ON,43.63771778,-79.50673762,Province of Ontario
ivan franko home (mississauga),Clinics and ambulatory care,Oakville,ON,43.52425545,-79.68407247,Province of Ontario
jah-jireh seniors ministry association,Residential and long-term care,Lincoln,ON,43.1753695,-79.50264198,Province of Ontario
james bay general hospital,Hospitals,Moosonee,ON,51.2711855,-80.6508708,Public Health Agency of Canada
james bay general hospital - attawapiskat,Hospitals,Attawapiskat,ON,52.922733,-82.426001,Public Health Agency of Canada
james bay general hospital - fort albany,Hospitals,Fort Albany,ON,52.20669,-81.6849,Public Health Agency of Canada
james club,Residential and long-term care,Cobourg,ON,43.9639789,-78.15720372,Province of Ontario
jane-finch family health team,Clinics and ambulatory care,Toronto,ON,43.758747,-79.51881,Province of Ontario
jane/finch community and family centre,Residential and long-term care,Toronto,ON,43.7652176,-79.52008044,Province of Ontario
jane/finch community and family centre - css,Clinics and ambulatory care,Toronto,ON,43.7652176,-79.52008044,Province of Ontario
jardin royal garden inc.,Residential and long-term care,Ottawa,ON,45.47293607,-75.51997248,Province of Ontario
jardins belle rive,Residential and long-term care,Clarence-Rockland,ON,45.53800249,-75.30540212,Province of Ontario
jean tweed treatment centre,Residential and long-term care,Toronto,ON,43.66057999,-79.37141808,Province of Ontario
jewish family services of ottawa-carleton,Residential and long-term care,Ottawa,ON,45.40313215,-75.73068205,Province of Ontario
john gordon home (london regional aids hospice),Clinics and ambulatory care,London,ON,42.99711068,-81.23650961,Province of Ontario
john joseph place,Residential and long-term care,Owen Sound,ON,44.56460677,-80.94596167,Province of Ontario
john noble centre day and stay program,Clinics and ambulatory care,Brantford,ON,43.12596315,-80.27606552,Province of Ontario
john noble home,Residential and long-term care,Brantford,ON,43.12596315,-80.27606552,Province of Ontario
joseph brant hospital,Residential and long-term care,Burlington,ON,43.31703371,-79.80267739,Province of Ontario
joseph brant hospital - adult day service,Clinics and ambulatory care,Burlington,ON,43.31703371,-79.80267739,Province of Ontario
joseph brant memorial hospital,Hospitals,Burlington,ON,43.31715,-79.80262,Public Health Agency of Canada
"k-w seniors day program, incorporated",Clinics and ambulatory care,Kitchener,ON,43.440994,-80.4451854,Province of Ontario
k-w working centre for the unemployed,Clinics and ambulatory care,Kitchener,ON,43.449186,-80.490003,Province of Ontario
kapuskasing and area family health team,Clinics and ambulatory care,Kapuskasing,ON,46.311051,-78.713595,Province of Ontario
kashechewan first nation,Clinics and ambulatory care,Moosonee,ON,51.29000711,-80.61581067,Province of Ontario
kawartha heights retirement home,Residential and long-term care,Peterborough,ON,44.28807634,-78.37245642,Province of Ontario
kawartha lakes retirement residence,Residential and long-term care,Kawartha Lakes,ON,44.53823228,-78.5565586,Province of Ontario
kawartha north family health team,Clinics and ambulatory care,Kawartha Lakes,ON,44.53732307,-78.73569846,Province of Ontario
kawartha participation projects,Clinics and ambulatory care,Peterborough,ON,44.33352525,-78.32968141,Province of Ontario
keewaywin first nation,Clinics and ambulatory care,Keewaywin,ON,51.72089909,-91.81886147,Province of Ontario
kelso pines retirement home,Residential and long-term care,Owen Sound,ON,44.57711707,-80.94868257,Province of Ontario
kelso villa retirement home,Residential and long-term care,Owen Sound,ON,44.57314977,-80.94715427,Province of Ontario
kemptville and district home support inc.,Clinics and ambulatory care,Kemptville,ON,45.01839769,-75.64804449,Province of Ontario
kemptville district hospital,Hospitals,Kemptville,ON,45.0099179,-75.6413482,Public Health Agency of Canada
kemptville district hospital - css,Clinics and ambulatory care,Kemptville,ON,45.00988279,-75.64235679,Province of Ontario
kennedy lodge,Residential and long-term care,Toronto,ON,43.76265941,-79.28056556,Province of Ontario
kenora association for community living,Residential and long-term care,Kenora,ON,49.75990494,-94.47858969,Province of Ontario
kenora chiefs advisory inc.,Clinics and ambulatory care,Kenora,ON,49.7717933,-94.4906894,Province of Ontario
kenora sexual assault centre,Residential and long-term care,Kenora,ON,49.76635954,-94.48791289,Province of Ontario
kensington eye institute,Hospitals,Toronto,ON,43.65733638,-79.40331899,Province of Ontario
kensington place retirement residence,Residential and long-term care,Toronto,ON,43.7526538,-79.45399892,Province of Ontario
kensington village,Residential and long-term care,London,ON,43.02140839,-81.21450391,Province of Ontario
kensington village retirement/nursing home,Residential and long-term care,London,ON,43.02140839,-81.21450391,Province of Ontario
kentwood park,Residential and long-term care,Edward,ON,44.00244715,-77.14847409,Province of Ontario
kiikeewanniikaan south west regional healing lodge (css),Clinics and ambulatory care,Muncey,ON,42.78604403,-81.46577876,Province of Ontario
kilean lodge,Residential and long-term care,Grimsby,ON,43.19121,-79.5554741,Province of Ontario
kinark child and family services,Clinics and ambulatory care,Peterborough,ON,44.3071237,-78.3042051,Public Health Agency of Canada
kincardine family health team,Clinics and ambulatory care,Kincardine,ON,44.18624207,-81.62833595,Province of Ontario
king city lodge nursing home,Residential and long-term care,King City,ON,43.97147063,-79.55151987,Province of Ontario
king gardens,Residential and long-term care,Mississauga,ON,43.58106776,-79.61299345,Province of Ontario
king nursing home,Residential and long-term care,Caledon,ON,43.87933771,-79.74065452,Province of Ontario
king place retirement residence,Residential and long-term care,Midland,ON,44.73635975,-79.87508564,Province of Ontario
king's daughters dinner wagon (the),Clinics and ambulatory care,Ottawa,ON,45.41364475,-75.71017064,Province of Ontario
kingsberry place seniors residence,Residential and long-term care,Hamilton,ON,43.20702509,-79.83081579,Province of Ontario
kingsmere retirement residence,Residential and long-term care,New Tecumseth,ON,44.13818315,-79.87440038,Province of Ontario
kingston community health centres,Hospitals,Kingston,ON,44.25568652,-76.498125,Province of Ontario
kingston community health centres (css),Clinics and ambulatory care,Kingston,ON,44.26276272,-76.4914353,Province of Ontario
kingston fht,Clinics and ambulatory care,Kingston,ON,44.23949342,-76.50712271,Province of Ontario
kingston general,Hospitals,Kingston,ON,44.224284,-76.492789,Canadian Institute for Health Information
kingston general hospital,Hospitals,Kingston,ON,44.224284,-76.4927891,Public Health Agency of Canada
kingston health sciences centre,Residential and long-term care,Brockville,ON,44.59768821,-75.68863117,Province of Ontario
kingston health sciences centre (css),Clinics and ambulatory care,Toronto,ON,43.66999639,-79.38985879,Province of Ontario
kingston health sciences centre - hotel dieu,Hospitals,Kingston,ON,44.23112152,-76.4861476,Province of Ontario
kingston health sciences centre - kingston general,Hospitals,Kingston,ON,44.22455251,-76.4928694,Province of Ontario
"kingston, frontenac and lennox and addington health unit",Clinics and ambulatory care,Kingston,ON,44.22788231,-76.52521331,Province of Ontario
kingsway,Residential and long-term care,Toronto,ON,43.65882728,-79.51442973,Province of Ontario
kingsway arms at aurora retirement centre,Residential and long-term care,Aurora,ON,43.98464644,-79.47641224,Province of Ontario
kingsway arms at elgin lodge,Residential and long-term care,Saugeen Shores,ON,44.44655202,-81.38262099,Province of Ontario
kingsway lodge,Residential and long-term care,Saint Marys,ON,43.25961363,-81.1354479,Province of Ontario
kingsway lodge nursing home,Residential and long-term care,Saint Marys,ON,43.25961363,-81.1354479,Province of Ontario
kipling acres,Residential and long-term care,Toronto,ON,43.72574509,-79.57339555,Province of Ontario
kirkland and district hospital,Hospitals,Kirkland Lake,ON,48.15345,-80.0147,Public Health Agency of Canada
kirkland and district hospital - css,Clinics and ambulatory care,Kirkland Lake,ON,48.15345549,-80.01468335,Province of Ontario
kirkland district family health team,Clinics and ambulatory care,Kirkland Lake,ON,48.15149829,-80.03463446,Province of Ontario
kitchener downtown community health centre,Hospitals,Kitchener,ON,43.4503835,-80.48660672,Province of Ontario
kitchener-waterloo friendship group for seniors,Clinics and ambulatory care,Waterloo,ON,43.4858029,-80.52865543,Province of Ontario
knollcrest lodge,Residential and long-term care,Milverton,ON,43.5706561,-80.92082216,Province of Ontario
knollcrest lodge limited - css,Clinics and ambulatory care,Milverton,ON,43.5706561,-80.92082216,Province of Ontario
kristus darzs latvian home,Residential and long-term care,Vaughan,ON,43.87156441,-79.59579547,Province of Ontario
l'chaim retirement homes inc.,Residential and long-term care,Toronto,ON,43.7542485,-79.44534401,Province of Ontario
l'union culturelle des franco-ontariennes,Clinics and ambulatory care,Ottawa,ON,45.43068626,-75.68049423,Province of Ontario
la chaumiere retirement residence,Residential and long-term care,Lakeshore,ON,42.29896808,-82.77733353,Province of Ontario
la salle manor,Clinics and ambulatory care,Toronto,ON,43.7155347,-79.2842102,Province of Ontario
labdara lithuanian nursing home,Residential and long-term care,Toronto,ON,43.64373408,-79.53092513,Province of Ontario
lac des mille lacs first nation,Clinics and ambulatory care,Thunder Bay,ON,48.40425736,-89.24669336,Province of Ontario
lady dunn health centre,Hospitals,Wawa,ON,48.000868,-84.772074,Public Health Agency of Canada
lady dunn health centre (wawa),Residential and long-term care,Wawa,ON,47.99979,-84.77191449,Province of Ontario
lady minto hospital,Hospitals,Cochrane,ON,49.070779,-81.021531,Public Health Agency of Canada
lake of the woods district hospital,Hospitals,Kenora,ON,49.7671099,-94.4994107,Public Health Agency of Canada
lakehead nurse practitioner-led clinic,Clinics and ambulatory care,Thunder Bay,ON,48.37969466,-89.25001426,Province of Ontario
lakehead university centre for education & research on aging and health (cerah),Residential and long-term care,Thunder Bay,ON,48.42358486,-89.26162667,Province of Ontario
lakeland long term care (eldcap),Residential and long-term care,Parry Sound,ON,45.3407019,-80.0176609,Province of Ontario
lakeland long term care services,Residential and long-term care,Parry Sound,ON,45.340766,-80.017672,Province of Ontario
lakeland village,Residential and long-term care,Kawartha Lakes,ON,44.36378564,-78.72377954,Province of Ontario
lakelands family health team,Clinics and ambulatory care,Northbrook,ON,44.73835937,-77.16101956,Province of Ontario
lakeridge health - ajax,Hospitals,Ajax,ON,43.8376718,-79.0176886,Province of Ontario
lakeridge health - bowmanville,Hospitals,Bowmanville,ON,43.909145,-78.6791354,Public Health Agency of Canada
lakeridge health - oshawa,Hospitals,Oshawa,ON,43.905564,-78.869384,Public Health Agency of Canada
lakeridge health - port perry,Hospitals,Port Perry,ON,44.104888,-78.954839,Public Health Agency of Canada
lakeridge health - whitby,Hospitals,Whitby,ON,43.856003,-78.944334,Public Health Agency of Canada
lakeridge health ajax pickering hospital,Hospitals,Ajax,ON,43.838028,-79.0177,Public Health Agency of Canada
lakeridge health corporation,Residential and long-term care,Whitby,ON,43.87862154,-78.95242597,Province of Ontario
lakeridge health css,Clinics and ambulatory care,Oshawa,ON,43.87402855,-78.88859885,Province of Ontario
lakeridge seniors residence,Residential and long-term care,Penetanguishene,ON,44.76966505,-79.93053146,Province of Ontario
lakeshore area multi-service project inc,Hospitals,Toronto,ON,43.60350777,-79.50338882,Province of Ontario
lakeshore area multi-service project inc. (lamp),Residential and long-term care,Toronto,ON,43.60223377,-79.50005012,Province of Ontario
lakeshore lodge,Residential and long-term care,Toronto,ON,43.59721667,-79.51845532,Province of Ontario
lakeside long term care centre,Residential and long-term care,Toronto,ON,43.636584,-79.433168,Province of Ontario
lakeside retirement at innisfil,Residential and long-term care,Innisfil,ON,44.31427469,-79.5494025,Province of Ontario
lakeview family health team,Clinics and ambulatory care,Brighton,ON,44.04017743,-77.74704389,Province of Ontario
lakeview manor,Residential and long-term care,Beaverton,ON,44.42747763,-79.16356588,Province of Ontario
lakeview retirement centre,Residential and long-term care,Hamilton,ON,43.22011219,-79.72878866,Province of Ontario
lambton elderly outreach,Clinics and ambulatory care,Plympton-Wyoming,ON,42.98009854,-82.11885909,Province of Ontario
lambton meadowview villa,Residential and long-term care,Petrolia,ON,42.88448582,-82.16482359,Province of Ontario
lambton public health,Clinics and ambulatory care,Sarnia,ON,42.98622632,-82.40496907,Province of Ontario
lanark county interval house,Residential and long-term care,Carleton Place,ON,45.14061199,-76.14654846,Province of Ontario
lanark health and community services,Residential and long-term care,Carleton Place,ON,45.12721059,-76.13043566,Province of Ontario
lanark heights long term care centre,Residential and long-term care,Kitchener,ON,43.42436319,-80.53544803,Province of Ontario
lanark lodge,Residential and long-term care,Perth,ON,44.90398014,-76.27207578,Province of Ontario
lanark village,Residential and long-term care,Kitchener,ON,43.42451939,-80.53455943,Province of Ontario
"lanark, leeds and grenville addictions and mental health",Residential and long-term care,Brockville,ON,44.59768821,-75.68863117,Province of Ontario
lance krasman memorial centre for community mental health,Residential and long-term care,Richmond Hill,ON,43.87424932,-79.43774412,Province of Ontario
land o'lakes community services corporation,Clinics and ambulatory care,Northbrook,ON,44.73485927,-77.15766056,Province of Ontario
landmark court,Residential and long-term care,Ottawa,ON,45.35328584,-75.66901942,Province of Ontario
landmark village signature retirement community,Residential and long-term care,Sarnia,ON,42.98366042,-82.35688446,Province of Ontario
langdon retirement villa,Residential and long-term care,Woodstock,ON,43.11615483,-80.74853947,Province of Ontario
langs farm village association,Hospitals,Cambridge,ON,43.3999977,-80.33580576,Province of Ontario
langstaff square care community,Residential and long-term care,Richmond Hill,ON,43.84482422,-79.42478351,Province of Ontario
lapointe-fisher nursing home,Residential and long-term care,Guelph,ON,43.56346913,-80.25748785,Province of Ontario
lasalle park retirement community,Residential and long-term care,Burlington,ON,43.3061966,-79.8527417,Province of Ontario
lasalle residence for seniors,Residential and long-term care,Sudbury,ON,46.52276689,-80.93311137,Province of Ontario
laverendrye general hospital,Hospitals,Fort Frances,ON,48.6060113,-93.3925426,Public Health Agency of Canada
le centre de sante communautaire de l'estrie ontario,Hospitals,Cornwall,ON,45.02919983,-74.73159929,Province of Ontario
le centre de santé communautaire du hamilton-wentworth-niagara inc.,Hospitals,Welland,ON,42.98556287,-79.22488318,Province of Ontario
le genesis,Residential and long-term care,Limoges,ON,45.29369315,-75.22846107,Province of Ontario
le manoir caledonia,Residential and long-term care,Saint Isidore,ON,45.38436928,-74.90026817,Province of Ontario
le pavillon,Residential and long-term care,Embrun,ON,45.27432915,-75.26511528,Province of Ontario
leacock care centre,Residential and long-term care,Orillia,ON,44.60660015,-79.39492597,Province of Ontario
leacock retirement lodge ltd.,Residential and long-term care,Orillia,ON,44.60678815,-79.39654477,Province of Ontario
leamington and area fht,Clinics and ambulatory care,Leamington,ON,42.05048285,-82.61517146,Province of Ontario
leamington district memorial hospital,Hospitals,Leamington,ON,42.048309,-82.614776,Public Health Agency of Canada
leamington mennonite home,Clinics and ambulatory care,Leamington,ON,42.04374165,-82.59059485,Province of Ontario
leamington mennonite home - css,Clinics and ambulatory care,Leamington,ON,42.04374165,-82.59059485,Province of Ontario
leamington mennonite home long term care residence,Residential and long-term care,Leamington,ON,42.04374165,-82.59059485,Province of Ontario
leaside,Residential and long-term care,Toronto,ON,43.7093926,-79.34114138,Province of Ontario
lee manor home,Residential and long-term care,Owen Sound,ON,44.56074357,-80.92749966,Province of Ontario
leeds & grenville community family health team,Clinics and ambulatory care,Brockville,ON,44.60729181,-75.69309047,Province of Ontario
"leeds, grenville and lanark district health unit",Clinics and ambulatory care,Brockville,ON,44.61633712,-75.70355047,Province of Ontario
leisure living retirement home,Residential and long-term care,Jarvis,ON,42.88603672,-80.10467015,Province of Ontario
lennox and addington county general hospital,Hospitals,Napanee,ON,44.240025,-76.967029,Public Health Agency of Canada
lennox and addington county general hospital (css),Clinics and ambulatory care,Napanee,ON,44.2401592,-76.96698966,Province of Ontario
lennox and addington seniors outreach services,Clinics and ambulatory care,Napanee,ON,44.2416673,-76.9669265,Province of Ontario
les centres d'accueil heritage - centre des pionniers (ce lhin),Clinics and ambulatory care,Toronto,ON,43.64944139,-79.36253118,Province of Ontario
les centres d'accueil heritage- centre des pionniers,Clinics and ambulatory care,Toronto,ON,43.64944139,-79.36253118,Province of Ontario
les promenades,Residential and long-term care,Ottawa,ON,45.48979007,-75.50373128,Province of Ontario
lifetimes on riverside,Residential and long-term care,Windsor,ON,42.32614478,-82.9967336,Province of Ontario
light-haven home inc.,Residential and long-term care,Bruce Mines,ON,46.3030368,-83.78857256,Province of Ontario
lincoln park retirement residence,Residential and long-term care,Grimsby,ON,43.185995,-79.52649269,Province of Ontario
linhaven,Residential and long-term care,St Catharines,ON,43.18351721,-79.26633031,Province of Ontario
links2care,Clinics and ambulatory care,Oakville,ON,43.51086305,-79.67178966,Province of Ontario
listowel memorial hospital,Clinics and ambulatory care,Listowel,ON,43.73336822,-80.94894479,Province of Ontario
listowel wingham hospitals alliance - listowel memorial hospital,Hospitals,Listowel,ON,43.7333597,-80.9489409,Public Health Agency of Canada
listowel wingham hospitals alliance - wingham and district hospital,Hospitals,Wingham,ON,43.8848,-81.306698,Public Health Agency of Canada
living life on the avenue retirement residence,Residential and long-term care,Toronto,ON,43.70583549,-79.4102162,Province of Ontario
livingstone manor retirement residence,Residential and long-term care,Listowel,ON,43.73326732,-80.95802589,Province of Ontario
loft community service (central lhin),Clinics and ambulatory care,Toronto,ON,43.65032438,-79.37590518,Province of Ontario
loft community services,Residential and long-term care,Toronto,ON,43.66563579,-79.37378508,Province of Ontario
lombard manor,Residential and long-term care,Lombardy,ON,44.80388423,-76.09521292,Province of Ontario
london family health team,Clinics and ambulatory care,London,ON,42.99157728,-81.29416603,Province of Ontario
london health sciences centre,Residential and long-term care,London,ON,42.99908238,-81.25457602,Province of Ontario
london health sciences centre (corporate office),Hospitals,London,ON,42.960029,-81.22543,Public Health Agency of Canada
london health sciences centre - south street site,Hospitals,London,ON,42.9868096,-81.2511264,Public Health Agency of Canada
london health sciences centre - university,Hospitals,London,ON,43.0124531,-81.2745418,Province of Ontario
london health sciences centre - university campus,Hospitals,London,ON,43.012453,-81.274542,Public Health Agency of Canada
london health sciences centre - victoria,Hospitals,London,ON,42.95834398,-81.2255589,Province of Ontario
london health sciences centre - victoria campus,Hospitals,London,ON,42.96036,-81.226631,Public Health Agency of Canada
london intercommunity health centre,Hospitals,London,ON,42.98903318,-81.22974771,Province of Ontario
longfields manor,Residential and long-term care,Ottawa,ON,45.28026603,-75.72981554,Province of Ontario
longworth retirement residence,Residential and long-term care,London,ON,42.95010837,-81.30690393,Province of Ontario
lookout ridge retirement community,Residential and long-term care,Pelham,ON,43.04374608,-79.30042241,Province of Ontario
lord dufferin centre,Residential and long-term care,Orangeville,ON,43.9218086,-80.09862694,Province of Ontario
lovesick lake native women's association,Clinics and ambulatory care,Lakefield,ON,44.4230619,-78.2715271,Province of Ontario
lower outaouais family health team,Clinics and ambulatory care,Hawkesbury,ON,45.60939633,-74.61034769,Province of Ontario
loyalist fht,Clinics and ambulatory care,Amherstview,ON,44.21909631,-76.64518225,Province of Ontario
loyalist retirement residence,Residential and long-term care,St Catharines,ON,43.1615002,-79.2429597,Province of Ontario
lumacare services,Clinics and ambulatory care,Toronto,ON,43.7346967,-79.44516391,Province of Ontario
lundy manor,Residential and long-term care,Niagara Falls,ON,43.0883173,-79.12817585,Province of Ontario
luther village on the park-sunshine centre,Residential and long-term care,Waterloo,ON,43.4636862,-80.53586363,Province of Ontario
lutherwood children's mental health services,Clinics and ambulatory care,Waterloo,ON,43.5004006,-80.5680104,Public Health Agency of Canada
lynde creek manor,Residential and long-term care,Whitby,ON,43.91091175,-78.96236807,Province of Ontario
lynwood park lodge,Residential and long-term care,Ottawa,ON,45.32671513,-75.81749627,Province of Ontario
maamwesying north shore community health services,Clinics and ambulatory care,Cutler,ON,46.20594026,-82.42192801,Province of Ontario
maamwesying north shore community health services - css,Clinics and ambulatory care,Cutler,ON,46.20594026,-82.42192801,Province of Ontario
macassa lodge,Residential and long-term care,Hamilton,ON,43.22567639,-79.84867319,Province of Ontario
macassa lodge adult day program,Clinics and ambulatory care,Hamilton,ON,43.25983089,-79.94970123,Province of Ontario
mackay manor,Residential and long-term care,Renfrew,ON,45.47131762,-76.68525007,Province of Ontario
mackenzie health,Clinics and ambulatory care,Richmond Hill,ON,43.87045412,-79.45081182,Province of Ontario
mackenzie health - richmond hill,Hospitals,Richmond Hill,ON,43.87030772,-79.44955502,Province of Ontario
mackenzie health long term care facility,Residential and long-term care,Richmond Hill,ON,43.87045412,-79.45081182,Province of Ontario
mackenzie place,Residential and long-term care,Newmarket,ON,44.05748695,-79.47891695,Province of Ontario
mackenzie richmond hill hospital,Hospitals,Richmond Hill,ON,43.8705482,-79.4503859,Public Health Agency of Canada
madison community services,Residential and long-term care,Toronto,ON,43.65522609,-79.38747389,Province of Ontario
madonna care community,Residential and long-term care,Ottawa,ON,45.46043427,-75.559988,Province of Ontario
magnetawan first nation,Clinics and ambulatory care,Britt,ON,45.77055329,-80.49749804,Province of Ontario
main street terrace,Residential and long-term care,Toronto,ON,43.68160949,-79.29859826,Province of Ontario
mainstay housing,Residential and long-term care,Toronto,ON,43.65746389,-79.35716348,Province of Ontario
maison arc-en-ciel centre de rehabilitation du nord de l'ontario inc.,Residential and long-term care,Opasatika,ON,49.52903373,-82.87745628,Province of Ontario
maison de soins palliatifs de sudbury hospice,Clinics and ambulatory care,Sudbury,ON,46.470769,-80.967571,Province of Ontario
maison fraternité - fraternity house,Residential and long-term care,Ottawa,ON,45.43481376,-75.66212013,Province of Ontario
maison renaissance de la rehabilitation,Residential and long-term care,Jogues,ON,49.6830758,-83.66989437,Province of Ontario
maitland manor,Residential and long-term care,Goderich,ON,43.73314149,-81.71190013,Province of Ontario
maitland valley family health team,Clinics and ambulatory care,Goderich,ON,43.74963479,-81.70373413,Province of Ontario
malcolm place retirement residence,Residential and long-term care,Kincardine,ON,44.17975057,-81.63518815,Province of Ontario
malton village long term care centre,Residential and long-term care,Mississauga,ON,43.71847959,-79.62437147,Province of Ontario
mamaweswen north shore tribal council,Clinics and ambulatory care,Cutler,ON,46.20594026,-82.42192801,Province of Ontario
mango tree family health team - equipe sante familiale,Clinics and ambulatory care,Guelph,ON,43.474055,-80.151062,Province of Ontario
manitoulin centennial manor home for the aged,Residential and long-term care,Little Current,ON,45.98389625,-81.93648973,Province of Ontario
manitoulin central family health team,Clinics and ambulatory care,Mindemoya,ON,45.7379682,-82.1675296,Province of Ontario
manitoulin family resources incorporated,Residential and long-term care,Mindemoya,ON,45.7324213,-82.16731578,Province of Ontario
manitoulin health centre,Hospitals,Little Current,ON,45.980138,-81.931943,Canadian Institute for Health Information
manitoulin health centre - little current,Hospitals,Little Current,ON,45.97905365,-81.92683393,Province of Ontario
manitoulin health centre - little current site,Hospitals,Little Current,ON,45.978547,-81.92662,Public Health Agency of Canada
manitoulin health centre - mindemoya,Hospitals,Mindemoya,ON,45.7379543,-82.16749018,Province of Ontario
manitoulin health centre - mindemoya site,Hospitals,Mindemoya,ON,45.73814,-82.166739,Public Health Agency of Canada
manitoulin lodge,Residential and long-term care,Gore Bay,ON,45.91388961,-82.46562059,Province of Ontario
manitouwadge general hospital,Hospitals,Manitouwadge,ON,49.127201,-85.8242264,Public Health Agency of Canada
manitowaning medical clinic board,Clinics and ambulatory care,Manitowaning,ON,45.74503062,-81.80696106,Province of Ontario
manoir carillon manor inc.,Residential and long-term care,Blondeau,ON,45.58909213,-74.47305594,Province of Ontario
manoir marochel,Residential and long-term care,Ottawa,ON,45.44785486,-75.62821042,Province of Ontario
manoir mcgill,Residential and long-term care,Hawkesbury,ON,45.60837973,-74.61369449,Province of Ontario
manoir mcgill 342,Residential and long-term care,Hawkesbury,ON,45.60770963,-74.61487659,Province of Ontario
manoir rockland manor,Residential and long-term care,Clarence-Rockland,ON,45.54633329,-75.30048322,Province of Ontario
manotick place retirement community,Residential and long-term care,Ottawa,ON,45.22742182,-75.68537372,Province of Ontario
maple city centre for older adults o/a active lifestyle centre,Clinics and ambulatory care,Chatham-Kent,ON,42.39876093,-82.20622706,Province of Ontario
maple city retirement inc.,Residential and long-term care,Chatham-Kent,ON,42.41568693,-82.20527286,Province of Ontario
maple court retirement residence,Residential and long-term care,Walkerton,ON,44.11737428,-81.15042619,Province of Ontario
maple fht,Clinics and ambulatory care,Kingston,ON,44.24193642,-76.51566161,Province of Ontario
maple grove care community,Residential and long-term care,Brampton,ON,43.75771219,-79.75483001,Province of Ontario
maple lodge retirement home,Residential and long-term care,Simcoe,ON,42.8407145,-80.31065081,Province of Ontario
maple manor nursing home,Residential and long-term care,Tillsonburg,ON,42.86006238,-80.72991974,Province of Ontario
maple manor residence,Residential and long-term care,Belleville,ON,44.14600826,-77.421061,Province of Ontario
maple park lodge,Residential and long-term care,Fort Erie,ON,42.91045417,-78.92271967,Province of Ontario
maple view,Residential and long-term care,Owen Sound,ON,44.56743597,-80.94905687,Province of Ontario
maple view lodge,Residential and long-term care,Athens,ON,44.63454631,-75.93144305,Province of Ontario
maple view retirement residence,Residential and long-term care,Norwood,ON,44.37701618,-77.97470459,Province of Ontario
maple view terrace retirement residence,Residential and long-term care,London,ON,42.98010548,-81.24186251,Province of Ontario
maple villa long term care centre,Residential and long-term care,Burlington,ON,43.31995171,-79.80289539,Province of Ontario
maplecrest,Residential and long-term care,Grimsby,ON,43.1913112,-79.5549473,Province of Ontario
maplewood,Residential and long-term care,Brighton,ON,44.0396526,-77.7444136,Province of Ontario
maplewood retirement community,Residential and long-term care,Ottawa,ON,45.41117415,-75.65366022,Province of Ontario
maplewood retirement home,Residential and long-term care,Penetanguishene,ON,44.76607675,-79.93728966,Province of Ontario
marathon family health team,Clinics and ambulatory care,Marathon,ON,48.717913,-86.37614421,Province of Ontario
march of dimes canada - barrie,Clinics and ambulatory care,Barrie,ON,44.32635169,-79.68906414,Province of Ontario
march of dimes canada - durham,Clinics and ambulatory care,Toronto,ON,43.703519,-79.35245538,Province of Ontario
march of dimes canada - east region,Clinics and ambulatory care,Brockville,ON,44.60510291,-75.68433467,Province of Ontario
march of dimes canada - hamilton,Clinics and ambulatory care,Hamilton,ON,43.20362518,-79.89552741,Province of Ontario
march of dimes canada - niagara,Clinics and ambulatory care,Thorold,ON,43.1129363,-79.24221079,Province of Ontario
march of dimes canada - peel,Clinics and ambulatory care,Mississauga,ON,43.54312435,-79.68396367,Province of Ontario
march of dimes canada - sarnia,Clinics and ambulatory care,Sarnia,ON,42.9764666,-82.3412744,Province of Ontario
march of dimes canada - sudbury,Clinics and ambulatory care,Sudbury,ON,46.49155318,-80.99327208,Province of Ontario
march of dimes canada - toronto,Clinics and ambulatory care,Toronto,ON,43.703519,-79.35245538,Province of Ontario
march of dimes canada - york,Clinics and ambulatory care,Richmond Hill,ON,43.95209263,-79.45593283,Province of Ontario
march of dimes canada - york simcoe,Clinics and ambulatory care,Richmond Hill,ON,43.95209263,-79.45593283,Province of Ontario
margaret's housing and community support services,Residential and long-term care,Toronto,ON,43.66414319,-79.35173817,Province of Ontario
marian residence retirement home,Residential and long-term care,Cambridge,ON,43.39325349,-80.37658168,Province of Ontario
marianhill inc.,Clinics and ambulatory care,Pembroke,ON,45.81487556,-77.10391504,Province of Ontario
marianhill nursing home,Residential and long-term care,Pembroke,ON,45.81487556,-77.10391504,Province of Ontario
mariann home,Clinics and ambulatory care,Richmond Hill,ON,43.86921402,-79.43615722,Province of Ontario
marina point village,Residential and long-term care,North Bay,ON,46.31138583,-79.46712166,Province of Ontario
markham fht,Clinics and ambulatory care,Markham,ON,43.88472803,-79.23194586,Province of Ontario
markham stouffville hospital,Hospitals,Markham,ON,43.883994,-79.231971,Public Health Agency of Canada
markham stouffville hospital - uxbridge,Hospitals,Uxbridge,ON,44.1029152,-79.1274051,Province of Ontario
markham stouffville hospital - uxbridge site,Hospitals,Uxbridge,ON,44.102915,-79.127405,Public Health Agency of Canada
markhaven,Residential and long-term care,Markham,ON,43.88371943,-79.25422906,Province of Ontario
marshall gowland manor,Residential and long-term care,Sarnia,ON,42.96399632,-82.38446927,Province of Ontario
martindale gardens retirement residence,Residential and long-term care,Milton,ON,43.51461904,-79.88332653,Province of Ontario
mary berglund community health centre,Hospitals,Ignace,ON,49.40550272,-91.63476557,Province of Ontario
maryvale adolescent and family services,Residential and long-term care,Windsor,ON,42.28938127,-83.07342992,Province of Ontario
mattawa general hospital inc.,Hospitals,Mattawa,ON,48.539433,-80.469727,Public Health Agency of Canada
matthews memorial hospital,Hospitals,Richards Landing,ON,46.293495,-84.035248,Public Health Agency of Canada
mauno kaihla koti,Residential and long-term care,Sault Ste Marie,ON,46.5396691,-84.33693736,Province of Ontario
maxville manor,Residential and long-term care,Maxville,ON,45.28415857,-74.86345425,Province of Ontario
maxville manor - seniors outreach services,Clinics and ambulatory care,Maxville,ON,45.28415857,-74.86345425,Province of Ontario
maynard nursing home,Residential and long-term care,Toronto,ON,43.64880888,-79.4191815,Province of Ontario
mccall centre long term care interim unit,Residential and long-term care,Toronto,ON,43.61006437,-79.56210244,Province of Ontario
mccarthy place retirement residence,Residential and long-term care,Stratford,ON,43.38696146,-80.97947017,Province of Ontario
mccormick home,Residential and long-term care,London,ON,42.96884017,-81.35418445,Province of Ontario
mccormick home - css,Clinics and ambulatory care,London,ON,42.96884017,-81.35418445,Province of Ontario
mccowan retirement residence,Residential and long-term care,Toronto,ON,43.73815011,-79.23978785,Province of Ontario
mcgarrell place,Residential and long-term care,London,ON,43.02383798,-81.29614393,Province of Ontario
mcmaster fht,Clinics and ambulatory care,Hamilton,ON,43.25694419,-79.87352471,Province of Ontario
mcmaster university,Clinics and ambulatory care,Hamilton,ON,43.25694419,-79.87352471,Province of Ontario
mcnicoll manor/moll berczy haus,Residential and long-term care,Toronto,ON,43.80577041,-79.33598338,Province of Ontario
mcvean lodge,Residential and long-term care,Hanover,ON,44.15991379,-81.01744915,Province of Ontario
meadow park (london),Residential and long-term care,London,ON,42.94667847,-81.2020519,Province of Ontario
meadow park nursing home (chatham),Residential and long-term care,Chatham-Kent,ON,42.40705193,-82.19885326,Province of Ontario
meadowlands retirement residence,Residential and long-term care,Hamilton,ON,43.23239719,-79.93370432,Province of Ontario
meaford long term care - a peoplecare community,Residential and long-term care,Meaford,ON,44.61169379,-80.60054596,Province of Ontario
meals on wheels (chatham) inc.,Clinics and ambulatory care,Chatham-Kent,ON,42.40202073,-82.20304236,Province of Ontario
meals on wheels (dresden) inc.,Clinics and ambulatory care,West Dresden,ON,42.59676157,-82.17940997,Province of Ontario
meals on wheels (sudbury) inc.,Clinics and ambulatory care,Sudbury,ON,46.49470768,-80.95971647,Province of Ontario
meals on wheels and community home support,Clinics and ambulatory care,Cambridge,ON,43.37975439,-80.29956155,Province of Ontario
meals on wheels and more (north york central meals on wheels inc.),Clinics and ambulatory care,Toronto,ON,43.7607988,-79.4148853,Province of Ontario
meals on wheels east toronto,Clinics and ambulatory care,Toronto,ON,43.67752429,-79.35373148,Province of Ontario
meals on wheels london,Clinics and ambulatory care,London,ON,42.98760838,-81.24240391,Province of Ontario
meals on wheels niagara falls ont. inc.,Clinics and ambulatory care,Niagara Falls,ON,43.0941845,-79.09047414,Province of Ontario
meals on wheels of kitchener-waterloo,Clinics and ambulatory care,Kitchener,ON,43.4657755,-80.46460621,Province of Ontario
meals on wheels port colborne inc.,Clinics and ambulatory care,Port Colborne,ON,42.87955475,-79.25899238,Province of Ontario
meals on wheels ridgetown,Clinics and ambulatory care,Chatham-Kent,ON,42.44030685,-81.88573046,Province of Ontario
meals on wheels thorold - st. catharines,Clinics and ambulatory care,St Catharines,ON,43.17393961,-79.21119209,Province of Ontario
mennonite brethren senior citizens home,Residential and long-term care,St Catharines,ON,43.1888487,-79.2335379,Province of Ontario
mennonite brethren senior citizens home (tabor manor),Clinics and ambulatory care,St Catharines,ON,43.18885721,-79.2335412,Province of Ontario
mental health connections,Residential and long-term care,Windsor,ON,42.31104457,-83.02847121,Province of Ontario
mental health consumer/survivor employment association of essex county,Residential and long-term care,Windsor,ON,42.30368457,-83.0259966,Province of Ontario
mental health consumer/survivor project for simcoe county,Residential and long-term care,Collingwood,ON,44.50018969,-80.21474973,Province of Ontario
mental health rights coalition of hamilton,Residential and long-term care,Hamilton,ON,43.25415179,-79.8652906,Province of Ontario
metcalfe gardens,Residential and long-term care,Saint Thomas,ON,42.77636734,-81.19985288,Province of Ontario
metis nation of ontario,Clinics and ambulatory care,Ottawa,ON,45.43412176,-75.68401973,Province of Ontario
michipicoten first nation,Clinics and ambulatory care,Wawa,ON,47.992426,-84.77106439,Province of Ontario
mics group of health services,Hospitals,Matheson,ON,48.539577,-80.469962,Canadian Institute for Health Information
mid toronto community services,Clinics and ambulatory care,Toronto,ON,43.66390759,-79.37133008,Province of Ontario
middlesex terrace,Residential and long-term care,Delaware,ON,42.92353736,-81.42514196,Province of Ontario
middlesex-london health unit,Clinics and ambulatory care,London,ON,42.98145508,-81.25403822,Province of Ontario
midland gardens care community,Residential and long-term care,Toronto,ON,43.7083586,-79.24749635,Province of Ontario
mill creek care centre,Residential and long-term care,Barrie,ON,44.3689931,-79.65609964,Province of Ontario
millennium trail manor,Residential and long-term care,Niagara Falls,ON,43.076347,-79.11734305,Province of Ontario
mills community support corporation,Residential and long-term care,Mississippi Mills,ON,45.2319404,-76.17982318,Province of Ontario
milton meals on wheels,Clinics and ambulatory care,Milton,ON,43.51655054,-79.87240973,Province of Ontario
minto counselling centre,Residential and long-term care,Cochrane,ON,49.06971147,-81.0205333,Province of Ontario
minto-mapleton fht,Clinics and ambulatory care,West Drayton,ON,43.74854154,-80.6769968,Province of Ontario
miramichi lodge,Residential and long-term care,Pembroke,ON,45.82684776,-77.13017355,Province of Ontario
mishkeegogamang first nation,Clinics and ambulatory care,Osnaburgh,ON,51.09162344,-90.22967264,Province of Ontario
misiway milopemahtesewin community health centre,Hospitals,Timmins,ON,48.47551847,-81.33909213,Province of Ontario
missanabie cree first nation,Clinics and ambulatory care,Sault Ste Marie,ON,46.5232769,-84.28704994,Province of Ontario
"mission services of hamilton, inc.",Residential and long-term care,Hamilton,ON,43.25764419,-79.8453468,Province of Ontario
mission services of london,Residential and long-term care,London,ON,42.98426958,-81.23668761,Province of Ontario
mississauga halton local health integration network,Clinics and ambulatory care,Oakville,ON,43.44351973,-79.69677947,Province of Ontario
mississauga halton local health integration network (lhin op),Clinics and ambulatory care,Oakville,ON,43.44351973,-79.69677947,Province of Ontario
mississauga integrated care centre (css),Clinics and ambulatory care,Oakville,ON,43.44351973,-79.69677947,Province of Ontario
mississauga long term care facility,Residential and long-term care,Mississauga,ON,43.54970386,-79.59094324,Province of Ontario
mississaugas of scugog island,Clinics and ambulatory care,Port Perry,ON,44.1937904,-78.87966677,Province of Ontario
mississaugas of the new credit first nation,Clinics and ambulatory care,Hagersville,ON,42.99997294,-80.09523395,Province of Ontario
mitchell nursing home,Residential and long-term care,Mitchell,ON,43.47396537,-81.20189084,Province of Ontario
mlp residence,Residential and long-term care,Edward,ON,43.99693674,-77.1714805,Province of Ontario
mnaamodzawin health services inc.,Clinics and ambulatory care,Little Current,ON,45.95924384,-81.99721545,Province of Ontario
mohawks of the bay of quinte,Clinics and ambulatory care,Deseronto,ON,44.18710588,-77.14210421,Province of Ontario
moira place long-term care home,Residential and long-term care,Tweed,ON,44.47111572,-77.31915479,Province of Ontario
momiji health care society,Clinics and ambulatory care,Toronto,ON,43.73940621,-79.21524634,Province of Ontario
mon sheong home for the aged,Residential and long-term care,Toronto,ON,43.65527498,-79.39314779,Province of Ontario
mon sheong private care,Residential and long-term care,Markham,ON,43.82684752,-79.29923177,Province of Ontario
mon sheong richmond hill long term care centre,Residential and long-term care,Richmond Hill,ON,43.90134473,-79.44320193,Province of Ontario
mon sheong scarborough long term care centre,Residential and long-term care,Toronto,ON,43.81309612,-79.29999097,Province of Ontario
monarch recovery services,Residential and long-term care,Sudbury,ON,46.49331688,-80.99805638,Province of Ontario
montfort,Residential and long-term care,Ottawa,ON,45.44672936,-75.64059562,Province of Ontario
montfort hospital,Hospitals,Ottawa,ON,45.446225,-75.639213,Canadian Institute for Health Information
montfort renaissance inc.,Residential and long-term care,Ottawa,ON,45.43059996,-75.69116704,Province of Ontario
montfort renaissance inc. (css),Clinics and ambulatory care,Ottawa,ON,45.43059996,-75.69116704,Province of Ontario
montgomery retirement home,Residential and long-term care,Hamilton,ON,43.23824919,-79.80138348,Province of Ontario
mood disorders association of ontario,Residential and long-term care,Kenora,ON,49.77572754,-94.4852186,Province of Ontario
"mornington, ellice and milverton wheels to meals",Clinics and ambulatory care,Brunner,ON,43.52179349,-80.91997886,Province of Ontario
morriston park nursing home,Residential and long-term care,Puslinch,ON,43.44004921,-80.1276776,Province of Ontario
mount carmel home,Residential and long-term care,St Catharines,ON,43.1570702,-79.2530913,Province of Ontario
mount forest family health team inc.,Clinics and ambulatory care,Mount Forest,ON,43.97389778,-80.73860594,Province of Ontario
mount hope centre for long term care,Residential and long-term care,London,ON,42.99894988,-81.25634222,Province of Ontario
mount nemo christian nursing home,Residential and long-term care,Burlington,ON,43.40257242,-79.87556992,Province of Ontario
mount sinai academic family health team,Clinics and ambulatory care,Toronto,ON,43.65782059,-79.39182829,Province of Ontario
mount sinai hospital,Hospitals,Toronto,ON,43.6575099,-79.3902938,Public Health Agency of Canada
mountainview residence,Residential and long-term care,Halton Hills,ON,43.66226436,-79.91969106,Province of Ontario
mulcaster mews,Residential and long-term care,Barrie,ON,44.3947329,-79.68659285,Province of Ontario
multi-service centre,Clinics and ambulatory care,Tillsonburg,ON,42.86541598,-80.72278514,Province of Ontario
municipality of greenstone - geraldton site,Residential and long-term care,Geraldton,ON,49.70375969,-86.95431135,Province of Ontario
municipality of machin,Clinics and ambulatory care,Vermilion Bay,ON,49.85523524,-93.38452278,Province of Ontario
munsee-delaware nation (css),Clinics and ambulatory care,Muncey,ON,42.78619623,-81.47355197,Province of Ontario
murrays millwood manor inc.,Residential and long-term care,Kitchener,ON,43.4343965,-80.48010171,Province of Ontario
muskoka / parry sound sexual assault services,Residential and long-term care,Parry Sound,ON,45.34299404,-80.03368725,Province of Ontario
muskoka algonquin healthcare,Hospitals,North Huntsville,ON,45.339007,-79.202346,Canadian Institute for Health Information
muskoka algonquin healthcare - bracebridge,Hospitals,Bracebridge,ON,45.04634253,-79.31406019,Province of Ontario
muskoka algonquin healthcare - huntsville,Hospitals,Huntsville,ON,45.339096,-79.206053,Province of Ontario
muskoka algonquin healthcare - huntsville district memorial hospital site,Hospitals,Huntsville,ON,45.047582,-79.314327,Public Health Agency of Canada
muskoka hills retirement villa inc.,Residential and long-term care,Bracebridge,ON,45.04145923,-79.3417894,Province of Ontario
muskoka landing,Residential and long-term care,Huntsville,ON,45.33624348,-79.20221468,Province of Ontario
muskoka seniors home assistance,Clinics and ambulatory care,Huntsville,ON,45.33460128,-79.20581248,Province of Ontario
muskoka shores care community,Residential and long-term care,Gravenhurst,ON,44.9143044,-79.36729389,Province of Ontario
n'swakamok native friendship centre,Residential and long-term care,Sudbury,ON,46.49312158,-80.99907568,Province of Ontario
n'swakamok native friendship centre - css,Clinics and ambulatory care,Sudbury,ON,46.49312158,-80.99907568,Province of Ontario
nabors,Clinics and ambulatory care,Toronto,ON,43.66168609,-79.38275468,Province of Ontario
naicatchewenin first nation (css),Clinics and ambulatory care,Devlin,ON,48.61912,-93.6722669,Province of Ontario
naotkamegwanning first nation,Clinics and ambulatory care,Pawitik,ON,49.40391864,-93.96595177,Province of Ontario
native canadian centre of toronto,Clinics and ambulatory care,Toronto,ON,43.66819929,-79.40494999,Province of Ontario
native horizons treatment centre,Residential and long-term care,Hagersville,ON,42.98772413,-80.10426815,Province of Ontario
near north palliative care network,Clinics and ambulatory care,North Bay,ON,46.32366203,-79.49630168,Province of Ontario
neighbourhood link support services,Clinics and ambulatory care,Toronto,ON,43.6910508,-79.28983636,Province of Ontario
nepean support services for seniors and adults with physical disabilities,Clinics and ambulatory care,Ottawa,ON,45.321669,-75.8259923,Province of Ontario
new beginnings abi and stroke recovery association,Clinics and ambulatory care,Chatham-Kent,ON,42.40422263,-82.16460105,Province of Ontario
new beginnings club & brain injury association of chatham/kent,Clinics and ambulatory care,Chatham-Kent,ON,42.40422263,-82.16460105,Province of Ontario
new beginnings rest home,Residential and long-term care,Leamington,ON,42.05143065,-82.60541785,Province of Ontario
new horizons day centre inc.,Clinics and ambulatory care,Toronto,ON,43.7309991,-79.43208871,Province of Ontario
new horizons tower,Residential and long-term care,Toronto,ON,43.65988208,-79.4361522,Province of Ontario
new unionville home society,Clinics and ambulatory care,Markham,ON,43.86143002,-79.31443048,Province of Ontario
new village retirement home,Residential and long-term care,Hamilton,ON,43.21627369,-79.71616285,Province of Ontario
new vision family health team,Clinics and ambulatory care,Kitchener,ON,43.42521479,-80.51060642,Province of Ontario
new visions toronto,Clinics and ambulatory care,Toronto,ON,43.64955079,-79.36550668,Province of Ontario
niagara district homes committee for the physically disabled (the),Clinics and ambulatory care,Welland,ON,42.99040277,-79.22212028,Province of Ontario
niagara falls community health centre,Residential and long-term care,Niagara Falls,ON,43.1068325,-79.06717924,Province of Ontario
niagara gardens retirement manor,Residential and long-term care,St Catharines,ON,43.17261621,-79.23379749,Province of Ontario
niagara health system,Residential and long-term care,St Catharines,ON,43.1536715,-79.27850371,Province of Ontario
niagara health system - douglas memorial,Hospitals,Fort Erie,ON,42.912417,-78.923924,Province of Ontario
niagara health system - douglas memorial hospital,Hospitals,Fort Erie,ON,42.9124531,-78.9241185,Public Health Agency of Canada
niagara health system - greater niagara,Hospitals,Niagara Falls,ON,43.0942273,-79.0894642,Province of Ontario
niagara health system - greater niagara general site,Hospitals,Niagara Falls,ON,43.094227,-79.089464,Public Health Agency of Canada
niagara health system - niagara-on-the-lake,Hospitals,Niagara-On-The,ON,43.25373703,-79.06722095,Province of Ontario
niagara health system - niagara-on-the-lake hospital site,Hospitals,Niagara-On-The-Lake,ON,43.2532233,-79.0661169,Public Health Agency of Canada
niagara health system - port colborne,Hospitals,Port Colborne,ON,42.8797823,-79.2596002,Province of Ontario
niagara health system - port colborne general site,Hospitals,Port Colborne,ON,42.8797041,-79.2586964,Public Health Agency of Canada
niagara health system - st. catharines,Hospitals,St Catharines,ON,43.153522,-79.278683,Province of Ontario
niagara health system - st. catharines general site,Hospitals,St Catharines,ON,43.153663,-79.2785,Public Health Agency of Canada
niagara health system - welland hospital,Hospitals,Welland,ON,42.979004,-79.249082,Province of Ontario
niagara health system - welland hospital site,Residential and long-term care,Welland,ON,42.9798733,-79.2485612,Public Health Agency of Canada
"niagara health system, welland hospital site, extended care unit",Residential and long-term care,Welland,ON,42.97988177,-79.24856448,Province of Ontario
niagara ina grafton gage village,Clinics and ambulatory care,St Catharines,ON,43.20027151,-79.22528859,Province of Ontario
niagara medical group fht,Clinics and ambulatory care,Niagara Falls,ON,43.1068991,-79.06618594,Province of Ontario
niagara north family health team,Clinics and ambulatory care,St Catharines,ON,43.1593453,-79.254451,Province of Ontario
niagara region public health department,Clinics and ambulatory care,St Catharines,ON,43.16930461,-79.23212199,Province of Ontario
niagara-on-the lake community palliative care service,Clinics and ambulatory care,Niagara-On-The-Lake,ON,43.2532233,-79.0661169,Province of Ontario
nimigon retirement home,Residential and long-term care,Niagara Falls,ON,43.0900255,-79.12455225,Province of Ontario
nine mile villa inc.,Residential and long-term care,Lucknow,ON,43.96015144,-81.51561029,Province of Ontario
nipigon district family health team,Clinics and ambulatory care,Nipigon,ON,49.01558441,-88.27591226,Province of Ontario
nipigon district memorial hospital,Hospitals,Nipigon,ON,49.0155755,-88.2759054,Public Health Agency of Canada
nipigon district memorial hospital (css),Clinics and ambulatory care,Nipigon,ON,49.01558441,-88.27591226,Province of Ontario
nipissing first nation,Clinics and ambulatory care,Garden Village,ON,46.3232682,-79.8737752,Province of Ontario
nipissing manor nursing care center,Residential and long-term care,Corbeil,ON,46.24835493,-79.33681562,Province of Ontario
nipissing manor retirement home,Residential and long-term care,Corbeil,ON,46.24835493,-79.33681562,Province of Ontario
nipissing mental health housing and support services,Residential and long-term care,Mattawa,ON,46.31096797,-78.71357712,Province of Ontario
nipissing mental health supportive housing services (css),Clinics and ambulatory care,North Bay,ON,46.31098603,-79.46200326,Province of Ontario
nisbet lodge,Residential and long-term care,Toronto,ON,43.68025289,-79.34558197,Province of Ontario
nithview community,Residential and long-term care,New Hamburg,ON,43.38053997,-80.70159538,Province of Ontario
nithview home,Residential and long-term care,New Hamburg,ON,43.38053997,-80.70159538,Province of Ontario
noojmowin teg health centre,Residential and long-term care,Mchigeeng,ON,45.82419571,-82.16152349,Province of Ontario
noojmowin teg health centre (css),Clinics and ambulatory care,Little Current,ON,45.959337,-81.99722,Province of Ontario
norfinch care community,Residential and long-term care,Toronto,ON,43.7567876,-79.52618684,Province of Ontario
norfolk general hospital,Hospitals,Simcoe,ON,42.8354184,-80.3145314,Public Health Agency of Canada
norfolk manor,Residential and long-term care,Guelph,ON,43.54663653,-80.25378525,Province of Ontario
north bay general hospital - mclaren site,Hospitals,North Bay,ON,46.3196998,-79.4661452,Public Health Agency of Canada
north bay meals-on-wheels (von),Clinics and ambulatory care,North Bay,ON,46.33250523,-79.46419197,Province of Ontario
north bay nurse practitioner-led clinic inc.,Clinics and ambulatory care,North Bay,ON,46.27323603,-79.44339565,Province of Ontario
north bay parry sound district health unit,Clinics and ambulatory care,North Bay,ON,46.31340353,-79.46767627,Province of Ontario
north bay recovery home,Residential and long-term care,North Bay,ON,46.31399013,-79.46837557,Province of Ontario
north bay regional health centre,Hospitals,North Bay,ON,46.335613,-79.498369,Public Health Agency of Canada
north bay regional health centre (css),Clinics and ambulatory care,North Bay,ON,46.33497033,-79.49472418,Province of Ontario
north bay regional health centre - kirkwood,Hospitals,Sudbury,ON,46.478219,-80.963619,Province of Ontario
north bay regional health centre-north bay site,Hospitals,North Bay,ON,46.343223,-79.487283,Canadian Institute for Health Information
north centennial manor,Residential and long-term care,Kapuskasing,ON,49.42402834,-82.43174902,Province of Ontario
north channel nurse practitioner-led clinic,Clinics and ambulatory care,Thessalon,ON,46.2630294,-83.56246758,Province of Ontario
north durham family health team,Clinics and ambulatory care,Port Perry,ON,44.10416318,-78.95388459,Province of Ontario
north east community care access centre (css),Clinics and ambulatory care,Sudbury,ON,46.4940499,-80.9927599,Province of Ontario
north east local health integration network,Clinics and ambulatory care,North Bay,ON,46.30356203,-79.45950156,Province of Ontario
north east local health integration network (lhin op),Clinics and ambulatory care,North Bay,ON,46.30356203,-79.45950156,Province of Ontario
north hamilton community health centre,Hospitals,Hamilton,ON,43.2727537,-79.8583639,Province of Ontario
north hastings fht,Clinics and ambulatory care,Bancroft,ON,45.0550849,-77.86421482,Province of Ontario
north huron family health team,Clinics and ambulatory care,Arthur,ON,43.8849205,-81.3069631,Province of Ontario
north lambton community health centre,Hospitals,Lambton Shores,ON,43.09633566,-82.00250066,Province of Ontario
north lambton lodge,Residential and long-term care,Lambton Shores,ON,43.09281026,-81.99290376,Province of Ontario
north lanark county community health centre inc.,Hospitals,Smiths Falls,ON,44.90671455,-76.0293137,Province of Ontario
north muskoka,Clinics and ambulatory care,Huntsville,ON,45.32666278,-79.22062599,Province of Ontario
north of superior community mental health program corporation,Residential and long-term care,Terrace Bay,ON,48.78276996,-87.10287985,Province of Ontario
north of superior healthcare group - css,Clinics and ambulatory care,Terrace Bay,ON,48.78045446,-87.10460125,Province of Ontario
north of superior healthcare group - mccausland hospital,Hospitals,Terrace Bay,ON,48.78086106,-87.10422795,Province of Ontario
north of superior healthcare group - wilson memorial general hospital site,Hospitals,Marathon,ON,48.718358,-86.37742461,Province of Ontario
north of superior programs css,Clinics and ambulatory care,Nipigon,ON,49.01558441,-88.27591226,Province of Ontario
north park nursing home,Residential and long-term care,Toronto,ON,43.71741799,-79.48214652,Province of Ontario
north peel fht,Clinics and ambulatory care,Brampton,ON,43.69196857,-79.75315951,Province of Ontario
north perth (listowel) family health team,Clinics and ambulatory care,Listowel,ON,43.73241872,-80.94993499,Province of Ontario
north perth community hospice inc.,Clinics and ambulatory care,Listowel,ON,43.73188762,-80.95359019,Province of Ontario
north renfrew long-term care services inc.,Clinics and ambulatory care,Deep River,ON,46.10283609,-77.48846579,Province of Ontario
north shore community support services inc.,Residential and long-term care,Elliot Lake,ON,46.37729157,-82.66500401,Province of Ontario
north shore family health team corp.,Clinics and ambulatory care,Schreiber,ON,48.8086314,-87.2695011,Province of Ontario
north shore health network - eldcap unit,Residential and long-term care,Blind River,ON,46.18737143,-82.92406797,Province of Ontario
north shore health network - ltc unit,Residential and long-term care,Blind River,ON,46.18737143,-82.92406797,Province of Ontario
north shore health network - pavillon,Hospitals,Blind River,ON,46.18588243,-82.92538067,Province of Ontario
north shore health network - richards landing,Hospitals,Richards Landing,ON,46.29326568,-84.03556234,Province of Ontario
north shore health network - thessalon,Hospitals,Thessalon,ON,46.2630206,-83.5624626,Province of Ontario
north shore health network community support services - css,Clinics and ambulatory care,Blind River,ON,46.18737143,-82.92406797,Province of Ontario
north simcoe family health team,Clinics and ambulatory care,Midland,ON,44.74011825,-79.90966435,Province of Ontario
north simcoe muskoka community care access centre (css),Clinics and ambulatory care,Barrie,ON,44.4107627,-79.68643375,Province of Ontario
north simcoe muskoka hospice palliative care network,Clinics and ambulatory care,Orillia,ON,44.60535525,-79.41127648,Province of Ontario
north simcoe muskoka local health integration network,Clinics and ambulatory care,Orillia,ON,44.59707035,-79.42255598,Province of Ontario
north simcoe muskoka local health integration network (lhin op),Clinics and ambulatory care,Orillia,ON,44.59707035,-79.42255598,Province of Ontario
north simcoe muskoka palliative care network,Clinics and ambulatory care,Orillia,ON,44.60535525,-79.41127648,Province of Ontario
north wellington health care - louise marshall,Hospitals,Mount Forest,ON,43.97463488,-80.73820664,Province of Ontario
north wellington health care - louise marshall hospital,Hospitals,Mount Forest,ON,43.9746199,-80.7375171,Public Health Agency of Canada
north wellington health care - palmerston,Hospitals,Palmerston,ON,43.83828455,-80.84400806,Province of Ontario
north wellington health care corporation,Hospitals,Mount Forest,ON,43.975058,-80.738459,Canadian Institute for Health Information
north west lhin-home care,Clinics and ambulatory care,Thunder Bay,ON,48.40854776,-89.25142006,Province of Ontario
north west local health integration network,Clinics and ambulatory care,Thunder Bay,ON,48.40756486,-89.25349926,Province of Ontario
north west local health integration network (lhin op),Clinics and ambulatory care,Thunder Bay,ON,48.40756486,-89.25349926,Province of Ontario
north york family health team inc.,Clinics and ambulatory care,Toronto,ON,43.76219131,-79.35139938,Province of Ontario
north york general hospital,Clinics and ambulatory care,Toronto,ON,43.76947711,-79.36258599,Province of Ontario
north york general hospital (css),Clinics and ambulatory care,Toronto,ON,43.76947711,-79.36258599,Province of Ontario
north york general hospital - branson division,Hospitals,North York,ON,43.7724535,-79.4481361,Public Health Agency of Canada
north york general hospital - branson site,Hospitals,North York,ON,43.7728786,-79.44810422,Province of Ontario
north york general hospital - general division,Hospitals,North York,ON,43.7695498,-79.3632065,Public Health Agency of Canada
north york general hospital - general site,Hospitals,Toronto,ON,43.7690968,-79.3627441,Province of Ontario
north york seniors centre,Residential and long-term care,Toronto,ON,43.78119791,-79.41746401,Province of Ontario
north yorkers for disabled persons inc,Clinics and ambulatory care,Toronto,ON,43.7678753,-79.3887495,Province of Ontario
northdale manor,Residential and long-term care,Temiskaming Shores,ON,47.50477871,-79.67929206,Province of Ontario
northeastern manitoulin family health team,Clinics and ambulatory care,Little Current,ON,45.97809415,-81.92640043,Province of Ontario
northern chiefs tribal council,Clinics and ambulatory care,Red Lake,ON,51.05654736,-93.71144582,Province of Ontario
northern college (east end fht),Clinics and ambulatory care,Timmins,ON,48.47690227,-81.32062182,Province of Ontario
northern frontenac community services corporation,Clinics and ambulatory care,Sharbot Lake,ON,44.77029,-76.69020741,Province of Ontario
northern ontario school of medicine,Clinics and ambulatory care,Sudbury,ON,46.463626,-80.964001,Province of Ontario
northland pointe,Residential and long-term care,Port Colborne,ON,42.8807752,-79.2576692,Province of Ontario
northridge,Residential and long-term care,Oakville,ON,43.48960334,-79.71426817,Province of Ontario
northumberland fht,Clinics and ambulatory care,Cobourg,ON,43.97025639,-78.19975663,Province of Ontario
northumberland hills hospital,Hospitals,Cobourg,ON,43.977748,-78.198437,Public Health Agency of Canada
northumberland hills hospital (css),Clinics and ambulatory care,Cobourg,ON,43.9777568,-78.19844043,Province of Ontario
northview nursing home,Residential and long-term care,Englehart,ON,47.8219425,-79.8655049,Province of Ontario
northview senior's residence,Residential and long-term care,Hamilton,ON,43.25128219,-79.8485217,Province of Ontario
northwestern health unit,Clinics and ambulatory care,Kenora,ON,49.76778594,-94.4899852,Province of Ontario
northwestern independent living services inc.,Clinics and ambulatory care,Kenora,ON,49.76110483,-94.55687361,Province of Ontario
northwood lodge,Residential and long-term care,Red Lake,ON,51.01327044,-93.82244384,Province of Ontario
norview lodge,Residential and long-term care,Simcoe,ON,42.8372838,-80.33304111,Province of Ontario
norwest community health centre,Hospitals,Thunder Bay,ON,48.39122016,-89.23746416,Province of Ontario
norwood nursing home,Residential and long-term care,Toronto,ON,43.63752278,-79.4293819,Province of Ontario
notre dame hospital,Hospitals,Hearst,ON,49.6853674,-83.6790754,Province of Ontario
notre-dame hospital - hearst,Hospitals,Hearst,ON,49.6857339,-83.67905,Public Health Agency of Canada
nucleus housing,Clinics and ambulatory care,Oakville,ON,43.51086305,-79.67178966,Province of Ontario
nucleus housing incorporated,Clinics and ambulatory care,Oakville,ON,43.51086305,-79.67178966,Province of Ontario
oak centre alternative community support,Residential and long-term care,Welland,ON,42.99367297,-79.24571288,Province of Ontario
oak ridges retirement community,Residential and long-term care,Richmond Hill,ON,43.94277283,-79.45320773,Province of Ontario
oak terrace,Residential and long-term care,Orillia,ON,44.60302415,-79.43126489,Province of Ontario
oakcrossing retirement living,Residential and long-term care,London,ON,42.98998258,-81.31254523,Province of Ontario
oaklands regional centre,,Oakville,ON,43.444444,-79.6782414,Public Health Agency of Canada
oakmed family health team,Clinics and ambulatory care,Oakville,ON,43.48264074,-79.71632578,Province of Ontario
oakpark retirement community,Residential and long-term care,Ottawa,ON,45.39973435,-75.65901782,Province of Ontario
oaks retirement village,Residential and long-term care,Chatham-Kent,ON,42.58242885,-82.38245203,Province of Ontario
oakville kiwanis meals on wheels,Clinics and ambulatory care,Oakville,ON,43.45576294,-79.68516326,Province of Ontario
oakville senior citizens residence,Clinics and ambulatory care,Oakville,ON,43.39955423,-79.70524236,Province of Ontario
oakville wheels to meals,Clinics and ambulatory care,Oakville,ON,43.40493173,-79.69712876,Province of Ontario
oakwood park lodge,Residential and long-term care,Niagara Falls,ON,43.0769904,-79.11785895,Province of Ontario
obashkaandagaang (washagamis bay) (css),Clinics and ambulatory care,Keewatin,ON,49.73618353,-94.58120582,Province of Ontario
ochiichagwe'babigo'ining (anishinaabe cust. council) first nation (css),Clinics and ambulatory care,Dalles,ON,49.89134615,-94.53944383,Province of Ontario
odette cancer centre - sunnybrook health sciences centre,Hospitals,Toronto,ON,43.720661,-79.378057,Public Health Agency of Canada
ogilvie villa,Residential and long-term care,Ottawa,ON,45.43018586,-75.62273151,Province of Ontario
ojibways of the garden river band,Clinics and ambulatory care,Garden River,ON,46.53674861,-84.1498112,Province of Ontario
olde forge community resource centre,Clinics and ambulatory care,Ottawa,ON,45.36005974,-75.79328176,Province of Ontario
one care home and community support services,Clinics and ambulatory care,Clinton,ON,43.62179308,-81.54961967,Province of Ontario
one kenton place,Residential and long-term care,Toronto,ON,43.7781514,-79.44369931,Province of Ontario
oneida first nation of the thames,Clinics and ambulatory care,Southwold,ON,42.81935384,-81.40965495,Province of Ontario
oneida nation of the thames,Residential and long-term care,Southwold,ON,42.81881374,-81.40975375,Province of Ontario
oneida nation of the thames long-term care home (tsi' nu: yoyantle' na' tuhuwatisni),Residential and long-term care,Southwold,ON,42.81734514,-81.41178225,Province of Ontario
ongwanada hospital,Hospitals,Kingston,ON,44.2276751,-76.523867,Public Health Agency of Canada
ontario association of residents' councils - oarc,Clinics and ambulatory care,Richmond Hill,ON,43.85204332,-79.3801191,Province of Ontario
ontario brain injury association,Clinics and ambulatory care,Thorold,ON,43.1176724,-79.23961159,Province of Ontario
ontario college of family physicians - css,Clinics and ambulatory care,Toronto,ON,43.65344758,-79.38824899,Province of Ontario
ontario community support association (css),Clinics and ambulatory care,Toronto,ON,43.71371849,-79.45837461,Province of Ontario
ontario federation of indian friendship centres,Clinics and ambulatory care,Toronto,ON,43.65076979,-79.36576928,Province of Ontario
ontario federation of indigenous friendship centres,Residential and long-term care,Toronto,ON,43.65076979,-79.36576928,Province of Ontario
ontario finnish resthome association,Clinics and ambulatory care,Sault Ste Marie,ON,46.5394265,-84.33521316,Province of Ontario
ontario march of dimes - chatham branch,Clinics and ambulatory care,Sarnia,ON,42.97282622,-82.40586297,Province of Ontario
ontario march of dimes - halton region - rehab fdn for the disabled,Clinics and ambulatory care,Hamilton,ON,43.25564599,-79.8677757,Province of Ontario
ontario native welfare administrators' association,Clinics and ambulatory care,Sault Ste Marie,ON,46.5104459,-84.29712455,Province of Ontario
ontario native women's association - css,Clinics and ambulatory care,Fort William First Nation,ON,48.33850875,-89.22395704,Province of Ontario
ontario shores centre for mental health sciences,Hospitals,Whitby,ON,43.849046,-78.947981,Public Health Agency of Canada
opportunity for advancement,Residential and long-term care,Toronto,ON,43.64849718,-79.40278569,Province of Ontario
orchard terrace care centre,Residential and long-term care,Hamilton,ON,43.21015079,-79.68313844,Province of Ontario
orchard view by the mississippi inc.,Residential and long-term care,Mississippi Mills,ON,45.2288455,-76.17921898,Province of Ontario
orchard villa,Residential and long-term care,Pickering,ON,43.84623863,-79.0826885,Province of Ontario
orchard walk retirement living,Residential and long-term care,Ottawa,ON,45.23551053,-75.61154999,Province of Ontario
orillia soldiers' memorial hospital,Hospitals,Orillia,ON,44.605089,-79.425605,Public Health Agency of Canada
oshawa community health centre,Hospitals,Oshawa,ON,43.86928605,-78.84479043,Province of Ontario
oshawa senior citizens centre- john & northview branch,Clinics and ambulatory care,Oshawa,ON,43.89348755,-78.86343644,Province of Ontario
ottawa chinese community service centre,Clinics and ambulatory care,Ottawa,ON,45.41574545,-75.69735714,Province of Ontario
ottawa hospital academic fht,Clinics and ambulatory care,Ottawa,ON,45.39324465,-75.71944154,Province of Ontario
"ottawa hospital, the",Residential and long-term care,Ottawa,ON,45.40123305,-75.64762792,Province of Ontario
ottawa inner city health inc.,Clinics and ambulatory care,Ottawa,ON,45.43401466,-75.68310433,Province of Ontario
ottawa public health,Clinics and ambulatory care,Ottawa,ON,45.43052396,-75.69009514,Province of Ontario
ottawa salus corporation,Residential and long-term care,Ottawa,ON,45.39602545,-75.75220245,Province of Ontario
ottawa valley family health team,Clinics and ambulatory care,Mississippi Mills,ON,45.2287855,-76.18998128,Province of Ontario
ottawa west community support,Clinics and ambulatory care,Ottawa,ON,45.40212585,-75.72697335,Province of Ontario
over 55 (london) inc.,Clinics and ambulatory care,London,ON,42.98258488,-81.26139442,Province of Ontario
owen hill care community,Residential and long-term care,Barrie,ON,44.3951391,-79.69019855,Province of Ontario
owen sound family health team,Clinics and ambulatory care,Owen Sound,ON,44.57320527,-80.94444997,Province of Ontario
oxford county community health centre,Residential and long-term care,Woodstock,ON,43.12877553,-80.75641637,Province of Ontario
oxford manor retirement residence,Residential and long-term care,Ingersoll,ON,43.03341871,-80.8808366,Province of Ontario
pace independent living,Clinics and ambulatory care,Toronto,ON,43.71371849,-79.45837461,Province of Ontario
pace independent living (toronto central lhin),Clinics and ambulatory care,Toronto,ON,43.71371849,-79.45837461,Province of Ontario
palermo village retirement residence,Residential and long-term care,Oakville,ON,43.43165293,-79.77985319,Province of Ontario
palisade gardens,Residential and long-term care,Cobourg,ON,43.9639804,-78.15720412,Province of Ontario
palliative care network for york region,Clinics and ambulatory care,Newmarket,ON,44.04550395,-79.46877495,Province of Ontario
palliative caregivers sudbury/manitoulin,Clinics and ambulatory care,Sudbury,ON,46.47508828,-81.00634068,Province of Ontario
parisien manor,Residential and long-term care,Cornwall,ON,45.02136413,-74.71865558,Province of Ontario
park avenue manor,Residential and long-term care,Burlington,ON,43.3045489,-79.8518665,Province of Ontario
park lane terrace,Residential and long-term care,Brant,ON,43.21149506,-80.38916816,Province of Ontario
park place retirement,Residential and long-term care,Woodstock,ON,43.13415943,-80.75944377,Province of Ontario
park place retirement residence,Residential and long-term care,Ottawa,ON,45.36834094,-75.73633635,Province of Ontario
park place seniors' suites,Residential and long-term care,Ottawa,ON,45.36789104,-75.73721605,Province of Ontario
park street place,Residential and long-term care,Dresden,ON,42.58488156,-82.18674717,Province of Ontario
park view retirement home,Residential and long-term care,Brantford,ON,43.14024625,-80.25491772,Province of Ontario
parkdale activity - recreation centre,Clinics and ambulatory care,Toronto,ON,43.63958288,-79.4405301,Province of Ontario
"parkdale activity - recreation centre (parc), the",Residential and long-term care,Toronto,ON,43.63958288,-79.4405301,Province of Ontario
parkdale golden age foundation,Residential and long-term care,Toronto,ON,43.63979888,-79.4461661,Province of Ontario
parkdale queen west community health centre,Hospitals,Toronto,ON,43.64659738,-79.40423059,Province of Ontario
parkland on the glen,Residential and long-term care,Mississauga,ON,43.54388615,-79.66402826,Province of Ontario
parkview home long-term care,Residential and long-term care,Whitchurch-Stouffville,ON,43.96541475,-79.25898437,Province of Ontario
parkview manor health care centre,Residential and long-term care,Chesley,ON,44.2983199,-81.091335,Province of Ontario
parkview meadows christian retirement village - southview,Residential and long-term care,Townsend,ON,42.88836551,-80.14081206,Province of Ontario
parkview nursing centre,Residential and long-term care,Hamilton,ON,43.26103249,-79.88486411,Province of Ontario
parkway house,Clinics and ambulatory care,Ottawa,ON,45.36993334,-75.78486176,Province of Ontario
parkwood hospital,Residential and long-term care,London,ON,42.9554185,-81.2252718,Public Health Agency of Canada
parkwood hospital pain & symptom management - st. joseph's health care london,Clinics and ambulatory care,London,ON,42.96003808,-81.2254348,Province of Ontario
parkwood mennonite home,Residential and long-term care,Waterloo,ON,43.51640151,-80.50225763,Province of Ontario
parkwood suites,Residential and long-term care,Waterloo,ON,43.51574441,-80.50189473,Province of Ontario
parry sound family health team,Clinics and ambulatory care,Parry Sound,ON,45.34336314,-80.02034955,Province of Ontario
participation house - hamilton and district,Clinics and ambulatory care,Burlington,ON,43.3071135,-79.853595,Province of Ontario
participation house brantford,Clinics and ambulatory care,Brantford,ON,43.1246366,-80.2781124,Province of Ontario
participation house support services,Clinics and ambulatory care,London,ON,42.99374598,-81.24300271,Province of Ontario
participation house toronto,Clinics and ambulatory care,Toronto,ON,43.75353751,-79.23432495,Province of Ontario
participation lodge - grey bruce,Clinics and ambulatory care,Holland Centre,ON,44.39359865,-80.7947729,Province of Ontario
pathways alcohol and drug treatment services of renfrew county,Residential and long-term care,Renfrew,ON,45.47057402,-76.68421557,Province of Ontario
pathways retirement residence,Residential and long-term care,Sault Ste Marie,ON,46.5167198,-84.28446604,Province of Ontario
pathways to independence,Clinics and ambulatory care,Belleville,ON,44.16873867,-77.38398799,Province of Ontario
patricia region senior services inc.,Clinics and ambulatory care,Dryden,ON,49.78362787,-92.8355216,Province of Ontario
pavilion women's centre,Residential and long-term care,Temiskaming Shores,ON,47.4453711,-79.63267084,Province of Ontario
pays plat first nation (css),Clinics and ambulatory care,Plat,ON,48.84937114,-87.5353407,Province of Ontario
pearl and pine retirement residence,Residential and long-term care,Burlington,ON,43.32623411,-79.79452329,Province of Ontario
"peel addiction assessment and referral centre, the",Residential and long-term care,Brampton,ON,43.70302348,-79.7251084,Province of Ontario
peel halton dufferin acquired brain injury services,Clinics and ambulatory care,Mississauga,ON,43.59702356,-79.63297036,Province of Ontario
peel manor,Residential and long-term care,Brampton,ON,43.69999507,-79.78142981,Province of Ontario
peel senior link,Clinics and ambulatory care,Mississauga,ON,43.59177946,-79.63634556,Province of Ontario
peel senior link (central west lhin),Clinics and ambulatory care,Mississauga,ON,43.59177946,-79.63634556,Province of Ontario
peer support south east ontario,Residential and long-term care,Madoc,ON,44.50547802,-77.47481584,Province of Ontario
pembroke regional hospital,Hospitals,Pembroke,ON,45.8141184,-77.1067995,Public Health Agency of Canada
pembroke regional hospital mental health services,Residential and long-term care,Renfrew,ON,45.47260342,-76.68364937,Province of Ontario
penetanguishene general hospital,Residential and long-term care,Penetanguishene,ON,44.7693002,-79.9294473,Public Health Agency of Canada
peninsula family health team inc.,Clinics and ambulatory care,Lions Head,ON,44.98634602,-81.24851741,Province of Ontario
penmarvian retirement home,Residential and long-term care,Brant,ON,43.19896886,-80.38400806,Province of Ontario
pension du bonheur,Residential and long-term care,Alfred,ON,45.56088511,-74.87676008,Province of Ontario
people advocating for change through empowerment (p.a.c.e.) inc.,Residential and long-term care,Manitouwadge,ON,49.12766749,-85.82469749,Province of Ontario
people for equal partnership in mental health (pep),Residential and long-term care,North Bay,ON,46.31889133,-79.44197936,Province of Ontario
peoplecare a.r. goudie kitchener,Residential and long-term care,Kitchener,ON,43.4564955,-80.47446971,Province of Ontario
peoplecare hilltop manor cambridge,Residential and long-term care,Cambridge,ON,43.35352749,-80.30996865,Province of Ontario
peoplecare oakcrossing london,Residential and long-term care,London,ON,42.99044098,-81.31277543,Province of Ontario
peoplecare tavistock,Residential and long-term care,Tavistock,ON,43.31908376,-80.83917752,Province of Ontario
perley and rideau veterans' health centre (the),Clinics and ambulatory care,Ottawa,ON,45.4044932,-75.6357297,Province of Ontario
perram house,Clinics and ambulatory care,Toronto,ON,43.66735509,-79.37711618,Province of Ontario
personal attendant care,Clinics and ambulatory care,Whitby,ON,43.88470215,-78.91099185,Province of Ontario
personal choice independent living/choix personnel vie autonome,Clinics and ambulatory care,Ottawa,ON,45.40646295,-75.70313424,Province of Ontario
perth and smiths falls district hospital,Hospitals,Smiths Falls,ON,44.906447,-76.139754,Public Health Agency of Canada
perth and smiths falls district hospital - perth,Hospitals,Perth,ON,44.906182,-76.253006,Province of Ontario
perth and smiths falls district hospital - smiths falls,Hospitals,Smiths Falls,ON,44.90658545,-76.0253253,Province of Ontario
perth community care centre,Residential and long-term care,Perth,ON,44.90433714,-76.27097938,Province of Ontario
perth district health unit,Clinics and ambulatory care,Stratford,ON,43.36889846,-81.00177377,Province of Ontario
petawawa centennial fht,Clinics and ambulatory care,Petawawa,ON,45.89347847,-77.2567044,Province of Ontario
peter d. clark centre,Residential and long-term care,Ottawa,ON,45.34293864,-75.76125205,Province of Ontario
peterborough 360 degree nurse practitioner-led clinic,Clinics and ambulatory care,Peterborough,ON,44.30412145,-78.3193612,Province of Ontario
peterborough family health team,Clinics and ambulatory care,Peterborough,ON,44.30217385,-78.3201686,Province of Ontario
peterborough public health,Clinics and ambulatory care,Peterborough,ON,44.30167755,-78.3213693,Province of Ontario
peterborough regional health centre,Hospitals,Peterborough,ON,44.3002405,-78.3473413,Public Health Agency of Canada
peterborough regional health centre/psychogeriatric resource consultant,Clinics and ambulatory care,Peterborough,ON,44.29996845,-78.34749151,Province of Ontario
peterborough retirement residence,Residential and long-term care,Peterborough,ON,44.32917075,-78.3162444,Province of Ontario
phillip aziz centre for hospice care,Clinics and ambulatory care,Toronto,ON,43.66538039,-79.35387628,Province of Ontario
phoenix rising non-profit homes and women's centre inc.,Residential and long-term care,Sault Ste Marie,ON,46.5234901,-84.27552334,Province of Ontario
physically handicapped adults' rehabilitation association,Clinics and ambulatory care,North Bay,ON,46.32943213,-79.47065387,Province of Ontario
pic mobert first nation (css),Clinics and ambulatory care,Mobert,ON,48.68354,-85.633393,Province of Ontario
pikwakanagan fht,Clinics and ambulatory care,Golden Lake,ON,45.57566561,-77.25153167,Province of Ontario
pilot place society,Residential and long-term care,Toronto,ON,43.65201689,-79.37469238,Province of Ontario
pincrest - css,Clinics and ambulatory care,Kenora,ON,49.77992374,-94.46311879,Province of Ontario
pine meadow nursing home,Residential and long-term care,Northbrook,ON,44.7375315,-77.1556304,Province of Ontario
pine river institute,Residential and long-term care,Toronto,ON,43.65541839,-79.38637899,Province of Ontario
pine villa nursing home,Residential and long-term care,Hamilton,ON,43.21627369,-79.71616285,Province of Ontario
pine villa retirement,Residential and long-term care,Collingwood,ON,44.49980349,-80.21902023,Province of Ontario
pinecrest,Clinics and ambulatory care,Kenora,ON,49.77992374,-94.46311879,Province of Ontario
pinecrest (kenora),Residential and long-term care,Kenora,ON,49.7799152,-94.4631099,Province of Ontario
pinecrest (plantagenet),Residential and long-term care,Plantagenet,ON,45.5420141,-74.99812112,Province of Ontario
pinecrest manor,Residential and long-term care,Lucknow,ON,43.95579153,-81.51071469,Province of Ontario
pinecrest nursing home (bobcaygeon),Residential and long-term care,Little Britain,ON,44.52836508,-78.53389679,Province of Ontario
pinecrest-queensway community health centre,Residential and long-term care,Ottawa,ON,45.36656224,-75.78813686,Province of Ontario
pinecrest-queensway health and community services health clinic (css),Clinics and ambulatory care,Ottawa,ON,45.36656224,-75.78813686,Province of Ontario
pinehaven nursing home,Residential and long-term care,Waterloo,ON,43.4926954,-80.51167673,Province of Ontario
pioneer elder care,Residential and long-term care,St Catharines,ON,43.19467691,-79.2315698,Province of Ontario
pioneer manor,Residential and long-term care,Sudbury,ON,46.51756439,-80.98200638,Province of Ontario
pioneer ridge,Residential and long-term care,Thunder Bay,ON,48.41777116,-89.25595747,Province of Ontario
place mont roc residence inc.,Residential and long-term care,Hawkesbury,ON,45.59888873,-74.61425379,Province of Ontario
plainfield community homes,Clinics and ambulatory care,Belleville,ON,44.19244047,-77.40703409,Province of Ontario
planned parenthood of toronto,Clinics and ambulatory care,Toronto,ON,43.66954919,-79.39730609,Province of Ontario
plantagenet family health team,Clinics and ambulatory care,Plantagenet,ON,45.5409067,-74.98872361,Province of Ontario
pleasant manor retirement village,Residential and long-term care,Niagara-On-The-Lake,ON,43.22673892,-79.12186246,Province of Ontario
pleasant manor retirement village - heritage place,Clinics and ambulatory care,Niagara-On-The-Lake,ON,43.22673892,-79.12186246,Province of Ontario
pleasant meadow manor,Residential and long-term care,Norwood,ON,44.37927558,-77.96791169,Province of Ontario
pleasant valley rest home,Residential and long-term care,East Gwillimbury,ON,44.13128166,-79.48019546,Province of Ontario
plymouth cordage retirement community,Residential and long-term care,Welland,ON,42.98360277,-79.24557608,Province of Ontario
points north family health team,Clinics and ambulatory care,Vermilion Bay,ON,49.85523524,-93.38452278,Province of Ontario
porcupine health unit,Clinics and ambulatory care,Timmins,ON,48.47250127,-81.32867053,Province of Ontario
port credit residences,Residential and long-term care,Mississauga,ON,43.55675776,-79.58341274,Province of Ontario
port hope community health centre,Hospitals,Port Hope,ON,43.95637569,-78.31652407,Province of Ontario
port perry place,Residential and long-term care,Port Perry,ON,44.11144499,-78.95044579,Province of Ontario
port perry villa retirement living,Residential and long-term care,Port Perry,ON,44.11234069,-78.95054629,Province of Ontario
portage medical fht,Clinics and ambulatory care,Niagara Falls,ON,43.1119107,-79.09685505,Province of Ontario
portage ontario,Residential and long-term care,Elora,ON,43.70235774,-80.44308343,Province of Ontario
portal village retirement home,Residential and long-term care,Port Colborne,ON,42.88749045,-79.26194028,Province of Ontario
portobello manor,Residential and long-term care,Ottawa,ON,45.47500507,-75.47078027,Province of Ontario
positive living niagara,Clinics and ambulatory care,St Catharines,ON,43.16336631,-79.23275439,Province of Ontario
post inn village,Residential and long-term care,Oakville,ON,43.48026034,-79.71675247,Province of Ontario
powassan and area family health team,Clinics and ambulatory care,Powassan,ON,46.080413,-79.360947,Province of Ontario
prescott fht,Clinics and ambulatory care,Prescott,ON,44.70554094,-75.52050712,Province of Ontario
presentation manor for senior,Residential and long-term care,Toronto,ON,43.7159154,-79.28576136,Province of Ontario
prima care community fht,Clinics and ambulatory care,Brant,ON,43.20458206,-80.38708756,Province of Ontario
prime care fht,Clinics and ambulatory care,Milton,ON,43.49886213,-79.87649953,Province of Ontario
prince edward county community care for seniors association,Clinics and ambulatory care,Edward,ON,44.00902065,-77.14104959,Province of Ontario
prince edward fht,Clinics and ambulatory care,Edward,ON,44.00910225,-77.13599269,Province of Ontario
prince george retirement residence,Residential and long-term care,Lucan,ON,43.18638941,-81.40072728,Province of Ontario
prince of wales manor,Residential and long-term care,Ottawa,ON,45.27185633,-75.70670863,Province of Ontario
princess court,Residential and long-term care,Dryden,ON,49.783303,-92.8352797,Province of Ontario
princess gardens retirement residence,Residential and long-term care,Peterborough,ON,44.30427485,-78.3175451,Province of Ontario
progress place,Residential and long-term care,Toronto,ON,43.66811959,-79.37366898,Province of Ontario
project upstream inc.,Residential and long-term care,Ottawa,ON,45.33240924,-75.77037505,Province of Ontario
project upstream ottawa-carleton inc.,Clinics and ambulatory care,Ottawa,ON,45.38799185,-75.67505383,Province of Ontario
providence care,Residential and long-term care,Brockville,ON,44.59768821,-75.68863117,Province of Ontario
providence care (corporate office) - st. mary's of the lake hospital,Residential and long-term care,Kingston,ON,44.2237359,-76.5062064,Public Health Agency of Canada
providence care - mental health services,Hospitals,Kingston,ON,44.2160089,-76.5286561,Public Health Agency of Canada
providence care centre,Clinics and ambulatory care,Kingston,ON,44.21587161,-76.52815511,Province of Ontario
providence care hospital,Clinics and ambulatory care,Kingston,ON,44.21587161,-76.52815511,Province of Ontario
providence continuing care - psychogeriatric resource consultation,Clinics and ambulatory care,Kingston,ON,44.22374471,-76.5062089,Province of Ontario
providence continuing care centre regional community brain injury service,Clinics and ambulatory care,Kingston,ON,44.23223512,-76.4838053,Province of Ontario
providence healthcare,Residential and long-term care,Toronto,ON,43.7122051,-79.2850295,Public Health Agency of Canada
providence manor,Residential and long-term care,Kingston,ON,44.23553812,-76.4854634,Province of Ontario
providence st. joseph's and st. michael's healthcare - providence,Hospitals,Toronto,ON,43.7115277,-79.28365376,Province of Ontario
providence st. joseph's and st. michael's healthcare - st. joseph's,Hospitals,Toronto,ON,43.640642,-79.450215,Province of Ontario
providence st. joseph's and st. michael's healthcare - st. michael's,Hospitals,Toronto,ON,43.65372609,-79.37730728,Province of Ontario
providence st. joseph's and st. michael's hospital - (css),Clinics and ambulatory care,Toronto,ON,43.65054688,-79.37946838,Province of Ontario
psychiatric survivors network of elgin (psne),Residential and long-term care,Saint Thomas,ON,42.77910165,-81.19414398,Province of Ontario
psychiatric survivors of ottawa (pso),Residential and long-term care,Ottawa,ON,45.41356995,-75.70634624,Province of Ontario
punjabi community health services,Clinics and ambulatory care,Mississauga,ON,43.7102895,-79.6521369,Province of Ontario
punjabi community health services (pchs),Residential and long-term care,Mississauga,ON,43.70988098,-79.65170517,Province of Ontario
queen square fht,Clinics and ambulatory care,Brampton,ON,43.69503067,-79.77137851,Province of Ontario
queen's fht,Clinics and ambulatory care,Kingston,ON,44.23038802,-76.4851883,Province of Ontario
queen's garden,Residential and long-term care,Hamilton,ON,43.26115109,-79.87697411,Province of Ontario
"queen's university, faculty of health sciences",Clinics and ambulatory care,Kingston,ON,44.22424691,-76.490742,Province of Ontario
queens avenue retirement residence,Residential and long-term care,Oakville,ON,43.46395854,-79.68888876,Province of Ontario
queens village for seniors,Residential and long-term care,London,ON,42.98946328,-81.23601261,Province of Ontario
queenston place retirement residence,Residential and long-term care,Niagara Falls,ON,43.0974671,-79.10210755,Province of Ontario
queensview retirement community,Residential and long-term care,Brant,ON,43.18908096,-80.38626696,Province of Ontario
queensway carleton hospital,Hospitals,Ottawa,ON,45.3350269,-75.8069842,Public Health Agency of Canada
queensway long term care home,Residential and long-term care,Lakeside,ON,43.43497405,-81.50347404,Province of Ontario
queensway retirement community,Residential and long-term care,Lakeside,ON,43.43497405,-81.50347404,Province of Ontario
queenswood villa,Residential and long-term care,Ottawa,ON,45.47890827,-75.50317318,Province of Ontario
quest community health centre,Hospitals,St Catharines,ON,43.16328251,-79.23018339,Province of Ontario
quinte gardens retirement residence,Residential and long-term care,Belleville,ON,44.17668077,-77.39264349,Province of Ontario
quinte health care,Residential and long-term care,Quinte West,ON,44.09990904,-77.58827185,Province of Ontario
quinte health care (css),Clinics and ambulatory care,Belleville,ON,44.16328777,-77.36471398,Province of Ontario
quinte health care - north hastings,Hospitals,Bancroft,ON,45.055076,-77.8642118,Public Health Agency of Canada
quinte healthcare - belleville,Hospitals,Belleville,ON,44.16371267,-77.36490858,Province of Ontario
quinte healthcare - picton,Hospitals,Picton,ON,44.015557,-77.13716,Province of Ontario
quinte healthcare - trenton,Hospitals,Trenton,ON,44.09900514,-77.58784035,Province of Ontario
quinte healthcare corporation - belleville general site,Hospitals,Belleville,ON,44.1627054,-77.3643232,Public Health Agency of Canada
quinte healthcare corporation - prince edward county site,Hospitals,Picton,ON,44.0158672,-77.1375427,Public Health Agency of Canada
quinte healthcare corporation - trenton memorial hospital,Hospitals,Trenton,ON,44.0998993,-77.5882427,Public Health Agency of Canada
r. h. lawson eventide home,Residential and long-term care,Niagara Falls,ON,43.0997467,-79.07748394,Province of Ontario
r. s. mclaughlin durham regional cancer centre,Hospitals,Oshawa,ON,43.9066084,-78.8703454,Public Health Agency of Canada
r.a.i.s.e. home support service for the elderly,Clinics and ambulatory care,Waterloo,ON,43.4858029,-80.52865543,Province of Ontario
raglan village retirement,Residential and long-term care,Collingwood,ON,44.50144059,-80.19995002,Province of Ontario
rainy river health centre,Residential and long-term care,Rainy River,ON,48.71856,-94.5692765,Province of Ontario
rainycrest,Residential and long-term care,Fort Frances,ON,48.61757858,-93.38953726,Province of Ontario
rapids fht,Clinics and ambulatory care,Sarnia,ON,42.98086162,-82.36095886,Province of Ontario
ray of hope inc.,Residential and long-term care,Kitchener,ON,43.4447645,-80.47846871,Province of Ontario
rayoak place,Residential and long-term care,Toronto,ON,43.76323831,-79.32006477,Province of Ontario
reachview village,Residential and long-term care,Uxbridge,ON,44.10408728,-79.11189924,Province of Ontario
reconnect community health services,Residential and long-term care,Toronto,ON,43.67675159,-79.44756641,Province of Ontario
reconnect community health services (css),Clinics and ambulatory care,Toronto,ON,43.67675159,-79.44756641,Province of Ontario
red lake family health team,Clinics and ambulatory care,Red Lake,ON,51.01327044,-93.82244384,Province of Ontario
red lake margaret cochenour memorial hospital,Hospitals,Red Lake,ON,51.0132617,-93.8224349,Public Health Agency of Canada
red lake margaret cochenour memorial hospital - css,Clinics and ambulatory care,Red Lake,ON,51.01327044,-93.82244384,Province of Ontario
red lake margaret cochenour memorial hospital corporation,Residential and long-term care,Red Lake,ON,51.02154624,-93.82258935,Province of Ontario
red maple assistive living,Residential and long-term care,Brampton,ON,43.68078827,-79.78407931,Province of Ontario
red oak retirement residence,Residential and long-term care,Ottawa,ON,45.31605973,-75.9006471,Province of Ontario
red oak villa,Residential and long-term care,Sudbury,ON,46.49554268,-80.99677148,Province of Ontario
redstacks retirement home,Residential and long-term care,Fort Erie,ON,42.91807758,-78.91163277,Province of Ontario
redwoods retirement,Residential and long-term care,Ottawa,ON,45.34226624,-75.78929286,Province of Ontario
regency long term care home,Residential and long-term care,Port Hope,ON,43.95079819,-78.28804066,Province of Ontario
regency park long term care home,Residential and long-term care,Windsor,ON,42.31362957,-83.03932361,Province of Ontario
regency retirement community,Residential and long-term care,Port Hope,ON,43.95079819,-78.28804066,Province of Ontario
regency retirement residence,Residential and long-term care,Lakefield,ON,44.42391627,-78.26718299,Province of Ontario
regeneration house inc.,Residential and long-term care,Toronto,ON,43.65437708,-79.45149351,Province of Ontario
regent manor,Residential and long-term care,Sudbury,ON,46.46335238,-81.01002818,Province of Ontario
regent park community health centre,Hospitals,Toronto,ON,43.63785208,-79.48844552,Province of Ontario
regina gardens,Residential and long-term care,Hamilton,ON,43.23102399,-79.91358922,Province of Ontario
region of halton health department - community health services,Residential and long-term care,Acton,ON,43.63097875,-80.04122729,Province of Ontario
"region of waterloo, public health",Clinics and ambulatory care,Waterloo,ON,43.4629275,-80.52084063,Province of Ontario
regional geriatric program of toronto - psychogeriatric resource consultation,Clinics and ambulatory care,Toronto,ON,43.7228543,-79.37287829,Province of Ontario
regional hiv/aids connection (css),Clinics and ambulatory care,London,ON,42.98313058,-81.24835931,Province of Ontario
regional hospice of quinte inc.,Clinics and ambulatory care,Belleville,ON,44.16278117,-77.36844678,Province of Ontario
regional mental health care - london,,London,ON,43.0039418,-81.2052394,Public Health Agency of Canada
regional mental health care - st. thomas,Residential and long-term care,St Thomas,ON,42.742074,-81.190478,Public Health Agency of Canada
regional municipality of halton - supportive housing,Clinics and ambulatory care,Milton,ON,43.51655054,-79.87240973,Province of Ontario
regional municipality of niagara,Residential and long-term care,Thorold,ON,43.1176724,-79.23961159,Province of Ontario
regional municipality of peel,Clinics and ambulatory care,Mississauga,ON,43.64747107,-79.70905269,Province of Ontario
regional municipality of waterloo,Clinics and ambulatory care,Kitchener,ON,43.440994,-80.4451854,Province of Ontario
regional municipality of york,Clinics and ambulatory care,Newmarket,ON,44.04803165,-79.48024245,Province of Ontario
"regional municipality of york, the",Residential and long-term care,Newmarket,ON,44.04550395,-79.46877495,Province of Ontario
regional treatment centre (kingston),,Kingston,ON,44.2210891,-76.5138592,Public Health Agency of Canada
"renascent fellowship, the",Residential and long-term care,Toronto,ON,43.65426168,-79.39321379,Province of Ontario
renfrew and area seniors' home support inc.,Clinics and ambulatory care,Renfrew,ON,45.47153392,-76.68381597,Province of Ontario
renfrew county and district health unit,Clinics and ambulatory care,Pembroke,ON,45.80044976,-77.11660234,Province of Ontario
renfrew victoria hospital,Hospitals,Renfrew,ON,45.4826219,-76.6967225,Public Health Agency of Canada
renfrew victoria hospital/palliative care service,Clinics and ambulatory care,Renfrew,ON,45.48263092,-76.69672517,Province of Ontario
residence lefebvre,Residential and long-term care,Moonbeam,ON,46.104989,-64.7844713,Province of Ontario
residence prescott et russell,Residential and long-term care,Hawkesbury,ON,45.60023563,-74.61370539,Province of Ontario
retirement suites by the lake,Residential and long-term care,Toronto,ON,43.7005841,-79.25423655,Province of Ontario
reverend tommy beardy memorial wee che he wayo-gamik,Residential and long-term care,Muskrat Dam,ON,53.38660717,-91.81206083,Province of Ontario
rexdale community health centre,Residential and long-term care,Toronto,ON,43.71934439,-79.57220015,Province of Ontario
rexdale community health centre (css),Clinics and ambulatory care,Toronto,ON,43.71934439,-79.57220015,Province of Ontario
richmond care home,Residential and long-term care,Ottawa,ON,45.19343741,-75.84400347,Province of Ontario
richmond hill retirement residence,Residential and long-term care,Richmond Hill,ON,43.89552572,-79.44037102,Province of Ontario
richmond lodge,Residential and long-term care,Ottawa,ON,45.19246311,-75.84250747,Province of Ontario
richmond terrace,Residential and long-term care,Amherstburg,ON,42.10422443,-83.11025501,Province of Ontario
richmond woods retirement residence,Residential and long-term care,London,ON,43.03054879,-81.28193283,Province of Ontario
richview community care services corporation,Clinics and ambulatory care,Toronto,ON,43.68064368,-79.55247414,Province of Ontario
richview manor retirement living,Residential and long-term care,Vaughan,ON,43.87877462,-79.49212484,Province of Ontario
rideau community health services,Hospitals,Merrickville,ON,44.91435266,-75.84199934,Province of Ontario
rideau ferry country home,Residential and long-term care,Perth,ON,44.85401794,-76.15761694,Province of Ontario
rideau fht,Clinics and ambulatory care,Ottawa,ON,45.34576814,-75.69254663,Province of Ontario
rideaucrest home,Residential and long-term care,Kingston,ON,44.23807732,-76.4823285,Province of Ontario
rideauwood addiction and family services,Residential and long-term care,Ottawa,ON,45.40313215,-75.73068205,Province of Ontario
ridgeview,Residential and long-term care,Hamilton,ON,43.18766128,-79.80319278,Province of Ontario
ritz lutheran villa,Residential and long-term care,Mitchell,ON,43.478586,-81.191192,Province of Ontario
ritz lutheran villa (mitchell & area community outreach),Clinics and ambulatory care,Mitchell,ON,43.47861,-81.191525,Province of Ontario
river gardens retirement residence,Residential and long-term care,Stratford,ON,43.37797216,-80.96371076,Province of Ontario
river glen haven nursing home,Residential and long-term care,Georgina,ON,44.3039488,-79.36171604,Province of Ontario
river road retirement residence,Residential and long-term care,Niagara Falls,ON,43.1140665,-79.06294324,Province of Ontario
riverbend place,Residential and long-term care,Cambridge,ON,43.37692539,-80.32575336,Province of Ontario
riverdale terrace waterfront retirement residence,Residential and long-term care,Cornwall,ON,45.01145502,-74.75926099,Province of Ontario
riverside health care - emo,Hospitals,Emo,ON,48.63095055,-93.84197769,Province of Ontario
riverside health care - rainy river,Hospitals,Rainy River,ON,48.7185232,-94.56861512,Province of Ontario
riverside health care facilities inc. (rainycrest),Clinics and ambulatory care,Fort Frances,ON,48.61757858,-93.38953726,Province of Ontario
"riverside health care facilities, inc.",Residential and long-term care,Fort Frances,ON,48.60919178,-93.38023505,Province of Ontario
riverside place,Residential and long-term care,Windsor,ON,42.29910898,-82.92755457,Province of Ontario
riverview gardens,Residential and long-term care,Chatham-Kent,ON,42.39921553,-82.19474266,Province of Ontario
riverview heights retirement residence,Residential and long-term care,Pembroke,ON,45.81512426,-77.09614794,Province of Ontario
riverview manor nursing home,Residential and long-term care,Peterborough,ON,44.33636205,-78.3150222,Province of Ontario
riverview terrace,Residential and long-term care,Brantford,ON,43.14202985,-80.27312212,Province of Ontario
riverwood senior living,Residential and long-term care,New Tecumseth,ON,44.1565956,-79.8690118,Province of Ontario
roberta place,Residential and long-term care,Barrie,ON,44.34268529,-79.70744685,Province of Ontario
roberta place retirement lodge,Residential and long-term care,Barrie,ON,44.3426434,-79.7074458,Province of Ontario
robertson house,Residential and long-term care,Ottawa,ON,45.31732153,-75.84312538,Province of Ontario
rockcliffe care community,Residential and long-term care,Toronto,ON,43.75467751,-79.24789355,Province of Ontario
rockwood terrace home for the aged,Residential and long-term care,Durham,ON,44.17446891,-80.80961509,Province of Ontario
roger's house for palliative care,Clinics and ambulatory care,Ottawa,ON,45.40214085,-75.65146542,Province of Ontario
rose cottage visiting volunteers,Clinics and ambulatory care,Grimsby,ON,43.185995,-79.52649269,Province of Ontario
rose of sharon korean long term care,Residential and long-term care,Toronto,ON,43.68583989,-79.4218175,Province of Ontario
rosebridge manor,Residential and long-term care,Jasper,ON,44.84219285,-75.89019625,Province of Ontario
rosedale centre,Residential and long-term care,Matheson,ON,48.53944263,-80.46973105,Province of Ontario
rosedale retirement residence,Residential and long-term care,Brampton,ON,43.69126697,-79.76581591,Province of Ontario
roseglen village for seniors,Residential and long-term care,Port Hope,ON,43.96610089,-78.28725176,Province of Ontario
rosewood erie glen,Residential and long-term care,Leamington,ON,42.02625934,-82.59111505,Province of Ontario
rosewood retirement residence,Residential and long-term care,Kingston,ON,44.25504702,-76.57513363,Province of Ontario
rosewood senior living inc.,Residential and long-term care,Simcoe,ON,42.8343442,-80.3049921,Province of Ontario
rosewood village,Residential and long-term care,Sarnia,ON,42.98237222,-82.37633627,Province of Ontario
ross memorial hospital (css),Clinics and ambulatory care,Kawartha Lakes,ON,44.3536194,-78.7522193,Province of Ontario
"ross memorial hospital, the",Residential and long-term care,Kawartha Lakes,ON,44.35177464,-78.75137034,Province of Ontario
rosslyn retirement residence,Residential and long-term care,Hamilton,ON,43.24254819,-79.82343809,Province of Ontario
rouge valley health system (css),Clinics and ambulatory care,Toronto,ON,43.78040642,-79.20455254,Province of Ontario
rouge valley health system - centenary,Hospitals,Toronto,ON,43.7807594,-79.2050226,Public Health Agency of Canada
royal brock retirement living inc.,Residential and long-term care,Brockville,ON,44.59730891,-75.69584527,Province of Ontario
royal gardens retirement residence,Residential and long-term care,Peterborough,ON,44.29393274,-78.33968781,Province of Ontario
royal ottawa health care group,Clinics and ambulatory care,Ottawa,ON,45.38854715,-75.72980265,Province of Ontario
royal ottawa health care group - brockville mental health centre,Clinics and ambulatory care,Brockville,ON,44.602034,-75.66444,Public Health Agency of Canada
royal ottawa health care group - royal ottawa mental health centre,Clinics and ambulatory care,Ottawa,ON,45.3890056,-75.7301564,Public Health Agency of Canada
royal ottawa health care group/services des santé royal ottawa,Residential and long-term care,Cornwall,ON,45.01899663,-74.72492888,Province of Ontario
royal ottawa mental health centre,Hospitals,Ottawa,ON,45.388802,-75.730015,Province of Ontario
royal ottawa place,Residential and long-term care,Ottawa,ON,45.38854715,-75.72980265,Province of Ontario
royal rose place,Residential and long-term care,Welland,ON,43.00162217,-79.26928669,Province of Ontario
royal terrace,Residential and long-term care,Palmerston,ON,43.83992155,-80.84393637,Province of Ontario
royal victoria regional health centre,Clinics and ambulatory care,Barrie,ON,44.4142638,-79.66115224,Province of Ontario
royale place retirement residence,Residential and long-term care,Kingston,ON,44.25745432,-76.56619533,Province of Ontario
royalton retirement home,Residential and long-term care,Richmond Hill,ON,43.85601072,-79.41728601,Province of Ontario
rubidge retirement residence,Residential and long-term care,Peterborough,ON,44.30081365,-78.3259571,Province of Ontario
runnymede healthcare centre,Residential and long-term care,Toronto,ON,43.6641822,-79.4811296,Public Health Agency of Canada
rural ottawa south support services,Clinics and ambulatory care,Ottawa,ON,45.22637132,-75.68324842,Province of Ontario
russell meadows retirement community,Residential and long-term care,Russell,ON,45.25640974,-75.35449881,Province of Ontario
rvilla caledonia retirement living,Residential and long-term care,Caledonia,ON,43.06372505,-79.96059802,Province of Ontario
rvilla retirement living,Residential and long-term care,Ripley,ON,44.06873465,-81.58265262,Province of Ontario
résidence saint-louis,Clinics and ambulatory care,Ottawa,ON,45.48316947,-75.54547069,Province of Ontario
résidence st-mathieu,Residential and long-term care,Clarence-Rockland,ON,45.440251,-75.239955,Province of Ontario
s.e.n.a.c.a. seniors day program - halton incorporated,Clinics and ambulatory care,Oakville,ON,43.44271483,-79.67788876,Province of Ontario
saint elizabeth foundation,Clinics and ambulatory care,Markham,ON,43.85374742,-79.3693504,Province of Ontario
saint elizabeth health care,Clinics and ambulatory care,Thunder Bay,ON,48.41069176,-89.25458627,Province of Ontario
saint luke's place,Residential and long-term care,Cambridge,ON,43.4253246,-80.31029116,Province of Ontario
saint luke's place - css,Clinics and ambulatory care,Cambridge,ON,43.4253246,-80.31029116,Province of Ontario
salvation army toronto grace health centre,Hospitals,Toronto,ON,43.670323,-79.383211,Province of Ontario
sandfield place,Residential and long-term care,Cornwall,ON,45.03749423,-74.75148549,Province of Ontario
sandy hill community health centre,Clinics and ambulatory care,Ottawa,ON,45.42931296,-75.68351753,Province of Ontario
"sandy hill community health centre, inc.",Residential and long-term care,Ottawa,ON,45.42931296,-75.68351753,Province of Ontario
sante manitouwadge health,Hospitals,Manitouwadge,ON,49.12743949,-85.82432229,Province of Ontario
sara vista,Residential and long-term care,Elmvale,ON,44.58237802,-79.86181752,Province of Ontario
sarnia & district senior volunteer community services,Clinics and ambulatory care,Sarnia,ON,42.97345802,-82.40116207,Province of Ontario
sarsfield colonial home,Residential and long-term care,Ottawa,ON,45.440588,-75.347066,Province of Ontario
sauble family health team,Clinics and ambulatory care,Sauble Beach,ON,44.62943456,-81.25747997,Province of Ontario
saugeen valley nursing center,Residential and long-term care,Mount Forest,ON,43.97509868,-80.73933974,Province of Ontario
sault area hospital,Hospitals,Sault Ste Marie,ON,46.5488136,-84.3111593,Public Health Agency of Canada
sault area hospital - general site,Hospitals,Sault Ste Marie,ON,46.548011,-84.311683,Province of Ontario
sault ste. marie alcohol recovery home inc.,Residential and long-term care,Sault Ste Marie,ON,46.5082125,-84.32441905,Province of Ontario
scarborough academic family health team,Clinics and ambulatory care,Toronto,ON,43.75513221,-79.24956745,Province of Ontario
scarborough and rouge hospital,Residential and long-term care,Toronto,ON,43.78040642,-79.20455254,Province of Ontario
scarborough and rouge hospital (css),Clinics and ambulatory care,Toronto,ON,43.65054688,-79.37946838,Province of Ontario
scarborough and rouge hospital - birchmount,Hospitals,Scarborough,ON,43.80172371,-79.30801537,Province of Ontario
scarborough and rouge hospital - centenary,Hospitals,Scarborough,ON,43.7805596,-79.2046504,Province of Ontario
scarborough and rouge hospital - scarborough general,Hospitals,Scarborough,ON,43.75511121,-79.24780355,Province of Ontario
scarborough centre for healthy communities,Hospitals,Toronto,ON,43.73904541,-79.21573104,Province of Ontario
scarborough retirement residence,Residential and long-term care,Toronto,ON,43.74077741,-79.21877154,Province of Ontario
schizophrenia society of ontario,Residential and long-term care,Oakville,ON,43.44647254,-79.66785156,Province of Ontario
scoc supportive services,Clinics and ambulatory care,Toronto,ON,43.7056131,-79.31276747,Province of Ontario
seacliff manor,Residential and long-term care,Leamington,ON,42.03374554,-82.59725745,Province of Ontario
seaforth community hospital,Hospitals,Seaforth,ON,43.55163777,-81.38571711,Province of Ontario
seaforth long term care home,Residential and long-term care,Huron East,ON,43.55647627,-81.39760291,Province of Ontario
seaforth retirement community,Residential and long-term care,Huron East,ON,43.55647627,-81.39760291,Province of Ontario
seasons amherstburg,Residential and long-term care,Amherstburg,ON,42.08716293,-83.10768001,Province of Ontario
seasons belle river,Residential and long-term care,Lakeshore,ON,42.29392128,-82.71986371,Province of Ontario
seasons brantford,Residential and long-term care,Brantford,ON,43.12530695,-80.28557542,Province of Ontario
seasons clarington,Residential and long-term care,Bowmanville,ON,43.90714436,-78.70603649,Province of Ontario
seasons dufferin centre,Residential and long-term care,Quinte West,ON,44.10099394,-77.58549614,Province of Ontario
seasons milton,Residential and long-term care,Milton,ON,43.49338783,-79.86869212,Province of Ontario
seasons owen sound,Residential and long-term care,Owen Sound,ON,44.57210787,-80.91516096,Province of Ontario
seasons royal oak village,Residential and long-term care,Windsor,ON,42.23693986,-83.0218335,Province of Ontario
seasons stoney creek,Residential and long-term care,Hamilton,ON,43.237456,-79.71577025,Province of Ontario
seasons strathroy,Residential and long-term care,Strathroy,ON,42.95827325,-81.64931664,Province of Ontario
seasons welland,Residential and long-term care,Welland,ON,43.00194648,-79.26073529,Province of Ontario
seaway valley community health centre,Hospitals,Cornwall,ON,45.02104953,-74.73000038,Province of Ontario
second mile club of toronto - four branch,Clinics and ambulatory care,Toronto,ON,43.65757158,-79.40343899,Province of Ontario
secord trails care community,Residential and long-term care,Ingersoll,ON,43.03265541,-80.8830515,Province of Ontario
seeley's bay retirement residence,Residential and long-term care,Seeleys Bay,ON,44.47717557,-76.23550034,Province of Ontario
self help resource centre of greater toronto,Clinics and ambulatory care,Toronto,ON,43.68812419,-79.39575409,Province of Ontario
self-directed care organization,Clinics and ambulatory care,Toronto,ON,43.66224179,-79.38852459,Province of Ontario
self-directed personal support services ontario,Clinics and ambulatory care,Toronto,ON,43.66224179,-79.38852459,Province of Ontario
senior adult services in the annex,Residential and long-term care,Toronto,ON,43.68123159,-79.4266182,Province of Ontario
"senior peoples' resources in north toronto, inc.",Clinics and ambulatory care,Toronto,ON,43.69746889,-79.39182829,Province of Ontario
senior persons living connected,Clinics and ambulatory care,Toronto,ON,43.79635041,-79.31678308,Province of Ontario
senior persons living connected - cmhp,Clinics and ambulatory care,Toronto,ON,43.79635041,-79.31678308,Province of Ontario
seniors activation maintenance program of hamilton inc.,Clinics and ambulatory care,Hamilton,ON,43.26067949,-79.88144281,Province of Ontario
seniors association kingston region,Clinics and ambulatory care,Kingston,ON,44.22437671,-76.52233701,Province of Ontario
seniors life enhancement centres,Clinics and ambulatory care,Oakville,ON,43.51086305,-79.67178966,Province of Ontario
seniors' health centre,Residential and long-term care,Toronto,ON,43.77304721,-79.36002319,Province of Ontario
sensenbrenner hospital,Hospitals,Kapuskasing,ON,49.42561,-82.427581,Public Health Agency of Canada
sepoy manor,Residential and long-term care,Lucknow,ON,43.96466384,-81.51076269,Province of Ontario
serenity barrie,Residential and long-term care,Barrie,ON,44.3733395,-79.66832374,Province of Ontario
serenity blenheim independent living,Residential and long-term care,Chatham-Kent,ON,42.33324553,-82.00312039,Province of Ontario
serenity house inc.,Residential and long-term care,Ottawa,ON,45.35245904,-75.69600033,Province of Ontario
serenity-durham,Residential and long-term care,Durham,ON,44.18400301,-80.82253259,Province of Ontario
serpent river first nation,Clinics and ambulatory care,Cutler,ON,46.20211726,-82.46780273,Province of Ontario
service familial catholique ottawa/catholic family service ottawa,Residential and long-term care,Ottawa,ON,45.43407076,-75.66169613,Province of Ontario
service secours elisabeth bruyère helpline,Clinics and ambulatory care,Ottawa,ON,45.43194006,-75.69701384,Province of Ontario
services and housing in the province (ship),Residential and long-term care,Orangeville,ON,43.9153785,-80.10451754,Province of Ontario
services and housing in the province (ship) - css,Clinics and ambulatory care,Mississauga,ON,43.66503417,-79.68613508,Province of Ontario
services communautaires de prescott et russell,Clinics and ambulatory care,Hawkesbury,ON,45.61067883,-74.61816159,Province of Ontario
"services de counselling de hearst, kapuskasing and smooth rock falls counselling services",Residential and long-term care,Kapuskasing,ON,49.41830514,-82.42231392,Province of Ontario
services de santé de chapleau health services,Residential and long-term care,Chapleau,ON,47.84229475,-83.40861153,Province of Ontario
services de santé de chapleau health services (css),Clinics and ambulatory care,Chapleau,ON,47.8411696,-83.4149629,Province of Ontario
services de toxicomanie cochrane nord inc. north cochrane addiction services inc.,Residential and long-term care,Cochrane,ON,49.06971147,-81.0205333,Province of Ontario
seven oaks,Residential and long-term care,Toronto,ON,43.78117732,-79.20432774,Province of Ontario
seven south street treatment centre,Residential and long-term care,Orillia,ON,44.61828025,-79.42959029,Province of Ontario
sexual abuse centre (thunder bay),Residential and long-term care,Thunder Bay,ON,48.40809756,-89.23772706,Province of Ontario
sexual assault centre for quinte and district,Residential and long-term care,Quinte West,ON,44.10113505,-77.57631584,Province of Ontario
sexual assault centre kingston,Residential and long-term care,Kingston,ON,44.25568652,-76.498125,Province of Ontario
sexual assault crisis centre of essex county inc.,Residential and long-term care,Windsor,ON,42.30016487,-83.0098548,Province of Ontario
shalom gardens apartments,Residential and long-term care,Grimsby,ON,43.1869815,-79.52455129,Province of Ontario
shalom manor long term care home,Residential and long-term care,Grimsby,ON,43.1869815,-79.52455129,Province of Ontario
shalom village nursing home,Residential and long-term care,Hamilton,ON,43.26411849,-79.89518251,Province of Ontario
sharbot lake fht,Clinics and ambulatory care,Sharbot Lake,ON,44.7679382,-76.69071421,Province of Ontario
sharbot lake retirement ltd.,Residential and long-term care,Maberly,ON,44.7728289,-76.68572321,Province of Ontario
shawanaga first nation,Clinics and ambulatory care,Nobel,ON,45.5138039,-80.2735653,Province of Ontario
sheguiandah first nation (css),Clinics and ambulatory care,Sheguiandah,ON,45.882268,-81.906589,Province of Ontario
shelburne long term care home,Residential and long-term care,Shelburne,ON,44.08301872,-80.20421248,Province of Ontario
shelburne retirement community,Residential and long-term care,Shelburne,ON,44.08301872,-80.20421248,Province of Ontario
shepherd lodge,Residential and long-term care,Toronto,ON,43.78271331,-79.29413397,Province of Ontario
shepherd terrace retirement residence,Residential and long-term care,Toronto,ON,43.78183521,-79.29511607,Province of Ontario
shepherds of good hope,Residential and long-term care,Ottawa,ON,45.29155252,-75.88038939,Province of Ontario
sherbourne family health team,Clinics and ambulatory care,Toronto,ON,43.66230769,-79.37202078,Province of Ontario
sherbourne health centre,Residential and long-term care,Toronto,ON,43.66230769,-79.37202078,Province of Ontario
sherbourne place,Residential and long-term care,Toronto,ON,43.66267759,-79.37266528,Province of Ontario
sheridan lodge,Residential and long-term care,Brantford,ON,43.14405575,-80.26632602,Province of Ontario
sheridan villa,Residential and long-term care,Mississauga,ON,43.51060205,-79.64829886,Province of Ontario
sherwood court long term care centre,Residential and long-term care,Vaughan,ON,43.88950162,-79.51877245,Province of Ontario
sherwood forest (trinity) housing corporation,Clinics and ambulatory care,London,ON,43.00530568,-81.30809613,Province of Ontario
sherwood park manor,Residential and long-term care,Brockville,ON,44.60514,-75.662296,Province of Ontario
sheshegwaning first nation (css),Clinics and ambulatory care,Sheshegwaning,ON,45.92231709,-82.84982812,Province of Ontario
shkagamik-kwe health centre,Residential and long-term care,Sudbury,ON,46.49171358,-81.00200379,Province of Ontario
shorthills villa retirement community,Residential and long-term care,Pelham,ON,43.04660368,-79.2860776,Province of Ontario
shouldice hospital ltd.,Hospitals,Thornhill,ON,43.8206976,-79.4042384,Public Health Agency of Canada
silverthorn care community,Residential and long-term care,Mississauga,ON,43.56232545,-79.68858187,Province of Ontario
simcoe heritage retirement home,Residential and long-term care,Simcoe,ON,42.8331043,-80.3030857,Province of Ontario
simcoe manor home for the aged,Residential and long-term care,New Tecumseth,ON,44.08139484,-79.77752875,Province of Ontario
simcoe muskoka district health unit,Clinics and ambulatory care,Barrie,ON,44.4107627,-79.68643375,Province of Ontario
simcoe terrace,Residential and long-term care,Barrie,ON,44.3868042,-79.70197505,Province of Ontario
simcoe village,Clinics and ambulatory care,Midhurst,ON,44.44491511,-79.74484567,Province of Ontario
sinai health system,Residential and long-term care,Toronto,ON,43.65753069,-79.38999619,Province of Ontario
sinai health system (css),Clinics and ambulatory care,Toronto,ON,43.65753069,-79.38999619,Province of Ontario
sinai health system - bridgepoint,Hospitals,Toronto,ON,43.66596059,-79.35550928,Province of Ontario
sinai health system - mount sinai,Hospitals,Toronto,ON,43.65770559,-79.38972699,Province of Ontario
sioux lookout meno ya win health centre,Hospitals,Sioux Lookout,ON,50.1045094,-91.9268373,Public Health Agency of Canada
sioux lookout meno ya win health centre - lookout district,Hospitals,Sioux Lookout,ON,50.10602478,-91.92543418,Province of Ontario
sioux lookout meno-ya-win health centre - fifth avenue site,Hospitals,Sioux Lookout,ON,50.105975,-91.927749,Public Health Agency of Canada
sioux lookout meno-ya-win health centre - seventh avenue site,Hospitals,Sioux Lookout,ON,50.1024549,-91.9241884,Public Health Agency of Canada
sioux lookout meno-ya-win health centre -css,Clinics and ambulatory care,Sioux Lookout,ON,50.09774718,-91.91950148,Province of Ontario
sirch community services & consulting,Clinics and ambulatory care,Haliburton,ON,45.03645236,-78.56024274,Province of Ontario
sistering - a woman's place,Residential and long-term care,Toronto,ON,43.64077598,-79.4332507,Province of Ontario
six nations council,Residential and long-term care,Ohsweken,ON,43.07223685,-80.11651657,Province of Ontario
six nations of the grand river,Clinics and ambulatory care,Ohsweken,ON,43.07223685,-80.11651657,Province of Ontario
six nations of the grand river fht,Clinics and ambulatory care,Ohsweken,ON,43.07223685,-80.11651657,Province of Ontario
slate falls nation,Clinics and ambulatory care,Slate Falls,ON,51.16113294,-91.58227228,Province of Ontario
smiths falls,Clinics and ambulatory care,Smiths Falls,ON,44.89791865,-76.027595,Province of Ontario
smithville family health team,Clinics and ambulatory care,Smithville,ON,43.09567428,-79.54853809,Province of Ontario
smooth rock falls hospital,Hospitals,Smooth Rock Falls,ON,49.272285,-81.610265,Public Health Agency of Canada
sobriety house,Residential and long-term care,Ottawa,ON,45.40566275,-75.68555823,Province of Ontario
society of sharing - inner-city volunteers,Clinics and ambulatory care,Toronto,ON,43.66800979,-79.38663819,Province of Ontario
"society of st. vincent de paul, toronto central council",Residential and long-term care,Toronto,ON,43.65585569,-79.37700068,Province of Ontario
soins palliatifs horizon-timmins inc./horizon-timmins palliative care inc.,Clinics and ambulatory care,Timmins,ON,48.48601227,-81.31161512,Province of Ontario
somerset west community health centre - yet keen seniors,Hospitals,Ottawa,ON,45.41356995,-75.70634624,Province of Ontario
sound times support services of metropolitan toronto,Residential and long-term care,Toronto,ON,43.64308398,-79.41732259,Province of Ontario
south algonquin family health team corporation,Clinics and ambulatory care,Whitney,ON,45.49381755,-78.23260578,Province of Ontario
south bruce grey health centre,Hospitals,Walkerton,ON,44.12272,-81.152957,Canadian Institute for Health Information
south bruce grey health centre (corporate office) - walkerton,Hospitals,Walkerton,ON,44.1229318,-81.1528703,Public Health Agency of Canada
south bruce grey health centre - chesley,Hospitals,Chesley,ON,44.298492,-81.093232,Public Health Agency of Canada
south bruce grey health centre - durham,Hospitals,Durham,ON,44.1798659,-80.828585,Public Health Agency of Canada
south bruce grey health centre - kincardine,Hospitals,Kincardine,ON,44.1890238,-81.6254754,Public Health Agency of Canada
south bruce grey health centre - walkerton,Clinics and ambulatory care,Walkerton,ON,44.12202678,-81.15303929,Province of Ontario
south centennial manor,Residential and long-term care,Iroquois Falls,ON,48.76584185,-80.68247105,Province of Ontario
south cochrane addictions services inc.,Residential and long-term care,Timmins,ON,48.47443527,-81.32863693,Province of Ontario
south east community care access centre (css),Clinics and ambulatory care,Kingston,ON,44.25958092,-76.52041361,Province of Ontario
south east grey chc,Hospitals,Ottawa,ON,45.38799185,-75.67505383,Province of Ontario
south east local health integration network,Clinics and ambulatory care,Belleville,ON,44.19008777,-77.38334099,Province of Ontario
south east local health integration network (lhin op),Clinics and ambulatory care,Belleville,ON,44.19008777,-77.38334099,Province of Ontario
south east toronto fht,Clinics and ambulatory care,Toronto,ON,43.69079619,-79.32641447,Province of Ontario
south essex community council incorporated,Clinics and ambulatory care,Leamington,ON,42.05812245,-82.58577985,Province of Ontario
south huron hospital,Hospitals,Exeter,ON,43.3434413,-81.4808245,Public Health Agency of Canada
south muskoka memorial hospital,Hospitals,Bracebridge,ON,45.04781,-79.314359,Public Health Agency of Canada
south riverdale community health centre,Residential and long-term care,Toronto,ON,43.7021584,-79.29886836,Province of Ontario
south riverdale community health centre (css),Clinics and ambulatory care,Toronto,ON,43.66115189,-79.33920577,Province of Ontario
south west lhin-home care,Clinics and ambulatory care,London,ON,42.98657228,-81.28184972,Province of Ontario
south west local health integration network,Clinics and ambulatory care,London,ON,42.98523708,-81.24835651,Province of Ontario
south west local health integration network (lhin op),Clinics and ambulatory care,London,ON,42.98523708,-81.24835651,Province of Ontario
south-east ottawa community health centre,Clinics and ambulatory care,Ottawa,ON,45.38799185,-75.67505383,Province of Ontario
southampton care centre,Residential and long-term care,Southampton,ON,44.48871523,-81.36830209,Province of Ontario
southbridge lakehead,Residential and long-term care,Thunder Bay,ON,48.38274726,-89.25160776,Province of Ontario
southbridge pinewood,Residential and long-term care,Thunder Bay,ON,48.37456045,-89.27416157,Province of Ontario
southbridge roseview,Residential and long-term care,Thunder Bay,ON,48.45042517,-89.21555166,Province of Ontario
southbrook retirement community,Residential and long-term care,Brampton,ON,43.65401857,-79.7322165,Province of Ontario
southern frontenac community services corporation,Clinics and ambulatory care,Sydenham,ON,44.40484904,-76.59663125,Province of Ontario
southgate village,Residential and long-term care,Kingsville,ON,42.02834304,-82.73923269,Province of Ontario
southlake family health team,Clinics and ambulatory care,Newmarket,ON,44.06118145,-79.45377914,Province of Ontario
southlake regional health centre,Hospitals,Newmarket,ON,44.0602265,-79.4522927,Public Health Agency of Canada
southlake regional health centre (srhc),Residential and long-term care,Newmarket,ON,44.06063265,-79.45264554,Province of Ontario
southlake regional health centre - css,Clinics and ambulatory care,Newmarket,ON,44.06063265,-79.45264554,Province of Ontario
southlake residential care village,Residential and long-term care,Newmarket,ON,44.05931585,-79.45092944,Province of Ontario
southwest ontario aboriginal health access centre,Residential and long-term care,Owen Sound,ON,44.56794327,-80.94594007,Province of Ontario
southwest ontario aboriginal health access centre (css),Clinics and ambulatory care,Muncey,ON,42.80845733,-81.53664599,Province of Ontario
southwestern public health,Clinics and ambulatory care,Saint Thomas,ON,42.77779055,-81.15086667,Province of Ontario
southwestern regional centre,,Blenheim,ON,42.2587904,-82.1160732,Public Health Agency of Canada
southwind retirement home,Residential and long-term care,Sundridge,ON,45.82410606,-79.37081068,Province of Ontario
spencer house,Residential and long-term care,Orillia,ON,44.60314495,-79.45390869,Province of Ontario
spinal cord injury ontario,Clinics and ambulatory care,Toronto,ON,43.718498,-79.36971499,Province of Ontario
springdale country manor,Residential and long-term care,Peterborough,ON,44.23107203,-78.39679912,Province of Ontario
spruce hill lodge,Residential and long-term care,Timmins,ON,48.478149,-81.220053,Province of Ontario
spruce lodge,Clinics and ambulatory care,Stratford,ON,43.36760056,-81.00083747,Province of Ontario
spruce lodge home for the aged,Residential and long-term care,Stratford,ON,43.36760056,-81.00083747,Province of Ontario
sprucedale care centre,Residential and long-term care,Strathroy,ON,42.96355986,-81.62413493,Province of Ontario
st christopher house (soc. integrat.),Clinics and ambulatory care,Toronto,ON,43.64740068,-79.40429659,Province of Ontario
st. andrew's residence,Residential and long-term care,Chatham-Kent,ON,42.40239323,-82.17974525,Province of Ontario
"st. andrew's residence, chatham inc.",Clinics and ambulatory care,Chatham-Kent,ON,42.40239323,-82.17974525,Province of Ontario
st. andrew's terrace long term care community,Residential and long-term care,Cambridge,ON,43.34600049,-80.32871446,Province of Ontario
st. bernard's residence,Residential and long-term care,Toronto,ON,43.7706405,-79.45685582,Province of Ontario
st. charles village,Residential and long-term care,Welland,ON,42.98250767,-79.25673889,Province of Ontario
st. christopher house,Clinics and ambulatory care,Toronto,ON,43.64740068,-79.40429659,Province of Ontario
st. clair o'connor community inc,Clinics and ambulatory care,Toronto,ON,43.7056131,-79.31276747,Province of Ontario
st. clair o'connor community nursing home,Residential and long-term care,Toronto,ON,43.7056131,-79.31276747,Province of Ontario
st. clair west services for seniors,Clinics and ambulatory care,Toronto,ON,43.69098659,-79.47236762,Province of Ontario
st. clair west services for seniors (css),Clinics and ambulatory care,Toronto,ON,43.69098659,-79.47236762,Province of Ontario
st. clair west services for seniors (toronto central lhin),Clinics and ambulatory care,Toronto,ON,43.69098659,-79.47236762,Province of Ontario
st. demetrius supportive care services,Clinics and ambulatory care,Toronto,ON,43.68434358,-79.51869943,Province of Ontario
st. elizabeth retirement residence,Residential and long-term care,Hamilton,ON,43.2050955,-79.9103179,Province of Ontario
st. francis memorial hospital,Hospitals,Barrys Bay,ON,45.482208,-77.694697,Public Health Agency of Canada
st. gabriel's villa of sudbury,Residential and long-term care,Sudbury,ON,46.575821,-81.183418,Province of Ontario
st. george care community,Residential and long-term care,Toronto,ON,43.67253289,-79.40161649,Province of Ontario
st. hilda's towers,Clinics and ambulatory care,Toronto,ON,43.69477959,-79.44946361,Province of Ontario
st. jacobs place,Residential and long-term care,Saint Jacobs,ON,43.53898161,-80.55157454,Province of Ontario
st. jacques nursing home,Residential and long-term care,Embrun,ON,45.27229585,-75.28638399,Province of Ontario
st. john's rehabilitation hospital,Residential and long-term care,Toronto,ON,43.7875454,-79.4040568,Public Health Agency of Canada
st. john's retirement home inc.,Clinics and ambulatory care,Peterborough,ON,44.30707135,-78.3187302,Province of Ontario
st. joseph's at fleming,Residential and long-term care,Peterborough,ON,44.26877564,-78.36982641,Province of Ontario
st. joseph's care group,Hospitals,Thunder Bay,ON,48.43792757,-89.22303676,Province of Ontario
st. joseph's care group (corporate office) - st. joseph's hospital,Residential and long-term care,Thunder Bay,ON,48.438058,-89.222677,Public Health Agency of Canada
st. joseph's care group (css),Clinics and ambulatory care,Thunder Bay,ON,48.43810877,-89.22242206,Province of Ontario
st. joseph's care group - lakehead psychiatric hospital,Hospitals,Thunder Bay,ON,48.438058,-89.222677,Public Health Agency of Canada
st. joseph's continuing care centre,Residential and long-term care,Cornwall,ON,45.01462532,-74.73145128,Province of Ontario
st. joseph's continuing care centre of sudbury,Hospitals,Sudbury,ON,46.46719898,-80.96760137,Province of Ontario
st. joseph's general hospital - elliot lake,Hospitals,Elliot Lake,ON,46.384833,-82.660924,Public Health Agency of Canada
st. joseph's health care london,Residential and long-term care,Saint Thomas,ON,42.77878014,-81.20023468,Province of Ontario
st. joseph's health care london - parkwood,Hospitals,London,ON,42.9554185,-81.2252717,Province of Ontario
st. joseph's health care london - southwest centre for forensic mental health care,Hospitals,St Thomas,ON,42.74212,-81.190465,Province of Ontario
st. joseph's health care london - st. joseph's hospital,Hospitals,London,ON,43.0009154,-81.2548309,Province of Ontario
st. joseph's health centre,Residential and long-term care,Toronto,ON,43.64055838,-79.45002,Province of Ontario
st. joseph's health centre - guelph,Residential and long-term care,Guelph,ON,43.549994,-80.272024,Public Health Agency of Canada
st. joseph's health centre - toronto,Hospitals,Toronto,ON,43.640631,-79.450314,Public Health Agency of Canada
"st. joseph's health centre, guelph - css",Clinics and ambulatory care,Guelph,ON,43.55022043,-80.27189226,Province of Ontario
st. joseph's healthcare - charlton campus,Hospitals,Hamilton,ON,43.240445,-79.884108,Public Health Agency of Canada
st. joseph's healthcare - west 5th campus,Hospitals,Hamilton,ON,43.240445,-79.884108,Public Health Agency of Canada
st. joseph's healthcare hamilton,Residential and long-term care,Hamilton,ON,43.25397419,-79.8705761,Province of Ontario
st. joseph's healthcare hamilton - charlton campus,Hospitals,Hamilton,ON,43.24914,-79.8702179,Province of Ontario
st. joseph's healthcare hamilton - king campus,Hospitals,Hamilton,ON,43.22058869,-79.77488487,Province of Ontario
st. joseph's home care,Clinics and ambulatory care,Hamilton,ON,43.20362518,-79.89552741,Province of Ontario
st. joseph's hospice,Clinics and ambulatory care,London,ON,43.01781968,-81.26516492,Province of Ontario
st. joseph's hospital - london,Hospitals,London,ON,43.0002801,-81.253347,Public Health Agency of Canada
st. joseph's infirmary,Residential and long-term care,Toronto,ON,43.708582,-79.343706,Public Health Agency of Canada
st. joseph's lifecare centre,Clinics and ambulatory care,Brantford,ON,43.14553416,-80.23530631,Province of Ontario
st. joseph's manor,Residential and long-term care,Elliot Lake,ON,46.38484207,-82.66092821,Province of Ontario
st. joseph's urban family health team,Clinics and ambulatory care,Toronto,ON,43.64055838,-79.45002,Province of Ontario
st. joseph's villa (dundas),Clinics and ambulatory care,Hamilton,ON,43.26175889,-79.95770113,Province of Ontario
"st. joseph's villa, sudbury",Residential and long-term care,Sudbury,ON,46.46661488,-80.96677167,Province of Ontario
st. jude community homes,Residential and long-term care,Toronto,ON,43.65914419,-79.36670818,Province of Ontario
st. lawrence lodge,Residential and long-term care,Brockville,ON,44.60164641,-75.66542026,Province of Ontario
st. lawrence place,Residential and long-term care,Kingston,ON,44.22841651,-76.4810908,Province of Ontario
st. leonard's community services,Residential and long-term care,Brantford,ON,43.13946185,-80.26359902,Province of Ontario
st. leonard's community services of london,Residential and long-term care,London,ON,42.98637198,-81.23902261,Province of Ontario
st. mary's gardens,Residential and long-term care,Timmins,ON,48.47675827,-81.32892253,Province of Ontario
st. mary's general hospital,Hospitals,Kitchener,ON,43.4382883,-80.5007975,Public Health Agency of Canada
st. marys and area mobility service,Clinics and ambulatory care,Saint Marys,ON,43.25156843,-81.1333145,Province of Ontario
st. matthew's bracondale house,Clinics and ambulatory care,Toronto,ON,43.68123159,-79.4266182,Province of Ontario
st. matthew's house,Residential and long-term care,Hamilton,ON,43.24002559,-79.78103737,Province of Ontario
st. michael's homes,Residential and long-term care,Toronto,ON,43.65822408,-79.4299437,Province of Ontario
st. michael's hospital,Residential and long-term care,Toronto,ON,43.65312289,-79.37938728,Province of Ontario
st. michael's hospital - bond st. site,Hospitals,Toronto,ON,43.6539147,-79.3776706,Public Health Agency of Canada
st. michael's hospital academic family health team,Clinics and ambulatory care,Toronto,ON,43.66473609,-79.37417518,Province of Ontario
st. patrick's (adult day serivce),Clinics and ambulatory care,Ottawa,ON,45.36947155,-75.68903093,Province of Ontario
st. patrick's home,Residential and long-term care,Ottawa,ON,45.36947155,-75.68903093,Province of Ontario
st. paul l'amoreaux centre,Clinics and ambulatory care,Toronto,ON,43.79635041,-79.31678308,Province of Ontario
st. peter's residence at chedoke,Residential and long-term care,Hamilton,ON,43.24048479,-79.92012482,Province of Ontario
st. stephen's community house,Residential and long-term care,Toronto,ON,43.65757158,-79.40343899,Province of Ontario
st. thomas - elgin general hospital,Hospitals,St Thomas,ON,42.7628781,-81.1807827,Public Health Agency of Canada
star (perth county) family health team,Clinics and ambulatory care,Stratford,ON,43.37906466,-81.00204587,Province of Ontario
stayner care centre,Residential and long-term care,Stayner,ON,44.41953308,-80.09109148,Province of Ontario
stevenson memorial hospital,Hospitals,Alliston,ON,44.155748,-79.875121,Public Health Agency of Canada
stevenson memorial hospital (css),Clinics and ambulatory care,New Tecumseth,ON,44.15553455,-79.87510369,Province of Ontario
stirling heights,Residential and long-term care,Cambridge,ON,43.33915669,-80.33371706,Province of Ontario
stirling manor nursing home,Residential and long-term care,Stirling,ON,44.30226088,-77.54846075,Province of Ontario
stirling park retirement community,Residential and long-term care,Ottawa,ON,45.34708554,-75.73052644,Province of Ontario
stirling towers,Residential and long-term care,Stirling,ON,44.29550558,-77.54963075,Province of Ontario
stittsville villa,Residential and long-term care,Ottawa,ON,45.26362052,-75.9274985,Province of Ontario
stone lodge,Residential and long-term care,Guelph,ON,43.51325682,-80.23946794,Province of Ontario
stonegate community health centre,Hospitals,Toronto,ON,43.70972309,-79.39930509,Province of Ontario
stonehenge therapeutic community inc.,Residential and long-term care,Guelph,ON,43.53352352,-80.27614866,Province of Ontario
stoneridge manor,Residential and long-term care,Carleton Place,ON,45.13580539,-76.15419976,Province of Ontario
storefront humber,Clinics and ambulatory care,Toronto,ON,43.61354377,-79.48895881,Province of Ontario
stouffville creek retirement residence,Residential and long-term care,Whitchurch-Stouffville,ON,43.97208935,-79.24961147,Province of Ontario
stratford family health team,Clinics and ambulatory care,Stratford,ON,43.36359836,-80.98996027,Province of Ontario
stratford general hospital,Clinics and ambulatory care,Stratford,ON,43.36817646,-80.99548487,Province of Ontario
strathmere lodge,Residential and long-term care,Strathroy,ON,42.95570205,-81.64392804,Province of Ontario
strathroy middlesex general hospital,Hospitals,Strathroy,ON,42.9609382,-81.6346964,Public Health Agency of Canada
streamway villa,Residential and long-term care,Cobourg,ON,43.96205389,-78.16781002,Province of Ontario
"street haven at the crossroads, the",Residential and long-term care,Toronto,ON,43.65925109,-79.37243298,Province of Ontario
street health community nursing foundation,Residential and long-term care,Toronto,ON,43.65869789,-79.37001078,Province of Ontario
streetsville care community,Residential and long-term care,Mississauga,ON,43.58212646,-79.70532398,Province of Ontario
sts. peter and paul residence,Residential and long-term care,Toronto,ON,43.78816992,-79.24005215,Province of Ontario
student assistance in north toronto for seniors,Clinics and ambulatory care,Toronto,ON,43.7263871,-79.4013591,Province of Ontario
sudbury and district health unit,Clinics and ambulatory care,Sudbury,ON,46.46622418,-80.99844758,Province of Ontario
sudbury district nurse practitioner clinics,Clinics and ambulatory care,Sudbury,ON,46.48222358,-81.00645759,Province of Ontario
sumac lodge,Residential and long-term care,Sarnia,ON,43.01031973,-82.34671616,Province of Ontario
summerville fht,Clinics and ambulatory care,Mississauga,ON,43.57213966,-79.61082055,Province of Ontario
summit housing & outreach programs,Residential and long-term care,Burlington,ON,43.33226941,-79.80880339,Province of Ontario
summit place,Residential and long-term care,Owen Sound,ON,44.55878477,-80.92755656,Province of Ontario
sun parlor home for senior citizens,Residential and long-term care,Leamington,ON,42.05585245,-82.58946575,Province of Ontario
sunbeam residential development centre,Residential and long-term care,Kitchener,ON,43.4610563,-80.4582188,Public Health Agency of Canada
sundial lakeview retirement residence,Residential and long-term care,Orillia,ON,44.63897785,-79.42409559,Province of Ontario
sunnybrook academic fht,Clinics and ambulatory care,Toronto,ON,43.7228543,-79.37287829,Province of Ontario
sunnybrook health sciences centre,Residential and long-term care,Toronto,ON,43.7228543,-79.37287829,Province of Ontario
sunnybrook health sciences centre - bayview campus,Hospitals,Toronto,ON,43.72242,-79.374019,Public Health Agency of Canada
sunnybrook health sciences centre - holland orthopaedic & arthritic centre,Hospitals,Toronto,ON,43.66534149,-79.38242888,Province of Ontario
sunnybrook health sciences centre - holland orthopaedic and arthritic inst.,Hospitals,Toronto,ON,43.6650195,-79.3823361,Public Health Agency of Canada
sunnybrook health sciences centre - st. john's rehab,Hospitals,Toronto,ON,43.78762,-79.403968,Province of Ontario
sunnybrook health sciences centre - women's college hospital,Hospitals,Toronto,ON,43.66171,-79.387745,Public Health Agency of Canada
sunnycrest nursing home,Residential and long-term care,Whitby,ON,43.88695065,-78.90906825,Province of Ontario
sunnyside home,Residential and long-term care,Kitchener,ON,43.440994,-80.4451854,Province of Ontario
sunnyside home for the aged - regional municipality of waterloo,Clinics and ambulatory care,Kitchener,ON,43.440994,-80.4451854,Province of Ontario
sunrise of burlington,Residential and long-term care,Burlington,ON,43.36880982,-79.72973777,Province of Ontario
sunrise of thornhill,Residential and long-term care,Vaughan,ON,43.79523551,-79.43742711,Province of Ontario
sunrise senior living of aurora,Residential and long-term care,Aurora,ON,43.99028724,-79.46696414,Province of Ontario
sunrise senior living of erin mills,Residential and long-term care,Mississauga,ON,43.54899385,-79.68808997,Province of Ontario
sunrise senior living of mississauga,Residential and long-term care,Mississauga,ON,43.62096837,-79.60555515,Province of Ontario
sunrise senior living of oakville,Residential and long-term care,Oakville,ON,43.45397384,-79.68064656,Province of Ontario
sunrise senior living of richmond hill,Residential and long-term care,Richmond Hill,ON,43.86580402,-79.43672372,Province of Ontario
sunrise senior living of unionville,Residential and long-term care,Markham,ON,43.86308503,-79.29911048,Province of Ontario
sunrise senior living of windsor,Residential and long-term care,Windsor,ON,42.32883118,-82.97746139,Province of Ontario
sunrise seniors place,Clinics and ambulatory care,Oshawa,ON,43.89323215,-78.86458634,Province of Ontario
sunset country family health team,Clinics and ambulatory care,Kenora,ON,49.76655,-94.502517,Province of Ontario
sunset cove retirement living,Residential and long-term care,Long Sault,ON,45.02928432,-74.89304624,Province of Ontario
sunset manor home for senior citizens,Residential and long-term care,Collingwood,ON,44.50191069,-80.20123672,Province of Ontario
suomi-koti toronto nursing home,Residential and long-term care,Toronto,ON,43.7131299,-79.36614148,Province of Ontario
superior family health team,Clinics and ambulatory care,Sault Ste Marie,ON,46.5069495,-84.32633015,Province of Ontario
supples landing retirement residence,Residential and long-term care,Pembroke,ON,45.8296882,-77.1109031,Province of Ontario
support & housing - halton (shh),Residential and long-term care,Milton,ON,43.50005044,-79.87855563,Province of Ontario
supported training and rehabilitation in diverse environments (stride),Residential and long-term care,Milton,ON,43.51046984,-79.87435593,Province of Ontario
supportive housing in peel (s.h.i.p.) css,Clinics and ambulatory care,Mississauga,ON,43.6651732,-79.687076,Province of Ontario
sweet mays seniors residence,Residential and long-term care,Stayner,ON,44.41322268,-80.07362467,Province of Ontario
symphony senior living kanata,Residential and long-term care,Ottawa,ON,45.32386803,-75.9241396,Province of Ontario
symphony senior living orleans,Residential and long-term care,Ottawa,ON,45.47161517,-75.52958419,Province of Ontario
taddle creek family health team,Clinics and ambulatory care,Toronto,ON,43.66050619,-79.38606199,Province of Ontario
taibu community health centre,Hospitals,Toronto,ON,43.80929512,-79.22088655,Province of Ontario
tall pines long term care centre,Residential and long-term care,Brampton,ON,43.75057309,-79.74244701,Province of Ontario
tapestry at village gate west,Residential and long-term care,Toronto,ON,43.64399278,-79.53220393,Province of Ontario
tara retirement home,Residential and long-term care,Hamilton,ON,43.21727849,-79.83453609,Province of Ontario
taykwa tagamou nation,Clinics and ambulatory care,Cochrane,ON,49.06503527,-81.0299343,Province of Ontario
teck pioneer residence,Residential and long-term care,Kirkland Lake,ON,48.15345549,-80.01468335,Province of Ontario
"tecumseh seniors transit, inc.",Clinics and ambulatory care,Windsor,ON,42.31179348,-82.88280396,Province of Ontario
tele-touch seniors,Clinics and ambulatory care,Hamilton,ON,43.2655201,-79.8505975,Province of Ontario
telfer place,Residential and long-term care,Brant,ON,43.20739846,-80.38649816,Province of Ontario
temagami medical centre and family health team,Clinics and ambulatory care,Temagami,ON,47.06268903,-79.78729655,Province of Ontario
temiskaming hospital,Hospitals,New Liskeard,ON,47.495162,-79.693153,Public Health Agency of Canada
temiskaming lodge,Residential and long-term care,Temiskaming Shores,ON,47.43879,-79.63082324,Province of Ontario
tendercare living centre,Residential and long-term care,Toronto,ON,43.80577041,-79.33598338,Province of Ontario
terrace gardens,Residential and long-term care,Toronto,ON,43.7353822,-79.43311861,Province of Ontario
terrace lodge,Residential and long-term care,Aylmer,ON,42.7710963,-80.9682813,Province of Ontario
terraces of baycrest,Residential and long-term care,Toronto,ON,43.7286636,-79.44013881,Province of Ontario
thames valley family health team,Clinics and ambulatory care,London,ON,43.00100838,-81.33530394,Province of Ontario
thamesview family health team,Clinics and ambulatory care,Chatham-Kent,ON,42.39828013,-82.21133936,Province of Ontario
the amberwood suites,Residential and long-term care,Sudbury,ON,46.46167978,-81.01101148,Province of Ontario
the annex,Residential and long-term care,Toronto,ON,43.671751,-79.405509,Province of Ontario
the arthritis society,Clinics and ambulatory care,Toronto,ON,43.65402329,-79.38729799,Province of Ontario
the baycrest day care centre,Clinics and ambulatory care,Toronto,ON,43.7300765,-79.43421181,Province of Ontario
the beechwood,Residential and long-term care,Mississauga,ON,43.62827797,-79.60432645,Province of Ontario
the bignucolo residence,Residential and long-term care,Chapleau,ON,47.841251,-83.414961,Province of Ontario
the bridge street retirement residence,Residential and long-term care,Belleville,ON,44.16413397,-77.38004118,Province of Ontario
the briton house,Residential and long-term care,Toronto,ON,43.70654559,-79.38981869,Province of Ontario
the canadian hearing society - london region,Clinics and ambulatory care,London,ON,42.97811638,-81.24222821,Province of Ontario
the canadian hearing society - peel/waterloo region,Clinics and ambulatory care,Mississauga,ON,43.54312435,-79.68396367,Province of Ontario
the canadian hearing society - peterborough/durham,Clinics and ambulatory care,Peterborough,ON,44.30274275,-78.3279723,Province of Ontario
the canadian hearing society - simcoe county,Clinics and ambulatory care,Newmarket,ON,44.06253715,-79.44819694,Province of Ontario
the canadian hearing society - toronto,Clinics and ambulatory care,Toronto,ON,43.67720559,-79.40777439,Province of Ontario
the canadian hearing society - windsor region,Clinics and ambulatory care,Windsor,ON,42.30778917,-83.0269943,Province of Ontario
the canadian hearing society - york region,Clinics and ambulatory care,Toronto,ON,43.67720559,-79.40777439,Province of Ontario
the canadian national institute for the blind - ont div - bruce/dufferin/grey,Clinics and ambulatory care,Owen Sound,ON,44.56598637,-80.94324027,Province of Ontario
the canadian national institute for the blind - ont div - london,Clinics and ambulatory care,London,ON,42.96171348,-81.22700821,Province of Ontario
the canadian national institute for the blind - ont div - windsor district,Clinics and ambulatory care,Windsor,ON,42.32701458,-82.97842729,Province of Ontario
the canadian national institute for the blind - waterloo/wellington district,Clinics and ambulatory care,Kitchener,ON,43.4522455,-80.48417672,Province of Ontario
"the canadian national institute for the blind, durham district",Clinics and ambulatory care,Peterborough,ON,44.30180865,-78.3203191,Province of Ontario
"the canadian national institute for the blind, hkpr district",Clinics and ambulatory care,Peterborough,ON,44.30180865,-78.3203191,Province of Ontario
"the canadian national institute for the blind, simcoe branch",Clinics and ambulatory care,Barrie,ON,44.3813294,-79.70462585,Province of Ontario
"the canadian red cross society - ontario zone, northumberland",Clinics and ambulatory care,Barrie,ON,44.3867949,-79.69436485,Province of Ontario
"the canadian red cross society ontario zone, northumberland (ce lhin)",Clinics and ambulatory care,Barrie,ON,44.3867949,-79.69436485,Province of Ontario
"the canadian red cross society, simcoe county branch",Clinics and ambulatory care,Barrie,ON,44.32729559,-79.68858194,Province of Ontario
the canadian red cross society-community health division - toronto,Clinics and ambulatory care,Toronto,ON,43.65313278,-79.39521489,Province of Ontario
"the canadian red cross, ontario zone, sarnia-lambton branch",Clinics and ambulatory care,Sarnia,ON,42.98371662,-82.38589267,Province of Ontario
the cardinal retirement residence,Residential and long-term care,Hamilton,ON,43.24925099,-79.8731636,Province of Ontario
the carlisle retirement residence,Residential and long-term care,Hamilton,ON,43.25084779,-79.8515302,Province of Ontario
the carriage house retirement residence,Residential and long-term care,Oshawa,ON,43.89926785,-78.86188844,Province of Ontario
the carrington retirement,Residential and long-term care,Quinte West,ON,44.12536405,-77.50987712,Province of Ontario
the claremont,Residential and long-term care,Toronto,ON,43.69894059,-79.38687049,Province of Ontario
the corporation of the county of lambton - long-term care division,Clinics and ambulatory care,Plympton-Wyoming,ON,42.96037,-82.117858,Province of Ontario
the courtyards on eagleson,Residential and long-term care,Ottawa,ON,45.28882002,-75.86944888,Province of Ontario
the crown ridge retirement residence,Residential and long-term care,Quinte West,ON,44.10639945,-77.56149694,Province of Ontario
the dunfield retirement residence,Residential and long-term care,Toronto,ON,43.70671009,-79.39470579,Province of Ontario
the dynasty of port hope retirement residence,Residential and long-term care,Port Hope,ON,43.95183979,-78.27804936,Province of Ontario
the east elgin family health team inc.,Clinics and ambulatory care,Aylmer,ON,42.77286715,-80.99472672,Province of Ontario
the edinburgh,Residential and long-term care,Ottawa,ON,45.43901116,-75.67868603,Province of Ontario
the elliott community,Residential and long-term care,Guelph,ON,43.55803773,-80.25130495,Province of Ontario
the elliott long term care residence,Residential and long-term care,Guelph,ON,43.55803773,-80.25130495,Province of Ontario
the erinview,Residential and long-term care,Mississauga,ON,43.53474615,-79.66736096,Province of Ontario
the first step group home,Residential and long-term care,Toronto,ON,43.76899051,-79.22035714,Province of Ontario
the fordwich village nursing home,Residential and long-term care,Fordwich,ON,43.87084494,-81.02944763,Province of Ontario
the four seasons lodge,Residential and long-term care,Deep River,ON,46.09087579,-77.47500669,Province of Ontario
the four villages community health centre,Hospitals,Toronto,ON,43.65535868,-79.45842661,Province of Ontario
the friends,Clinics and ambulatory care,Parry Sound,ON,45.34207864,-80.02646965,Province of Ontario
the good neighbours' club,Clinics and ambulatory care,Toronto,ON,43.65557079,-79.37433158,Province of Ontario
"the grove, arnprior and district nursing home",Residential and long-term care,Arnprior,ON,45.43909913,-76.36088256,Province of Ontario
the halliday house,Residential and long-term care,Chesley,ON,44.304359,-81.097435,Province of Ontario
the heart of hastings hospice inc.,Clinics and ambulatory care,Madoc,ON,44.50459552,-77.46486124,Province of Ontario
the helping hand on rhapsody,Residential and long-term care,Brampton,ON,43.78734059,-79.74182051,Province of Ontario
the henley house,Residential and long-term care,St Catharines,ON,43.18492631,-79.2578661,Province of Ontario
the heritage nursing home,Residential and long-term care,Toronto,ON,43.66272499,-79.33111227,Province of Ontario
the hospital for sick children (css),Clinics and ambulatory care,Toronto,ON,43.65710429,-79.38773779,Province of Ontario
the in community,Clinics and ambulatory care,Ottawa,ON,45.34532504,-75.79757336,Province of Ontario
the jewish home for the aged,Residential and long-term care,Toronto,ON,43.7300765,-79.43421181,Province of Ontario
the john m. parrott centre,Residential and long-term care,Napanee,ON,44.2413403,-76.97028786,Province of Ontario
the kensington,Residential and long-term care,Oakville,ON,43.44195673,-79.67261076,Province of Ontario
the kensington gardens,Residential and long-term care,Toronto,ON,43.65819899,-79.40343829,Province of Ontario
the lance krasman memorial centre for community mental health - css,Clinics and ambulatory care,Richmond Hill,ON,43.87424932,-79.43774412,Province of Ontario
the landmark assisted living,Residential and long-term care,Cobourg,ON,43.9837753,-78.17209322,Province of Ontario
the leblanc rest home,Residential and long-term care,Bradford West Gwillimbury,ON,44.11378256,-79.57167119,Province of Ontario
the manor at gravenhurst,Residential and long-term care,Gravenhurst,ON,44.9218448,-79.3745205,Province of Ontario
the manor village at london,Residential and long-term care,London,ON,43.00463958,-81.25700662,Province of Ontario
the maples home for seniors,Residential and long-term care,Tavistock,ON,43.31755486,-80.83826132,Province of Ontario
the maples of picton,Residential and long-term care,Prince Edward County,ON,44.04748645,-77.1465588,Province of Ontario
the mayfield retirement residence,Residential and long-term care,Prescott,ON,44.71210044,-75.51901312,Province of Ontario
the mccausland hospital,Clinics and ambulatory care,Terrace Bay,ON,48.78045446,-87.10460125,Province of Ontario
the meadows of dorchester,Residential and long-term care,Niagara Falls,ON,43.07925789,-79.13696046,Province of Ontario
the meadows of wheatley ltd.,Residential and long-term care,Chatham-Kent,ON,42.08854906,-82.46064041,Province of Ontario
the millwood,Residential and long-term care,Toronto,ON,43.70293019,-79.36354308,Province of Ontario
the neighbourhood group community service,Clinics and ambulatory care,Toronto,ON,43.66055229,-79.36895398,Province of Ontario
the norfolk hospital nursing home,Residential and long-term care,Simcoe,ON,42.8351656,-80.31432431,Province of Ontario
the o'neill centre,Residential and long-term care,Toronto,ON,43.66476219,-79.4186887,Province of Ontario
the o'neill centre long term care and retirement living,Residential and long-term care,Toronto,ON,43.66476219,-79.4186887,Province of Ontario
the ontario caregiver organization,Clinics and ambulatory care,Toronto,ON,43.65054688,-79.37946838,Province of Ontario
the ontario community centre for the deaf (bob rumball centre for the deaf),Clinics and ambulatory care,Toronto,ON,43.7346352,-79.38037639,Province of Ontario
the ottawa hospital,Clinics and ambulatory care,Ottawa,ON,45.40316385,-75.64844582,Province of Ontario
the ottawa hospital & heart institute,Hospitals,Ottawa,ON,45.393033,-75.721559,Canadian Institute for Health Information
the ottawa hospital - civic campus,Clinics and ambulatory care,Ottawa,ON,45.39251225,-75.72337584,Province of Ontario
the ottawa hospital - general campus,Hospitals,Ottawa,ON,45.4007275,-75.6478786,Province of Ontario
the ottawa hospital - riverside campus,Clinics and ambulatory care,Ottawa,ON,45.39627655,-75.66891493,Province of Ontario
the ottawa hospital - the rehabilitation centre,Hospitals,Ottawa,ON,45.39942935,-75.64735092,Province of Ontario
the ottawa hospital/l'hôpital d'ottawa - general campus,Hospitals,Ottawa,ON,45.4017202,-75.6469402,Public Health Agency of Canada
the ottawa hospital/l'hôpital d'ottawa - riverside campus,Hospitals,Ottawa,ON,45.3963547,-75.6688557,Public Health Agency of Canada
the ottawa hospital/l'hôpital d'ottawa - the rehabilitation centre,Residential and long-term care,Ottawa,ON,45.4031548,-75.6484435,Public Health Agency of Canada
the ottawa hospital/l'hôpitall d'ottawa (head office) - civic campus,Hospitals,Ottawa,ON,45.3925787,-75.7214357,Public Health Agency of Canada
the palace,Residential and long-term care,Alexandria,ON,45.31136778,-74.63263588,Province of Ontario
the perley and rideau veterans' health centre,Residential and long-term care,Ottawa,ON,45.40374035,-75.63671562,Province of Ontario
the pines,Residential and long-term care,Bracebridge,ON,45.05169583,-79.29822038,Province of Ontario
the ravines,Residential and long-term care,Ottawa,ON,45.34970994,-75.70643374,Province of Ontario
the ravines seniors' suites,Residential and long-term care,Ottawa,ON,45.34980534,-75.70601283,Province of Ontario
the rekai centres at sherbourne place,Clinics and ambulatory care,Toronto,ON,43.66267759,-79.37266528,Province of Ontario
the rekai centres at wellesley street,Clinics and ambulatory care,Toronto,ON,43.66687279,-79.37566588,Province of Ontario
the renoir,Residential and long-term care,Newmarket,ON,44.05512355,-79.43571264,Province of Ontario
the richmond retirement residence,Residential and long-term care,Belleville,ON,44.17802507,-77.39062539,Province of Ontario
the river garden retirement residence,Residential and long-term care,Lancaster,ON,45.13989176,-74.50151602,Province of Ontario
the riverine independent and retirement living,Residential and long-term care,Napanee,ON,44.239163,-76.963158,Province of Ontario
the roxborough retirement residence,Residential and long-term care,Newmarket,ON,44.06116035,-79.44888054,Province of Ontario
the royal henley retirement community,Residential and long-term care,St Catharines,ON,43.19427201,-79.2595307,Province of Ontario
the royal victoria hospital,Hospitals,Barrie,ON,44.4159999,-79.661931,Public Health Agency of Canada
the russell hill retirement residence,Residential and long-term care,Toronto,ON,43.68553589,-79.40841779,Province of Ontario
the salvation army - meighen retirement residence,Clinics and ambulatory care,Toronto,ON,43.69944179,-79.39315659,Province of Ontario
the salvation army mountberry adult day service,Clinics and ambulatory care,Hamilton,ON,43.19880249,-79.79429247,Province of Ontario
the salvation army ottawa grace manor,Residential and long-term care,Ottawa,ON,45.40088385,-75.72755805,Province of Ontario
the salvation army toronto grace health centre,Residential and long-term care,Toronto,ON,43.670326,-79.3832017,Public Health Agency of Canada
the scarborough hospital,Hospitals,Scarborough,ON,43.756159,-79.247505,Canadian Institute for Health Information
the scarborough hospital - general campus,Hospitals,Scarborough,ON,43.7557343,-79.2468315,Public Health Agency of Canada
the scarborough hospital - grace campus,Hospitals,Scarborough,ON,43.8018288,-79.3087567,Public Health Agency of Canada
the second mile club of toronto,Clinics and ambulatory care,Toronto,ON,43.65757158,-79.40343899,Province of Ontario
the shoreview at riverside,Residential and long-term care,Windsor,ON,42.32516978,-83.0026679,Province of Ontario
the south georgian bay community health centres,Hospitals,Wasaga Beach,ON,44.46854579,-80.07588988,Province of Ontario
the southdown institute,Hospitals,Aurora,ON,44.084928,-79.48776,Public Health Agency of Canada
the st. christopher house,Residential and long-term care,Toronto,ON,43.63958288,-79.4405301,Province of Ontario
the teddington,Residential and long-term care,Toronto,ON,43.7332454,-79.4038491,Province of Ontario
the university of ottawa heart institute,Hospitals,Ottawa,ON,45.3941611,-75.7206815,Public Health Agency of Canada
the villa care centre,Residential and long-term care,Midland,ON,44.74305645,-79.89055855,Province of Ontario
the villa retirement lodge,Residential and long-term care,Midland,ON,44.74305645,-79.89055855,Province of Ontario
the village at st. clair,Residential and long-term care,Windsor,ON,42.24341286,-83.0147829,Province of Ontario
the village at university gates,Residential and long-term care,Waterloo,ON,43.4767379,-80.57032185,Province of Ontario
the village green nursing home,Residential and long-term care,Greater Napanee,ON,44.30037081,-76.98430987,Province of Ontario
the village of arbour trails,Residential and long-term care,Guelph,ON,43.53209222,-80.21591964,Province of Ontario
the village of aspen lake,Residential and long-term care,Tecumseh,ON,42.31813568,-82.92003167,Province of Ontario
the village of erin meadows,Residential and long-term care,Mississauga,ON,43.55312755,-79.72147048,Province of Ontario
the village of glendale crossing,Residential and long-term care,London,ON,42.93894787,-81.27180372,Province of Ontario
the village of humber heights,Residential and long-term care,Toronto,ON,43.69710409,-79.52690243,Province of Ontario
the village of riverside glen,Residential and long-term care,Guelph,ON,43.56915803,-80.27358416,Province of Ontario
the village of sandalwood park,Residential and long-term care,Brampton,ON,43.7410087,-79.7717325,Province of Ontario
the village of tansley woods,Residential and long-term care,Burlington,ON,43.38367062,-79.79950979,Province of Ontario
the village of taunton mills,Residential and long-term care,Whitby,ON,43.91312705,-78.95825897,Province of Ontario
the village of wentworth heights,Residential and long-term care,Hamilton,ON,43.19832568,-79.8734372,Province of Ontario
the village of winston park,Residential and long-term care,Kitchener,ON,43.41122949,-80.49867572,Province of Ontario
the village seniors community,Residential and long-term care,Hanover,ON,44.15073139,-81.03582166,Province of Ontario
the walford on the park (copper cliff),Residential and long-term care,Sudbury,ON,46.47788927,-81.06941921,Province of Ontario
the walford sudbury,Residential and long-term care,Sudbury,ON,46.46283498,-80.99596918,Province of Ontario
the walford thunder bay,Residential and long-term care,Thunder Bay,ON,48.44013227,-89.23848547,Province of Ontario
the walford timmins,Residential and long-term care,Timmins,ON,48.49152857,-81.32532123,Province of Ontario
the waterford retirement community - ottawa,Residential and long-term care,Ottawa,ON,45.35467105,-75.64851112,Province of Ontario
the wellington nursing home,Residential and long-term care,Hamilton,ON,43.20948778,-79.8796767,Province of Ontario
the west nipissing general hospital,Residential and long-term care,West Nipissing,ON,46.37244272,-79.91782482,Province of Ontario
the westhill,Residential and long-term care,Waterloo,ON,43.44505309,-80.56923714,Province of Ontario
the westwood,Residential and long-term care,Ottawa,ON,45.36662284,-75.77784496,Province of Ontario
the wexford,Residential and long-term care,Toronto,ON,43.7439777,-79.30345907,Province of Ontario
the wharton medical clinic inc. - css,Clinics and ambulatory care,Burlington,ON,43.39210732,-79.8216486,Province of Ontario
the williamsburg,Residential and long-term care,Burlington,ON,43.39273432,-79.78777969,Province of Ontario
the willows estate nursing home,Residential and long-term care,Aurora,ON,43.96549464,-79.45862614,Province of Ontario
the windsor retirement residence,Residential and long-term care,Amherstview,ON,44.22223851,-76.64207165,Province of Ontario
the woodlands of sunset,Residential and long-term care,Welland,ON,43.01741988,-79.2853459,Province of Ontario
the youth centre,Hospitals,Ajax,ON,43.84185373,-79.03228419,Province of Ontario
thessalon first nation,Clinics and ambulatory care,Thessalon,ON,46.260713,-83.417379,Province of Ontario
thessalon hospital,Hospitals,Thessalon,ON,46.2630206,-83.5624626,Public Health Agency of Canada
third age outreach program - st. joseph's health care london,Clinics and ambulatory care,London,ON,43.00126838,-81.25503632,Province of Ontario
thistletown regional centre for children and adolescents,,Toronto,ON,43.7474338,-79.5767771,Public Health Agency of Canada
thompson house,Residential and long-term care,Toronto,ON,43.7324901,-79.34677178,Province of Ontario
thorncliffe place retirement home,Residential and long-term care,Ottawa,ON,45.32877073,-75.81488957,Province of Ontario
thorntonview,Residential and long-term care,Oshawa,ON,43.8859505,-78.8922213,Province of Ontario
three trilliums community place inc.,Clinics and ambulatory care,Toronto,ON,43.65754079,-79.38291138,Province of Ontario
thresholds homes and supports inc.,Residential and long-term care,Kitchener,ON,43.45713,-80.48848812,Province of Ontario
thunder bay counselling centre,Clinics and ambulatory care,Thunder Bay,ON,48.41817546,-89.24094536,Province of Ontario
thunder bay district health unit,Clinics and ambulatory care,Thunder Bay,ON,48.40058036,-89.25885787,Province of Ontario
thunder bay regional health sciences centre,Hospitals,Thunder Bay,ON,48.4247133,-89.269097,Public Health Agency of Canada
thunder bay seaway non-profit apartments,Residential and long-term care,Thunder Bay,ON,48.37813265,-89.26654026,Province of Ontario
tilbury district family health team inc.,Clinics and ambulatory care,Chatham-Kent,ON,42.2637196,-82.437255,Province of Ontario
tilbury manor nursing home,Residential and long-term care,Chatham-Kent,ON,42.25877139,-82.43044492,Province of Ontario
tillsonburg district memorial,Hospitals,Tillsonburg,ON,42.86321728,-80.73469734,Province of Ontario
tillsonburg district memorial hospital,Hospitals,Tillsonburg,ON,42.863122,-80.734751,Public Health Agency of Canada
tillsonburg retirement residence,Residential and long-term care,Tillsonburg,ON,42.86422338,-80.73640254,Province of Ontario
timber trails retirement residence,Residential and long-term care,Madoc,ON,44.50598592,-77.46813644,Province of Ontario
timiskaming health unit,Clinics and ambulatory care,Temiskaming Shores,ON,47.50929271,-79.68163586,Province of Ontario
timiskaming home support - soutien à domicile,Clinics and ambulatory care,Temiskaming Shores,ON,47.4463641,-79.63282634,Province of Ontario
timiskaming palliative care network,Clinics and ambulatory care,Kirkland Lake,ON,48.15345549,-80.01468335,Province of Ontario
timmins and district hospital,Residential and long-term care,Timmins,ON,48.48744277,-81.31420672,Province of Ontario
timmins and district hospital/l'hôpitall de timmins et du district,Hospitals,Timmins,ON,48.4875869,-81.3135915,Public Health Agency of Canada
timmins consumer survivor network (tcsn) inc.,Residential and long-term care,Timmins,ON,48.47331947,-81.32526923,Province of Ontario
timmins family counselling centre inc./centre de counselling familial de timmins inc.,Residential and long-term care,Timmins,ON,48.47561417,-81.33694163,Province of Ontario
timmins family health team/equipe de santé familiale de timmins,Clinics and ambulatory care,Timmins,ON,48.47474187,-81.33185253,Province of Ontario
timmins finnish seniors home inc.,Clinics and ambulatory care,Timmins,ON,48.48503318,-81.20553009,Province of Ontario
timmins native friendship centre,Clinics and ambulatory care,Timmins,ON,48.47037187,-81.33017263,Province of Ontario
timmins senior citizens recreation centre (h.r. bielek),Clinics and ambulatory care,Timmins,ON,48.475089,-81.327306,Province of Ontario
tiverton park manor,Residential and long-term care,Cargill,ON,44.27325669,-81.53872023,Province of Ontario
tobias house attendant care inc.,Clinics and ambulatory care,Toronto,ON,43.68309609,-79.32334507,Province of Ontario
tony stacey centre for veterans' care,Residential and long-term care,Toronto,ON,43.78323942,-79.16339403,Province of Ontario
toronto central local health integration network,Clinics and ambulatory care,Toronto,ON,43.67212719,-79.37638908,Province of Ontario
toronto central local health integration network (lhin op),Clinics and ambulatory care,Toronto,ON,43.67212719,-79.37638908,Province of Ontario
toronto east general hospital,Hospitals,Toronto,ON,43.6897586,-79.3259225,Public Health Agency of Canada
toronto east health network,Residential and long-term care,Toronto,ON,43.66144329,-79.38348678,Province of Ontario
toronto intergenerational partnerships,Clinics and ambulatory care,Toronto,ON,43.68283639,-79.33415687,Province of Ontario
toronto north support services,Residential and long-term care,Toronto,ON,43.7365707,-79.32659547,Province of Ontario
toronto people with aids foundation-pwa,Clinics and ambulatory care,Toronto,ON,43.66144079,-79.37176928,Province of Ontario
toronto public health,Clinics and ambulatory care,Toronto,ON,43.65654429,-79.37938038,Province of Ontario
toronto rehabilitation institute - css,Clinics and ambulatory care,Toronto,ON,43.65678129,-79.38979619,Province of Ontario
toronto rehabilitation institute - e. w. bickle centre,Residential and long-term care,Toronto,ON,43.6348034,-79.4327094,Public Health Agency of Canada
toronto rehabilitation institute - hillcrest centre,Residential and long-term care,Toronto,ON,43.6775465,-79.4155915,Public Health Agency of Canada
toronto rehabilitation institute - lyndhurst centre,Residential and long-term care,Toronto,ON,43.7184894,-79.3697116,Public Health Agency of Canada
toronto rehabilitation institute - rumsey centre,Residential and long-term care,Toronto,ON,43.7187286,-79.3715512,Public Health Agency of Canada
toronto rehabilitation institute - university centre,Residential and long-term care,Toronto,ON,43.6567107,-79.3899079,Public Health Agency of Canada
town of whitby (whitby seniors' activity centre),Clinics and ambulatory care,Whitby,ON,43.87255314,-78.93868316,Province of Ontario
township of osgoode care centre,Residential and long-term care,Ottawa,ON,45.22188813,-75.50384886,Province of Ontario
traditions of durham retirement residence,Residential and long-term care,Oshawa,ON,43.89015215,-78.81017172,Province of Ontario
trafalgar lodge,Residential and long-term care,Oakville,ON,43.44891054,-79.66803676,Province of Ontario
transcare community support services,Clinics and ambulatory care,Toronto,ON,43.80385871,-79.33390698,Province of Ontario
transition house incorporated,Residential and long-term care,Toronto,ON,43.67413319,-79.40586279,Province of Ontario
traverse independence not-for-profit,Clinics and ambulatory care,Kitchener,ON,43.433587,-80.4393863,Province of Ontario
trellis mental health and developmental services,Clinics and ambulatory care,Guelph,ON,43.55744353,-80.25570175,Province of Ontario
trent hills fht,Clinics and ambulatory care,Campbellford,ON,44.31166957,-77.79089113,Province of Ontario
trent valley lodge,Residential and long-term care,Quinte West,ON,44.10291195,-77.55773544,Province of Ontario
trillium christian retirement home,Residential and long-term care,Norwich,ON,42.98840971,-80.59422671,Province of Ontario
trillium court,Residential and long-term care,Kincardine,ON,44.18149597,-81.62055194,Province of Ontario
trillium health centre,Hospitals,Mississauga,ON,43.571601,-79.608483,Canadian Institute for Health Information
trillium health centre - mississauga,Hospitals,Mississauga,ON,43.571586,-79.607685,Public Health Agency of Canada
trillium health partners,Residential and long-term care,Toronto,ON,43.60904697,-79.56182134,Province of Ontario
trillium health partners - credit valley,Hospitals,Mississauga,ON,43.5591213,-79.7037003,Province of Ontario
trillium health partners - queensway health centre,Hospitals,Etobicoke,ON,43.609267,-79.56257,Public Health Agency of Canada
trillium health partners -css,Clinics and ambulatory care,Mississauga,ON,43.57143586,-79.60855415,Province of Ontario
trillium health partners- mississauga,Hospitals,Mississauga,ON,43.57225606,-79.60962385,Province of Ontario
trillium health partners- queensway,Hospitals,Toronto,ON,43.60968137,-79.56136044,Province of Ontario
trillium manor home for the aged,Residential and long-term care,Orillia,ON,44.62900615,-79.42526219,Province of Ontario
trillium retirement and care community,Residential and long-term care,Kingston,ON,44.25040282,-76.55202522,Province of Ontario
trillium villa nursing home,Residential and long-term care,Sarnia,ON,42.99848453,-82.36358616,Province of Ontario
trinity square cafe,Residential and long-term care,Toronto,ON,43.65488599,-79.38147328,Province of Ontario
trinity village care centre,Residential and long-term care,Kitchener,ON,43.4298142,-80.4417755,Province of Ontario
trinity village care centre- lutheran homes kitchener-waterloo (css),Clinics and ambulatory care,Kitchener,ON,43.4298142,-80.4417755,Province of Ontario
trinity village outreach services,Clinics and ambulatory care,Kitchener,ON,43.4298142,-80.4417755,Province of Ontario
trinity village studios,Residential and long-term care,Kitchener,ON,43.4311161,-80.4422738,Province of Ontario
true davidson acres,Residential and long-term care,Toronto,ON,43.6960602,-79.29840606,Province of Ontario
true davidson meals on wheels (east york) inc.,Clinics and ambulatory care,Toronto,ON,43.7124332,-79.31575107,Province of Ontario
true experience supportive housing and community work program,Residential and long-term care,Dunnville,ON,42.90596624,-79.61237569,Province of Ontario
tsiionkwanonhsote,Residential and long-term care,Akwesasne,ON,45.0031277,-74.6869469,Province of Ontario
tudhope retirement inc.,Residential and long-term care,Orillia,ON,44.61281025,-79.42113198,Province of Ontario
tufford manor,Residential and long-term care,St Catharines,ON,43.15938461,-79.21839749,Province of Ontario
tufford nursing home,Residential and long-term care,St Catharines,ON,43.15938461,-79.21839749,Province of Ontario
tullamore care community,Residential and long-term care,Brampton,ON,43.68480267,-79.7360306,Province of Ontario
turning point incorporated,Residential and long-term care,London,ON,43.00561628,-81.2126198,Province of Ontario
twin bridges,Clinics and ambulatory care,Sarnia,ON,42.96821632,-82.40303627,Province of Ontario
twin lakes terrace long term care community,Residential and long-term care,Sarnia,ON,43.00307673,-82.36506926,Province of Ontario
twin lakes village,Residential and long-term care,Sarnia,ON,43.00307673,-82.36506926,Province of Ontario
twin oaks of maryhill,Residential and long-term care,Maryhill,ON,43.53642702,-80.39357269,Province of Ontario
two rivers family health team,Clinics and ambulatory care,Cambridge,ON,43.3901023,-80.31365946,Province of Ontario
tyndall nursing home,Residential and long-term care,Mississauga,ON,43.62835307,-79.62744866,Province of Ontario
uhn toronto western family health team,Clinics and ambulatory care,Toronto,ON,43.7448438,-79.43584941,Province of Ontario
ukrainian canadian care centre,Residential and long-term care,Toronto,ON,43.68434358,-79.51869943,Province of Ontario
ukrainian seniors' centre of sudbury inc.,Clinics and ambulatory care,Sudbury,ON,46.49389698,-80.99034218,Province of Ontario
union villa,Residential and long-term care,Markham,ON,43.86143002,-79.31443048,Province of Ontario
unison health and community services.,Hospitals,Toronto,ON,43.71953449,-79.44494411,Province of Ontario
unitarian house of ottawa,Residential and long-term care,Ottawa,ON,45.38226995,-75.77171846,Province of Ontario
united achievers community services,Clinics and ambulatory care,Brampton,ON,43.68689667,-79.75928921,Province of Ontario
united mennonite home,Clinics and ambulatory care,Lincoln,ON,43.1576075,-79.38808084,Province of Ontario
university health network,Residential and long-term care,Toronto,ON,43.65127938,-79.41224359,Province of Ontario
university health network (css),Clinics and ambulatory care,Toronto,ON,43.65839159,-79.38719389,Province of Ontario
university health network - bickle centre,Hospitals,Toronto,ON,43.634892,-79.432714,Province of Ontario
university health network - hillcrest,Hospitals,Toronto,ON,43.65680509,-79.38935669,Province of Ontario
university health network - lyndhurst,Hospitals,Toronto,ON,43.7183272,-79.36934819,Province of Ontario
university health network - princess margaret,Hospitals,Toronto,ON,43.65822539,-79.38994659,Province of Ontario
university health network - princess margaret hospital,Hospitals,Toronto,ON,43.6580743,-79.3905974,Public Health Agency of Canada
university health network - toronto general,Hospitals,Toronto,ON,43.65958679,-79.38706779,Province of Ontario
university health network - toronto general hospital,Hospitals,Toronto,ON,43.6591111,-79.3882094,Public Health Agency of Canada
university health network - toronto western,Hospitals,Toronto,ON,43.65336208,-79.40641059,Province of Ontario
university health network - toronto western hospital,Hospitals,Toronto,ON,43.6537025,-79.4060937,Public Health Agency of Canada
university of ottawa health services fht,Clinics and ambulatory care,Ottawa,ON,45.42176396,-75.68033753,Province of Ontario
university of toronto,Clinics and ambulatory care,Toronto,ON,43.65544169,-79.38896099,Province of Ontario
university of waterloo,Clinics and ambulatory care,Waterloo,ON,43.4715994,-80.54578624,Province of Ontario
upper canada fht,Clinics and ambulatory care,Brockville,ON,44.58728061,-75.68466776,Province of Ontario
upper canada lodge,Residential and long-term care,Niagara-On-The-Lake,ON,43.2502043,-79.0694642,Province of Ontario
upper grand family health team,Clinics and ambulatory care,Fergus,ON,43.69817295,-80.3711916,Province of Ontario
upsala volunteer ambulance services,Clinics and ambulatory care,Upsala,ON,49.07171986,-90.45705705,Province of Ontario
upsala volunteer home support association,Clinics and ambulatory care,Upsala,ON,49.07171986,-90.45705705,Province of Ontario
v care retirement home,Residential and long-term care,Toronto,ON,43.77087331,-79.23954525,Province of Ontario
v!va barrhaven retirement community,Residential and long-term care,Ottawa,ON,45.26106402,-75.76693035,Province of Ontario
v!va thornhill woods retirement community,Residential and long-term care,Vaughan,ON,43.85502132,-79.46108083,Province of Ontario
v.o.n -toronto york region (scarborough),Clinics and ambulatory care,Toronto,ON,43.70532049,-79.55183004,Province of Ontario
valley garden cornwall retirement centre,Residential and long-term care,Cornwall,ON,45.03169903,-74.75048899,Province of Ontario
valley garden retirement centre,Residential and long-term care,Green Valley,ON,45.25821857,-74.59763856,Province of Ontario
valley manor nursing home,Residential and long-term care,Barrys Bay,ON,45.48637478,-77.6878502,Province of Ontario
valley park lodge,Residential and long-term care,Niagara Falls,ON,43.0977475,-79.10129525,Province of Ontario
valley stream manor,Residential and long-term care,Ottawa,ON,45.33278774,-75.80368607,Province of Ontario
valleyview home,Residential and long-term care,Saint Thomas,ON,42.80412155,-81.15985057,Province of Ontario
valleyview residence,Residential and long-term care,Toronto,ON,43.7708832,-79.44630321,Province of Ontario
vaughan community health centre,Hospitals,Vaughan,ON,43.83562281,-79.53180675,Province of Ontario
vera m. davis community care centre,Residential and long-term care,Caledon,ON,43.87348751,-79.72446771,Province of Ontario
vermont square,Residential and long-term care,Toronto,ON,43.66830209,-79.41276169,Province of Ontario
vesta recovery program for women inc.,Residential and long-term care,Ottawa,ON,45.41205255,-75.69862914,Province of Ontario
vha health & home support,Clinics and ambulatory care,Ottawa,ON,45.40829155,-75.71878234,Province of Ontario
victoria gardens long term care,Residential and long-term care,Hamilton,ON,43.25834859,-79.8542586,Province of Ontario
victoria house retirement home,Residential and long-term care,Orillia,ON,44.61639315,-79.41805888,Province of Ontario
victoria manor (woodstock),Residential and long-term care,Woodstock,ON,43.13948653,-80.75615207,Province of Ontario
victoria manor home for the aged,Residential and long-term care,Kawartha Lakes,ON,44.33869223,-78.74399304,Province of Ontario
victoria place,Residential and long-term care,Kitchener,ON,43.4468245,-80.49283142,Province of Ontario
victoria retirement living,Residential and long-term care,Cobourg,ON,43.9655205,-78.16505992,Province of Ontario
victoria street manor,Residential and long-term care,Amherstburg,ON,42.10341913,-83.10109981,Province of Ontario
victoria village manor,Residential and long-term care,Barrie,ON,44.391122,-79.69850695,Province of Ontario
victorian order of nurses (von) canada - ontario branch,Residential and long-term care,Whitby,ON,43.88470215,-78.91099185,Province of Ontario
victorian order of nurses - oxford branch,Clinics and ambulatory care,Woodstock,ON,43.13684433,-80.75483167,Province of Ontario
victorian order of nurses - perth-huron branch,Clinics and ambulatory care,Stratford,ON,43.38289006,-80.96231816,Province of Ontario
victorian order of nurses for canada - eastern lake ontario branch,Clinics and ambulatory care,Quinte West,ON,44.10247345,-77.57998934,Province of Ontario
victorian order of nurses for canada - hastings/northumberland/prince edward,Clinics and ambulatory care,Peterborough,ON,44.30412145,-78.3193612,Province of Ontario
victorian order of nurses for canada - ontario branch - durham region site,Clinics and ambulatory care,Peterborough,ON,44.30412145,-78.3193612,Province of Ontario
victorian order of nurses for canada - ontario branch - peel site,Clinics and ambulatory care,Toronto,ON,43.70532049,-79.55183004,Province of Ontario
victorian order of nurses for canada - ontario branch middlesex,Clinics and ambulatory care,London,ON,42.99111468,-81.2105322,Province of Ontario
victorian order of nurses for canada - ontario branch windsor-essex,Clinics and ambulatory care,Windsor,ON,42.28629447,-82.95830968,Province of Ontario
"victorian order of nurses for canada - ontario branch, simcoe county",Clinics and ambulatory care,Barrie,ON,44.3800749,-79.71536396,Province of Ontario
victorian order of nurses for canada ottawa,Clinics and ambulatory care,Ottawa,ON,45.38423095,-75.61841611,Province of Ontario
"victorian order of nurses for canada, ontario - peterborough",Clinics and ambulatory care,Peterborough,ON,44.30412145,-78.3193612,Province of Ontario
view mount grace manor,Residential and long-term care,Halton Hills,ON,43.64134766,-79.89095674,Province of Ontario
vila nova place,Residential and long-term care,Cambridge,ON,43.38794039,-80.33758986,Province of Ontario
villa colombo,Clinics and ambulatory care,Toronto,ON,43.71064079,-79.45648501,Province of Ontario
villa colombo homes for the aged,Residential and long-term care,Toronto,ON,43.71064079,-79.45648501,Province of Ontario
villa da vinci retirement residence,Residential and long-term care,Vaughan,ON,43.76663009,-79.60660827,Province of Ontario
villa de rose retirement residence,Residential and long-term care,Welland,ON,42.98443007,-79.24626358,Province of Ontario
villa elmsmere villa,Residential and long-term care,Ottawa,ON,45.44481406,-75.60310711,Province of Ontario
villa forum,Residential and long-term care,Mississauga,ON,43.61180807,-79.65152977,Province of Ontario
villa italia retirement residence,Residential and long-term care,Hamilton,ON,43.23106209,-79.91453832,Province of Ontario
villa karuna home for seniors,Residential and long-term care,Toronto,ON,43.74168081,-79.25075635,Province of Ontario
villa leonardo gambin,Residential and long-term care,Vaughan,ON,43.7661994,-79.57417395,Province of Ontario
villa marconi,Residential and long-term care,Ottawa,ON,45.36599844,-75.72703304,Province of Ontario
villa minto,Residential and long-term care,Cochrane,ON,49.06971147,-81.0205333,Province of Ontario
villa st. albert,Residential and long-term care,St-Albert,ON,45.25351135,-75.11898973,Province of Ontario
villa st. luc,Residential and long-term care,Curran,ON,45.4905731,-74.99346311,Province of Ontario
village family health team,Clinics and ambulatory care,Toronto,ON,43.63813068,-79.41815949,Province of Ontario
village manor,Residential and long-term care,Hamilton,ON,43.33535221,-79.89811232,Province of Ontario
village on the ridge,Residential and long-term care,Chatham-Kent,ON,42.43530685,-81.88026626,Province of Ontario
village on the st. clair,Residential and long-term care,Sarnia,ON,42.96834852,-82.40954717,Province of Ontario
village on the thames,Residential and long-term care,Chatham-Kent,ON,42.39392303,-82.21580016,Province of Ontario
villagia in the glebe,Residential and long-term care,Ottawa,ON,45.41027515,-75.68690653,Province of Ontario
"violence against women services, elgin county",Residential and long-term care,Saint Thomas,ON,42.77613274,-81.19235468,Province of Ontario
vision nursing home,Residential and long-term care,Sarnia,ON,42.96819132,-82.40364827,Province of Ontario
vision rest home,Residential and long-term care,Sarnia,ON,42.96819132,-82.40364827,Province of Ontario
vista centre,Clinics and ambulatory care,Ottawa,ON,45.41356995,-75.70634624,Province of Ontario
vistamere retirement residence,Residential and long-term care,Oakville,ON,43.41596933,-79.70567767,Province of Ontario
vitanova foundation,Residential and long-term care,Vaughan,ON,43.8076987,-79.63927978,Province of Ontario
viva mississauga retirement community,Residential and long-term care,Mississauga,ON,43.559595,-79.735105,Province of Ontario
viva pickering retirement community,Residential and long-term care,Pickering,ON,43.839668,-79.086045,Province of Ontario
volunteer centre of toronto,Clinics and ambulatory care,Toronto,ON,43.66677279,-79.40446909,Province of Ontario
von - algoma branch,Clinics and ambulatory care,Sault Ste Marie,ON,46.5197517,-84.31847155,Province of Ontario
von - ontario branch - greater sudbury site,Clinics and ambulatory care,Sudbury,ON,46.45134287,-80.99571568,Province of Ontario
von - ontario branch - peel branch - mount forest,Clinics and ambulatory care,Mount Forest,ON,43.98642248,-80.74089005,Province of Ontario
von - ontario branch-peel branch (ww lhin),Clinics and ambulatory care,Toronto,ON,43.70532049,-79.55183004,Province of Ontario
von - thunder bay & district,Clinics and ambulatory care,Thunder Bay,ON,48.43514217,-89.22028706,Province of Ontario
von hamilton,Clinics and ambulatory care,Hamilton,ON,43.2655201,-79.8505975,Province of Ontario
waasegiizhig nanaandawe'iyewigamig,Residential and long-term care,Kenora,ON,49.76508174,-94.48775659,Province of Ontario
wabano centre for aboriginal health,Residential and long-term care,Ottawa,ON,45.43735776,-75.65898873,Province of Ontario
wabano centre for aboriginal health (css),Clinics and ambulatory care,Ottawa,ON,45.43735776,-75.65898873,Province of Ontario
wabigoon lake ojibway nation,Clinics and ambulatory care,Dryden,ON,49.78449957,-92.8354144,Province of Ontario
wabun tribal council,Clinics and ambulatory care,Timmins,ON,48.46968537,-81.32560832,Province of Ontario
wahta mohawks,Clinics and ambulatory care,Bala,ON,44.9952979,-79.69740521,Province of Ontario
walden circle retirement community,Residential and long-term care,Mississauga,ON,43.51402375,-79.62731705,Province of Ontario
wallaceburg retirement residence,Residential and long-term care,Chatham-Kent,ON,42.590975,-82.373237,Province of Ontario
walpole island first nation,Clinics and ambulatory care,Wallaceburg,ON,42.5797674,-82.5128383,Province of Ontario
warden woods community centre,Clinics and ambulatory care,Toronto,ON,43.703961,-79.27812675,Province of Ontario
warkworth place,Residential and long-term care,Warkworth,ON,44.19868555,-77.89304385,Province of Ontario
wasaga beach seniors' residence,Residential and long-term care,Wasaga Beach,ON,44.4865975,-80.05615908,Province of Ontario
water tower lodge,Residential and long-term care,Barrys Bay,ON,45.48737998,-77.6754024,Province of Ontario
waterdown manor,Residential and long-term care,Hamilton,ON,43.33519751,-79.89141602,Province of Ontario
waterford barrie retirement residence,Residential and long-term care,Barrie,ON,44.3852724,-79.71181576,Province of Ontario
waterford kingston retirement residence,Residential and long-term care,Kingston,ON,44.26899332,-76.55816762,Province of Ontario
waterloo region,Clinics and ambulatory care,Cambridge,ON,43.35947039,-80.31521805,Province of Ontario
waterloo wellington community care access centre (css),Clinics and ambulatory care,Waterloo,ON,43.4645956,-80.50536022,Province of Ontario
waterloo wellington local health integration network,Clinics and ambulatory care,Waterloo,ON,43.4645956,-80.50536022,Province of Ontario
waterloo wellington local health integration network (lhin op),Clinics and ambulatory care,Waterloo,ON,43.4645956,-80.50536022,Province of Ontario
waters edge care community,Residential and long-term care,North Bay,ON,46.27873103,-79.44783366,Province of Ontario
waterside retirement community,Residential and long-term care,Carleton Place,ON,45.14890439,-76.13653796,Province of Ontario
waterside retirement lodge inc.,Residential and long-term care,Wasaga Beach,ON,44.52778541,-80.00240066,Province of Ontario
watford quality care centre,Residential and long-term care,Watford,ON,42.95217584,-81.88556091,Province of Ontario
waverley mansion,Residential and long-term care,London,ON,42.97200138,-81.24681051,Province of Ontario
wawa family health team,Clinics and ambulatory care,Wawa,ON,48.000635,-84.772382,Province of Ontario
wawel villa incorporated,Clinics and ambulatory care,Mississauga,ON,43.51334465,-79.62142035,Province of Ontario
wawel villa seniors residence,Residential and long-term care,Mississauga,ON,43.51334465,-79.62142035,Province of Ontario
waypoint centre for mental health,Hospitals,Penetanguishene,ON,44.8009085,-79.9294769,Public Health Agency of Canada
waypoint centre for mental health care,Residential and long-term care,Penetanguishene,ON,44.80113036,-79.92955486,Province of Ontario
waypoint centre for mental health care (css),Clinics and ambulatory care,Penetanguishene,ON,44.80113036,-79.92955486,Province of Ontario
waypoint centre for mental health care - main location,Hospitals,Penetanguishene,ON,44.80093686,-79.92951116,Province of Ontario
wayside house of hamilton,Clinics and ambulatory care,Hamilton,ON,43.24987719,-79.8729744,Province of Ontario
wayside house of st. catharines,Residential and long-term care,St Catharines,ON,43.1627444,-79.2373816,Province of Ontario
weeneebayko area health authority (css),Clinics and ambulatory care,Moose Factory,ON,51.262209,-80.60473926,Province of Ontario
weeneebayko area health authority - attawapiskat,Hospitals,Moose Factory,ON,52.92425681,-82.42780256,Province of Ontario
weeneebayko area health authority - fort albany,Hospitals,Fort Albany,ON,52.20652377,-81.68488618,Province of Ontario
weeneebayko area health authority - moose factory,Hospitals,Moose Factory,ON,51.25025,-80.6165405,Province of Ontario
weeneebayko area health authority - moosonee,Hospitals,Moosonee,ON,51.2727427,-80.64682568,Province of Ontario
weeneebayko general hospital,Hospitals,Moose Factory,ON,51.2499642,-80.6162644,Public Health Agency of Canada
weenusk first nation,Clinics and ambulatory care,Peawanuck,ON,54.99390405,-85.42774793,Province of Ontario
welcome inn community centre of hamilton,Clinics and ambulatory care,Hamilton,ON,43.2710224,-79.8607054,Province of Ontario
welland mcmaster family health team,Clinics and ambulatory care,Welland,ON,42.99881547,-79.26811049,Province of Ontario
wellesley central place,Residential and long-term care,Toronto,ON,43.66687279,-79.37566588,Province of Ontario
wellfort community health services (css),Clinics and ambulatory care,Brampton,ON,43.72807748,-79.7120768,Province of Ontario
wellington health care alliance - palmerston and district hospital,Hospitals,Palmerston,ON,43.839041,-80.842839,Public Health Agency of Canada
wellington house nursing home,Residential and long-term care,Prescott,ON,44.71934,-75.51915,Province of Ontario
wellington park care centre,Residential and long-term care,Burlington,ON,43.33141191,-79.81188229,Province of Ontario
wellington terrace long-term care home,Residential and long-term care,Fergus,ON,43.696534,-80.400755,Province of Ontario
wellington-dufferin-guelph health unit,Clinics and ambulatory care,Guelph,ON,43.52488982,-80.23374694,Province of Ontario
wendat community programs,Residential and long-term care,Penetanguishene,ON,44.78078075,-79.92029766,Province of Ontario
wendat community programs (css),Clinics and ambulatory care,Midland,ON,44.75004055,-79.88864085,Province of Ontario
wentworth lodge,Residential and long-term care,Hamilton,ON,43.25983089,-79.94970123,Province of Ontario
wesburn manor,Residential and long-term care,Toronto,ON,43.64388927,-79.56745924,Province of Ontario
wesburn manor - city of toronto,Clinics and ambulatory care,Toronto,ON,43.6437519,-79.5673627,Province of Ontario
wesburn manor - city of toronto - css,Clinics and ambulatory care,Toronto,ON,43.64388927,-79.56745924,Province of Ontario
wesley,Residential and long-term care,Hamilton,ON,43.25701519,-79.8643783,Province of Ontario
wesley urban ministries inc.,Clinics and ambulatory care,Hamilton,ON,43.25701519,-79.8643783,Province of Ontario
west carleton fht,Clinics and ambulatory care,Ottawa,ON,45.34547103,-76.03186744,Province of Ontario
west champlain family health team,Clinics and ambulatory care,Pembroke,ON,45.81348996,-77.10715184,Province of Ontario
west durham family health team,Clinics and ambulatory care,Pickering,ON,43.83852473,-79.08552541,Province of Ontario
west elgin community health centre,Hospitals,West Elgin,ON,42.60433979,-81.60583949,Province of Ontario
west haldimand general,Hospitals,Hagersville,ON,42.95763163,-80.04546953,Province of Ontario
west haldimand general hospital,Hospitals,Hagersville,ON,42.9587679,-80.0447807,Public Health Agency of Canada
west lake terrace,Residential and long-term care,Prince Edward County,ON,43.92704133,-77.25758022,Province of Ontario
west lincoln memorial hospital,Hospitals,Grimsby,ON,43.188256,-79.541906,Public Health Agency of Canada
west nipissing community health centre (css),Clinics and ambulatory care,West Nipissing,ON,46.37327042,-79.92049202,Province of Ontario
west nipissing family health team/equipe de santé familiale de nipissing ouest,Clinics and ambulatory care,West Nipissing,ON,46.3736762,-79.9209621,Province of Ontario
west nipissing general hospital,Hospitals,Sturgeon Falls,ON,46.3722814,-79.9162031,Public Health Agency of Canada
west oak village,Residential and long-term care,Oakville,ON,43.44708343,-79.75633228,Province of Ontario
west park health centre,Residential and long-term care,St Catharines,ON,43.140947,-79.2508643,Province of Ontario
west park healthcare centre,Residential and long-term care,Toronto,ON,43.690044,-79.5081813,Public Health Agency of Canada
west park healthcare centre (css),Clinics and ambulatory care,Toronto,ON,43.68933979,-79.50788773,Province of Ontario
west park long term care centre,Residential and long-term care,Toronto,ON,43.68933979,-79.50788773,Province of Ontario
west parry sound,Clinics and ambulatory care,Parry Sound,ON,45.34231194,-80.01917045,Province of Ontario
west parry sound health centre,Hospitals,Parry Sound,ON,45.340743,-80.016767,Public Health Agency of Canada
west scarborough neighbourhood community centre,Clinics and ambulatory care,Toronto,ON,43.70128,-79.28466866,Province of Ontario
west shore residence,Residential and long-term care,Port Perry,ON,44.10695378,-78.94807388,Province of Ontario
west toronto support services,Clinics and ambulatory care,Toronto,ON,43.65465168,-79.45883361,Province of Ontario
westend familycare clinic fht,Clinics and ambulatory care,Ottawa,ON,45.28706002,-75.86918028,Province of Ontario
western ottawa community resource centre,Clinics and ambulatory care,Ottawa,ON,45.29878793,-75.89040979,Province of Ontario
westgate lodge nursing home,Residential and long-term care,Belleville,ON,44.14702066,-77.40620279,Province of Ontario
westmount gardens long term care home,Residential and long-term care,London,ON,42.95042607,-81.30566973,Province of Ontario
westmount terrace i,Residential and long-term care,Hamilton,ON,43.20988088,-79.92649772,Province of Ontario
westney gardens,Residential and long-term care,Ajax,ON,43.87634744,-79.0441159,Province of Ontario
weston gardens retirement residence,Residential and long-term care,Toronto,ON,43.70752129,-79.50224663,Province of Ontario
weston terrace care community,Residential and long-term care,Toronto,ON,43.70123959,-79.51015143,Province of Ontario
westover treatment centre,Residential and long-term care,Oakville,ON,43.42015843,-79.71529937,Province of Ontario
westside,Residential and long-term care,Toronto,ON,43.73728579,-79.56777145,Province of Ontario
wesway,Clinics and ambulatory care,Thunder Bay,ON,48.38426846,-89.25999016,Province of Ontario
wesway alzheimer respite service (css),Clinics and ambulatory care,Thunder Bay,ON,48.38426846,-89.25999016,Province of Ontario
white cliffe terrace,Residential and long-term care,Courtice,ON,43.90800196,-78.80663142,Province of Ontario
white fish bay health services,Residential and long-term care,Pawitik,ON,49.40391864,-93.96595177,Province of Ontario
whitefish river first nation (css),Clinics and ambulatory care,Birch Island,ON,46.06726337,-81.77378659,Province of Ontario
wikwemikong nursing home,Residential and long-term care,Wikwemikong,ON,45.80266553,-81.72321194,Province of Ontario
wikwemikong unceded indian reserve,Clinics and ambulatory care,Wikwemikong,ON,45.79698603,-81.72927664,Province of Ontario
wildwood care centre,Residential and long-term care,Saint Marys,ON,43.26076283,-81.15463991,Province of Ontario
wilkes terrace,Residential and long-term care,Terrace Bay,ON,48.78045446,-87.10460125,Province of Ontario
william a. 'bill' george extended care facility,Residential and long-term care,Sioux Lookout,ON,50.10591688,-91.91875908,Province of Ontario
william osler health centre - brampton civic hospital,Hospitals,Brampton,ON,43.747466,-79.743223,Public Health Agency of Canada
william osler health centre - css,Clinics and ambulatory care,Brampton,ON,43.74730468,-79.74302421,Province of Ontario
william osler health system,Residential and long-term care,Brampton,ON,43.74730468,-79.74302421,Province of Ontario
william osler health system - civic,Hospitals,Brampton,ON,43.7474659,-79.7432227,Province of Ontario
william osler health system - etobicoke,Hospitals,Etobicoke,ON,43.7292944,-79.5984363,Province of Ontario
william osler health system - peel memorial,Hospitals,Brampton,ON,43.690476,-79.751431,Province of Ontario
william place,Residential and long-term care,Kawartha Lakes,ON,44.36064104,-78.73882294,Province of Ontario
williamsburg non-profit housing corporation/macintosh seniors' support centre,Clinics and ambulatory care,Williamsburg,ON,44.9719569,-75.24530305,Province of Ontario
willoughby manor retirement residence,Residential and long-term care,Niagara Falls,ON,43.0613146,-79.04920033,Province of Ontario
wilson memorial general hospital,Hospitals,Marathon,ON,48.718523,-86.3754,Public Health Agency of Canada
wilson memorial general hospital - css,Clinics and ambulatory care,Marathon,ON,48.718912,-86.3754142,Province of Ontario
winbourne park,Residential and long-term care,Ajax,ON,43.87711914,-79.0444691,Province of Ontario
winchester district memorial hospital,Hospitals,Winchester,ON,45.0886156,-75.3522595,Public Health Agency of Canada
windermere on the mount,Residential and long-term care,London,ON,43.01619478,-81.26851622,Province of Ontario
windsor essex community health centre,Hospitals,Windsor,ON,42.29865097,-83.07045312,Province of Ontario
windsor family health team,Clinics and ambulatory care,Windsor,ON,42.28875957,-83.0186021,Province of Ontario
windsor park manor,Residential and long-term care,Ottawa,ON,45.34816174,-75.65878612,Province of Ontario
windsor regional hospital,Residential and long-term care,Windsor,ON,42.30814567,-83.03158291,Province of Ontario
windsor regional hospital (gap/adc),Clinics and ambulatory care,Windsor,ON,42.29996867,-82.99727419,Province of Ontario
windsor regional hospital - mary vale,Hospitals,Windsor,ON,42.28925637,-83.07303322,Province of Ontario
windsor regional hospital - metropolitan,Hospitals,Windsor,ON,42.30095237,-82.99658339,Province of Ontario
windsor regional hospital - metropolitan campus,Hospitals,Windsor,ON,42.3004058,-82.99723,Public Health Agency of Canada
windsor regional hospital - ouellette campus,Clinics and ambulatory care,Windsor,ON,42.30814567,-83.03158291,Province of Ontario
windsor regional hospital - western campus,Hospitals,Windsor,ON,42.2856493,-83.0634309,Public Health Agency of Canada
windsor-essex county health unit,Clinics and ambulatory care,Windsor,ON,42.30880467,-83.03367491,Province of Ontario
wingham and district hospital,Hospitals,Wingham,ON,43.88461903,-81.30622042,Province of Ontario
wise elephant fht,Clinics and ambulatory care,Brampton,ON,43.69054447,-79.76666441,Province of Ontario
withdrawal management services,Hospitals,Cornwall,ON,45.0296775,-74.7186865,Public Health Agency of Canada
women in crisis (algoma) inc.,Residential and long-term care,Sault Ste Marie,ON,46.5100631,-84.32332985,Province of Ontario
women's college fht,Clinics and ambulatory care,Toronto,ON,43.66162909,-79.38763979,Province of Ontario
women's college hospital,Hospitals,Toronto,ON,43.6615988,-79.3874511,Public Health Agency of Canada
women's health in women's hands community health centre,Hospitals,Toronto,ON,43.66168609,-79.38275468,Province of Ontario
"women's shelter, second stage housing and counselling services of huron",Residential and long-term care,Goderich,ON,43.73321649,-81.69504812,Province of Ontario
woodbine family health team (formerly canes),Clinics and ambulatory care,Toronto,ON,43.71686989,-79.59203906,Province of Ontario
woodbridge medical centre fht,Clinics and ambulatory care,Vaughan,ON,43.8252479,-79.60942347,Province of Ontario
woodbridge vista care community,Residential and long-term care,Vaughan,ON,43.75961009,-79.59777826,Province of Ontario
woodgreen community services,Residential and long-term care,Toronto,ON,43.66190209,-79.33705167,Province of Ontario
woodhall park care community,Residential and long-term care,Brampton,ON,43.72036028,-79.78370712,Province of Ontario
woodhall park retirement village,Residential and long-term care,Brampton,ON,43.72028488,-79.78293342,Province of Ontario
woodingford lodge - ingersoll,Residential and long-term care,Ingersoll,ON,43.03178131,-80.8764522,Province of Ontario
woodingford lodge - tillsonburg,Residential and long-term care,Tillsonburg,ON,42.86207678,-80.73465634,Province of Ontario
woodingford lodge - woodstock,Residential and long-term care,Woodstock,ON,43.10811442,-80.75668277,Province of Ontario
woodland villa,Residential and long-term care,Long Sault,ON,45.03376712,-74.88721694,Province of Ontario
woods park care centre,Residential and long-term care,Barrie,ON,44.4026669,-79.71672256,Province of Ontario
woodstock and area communities health centre,Hospitals,Woodstock,ON,43.12950133,-80.75991847,Province of Ontario
woodstock general hospital,Hospitals,Woodstock,ON,43.106451,-80.7537011,Public Health Agency of Canada
woodstock private hospital,Residential and long-term care,Woodstock,ON,43.1430052,-80.7514738,Public Health Agency of Canada
woolwich community health centre,Clinics and ambulatory care,Saint Jacobs,ON,43.54417841,-80.55092355,Province of Ontario
working for change,Residential and long-term care,Toronto,ON,43.65841319,-79.39897099,Province of Ontario
wulaawsuwiikaan healing lodge,Clinics and ambulatory care,Muncey,ON,42.78604403,-81.46577876,Province of Ontario
wyndham manor long term care centre,Residential and long-term care,Oakville,ON,43.45245024,-79.67269066,Province of Ontario
yee hong centre - markham,Clinics and ambulatory care,Markham,ON,43.89427733,-79.23115846,Province of Ontario
yee hong centre - mississauga,Residential and long-term care,Mississauga,ON,43.60476896,-79.68690548,Province of Ontario
yee hong centre - scarborough finch,Residential and long-term care,Toronto,ON,43.80871682,-79.25466546,Province of Ontario
yee hong centre - scarborough mcnicoll,Residential and long-term care,Toronto,ON,43.81423242,-79.29021727,Province of Ontario
yee hong centre - scarborough mcnicoll - css,Clinics and ambulatory care,Toronto,ON,43.81423242,-79.29021727,Province of Ontario
yee hong centre for geriatric care,Clinics and ambulatory care,Mississauga,ON,43.60476896,-79.68690548,Province of Ontario
ymca of greater toronto,Residential and long-term care,Mississauga,ON,43.59072586,-79.63981896,Province of Ontario
york central hospital,Hospitals,Richmond Hill,ON,43.87062,-79.45081,Canadian Institute for Health Information
york central hospital - adult day program,Clinics and ambulatory care,Richmond Hill,ON,43.87045412,-79.45081182,Province of Ontario
york region maple health centre,Residential and long-term care,Vaughan,ON,43.86500652,-79.51564435,Province of Ontario
york region newmarket health centre,Residential and long-term care,Newmarket,ON,44.04550395,-79.46877495,Province of Ontario
york region public health,Clinics and ambulatory care,Newmarket,ON,44.04803165,-79.48024245,Province of Ontario
york support services network,Residential and long-term care,Markham,ON,43.85480762,-79.35861539,Province of Ontario
york west active living centre,Clinics and ambulatory care,Toronto,ON,43.70070059,-79.51567843,Province of Ontario
yorkminster park mow,Clinics and ambulatory care,Toronto,ON,43.69083799,-79.39420099,Province of Ontario
yorkville retirement residence,Residential and long-term care,Hamilton,ON,43.27595799,-79.94104643,Province of Ontario
youth habilitation (quinte) inc.,Residential and long-term care,Belleville,ON,44.16384256,-77.38432528,Province of Ontario
ywca toronto,Residential and long-term care,Toronto,ON,43.65653939,-79.38600829,Province of Ontario
zora srpski dom,Residential and long-term care,Kitchener,ON,43.4428213,-80.48533902,Province of Ontario
élisabeth-bruyère residence,Residential and long-term care,Ottawa,ON,45.43220386,-75.69601434,Province of Ontario
alberton health services,Clinics and ambulatory care,Alberton,PE,46.810829,-64.066393,Province of Prince Edward Island
beach grove home,Residential and long-term care,Charlottetown,PE,46.254689,-63.172942,Province of Prince Edward Island
central queens health centre,Clinics and ambulatory care,Hunter River,PE,46.354245,-63.349124,Province of Prince Edward Island
colville manor,Residential and long-term care,Souris,PE,46.35137,-62.241315,Province of Prince Edward Island
community hospital o'leary,Hospitals,Oleary,PE,46.707363,-64.236548,Province of Prince Edward Island
eastern king's health centre,Clinics and ambulatory care,Souris,PE,46.350349,-62.245056,Province of Prince Edward Island
evangeline health centre,Clinics and ambulatory care,Wellington,PE,46.453592,-63.999642,Province of Prince Edward Island
four neighborhoods health centre,Clinics and ambulatory care,Charlottetown,PE,46.260341,-63.11832,Province of Prince Edward Island
gulf shore health centre,Clinics and ambulatory care,North Rustico,PE,46.462796,-63.318701,Province of Prince Edward Island
harbourside health centre,Clinics and ambulatory care,Summerside,PE,46.390289,-63.789779,Province of Prince Edward Island
hillsborough hospital & special care centre,Hospitals,Charlottetown,PE,46.2564,-63.093228,Public Health Agency of Canada
kensington health centre,Clinics and ambulatory care,Kensington,PE,46.437655,-63.636109,Province of Prince Edward Island
kings county memorial hospital,Hospitals,Montague,PE,46.1702607,-62.6559756,Public Health Agency of Canada
maplewood manor,Residential and long-term care,Alberton,PE,46.813401,-64.07338,Province of Prince Edward Island
margaret s. ellis wing,Residential and long-term care,Oleary,PE,46.707243,-64.236283,Province of Prince Edward Island
montague health centre,Clinics and ambulatory care,Montague,PE,46.169155,-62.655327,Province of Prince Edward Island
o'leary community hospital,Hospitals,Oleary,PE,46.706256,-64.238131,Canadian Institute for Health Information
o'leary health centre,Clinics and ambulatory care,Oleary,PE,46.707214,-64.236398,Province of Prince Edward Island
pei cancer treatment centre,Hospitals,Charlottetown,PE,46.255358,-63.100222,Province of Prince Edward Island
polyclinic professional centre,Clinics and ambulatory care,Charlottetown,PE,46.23706,-63.124566,Province of Prince Edward Island
prince county hospital,Hospitals,Summerside,PE,46.417375,-63.772944,Province of Prince Edward Island
prince county hospital satellite clinic,Hospitals,Summerside,PE,46.417375,-63.772944,Province of Prince Edward Island
prince edward home,Residential and long-term care,Charlottetown,PE,46.257689,-63.171043,Province of Prince Edward Island
provincial palliative care centre,Residential and long-term care,Charlottetown,PE,46.255889,-63.096396,Province of Prince Edward Island
queen elizabeth hospital,Hospitals,Charlottetown,PE,46.255358,-63.100222,Province of Prince Edward Island
riverview manor,Residential and long-term care,Montague,PE,46.166459,-62.650987,Province of Prince Edward Island
sherwood home,Residential and long-term care,Charlottetown,PE,46.25523,-63.097192,Province of Prince Edward Island
souris hospital inc.,Hospitals,Souris,PE,46.359005,-62.243286,Public Health Agency of Canada
stewart memorial hospital,Residential and long-term care,Tyne Valley,PE,46.580052,-63.929815,Province of Prince Edward Island
summerset manor,Residential and long-term care,Summerside,PE,46.419768,-63.773516,Province of Prince Edward Island
tyne valley health centre,Clinics and ambulatory care,Tyne Valley,PE,46.574498,-63.925162,Province of Prince Edward Island
wedgewood manor,Residential and long-term care,Summerside,PE,46.405498,-63.796058,Province of Prince Edward Island
western hospital,Hospitals,Alberton,PE,46.810829,-64.066393,Province of Prince Edward Island
western hospital corporation,Hospitals,Alberton,PE,46.8108293,-64.0663925,Public Health Agency of Canada
514-docteur,Clinics and ambulatory care,Saint-Lambert,QC,45.477535,-73.476193,Province of Québec
Montréal chinese hospital,Residential and long-term care,Montréal,QC,45.5095069,-73.5580434,Public Health Agency of Canada
abri de la rive-sud,Residential and long-term care,Longueuil,QC,45.526896,-73.491412,Province of Québec
abri en ville (l'),Residential and long-term care,Montréal,QC,45.4832085,-73.5749432,Province of Québec
accueil béthanie,Residential and long-term care,Québec,QC,46.853633,-71.218492,Province of Québec
accueil jeunesse lanaudière (auberges du coeur),Residential and long-term care,Joliette,QC,46.017803,-73.450653,Province of Québec
andy's house treatment center,Residential and long-term care,Montréal,QC,45.4344799,-73.6959174,Province of Québec
anne marie dollois - services médicaux dollois inc.,Clinics and ambulatory care,Pointe-Claire,QC,45.4447995,-73.8158698,Province of Québec
antre temps (l') longueuil,Residential and long-term care,Longueuil,QC,45.539858,-73.488232,Province of Québec
appartement supervisé wilson,Residential and long-term care,Montréal,QC,45.469801,-73.614852,Province of Québec
arche agapè inc. (l'),Residential and long-term care,Gatineau,QC,45.42579285,-75.72697785,Province of Québec
arche monteregie (l),Residential and long-term care,Beloeil,QC,45.548628,-73.21899,Province of Québec
armée du salut (québec) (hôtellerie pour hommes),Residential and long-term care,Québec,QC,46.8148443,-71.2111695,Province of Québec
association clinique urgence mineur,Clinics and ambulatory care,Saint-Jérôme,QC,45.766961,-74.001531,Province of Québec
association d'entraide le chaînon inc.,Residential and long-term care,Montréal,QC,45.5176728,-73.5882639,Province of Québec
atelier brassard (atelier et centre d'activités de jour roland),Residential and long-term care,Roberval,QC,48.507577,-72.221256,Province of Québec
atelier champlain,Residential and long-term care,Alma,QC,48.547817,-71.665416,Province of Québec
atelier couture,Residential and long-term care,Dolbeau-Mistassini,QC,48.878158,-72.239328,Province of Québec
atelier de l'aéroport,Residential and long-term care,Roberval,QC,48.529854,-72.253638,Province of Québec
atelier de travail edison,Residential and long-term care,Montréal,QC,45.613126,-73.570116,Province of Québec
atelier de travail et centre d'activités de jour benny,Residential and long-term care,Montréal,QC,45.463703,-73.623448,Province of Québec
atelier de travail labrosse,Residential and long-term care,Pointe-Claire,QC,45.4735787,-73.825604,Province of Québec
atelier de travail novatek,Residential and long-term care,Montréal,QC,45.4442245,-73.6269932,Province of Québec
atelier de travail uni,Residential and long-term care,Montréal,QC,45.5440068,-73.5835571,Province of Québec
atelier des merveilles,Residential and long-term care,Montréal,QC,45.5476906,-73.6588375,Province of Québec
atelier du val-saint-françois (centre de réadaptation en déficience physique),Residential and long-term care,Windsor,QC,45.57617,-72.005187,Province of Québec
atelier du val-saint-françois (crdi),Residential and long-term care,Windsor,QC,45.565587,-72.013681,Province of Québec
atelier et centre d'activités de jour d'asbestos (crdi),Residential and long-term care,Asbestos,QC,45.777899,-71.966767,Province of Québec
atelier et centre d'activités de jour de cowansville (crdi),Residential and long-term care,Cowansville,QC,45.202881,-72.7589,Province of Québec
atelier et centre d'activités de jour de farnham (centre de réadaptation pour les personnes présentant une déficience intellectuelle),Residential and long-term care,Farnham,QC,45.292527,-72.960033,Province of Québec
atelier et centre d'activités de jour de la baie,Residential and long-term care,Saguenay,QC,48.316555,-70.855754,Province of Québec
atelier et centre d'activités de jour du cénacle,Residential and long-term care,Saguenay,QC,48.422763,-71.045141,Province of Québec
atelier et centre d'activités de jour du long-sault,Residential and long-term care,Saguenay,QC,48.400234,-71.238034,Province of Québec
atelier et centre d'activités de jour saint-charles beloeil,Residential and long-term care,Beloeil,QC,45.549415,-73.218482,Province of Québec
atelier et centre d'activités de jour sherbrooke - prospect (centre de réadaptation pour les personnes présentant une déficience intellectuelle),Residential and long-term care,Sherbrooke,QC,45.41013205,-71.915228,Province of Québec
atelier et centre d'activités de jour tanguay,Residential and long-term care,Alma,QC,48.56723,-71.641787,Province of Québec
atelier industriel,Residential and long-term care,Saint-Félicien,QC,48.6403,-72.451147,Province of Québec
atelier l'étincelle (centre de réadaptation en déficience physique),Residential and long-term care,Asbestos,QC,45.777899,-71.966767,Province of Québec
atelier le fil d'ariane,Residential and long-term care,Montréal,QC,45.5293588,-73.5860945,Province of Québec
atelier le fil d'ariane inc. (centre administratif),Residential and long-term care,Montréal,QC,45.5293588,-73.5860945,Province of Québec
atelier maisonneuve de longueuil,Residential and long-term care,Longueuil,QC,45.509212,-73.476467,Province of Québec
atelier manouane,Residential and long-term care,Saguenay,QC,48.450077,-71.076833,Province of Québec
atelier écono-poste (plateau sociocommunautaire de rimouski),Residential and long-term care,Rimouski,QC,48.4349384,-68.55870909,Province of Québec
athénée (l'),Residential and long-term care,Québec,QC,46.813506,-71.238705,Province of Québec
auberge communautaire sud-ouest,Residential and long-term care,Montréal,QC,45.4634292,-73.568935,Province of Québec
auberge du coeur et héberge-ados (secteur hull),Residential and long-term care,Gatineau,QC,45.4579342,-75.7436654,Province of Québec
auberge du coeur le baluchon,Residential and long-term care,Saint-Hyacinthe,QC,45.629269,-72.95541,Province of Québec
autisme chat botté (sainte-dorothée),Residential and long-term care,Laval,QC,45.547919,-73.835073,Province of Québec
avenue hébergement communautaire (l'),Residential and long-term care,Montréal,QC,45.559977,-73.5472557,Province of Québec
barrie memorial hospital,Hospitals,Ormstown,QC,45.1263,-73.999821,Public Health Agency of Canada
bureau de docteure hélène chouinard,Clinics and ambulatory care,Longueuil,QC,45.521888,-73.512093,Province of Québec
bureau de dr philippe esterez,Clinics and ambulatory care,Montréal,QC,45.5220054,-73.6250819,Province of Québec
"bureau de jean-pierre downs, médecin",Clinics and ambulatory care,Vaudreuil-Dorion,QC,45.400037,-74.024808,Province of Québec
bureau docteur andré forget,Clinics and ambulatory care,Laval,QC,45.629624,-73.755803,Province of Québec
bureau docteur patrick blouin,Clinics and ambulatory care,Québec,QC,46.845086,-71.368149,Province of Québec
bureau docteur tri cong nguyen,Clinics and ambulatory care,Laval,QC,45.546983,-73.716881,Province of Québec
bureau dre l.trudel,Clinics and ambulatory care,Mont-Saint-Hilaire,QC,45.572499,-73.184625,Province of Québec
bureau dre shirley gavlas,Clinics and ambulatory care,Pincourt,QC,45.381381,-73.992688,Province of Québec
bureau du docteur claude leblanc,Clinics and ambulatory care,Laval,QC,45.596247,-73.721861,Province of Québec
bureau du docteur clifford sarrazin-sullivan,Clinics and ambulatory care,Vaudreuil-Dorion,QC,45.387768,-74.01377,Province of Québec
bureau du docteur ginette ménard,Clinics and ambulatory care,Longueuil,QC,45.522582,-73.512752,Province of Québec
bureau du docteur guy brisson,Clinics and ambulatory care,Laval,QC,45.550419,-73.758947,Province of Québec
bureau du docteur jean-luc ouradou,Clinics and ambulatory care,Upton,QC,45.65148373,-72.69173615,Province of Québec
bureau du docteur jean-marc noiseux,Clinics and ambulatory care,Longueuil,QC,45.526703,-73.475767,Province of Québec
bureau du docteur jean-pierre gouin,Clinics and ambulatory care,Longueuil,QC,45.522597,-73.512763,Province of Québec
bureau du docteur jean-serge lalonde,Clinics and ambulatory care,Gatineau,QC,45.493342,-75.677158,Province of Québec
bureau du docteur leslie newman,Clinics and ambulatory care,Laval,QC,45.53769,-73.759879,Province of Québec
bureau du docteur marcel denicourt,Clinics and ambulatory care,Otterburn Park,QC,45.539757,-73.189786,Province of Québec
bureau du docteur nick karellis,Clinics and ambulatory care,Laval,QC,45.541382,-73.74647,Province of Québec
bureau du docteur serge savard,Clinics and ambulatory care,Boucherville,QC,45.59216,-73.434364,Province of Québec
bureau du docteur stephen greenberg,Clinics and ambulatory care,Montréal,QC,45.5010887,-73.5697266,Province of Québec
bureau du docteur sylvain le dû (centre de santé ferme neuve),Clinics and ambulatory care,Ferme-Neuve,QC,45.766022,-74.000191,Province of Québec
bureau du docteur william wai lim lau,Clinics and ambulatory care,Laval,QC,45.53769,-73.759879,Province of Québec
bureau du docteur yvon prévost,Clinics and ambulatory care,Longueuil,QC,45.522605,-73.512806,Province of Québec
bureau du docteure andrée-anne guay,Clinics and ambulatory care,Saint-Césaire,QC,45.41086083,-73.00349219,Province of Québec
bureau du docteure johanne a. béliveau,Clinics and ambulatory care,Longueuil,QC,45.499566,-73.487322,Province of Québec
bureau du docteure louise quintal,Clinics and ambulatory care,Saint-Lambert,QC,45.501787,-73.509509,Province of Québec
bureau du dr pierre st-jean,Clinics and ambulatory care,Montréal,QC,45.5975484,-73.5701097,Province of Québec
bureau médical docteur jacques bender,Clinics and ambulatory care,Sainte-Madeleine,QC,45.5925034,-73.0920985,Province of Québec
"bureau médical docteurs boulay, danielle, omnipraticienne et docteur cournoyer, serge, néphrologue",Clinics and ambulatory care,Sorel-Tracy,QC,46.041466,-73.092927,Province of Québec
bureau médical rachel est,Clinics and ambulatory care,Montréal,QC,45.5229444,-73.5743092,Province of Québec
bureau photios giannakis,Clinics and ambulatory care,Laval,QC,45.548957,-73.769122,Province of Québec
cabinet des docteures anne-marie gravel et barbara april black,Clinics and ambulatory care,Westmount,QC,45.477135,-73.696113,Province of Québec
cabinet des docteures johansson et johansson,Clinics and ambulatory care,Westmount,QC,45.47711,-73.606153,Province of Québec
cabinet des docteurs abikhzer et dashkovsky,Clinics and ambulatory care,Montréal,QC,45.500049,-73.630559,Province of Québec
cabinet des docteurs armand elbaz et rita frydman,Clinics and ambulatory care,Montréal,QC,45.500244,-73.631547,Province of Québec
"cabinet des docteurs eiley, el-hakim et jacobson",Clinics and ambulatory care,Pointe-Claire,QC,45.450508,-73.832545,Province of Québec
cabinet des docteurs lipes et trister,Clinics and ambulatory care,Montréal,QC,45.49959,-73.630045,Province of Québec
cabinet des docteurs nattel et wasser,Clinics and ambulatory care,Montréal,QC,45.477095,-73.606131,Province of Québec
"cabinet des docteurs savard, paquette et dophin",Clinics and ambulatory care,Montréal,QC,45.462769,-73.562132,Province of Québec
cabinet docteur domenico ciricillo,Clinics and ambulatory care,Montréal,QC,45.583201,-73.572254,Province of Québec
cabinet docteure vi thuy kieu,Clinics and ambulatory care,Montréal,QC,45.496973,-73.635657,Province of Québec
cabinet dr robert kaud,Clinics and ambulatory care,Montréal,QC,45.519183,-73.723411,Province of Québec
cabinet dr tommy aumond-beaupré,Clinics and ambulatory care,Montréal,QC,45.537117,-73.611243,Province of Québec
cabinet dre nada khoder,Clinics and ambulatory care,Terrebonne,QC,45.702329,-73.640276,Province of Québec
cabinet du docteur alfred w. illescas,Clinics and ambulatory care,Montréal,QC,45.524871,-73.589416,Province of Québec
cabinet du docteur anthony czaharyn,Clinics and ambulatory care,Kirkland,QC,45.448976,-73.856392,Province of Québec
cabinet du docteur asmae boutaleb,Clinics and ambulatory care,Montréal,QC,45.532077,-73.721165,Province of Québec
cabinet du docteur barry goldsman,Clinics and ambulatory care,Montréal,QC,45.474977,-73.60308,Province of Québec
cabinet du docteur benjamin klein,Clinics and ambulatory care,Montréal,QC,45.501621,-73.570642,Province of Québec
cabinet du docteur dimitrios lambrinos,Clinics and ambulatory care,Montréal,QC,45.525336,-73.62521,Province of Québec
cabinet du docteur gilles brouillette,Clinics and ambulatory care,Montréal,QC,45.427085,-73.62815,Province of Québec
cabinet du docteur howard stanley cohen,Clinics and ambulatory care,Kirkland,QC,45.449515,-73.836626,Province of Québec
cabinet du docteur jean mantha,Clinics and ambulatory care,Montréal,QC,45.54861,-73.585018,Province of Québec
cabinet du docteur jirair kuyumjian,Clinics and ambulatory care,Montréal,QC,45.532247,-73.721185,Province of Québec
cabinet du docteur john h. backler,Clinics and ambulatory care,Westmount,QC,45.475802,-73.601326,Province of Québec
cabinet du docteur léo lasalle,Clinics and ambulatory care,Montréal,QC,45.462983,-73.564495,Province of Québec
cabinet du docteur éric lillie,Clinics and ambulatory care,Sainte-Anne-De-Bellevue,QC,45.403174,-73.950569,Province of Québec
cabinet médical au coeur des vergers,Clinics and ambulatory care,Otterburn Park,QC,45.539756,-73.18982,Province of Québec
cabinet médical legault,Clinics and ambulatory care,Saint-Alphonse-Rodriguez,QC,46.1833265,-73.6806086,Province of Québec
caj centre d'animation,Residential and long-term care,Montréal,QC,45.5503557,-73.5460974,Province of Québec
campus saint-laurent - pavillon webster (le),Residential and long-term care,Montréal,QC,45.5068096,-73.5602702,Province of Québec
carat - centre d'aide et de réhabilitation pour alcooliques et toxicomanes,Residential and long-term care,Sainte-Brigide-Diberville,QC,45.32339515,-73.06551595,Province of Québec
catherine booth hospital,Residential and long-term care,Montréal,QC,45.4638021,-73.6357376,Public Health Agency of Canada
centre accalmie,Residential and long-term care,Pointe-À-La-Croix,QC,48.017483,-66.679901,Province of Québec
centre administratif toupin,Clinics and ambulatory care,Trois-Rivières,QC,46.361556,-72.508223,Province of Québec
centre amaryllis,Residential and long-term care,Montréal,QC,45.5203092,-73.5581012,Province of Québec
centre augustinien (soeurs augustines),Residential and long-term care,Dolbeau-Mistassini,QC,48.887469,-72.241357,Province of Québec
centre caroline roy (le),Residential and long-term care,Saint-Ludger,QC,45.7991945,-70.6500754,Province of Québec
centre champagneur (clercs de saint-viateur du canada),Clinics and ambulatory care,Joliette,QC,46.02875,-73.437194,Province of Québec
"centre corps, âme et esprit",Residential and long-term care,Sherbrooke,QC,45.446229,-71.886243,Province of Québec
centre d'accueil le programme de portage (admissions),Residential and long-term care,Montréal,QC,45.491888,-73.5748737,Province of Québec
centre d'accueil le programme de portage (centre de services de l'ouest-de-l'île),Residential and long-term care,Pointe-Claire,QC,45.4689965,-73.830702,Province of Québec
centre d'accueil le programme de portage (lac écho),Residential and long-term care,Prévost,QC,45.879857,-74.012361,Province of Québec
centre d'accueil le programme de portage (saint-malachie),Residential and long-term care,Saint-Malachie,QC,46.493334,-70.709883,Province of Québec
centre d'accueil le programme de portage - centre résidentiel pour adolescents anglophones,Residential and long-term care,Prévost,QC,45.87947976,-74.01259492,Province of Québec
centre d'accueil le programme de portage inc.,Residential and long-term care,Montréal,QC,45.4918796,-73.5748715,Province of Québec
centre d'activites de jour hymus,Residential and long-term care,Pointe-Claire,QC,45.4542304,-73.8366624,Province of Québec
centre d'activites de jour saint-patrick,Residential and long-term care,Montréal,QC,45.4814176,-73.5723254,Province of Québec
centre d'activité de jour ontario,Residential and long-term care,Montréal,QC,45.5546743,-73.5402382,Province of Québec
centre d'activités de jour (amqui) /centre multiservices d'amqui,Residential and long-term care,Amqui,QC,48.46381,-67.43438,Province of Québec
centre d'activités de jour alternative,Residential and long-term care,Kirkland,QC,45.4503025,-73.8455599,Province of Québec
centre d'activités de jour anse-saint-jean,Residential and long-term care,Lanse-Saint-Jean,QC,48.19805507,-70.24309705,Province of Québec
centre d'activités de jour cartier,Residential and long-term care,Pointe-Claire,QC,45.4377521,-73.8285067,Province of Québec
centre d'activités de jour de dixville (centre de réadaptation pour les personnes présentant une déficience intellectuelle),Residential and long-term care,Dixville,QC,45.06723,-71.770996,Province of Québec
centre d'activités de jour de la 17e avenue (accredited),Residential and long-term care,Montréal,QC,45.5661192,-73.603678,Province of Québec
centre d'activités de jour de magog (centre de réadaptation pour les personnes présentant une déficience intellectuelle),Residential and long-term care,Magog,QC,45.262351,-72.125046,Province of Québec
centre d'activités de jour de mansonville (centre de réadaptation pour les personnes présentant une déficience intellectuelle),Residential and long-term care,Potton,QC,45.04869036,-72.39209036,Province of Québec
centre d'activités de jour de québec (francois-1er),Residential and long-term care,Québec,QC,46.82432,-71.2423,Province of Québec
centre d'activités de jour de sherbrooke - queen (crdi),Residential and long-term care,Sherbrooke,QC,45.359817,-71.857732,Province of Québec
centre d'activités de jour des ateliers,Residential and long-term care,Rimouski,QC,48.466756,-68.50612,Province of Québec
centre d'activités de jour du granit (centre de réadaptation pour les personnes présentant une déficience intellectuelle),Residential and long-term care,Lac-Mégantic,QC,45.57091,-70.875354,Province of Québec
centre d'activités de jour du haut-saint-françois (centre de réadaptation pour les personnes présentant une déficience intellectuelle),Residential and long-term care,East Angus,QC,45.488871,-71.654898,Province of Québec
centre d'activités de jour du val-saint-françois (centre de réadaptation pour les personnes présentant une déficience intellectuelle),Residential and long-term care,Windsor,QC,45.570173,-72.002815,Province of Québec
centre d'activités de jour edouard-lavergne,Residential and long-term care,Québec,QC,46.80736,-71.2328,Province of Québec
centre d'activités de jour en déficience intellectuelle et en troubles du spectre de l'autisme de berthier-sur-mer,Residential and long-term care,Berthier-Sur-Mer,QC,46.922251,-70.728104,Province of Québec
centre d'activités de jour en déficience intellectuelle et en troubles du spectre de l'autisme de saint-flavien,Residential and long-term care,Saint-Flavien,QC,46.512359,-71.598309,Province of Québec
centre d'activités de jour en déficience intellectuelle et en troubles du spectre de l'autisme de saint-prosper,Residential and long-term care,Saint-Prosper,QC,46.21054765,-70.47315182,Province of Québec
centre d'activités de jour en déficience intellectuelle et en troubles du spectre de l'autisme de saint-romuald,Residential and long-term care,Lévis,QC,46.754993,-71.235608,Province of Québec
centre d'activités de jour en déficience intellectuelle et en troubles du spectre de l'autisme desjardins-est,Residential and long-term care,Lévis,QC,46.813996,-71.154185,Province of Québec
centre d'activités de jour en déficience intellectuelle et en troubles du spectre de l'autisme dumais-nord,Residential and long-term care,Thetford Mines,QC,46.090417,-71.301067,Province of Québec
centre d'activités de jour en déficience intellectuelle et en troubles du spectre de l'autisme notre-dame,Residential and long-term care,Thetford Mines,QC,46.111888,-71.273276,Province of Québec
centre d'activités de jour en déficience intellectuelle et en troubles du spectre de l'autisme plaza,Residential and long-term care,Saint-Georges,QC,46.105308,-70.654428,Province of Québec
centre d'activités de jour et services externes de saint-georges (25e avenue),Residential and long-term care,Saint-Georges,QC,46.128794,-70.653941,Province of Québec
centre d'activités de jour f.x.-bouchard,Residential and long-term care,Roberval,QC,48.51481,-72.229169,Province of Québec
centre d'activités de jour gauthier,Residential and long-term care,Alma,QC,48.540419,-71.649594,Province of Québec
centre d'activités de jour lausanne (rimouski 1),Residential and long-term care,Rimouski,QC,48.4349384,-68.55870909,Province of Québec
centre d'activités de jour louis-hémon,Residential and long-term care,Dolbeau-Mistassini,QC,48.888295,-72.202796,Province of Québec
centre d'activités de jour métabetchouan,Residential and long-term care,Métabetchouan Lac-À-La-Croix,QC,48.4399807,-71.8434111,Province of Québec
centre d'activités de jour options,Residential and long-term care,Pointe-Claire,QC,45.4699447,-73.8064742,Province of Québec
centre d'activités de jour saindon,Residential and long-term care,Notre-Dame-Des-Monts,QC,47.6646,-70.3841,Province of Québec
centre d'activités de jour sainte-anne,Residential and long-term care,Rimouski,QC,48.496055,-68.48557,Province of Québec
centre d'activités de jour sud-ouest,Residential and long-term care,Montréal,QC,45.4369202,-73.6165443,Province of Québec
centre d'hebergement de l'hôtel-dieu de saint-hyacinthe,Residential and long-term care,Saint-Hyacinthe,QC,45.625782,-72.9501547,Public Health Agency of Canada
centre d'hébergement alternatif de sherbrooke,Residential and long-term care,Sherbrooke,QC,45.38678,-71.8964,Province of Québec
centre d'hébergement champlain,Residential and long-term care,Verdun,QC,45.4388464,-73.5867681,Public Health Agency of Canada
centre d'hébergement champlain rive-sud,Residential and long-term care,Saint-Hubert,QC,45.5042501,-73.4219914,Public Health Agency of Canada
centre d'hébergement de chauffailles,Residential and long-term care,Rivière-Du-Loup,QC,47.816846,-69.539162,Province of Québec
centre d'hébergement du boisé,Residential and long-term care,Québec,QC,46.7539156,-71.3214511,Public Health Agency of Canada
centre d'hébergement du roseau,Residential and long-term care,Victoriaville,QC,46.061141,-71.9632667,Public Health Agency of Canada
centre d'hébergement et clsc de notre-dame-du-bon-conseil,Clinics and ambulatory care,Notre-Dame-Du-Bon-Conseil,QC,45.9999594,-72.3410734,Province of Québec
centre d'hébergement hôpital general de québec,Residential and long-term care,Québec,QC,46.8142946,-71.2333058,Public Health Agency of Canada
centre d'hébergement rayon du soleil,Residential and long-term care,Shawinigan,QC,46.6175324,-72.6901911,Province of Québec
centre d'hébergement sentier de l'espoir,Residential and long-term care,Sainte-Anne-Des-Monts,QC,49.119045,-66.485216,Province of Québec
centre d'intégration communautaire,Residential and long-term care,Montréal,QC,45.550468,-73.5461797,Province of Québec
centre d'youville,Residential and long-term care,Saint-Jérome,QC,45.7829075,-74.0061506,Public Health Agency of Canada
centre de convalescence pie xii (baie-comeau),Residential and long-term care,Baie-Comeau,QC,49.190416,-68.249749,Province of Québec
centre de coordination de services beaubien,Residential and long-term care,Montréal,QC,45.5937616,-73.5598872,Province of Québec
centre de coordination de services marie-bourassa,Residential and long-term care,Montréal,QC,45.5700652,-73.5648234,Province of Québec
centre de crise l'accalmie (centre de réadaptation pour jeunes en difficulté d'adaptation),Residential and long-term care,Sherbrooke,QC,45.311795,-72.013929,Province of Québec
centre de jour lajeunesse,Residential and long-term care,Montréal,QC,45.555505,-73.6722118,Province of Québec
centre de jour pour les jeunes en difficulté d'adaptation fullum,Residential and long-term care,Montréal,QC,45.5308757,-73.557752,Province of Québec
centre de loisirs adaptés la maison grandi-ose,Residential and long-term care,Trois-Rivières,QC,46.372184,-72.504992,Province of Québec
centre de medecine familiale (saint-sauveur),Clinics and ambulatory care,Saint-Sauveur,QC,45.890986,-74.154404,Province of Québec
centre de médecine familiale de saint-bruno,Clinics and ambulatory care,Saint-Bruno,QC,48.47142765,-71.65388817,Province of Québec
centre de médecine intégrée (cmi) longueuil,Clinics and ambulatory care,Longueuil,QC,45.537952,-73.463088,Province of Québec
centre de protection de l'enfance et de la jeunesse de mascouche,Residential and long-term care,Mascouche,QC,45.742585,-73.600831,Province of Québec
centre de protection et de réadaptation pour les jeunes et les mères en difficulté d'adaptation - des forges,Residential and long-term care,Trois-Rivières,QC,46.347447,-72.566466,Province of Québec
centre de protection et de réadaptation pour les jeunes et les mères en difficulté d'adaptation charles-edouard bourgeois,Residential and long-term care,Trois-Rivières,QC,46.350077,-72.564462,Province of Québec
centre de protection et de réadaptation pour les jeunes et les mères en difficulté d'adaptation de bécancour,Residential and long-term care,Bécancour,QC,46.328435,-72.507207,Province of Québec
centre de protection et de réadaptation pour les jeunes et les mères en difficulté d'adaptation de la tuque,Residential and long-term care,La Tuque,QC,47.428932,-72.785321,Province of Québec
centre de protection et de réadaptation pour les jeunes et les mères en difficulté d'adaptation de plessisville,Residential and long-term care,Plessisville,QC,46.215805,-71.777971,Province of Québec
centre de protection et de réadaptation pour les jeunes et les mères en difficulté d'adaptation de victoriaville,Residential and long-term care,Victoriaville,QC,46.060497,-71.965141,Province of Québec
centre de protection et de réadaptation pour les jeunes et les mères en difficulté d'adaptation edgar-laforest,Residential and long-term care,Drummondville,QC,45.854642,-72.482332,Province of Québec
centre de prélèvement (argyll),Hospitals,Sherbrooke,QC,45.404599,-71.914765,Province of Québec
centre de prélèvement (sainte-agathe-des-monts),Clinics and ambulatory care,Sainte-Agathe-Des-Monts,QC,46.046574,-74.282505,Province of Québec
centre de prélèvement (édifice murray),Hospitals,Sherbrooke,QC,45.40063,-71.876239,Province of Québec
centre de prélèvement de ferme-neuve,Clinics and ambulatory care,Ferme-Neuve,QC,46.7010623,-75.4547336,Province of Québec
centre de prélèvements (sainte-thérèse),Clinics and ambulatory care,Sainte-Thérèse,QC,45.643516,-73.861122,Province of Québec
centre de prélèvements (vendée),Clinics and ambulatory care,Amherst,QC,46.080764,-74.831166,Province of Québec
centre de prélèvements de saint-jérôme,Clinics and ambulatory care,Saint-Jérôme,QC,45.763839,-73.996226,Province of Québec
centre de prélèvements de sainte-anne-des-plaines,Clinics and ambulatory care,Sainte-Anne-Des-Plaines,QC,45.766539,-73.813118,Province of Québec
centre de prévention du suicide accalmie,Residential and long-term care,Trois-Rivières,QC,46.3383449,-72.5485683,Province of Québec
centre de pédopsychiatrie (résidence du sacré-coeur) du ciusss,Hospitals,Québec,QC,46.81263,-71.245881,Province of Québec
centre de readaptation de la gaspésie (guichet de réadaptation du cisss),Residential and long-term care,Sainte-Anne-Des-Monts,QC,49.11876,-66.483015,Province of Québec
centre de readaptation en déficience intellectuelle et en trouble du spectre de l'autisme manseau,Residential and long-term care,Joliette,QC,46.292931,-73.384732,Province of Québec
centre de readaptation en déficience physique et de protection de l'enfance et de la jeunesse de repentigny - volet crdp,Residential and long-term care,Repentigny,QC,45.754398,-73.440096,Province of Québec
centre de readaptation en déficience physique et en déficience intellectuelle et en troubles envahissants du déveoloppement de val-d'or,Residential and long-term care,Val-Dor,QC,48.101956,-77.801541,Province of Québec
centre de readaptation en dépendance foster - point de service externe Montréal,Residential and long-term care,Montréal,QC,45.4633401,-73.6293069,Province of Québec
centre de readaptation mackay,Residential and long-term care,Montréal,QC,45.4753321,-73.6137196,Province of Québec
centre de recherche de l'institut universitaire en santé mentale de montréal,Hospitals,Montréal,QC,45.588674,-73.52912,Province of Québec
centre de réadaptation (saint-hyacinthe) (jeunesse),Residential and long-term care,Saint-Hyacinthe,QC,45.627001,-72.934023,Province of Québec
centre de réadaptation alcoolisme et autres toxicomanies (magog),Residential and long-term care,Magog,QC,45.265211,-72.145128,Province of Québec
centre de réadaptation constance-lethbridge,Residential and long-term care,Montréal,QC,45.4582597,-73.6360212,Province of Québec
centre de réadaptation de l'estrie,Residential and long-term care,Sherbrooke,QC,45.40704,-71.880257,Province of Québec
centre de réadaptation de l'ouest-de-montréal (crom),Residential and long-term care,Montréal,QC,45.4490572,-73.6344465,Province of Québec
centre de réadaptation en alcoolisme et toxicomanie de beauceville (centre multiservices de santé et de services sociaux de beauceville),Residential and long-term care,Beauceville,QC,46.205832,-70.784144,Province of Québec
centre de réadaptation en déficience intellectuelle de saint-siméon (centre d'activité de jour de saint-siméon),Residential and long-term care,Saint-Siméon,QC,47.84139,-69.8833,Province of Québec
centre de réadaptation en déficience intellectuelle de saint-urbain,Residential and long-term care,Saint-Urbain,QC,47.55894,-70.5392,Province of Québec
centre de réadaptation en déficience intellectuelle en troubles du spectre de l'autisme louise-vachon,Residential and long-term care,Laval,QC,45.548663,-73.768357,Province of Québec
centre de réadaptation en déficience intellectuelle et de déficience physique thérèse-martin,Residential and long-term care,Rivière-Ouelle,QC,47.454859,-70.00089,Province of Québec
centre de réadaptation en déficience intellectuelle et en trouble du spectre de l'autisme boulevard sainte-rose,Residential and long-term care,Laval,QC,45.612611,-73.789601,Province of Québec
centre de réadaptation en déficience intellectuelle et en trouble du spectre de l'autisme de berthierville,Residential and long-term care,Berthierville,QC,46.08513074,-73.1839362,Province of Québec
centre de réadaptation en déficience intellectuelle et en trouble du spectre de l'autisme de mascouche,Residential and long-term care,Mascouche,QC,45.753417,-73.598221,Province of Québec
centre de réadaptation en déficience intellectuelle et en trouble du spectre de l'autisme de repentigny,Residential and long-term care,Repentigny,QC,45.754316,-73.444678,Province of Québec
centre de réadaptation en déficience intellectuelle et en trouble du spectre de l'autisme de saint-gabriel-de-brandon,Residential and long-term care,Saint-Gabriel,QC,46.292931,-73.384732,Province of Québec
centre de réadaptation en déficience intellectuelle et en trouble du spectre de l'autisme de saint-jean-de-matha,Residential and long-term care,Saint-Jean-De-Matha,QC,46.224817,-73.526807,Province of Québec
centre de réadaptation en déficience intellectuelle et en trouble du spectre de l'autisme de sainte-julienne,Residential and long-term care,Sainte-Julienne,QC,45.965199,-73.71423,Province of Québec
centre de réadaptation en déficience intellectuelle et en trouble du spectre de l'autisme saint-louis,Residential and long-term care,Joliette,QC,46.021637,-73.447598,Province of Québec
centre de réadaptation en déficience intellectuelle et en troubles du spectre de l'autisme andré-wingen,Residential and long-term care,Montmagny,QC,46.987993,-70.539239,Province of Québec
centre de réadaptation en déficience intellectuelle et en troubles du spectre de l'autisme de l'islet-sur-mer,Residential and long-term care,L'Islet,QC,47.126166,-70.373218,Province of Québec
centre de réadaptation en déficience intellectuelle et en troubles du spectre de l'autisme de laurier-station,Residential and long-term care,Laurier-Station,QC,46.54273,-71.626022,Province of Québec
centre de réadaptation en déficience intellectuelle et en troubles du spectre de l'autisme de laval,Residential and long-term care,Laval,QC,45.554469,-73.699173,Province of Québec
centre de réadaptation en déficience intellectuelle et en troubles du spectre de l'autisme de lévis,Residential and long-term care,Lévis,QC,46.812235,-71.179349,Province of Québec
centre de réadaptation en déficience intellectuelle et en troubles du spectre de l'autisme donat-grenier (centre multiservices de santé et de services sociaux donat-grenier),Residential and long-term care,Thetford Mines,QC,46.108283,-71.279714,Province of Québec
centre de réadaptation en déficience intellectuelle et en troubles du spectre de l'autisme et de réadaptation en déficience physique de baie-comeau,Residential and long-term care,Baie-Comeau,QC,49.185166,-68.26521,Province of Québec
centre de réadaptation en déficience intellectuelle et en troubles du spectre de l'autisme et de réadaptation en déficience physique de sept-îles,Residential and long-term care,Sept-Îles,QC,50.208059,-66.381366,Province of Québec
centre de réadaptation en déficience intellectuelle et en troubles envahissants du développement d'amos,Residential and long-term care,Amos,QC,48.578708,-78.124331,Province of Québec
centre de réadaptation en déficience intellectuelle et en troubles envahissants du développement de la sarre,Residential and long-term care,La Sarre,QC,48.80114,-79.200912,Province of Québec
centre de réadaptation en déficience intellectuelle et en troubles envahissants du développement de val-d'or,Residential and long-term care,Val-Dor,QC,48.10317,-77.787332,Province of Québec
centre de réadaptation en déficience intellectuelle et ted (îles -de-la-madeleine),Residential and long-term care,Les Îles-De-La-Madeleine,QC,47.404439,-61.897743,Province of Québec
centre de réadaptation en déficience intellectuelle et trouble du spectre de l'autisme - centre multiservice de sorel,Residential and long-term care,Sorel-Tracy,QC,46.044022,-73.10667,Province of Québec
centre de réadaptation en déficience intellectuelle et trouble du spectre de l'autisme - centre multiservices de boucherville,Residential and long-term care,Boucherville,QC,45.571625,-73.429082,Province of Québec
centre de réadaptation en déficience intellectuelle et trouble du spectre de l'autisme - centre multiservices de brossard,Residential and long-term care,Brossard,QC,45.42888923,-73.46661539,Province of Québec
centre de réadaptation en déficience intellectuelle et trouble du spectre de l'autisme - centre multiservices de saint-hubert,Residential and long-term care,Longueuil,QC,45.498771,-73.407014,Province of Québec
centre de réadaptation en déficience intellectuelle et trouble du spectre de l'autisme - centre multiservices de saint-hyacinthe,Residential and long-term care,Saint-Hyacinthe,QC,45.636226,-72.976524,Province of Québec
centre de réadaptation en déficience intellectuelle et trouble du spectre de l'autisme - clinique régionale d'évaluation des troubles complexes du développement (longueuil),Residential and long-term care,Longueuil,QC,45.535844,-73.453777,Province of Québec
centre de réadaptation en déficience intellectuelle et trouble du spectre de l'autisme - installation kateri,Residential and long-term care,Delson,QC,45.360901,-73.534643,Province of Québec
centre de réadaptation en déficience intellectuelle et trouble du spectre de l'autisme - services externes de beloeil,Residential and long-term care,Beloeil,QC,45.552034,-73.216205,Province of Québec
centre de réadaptation en déficience intellectuelle et troubles du spectre de l'autisme de sainte-claire,Residential and long-term care,Sainte-Claire,QC,46.600002,-70.8584436,Province of Québec
centre de réadaptation en déficience physique (centre hospitalier de lanaudière),Residential and long-term care,Saint-Charles-Borromée,QC,46.039103,-73.456585,Province of Québec
centre de réadaptation en déficience physique (urfi saint-bruno),Residential and long-term care,Saint-Bruno-De-Montarville,QC,45.521817,-73.344645,Province of Québec
centre de réadaptation en déficience physique - installation châteauguay,Residential and long-term care,Châteauguay,QC,45.380132,-73.742029,Province of Québec
centre de réadaptation en déficience physique - installation de saint-jean-sur-richelieu,Residential and long-term care,Saint-Jean-Sur-Richelieu,QC,45.311132,-73.263708,Province of Québec
centre de réadaptation en déficience physique - installation longueuil,Residential and long-term care,Longueuil,QC,45.53477005,-73.48470999,Province of Québec
centre de réadaptation en déficience physique - installation saint-hubert,Residential and long-term care,Longueuil,QC,45.505317,-73.421321,Province of Québec
centre de réadaptation en déficience physique - installation saint-hyacinthe (adultes),Residential and long-term care,Saint-Hyacinthe,QC,45.625825,-72.950197,Province of Québec
centre de réadaptation en déficience physique - installation salaberry-de-valleyfield,Residential and long-term care,Salaberry-De-Valleyfield,QC,45.259498,-74.127885,Province of Québec
centre de réadaptation en déficience physique - installation sorel-tracy,Residential and long-term care,Sorel-Tracy,QC,46.046358,-73.110015,Province of Québec
centre de réadaptation en déficience physique - installation vaudreuil-dorion,Residential and long-term care,Vaudreuil-Dorion,QC,45.377047,-74.020578,Province of Québec
centre de réadaptation en déficience physique boulevard cartier,Residential and long-term care,Laval,QC,45.543818,-73.72338,Province of Québec
centre de réadaptation en déficience physique de beauceville (centre multiservices de santé et de services sociaux de beauceville),Residential and long-term care,Beauceville,QC,46.205695,-70.784157,Province of Québec
centre de réadaptation en déficience physique de charny,Residential and long-term care,Lévis,QC,46.726006,-71.2577,Province of Québec
centre de réadaptation en déficience physique de granby,Residential and long-term care,Granby,QC,45.40704,-71.880257,Province of Québec
centre de réadaptation en déficience physique de joliette,Residential and long-term care,Joliette,QC,46.032902,-73.424614,Province of Québec
centre de réadaptation en déficience physique de l'assomption,Residential and long-term care,L'Assomption,QC,46.032902,-73.424614,Province of Québec
centre de réadaptation en déficience physique de mont-laurier,Residential and long-term care,Mont-Laurier,QC,46.554217,-75.492256,Province of Québec
centre de réadaptation en déficience physique de montmagny (hôpital et centre de réadaptation en déficience physique de montmagny),Residential and long-term care,Montmagny,QC,46.976411,-70.597125,Province of Québec
centre de réadaptation en déficience physique de niverville,Residential and long-term care,Trois-Rivières,QC,46.346058,-72.547885,Province of Québec
centre de réadaptation en déficience physique de repentigny,Residential and long-term care,Repentigny,QC,45.74081,-73.451769,Province of Québec
centre de réadaptation en déficience physique de rimouski-neigette,Residential and long-term care,Rimouski,QC,48.459749,-68.518155,Province of Québec
centre de réadaptation en déficience physique de rivière-du-loup (crdp rivière-du-loup),Residential and long-term care,Rivière-Du-Loup,QC,47.818389,-69.539015,Province of Québec
centre de réadaptation en déficience physique de rouyn-noranda,Residential and long-term care,Rouyn-Noranda,QC,48.24433,-79.020351,Province of Québec
centre de réadaptation en déficience physique de saint-eustache,Residential and long-term care,Saint-Eustache,QC,45.550891,-73.892515,Province of Québec
centre de réadaptation en déficience physique de terrebonne,Residential and long-term care,Terrebonne,QC,45.706042,-73.629411,Province of Québec
centre de réadaptation en déficience physique de victoriaville,Residential and long-term care,Victoriaville,QC,46.062765,-71.963617,Province of Québec
centre de réadaptation en déficience physique des îles -de-la-madeleine,Residential and long-term care,Les Îles-De-La-Madeleine,QC,47.404439,-61.897743,Province of Québec
centre de réadaptation en déficience physique et en déficience intellectuelle et en troubles envahissants du développement d'amos,Residential and long-term care,Amos,QC,48.578708,-78.124331,Province of Québec
centre de réadaptation en déficience physique et en déficience intellectuelle et en troubles envahissants du développement de la sarre,Residential and long-term care,La Sarre,QC,48.788339,-79.199971,Province of Québec
centre de réadaptation en déficience physique jacques-de-labadie,Residential and long-term care,Trois-Rivières,QC,46.357017,-72.584509,Province of Québec
centre de réadaptation en déficience physique sainte-marguerite,Residential and long-term care,Trois-Rivières,QC,46.344539,-72.577248,Province of Québec
centre de réadaptation en déficience physique vachon,Residential and long-term care,Trois-Rivières,QC,46.372402,-72.553376,Province of Québec
centre de réadaptation en déficiences physiques de la mitis (interaction),Residential and long-term care,Mont-Joli,QC,48.572505,-68.216257,Province of Québec
centre de réadaptation en dépandance (point de service de la pointe-de-l'île),Residential and long-term care,Montréal,QC,45.666601,-73.4957188,Province of Québec
centre de réadaptation en dépendance (programme jeunesse - saint-urbain),Residential and long-term care,Montréal,QC,45.5119048,-73.5743755,Province of Québec
centre de réadaptation en dépendance d'amos,Residential and long-term care,Amos,QC,48.573748,-78.118112,Province of Québec
centre de réadaptation en dépendance de granby (crpat),Residential and long-term care,Granby,QC,45.399598,-72.722255,Province of Québec
centre de réadaptation en dépendance de la haute-gaspésie,Residential and long-term care,Sainte-Anne-Des-Monts,QC,49.118905,-66.483,Province of Québec
centre de réadaptation en dépendance de la tuque,Residential and long-term care,La Tuque,QC,47.435822,-72.777847,Province of Québec
centre de réadaptation en dépendance de laval,Residential and long-term care,Laval,QC,45.554085,-73.699938,Province of Québec
centre de réadaptation en dépendance de lévis (centre multiservices de santé et de services sociaux de lévis),Residential and long-term care,Lévis,QC,46.813394,-71.176558,Province of Québec
centre de réadaptation en dépendance de montréal (pavillon prince-arthur) (le),Residential and long-term care,Montréal,QC,45.512279,-73.5759481,Province of Québec
centre de réadaptation en dépendance de montréal - hôpital notre-dame,Residential and long-term care,Montréal,QC,45.5263108,-73.5658598,Province of Québec
centre de réadaptation en dépendance de montréal - service de liaison hôpital maisonneuve-rosemont,Residential and long-term care,Montréal,QC,45.574086,-73.5616364,Province of Québec
centre de réadaptation en dépendance de pointe-du-lac,Residential and long-term care,Trois-Rivières,QC,46.287632,-72.688774,Province of Québec
centre de réadaptation en dépendance de victoriaville,Residential and long-term care,Victoriaville,QC,46.064824,-71.96163,Province of Québec
centre de réadaptation en dépendance du cisss de la montérégie-ouest - services externes de candiac,Residential and long-term care,Vaudreuil-Dorion,QC,45.396094,-74.025332,Province of Québec
centre de réadaptation en dépendance du cisss de la montérégie-ouest - services externes de longueuil,Residential and long-term care,Longueuil,QC,45.523404,-73.495835,Province of Québec
centre de réadaptation en dépendance du cisss de la montérégie-ouest - services externes de saint-hubert,Residential and long-term care,Longueuil,QC,45.50347,-73.42757,Province of Québec
centre de réadaptation en dépendance du cisss de la montérégie-ouest - services externes de saint-hyacinthe,Residential and long-term care,Saint-Hyacinthe,QC,45.634276,-72.96586,Province of Québec
centre de réadaptation en dépendance du cisss de la montérégie-ouest - services externes de saint-jean-sur-richelieu,Residential and long-term care,Saint-Jean-Sur-Richelieu,QC,45.312625,-73.262068,Province of Québec
centre de réadaptation en dépendance du cisss de la montérégie-ouest - services externes de salaberry-de-valleyfield,Residential and long-term care,Salaberry-De-Valleyfield,QC,45.254995,-74.13474,Province of Québec
centre de réadaptation en dépendance du cisss de la montérégie-ouest - services externes de sorel,Residential and long-term care,Sorel-Tracy,QC,46.045125,-73.089997,Province of Québec
centre de réadaptation en dépendance du cisss de la montérégie-ouest – services résidentiels saint-hubert,Residential and long-term care,Longueuil,QC,45.50064,-73.47509,Province of Québec
centre de réadaptation en dépendance du nouveau départ inc.,Residential and long-term care,Mont-Royal,QC,45.5232778,-73.62527,Province of Québec
centre de réadaptation en dépendance du nouveau départ inc. (centre administratif),Residential and long-term care,Mont-Royal,QC,45.5232778,-73.62527,Province of Québec
centre de réadaptation en dépendance foster (point de services externes cowansville),Residential and long-term care,Cowansville,QC,45.208045,-72.763398,Province of Québec
centre de réadaptation en dépendance le virage - candiac,Residential and long-term care,Candiac,QC,45.390715,-73.516708,Province of Québec
centre de réadaptation en dépendance saguenay-lac-saint-jean,Residential and long-term care,Saguenay,QC,48.413105,-71.234324,Province of Québec
centre de réadaptation en dépendances bienville,Residential and long-term care,Laval,QC,45.65424,-73.748271,Province of Québec
centre de réadaptation en dépendances de l'outaouais (administration),Residential and long-term care,Gatineau,QC,45.42255195,-75.74871894,Province of Québec
centre de réadaptation en dépendances de l'outaouais (gatineau),Residential and long-term care,Gatineau,QC,45.49270115,-75.63912185,Province of Québec
centre de réadaptation en dépendances de l'outaouais (gracefield),Residential and long-term care,Gracefield,QC,46.091706,-76.052141,Province of Québec
centre de réadaptation en dépendances de l'outaouais (maniwaki),Residential and long-term care,Maniwaki,QC,46.376472,-75.975829,Province of Québec
centre de réadaptation en dépendances de l'outaouais (masham),Residential and long-term care,La Pêche,QC,45.64100486,-76.03850627,Province of Québec
centre de réadaptation en dépendances de l'outaouais (pontiac),Residential and long-term care,Mansfield-Et-Pontefract,QC,45.847977,-76.7299523,Province of Québec
centre de réadaptation en dépendances de l'outaouais (saint-andré-avellin),Residential and long-term care,Saint-André-Avellin,QC,45.722391,-75.058394,Province of Québec
centre de réadaptation en dépendances de l'outaouais (secteur buckingham),Residential and long-term care,Gatineau,QC,45.588741,-75.415175,Province of Québec
centre de réadaptation en dépendances des laurentides (argenteuil),Residential and long-term care,Lachute,QC,45.66138,-74.352748,Province of Québec
centre de réadaptation en dépendances des laurentides (mont-laurier),Residential and long-term care,Mont-Laurier,QC,46.5564866,-75.494754,Province of Québec
centre de réadaptation en dépendances des laurentides (point service deux montagnes),Residential and long-term care,Deux-Montagnes,QC,45.544239,-73.907022,Province of Québec
centre de réadaptation en dépendances des laurentides (sainte-agathe-des-monts),Residential and long-term care,Sainte-Agathe-Des-Monts,QC,46.053785,-74.291671,Province of Québec
centre de réadaptation en dépendances des laurentides (sainte-thérèse),Residential and long-term care,Sainte-Thérèse,QC,45.644622,-73.840055,Province of Québec
centre de réadaptation foster (point de chute externe vaudreuil-soulanges),Residential and long-term care,Vaudreuil-Dorion,QC,45.394237,-74.053925,Province of Québec
centre de réadaptation foster (point de service saint-philippe),Residential and long-term care,Saint-Philippe,QC,45.3538903,-73.4776975,Province of Québec
centre de réadaptation foster (point de services externes huntingdon),Residential and long-term care,Huntingdon,QC,45.08879,-74.17359,Province of Québec
centre de réadaptation interval - centre administratif et services externes en déficience motrice adultes,Residential and long-term care,Trois-Rivières,QC,46.358647,-72.547307,Province of Québec
centre de réadaptation lethbridge-layton-mackay,Residential and long-term care,Laval,QC,45.548849,-73.737638,Province of Québec
centre de réadaptation lethbridge-layton-mackay (point de service pointe-claire),Residential and long-term care,Pointe-Claire,QC,45.4388818,-73.8296387,Province of Québec
centre de réadaptation lisette-dupras,Residential and long-term care,Montréal,QC,45.4490572,-73.6344465,Province of Québec
centre de réadaptation lucie-bruneau,Residential and long-term care,Montréal,QC,45.5401333,-73.5789637,Province of Québec
centre de réadaptation mab,Residential and long-term care,Montréal,QC,45.459106,-73.6379156,Province of Québec
centre de réadaptation marie enfant,Residential and long-term care,Montréal,QC,45.5753164,-73.5793241,Province of Québec
centre de réadaptation pour jeunes en difficulté d'adaptation huberdeau,Residential and long-term care,Huberdeau,QC,45.974725,-74.636543,Province of Québec
centre de réadaptation pour jeunes en difficulté d'adaptation sainte-sophie,Residential and long-term care,Sainte-Sophie,QC,45.857019,-74.000747,Province of Québec
centre de réadaptation pour jeunes en difficulté saint-jérôme,Residential and long-term care,Saint-Jérôme,QC,45.777258,-74.008042,Province of Québec
centre de réadaptation pour les jeunes en difficulté d'adaptation arthur-buies,Residential and long-term care,Rimouski,QC,48.440341,-68.511502,Province of Québec
centre de réadaptation pour les jeunes en difficulté d'adaptation cartier,Residential and long-term care,Laval,QC,45.555274,-73.697959,Province of Québec
centre de réadaptation pour les jeunes en difficulté d'adaptation de bonaventure (unité la balise),Residential and long-term care,Bonaventure,QC,48.056766,-65.512797,Province of Québec
centre de réadaptation pour les jeunes en difficulté d'adaptation de gaspé (la vigie),Residential and long-term care,Gaspé,QC,48.825779,-64.522001,Province of Québec
centre de réadaptation pour les jeunes en difficulté d'adaptation de joliette,Residential and long-term care,Joliette,QC,46.032932,-73.418599,Province of Québec
centre de réadaptation pour les jeunes en difficulté d'adaptation de laval,Residential and long-term care,Laval,QC,45.555975,-73.697895,Province of Québec
centre de réadaptation pour les jeunes en difficulté d'adaptation de listuguj,Residential and long-term care,Listuguj,QC,48.0141572,-66.7038347,Province of Québec
centre de réadaptation pour les jeunes en difficulté d'adaptation de saint-thomas,Residential and long-term care,Saint-Thomas,QC,46.014097,-73.353833,Province of Québec
centre de réadaptation pour les jeunes en difficulté d'adaptation de sept-îles,Residential and long-term care,Sept-Îles,QC,50.220383,-66.365566,Province of Québec
centre de réadaptation pour les jeunes en difficulté d'adaptation richelieu,Residential and long-term care,Baie-Comeau,QC,49.189778,-68.254457,Province of Québec
centre de réadaptation wapan (la tuque),Residential and long-term care,La Tuque,QC,46.3383449,-72.5485683,Province of Québec
centre de rétablissement le renfort (hébergement),Residential and long-term care,Alma,QC,48.543662,-71.642525,Province of Québec
centre de santé carillon,Clinics and ambulatory care,Sherbrooke,QC,45.3985152,-71.9346741,Province of Québec
centre de santé cloutier-du-rivage,Residential and long-term care,Trois-Rivières,QC,46.36465,-72.503983,Public Health Agency of Canada
centre de santé de essipit,Clinics and ambulatory care,Essipit,QC,48.343246,-69.398771,Province of Québec
centre de santé de la basse côte nord,Hospitals,Blanc-Sablon,QC,51.411675,-57.203299,Public Health Agency of Canada
centre de santé de la minganie,Hospitals,Havre-Saint-Pierre,QC,50.2372465,-63.6050694,Public Health Agency of Canada
centre de santé de port-cartier,Hospitals,Port-Cartier,QC,50.0237969,-66.8928389,Public Health Agency of Canada
centre de santé des femmes de la mauricie (le),Clinics and ambulatory care,Trois-Rivières,QC,46.34619,-72.541455,Province of Québec
centre de santé des nord-côtiers,Hospitals,Les Escoumins,QC,48.3514997,-69.4070968,Public Health Agency of Canada
centre de santé et d'harmonie du richelieu inc,Clinics and ambulatory care,Beloeil,QC,45.568339,-73.200339,Province of Québec
centre de santé et de services sociaux cléophas-claveau,Hospitals,La Baie,QC,48.344017,-70.883475,Canadian Institute for Health Information
centre de santé et de services sociaux d'ahuntsic et montréal-nord,Hospitals,Montréal,QC,45.568074,-73.662034,Canadian Institute for Health Information
centre de santé et de services sociaux d'antoine-labelle,Hospitals,Mont-Laurier,QC,46.550226,-75.496821,Canadian Institute for Health Information
centre de santé et de services sociaux d'argenteuil,Hospitals,Lachute,QC,45.662725,-74.351475,Canadian Institute for Health Information
centre de santé et de services sociaux d'arthabaska-et-de-l'érable,Hospitals,Victoriaville,QC,46.040288,-71.91691,Canadian Institute for Health Information
centre de santé et de services sociaux de beauce,Hospitals,Beauceville,QC,46.203383,-70.788158,Canadian Institute for Health Information
centre de santé et de services sociaux de charlevoix,Hospitals,La Malbaie,QC,47.654335,-70.148602,Canadian Institute for Health Information
centre de santé et de services sociaux de chicoutimi,Hospitals,Chicoutimi,QC,48.425471,-71.050397,Canadian Institute for Health Information
centre de santé et de services sociaux de dorval-lachine-lasalle,Hospitals,Lachine,QC,45.435251,-73.681326,Canadian Institute for Health Information
centre de santé et de services sociaux de gatineau,Hospitals,Gatineau,QC,45.483271,-75.685797,Canadian Institute for Health Information
centre de santé et de services sociaux de jonquière,Hospitals,Re,QC,48.413352,-71.235237,Canadian Institute for Health Information
centre de santé et de services sociaux de kamouraska,Hospitals,Saint-Pascal,QC,47.529218,-69.803164,Canadian Institute for Health Information
centre de santé et de services sociaux de l'ouest-de-l'île,Hospitals,Pointe-Claire,QC,45.449449,-73.832252,Canadian Institute for Health Information
centre de santé et de services sociaux de l'énergie,Hospitals,Shawinigan,QC,46.552447,-72.746863,Canadian Institute for Health Information
centre de santé et de services sociaux de l'énergie,Hospitals,Fermont,QC,52.796105,-67.089622,Canadian Institute for Health Information
centre de santé et de services sociaux de la baie-des-chaleurs,Hospitals,Maria,QC,48.168504,-65.991264,Canadian Institute for Health Information
centre de santé et de services sociaux de la basse-côte-nord,Hospitals,Blanc-Sablon,QC,51.413471,-57.204473,Canadian Institute for Health Information
centre de santé et de services sociaux de la côte-de-gaspé,Hospitals,Gaspé,QC,48.814052,-64.496425,Canadian Institute for Health Information
centre de santé et de services sociaux de la haute-côte-nord,Hospitals,Les Escoumins,QC,48.351674,-69.407212,Canadian Institute for Health Information
centre de santé et de services sociaux de la haute-gaspésie,Hospitals,Sainte-Anne-Des-Monts,QC,49.119043,-66.484385,Canadian Institute for Health Information
centre de santé et de services sociaux de la haute-yamaska,Hospitals,Granby,QC,45.410104,-72.722221,Canadian Institute for Health Information
centre de santé et de services sociaux de la matapédia,Hospitals,Amqui,QC,48.469014,-67.420239,Canadian Institute for Health Information
centre de santé et de services sociaux de la minganie,Hospitals,Havre-Saint-Pierre,QC,50.237334,-63.605031,Canadian Institute for Health Information
centre de santé et de services sociaux de la mrc-de-coaticook (ch),Hospitals,Coaticook,QC,45.134968,-71.81193,Province of Québec
centre de santé et de services sociaux de la mrc-de-coaticook (clsc),Clinics and ambulatory care,Coaticook,QC,45.135116,-71.812235,Province of Québec
centre de santé et de services sociaux de la région de thetford,Hospitals,Thetford Mines,QC,46.109106,-71.276442,Canadian Institute for Health Information
centre de santé et de services sociaux de la vallée-de-l'or,Hospitals,Val-Dor,QC,48.096134,-77.794779,Canadian Institute for Health Information
centre de santé et de services sociaux de la vallée-de-la-gatineau,Hospitals,Maniwaki,QC,46.391765,-75.981246,Canadian Institute for Health Information
centre de santé et de services sociaux de lac-saint-jean-est,Hospitals,Alma,QC,48.550681,-71.664722,Canadian Institute for Health Information
centre de santé et de services sociaux de laval,Hospitals,Laval,QC,45.552305,-73.746238,Canadian Institute for Health Information
centre de santé et de services sociaux de manicouagan,Hospitals,Baie-Comeau,QC,49.190166,-68.252127,Canadian Institute for Health Information
centre de santé et de services sociaux de matane,Hospitals,Matane,QC,48.843555,-67.524377,Canadian Institute for Health Information
centre de santé et de services sociaux de memphrémagog (ch),Hospitals,Magog,QC,45.265291,-72.145197,Province of Québec
centre de santé et de services sociaux de memphrémagog (clsc),Clinics and ambulatory care,Magog,QC,45.265193,-72.145079,Province of Québec
centre de santé et de services sociaux de memphrémagog - point de service de potton,Clinics and ambulatory care,Potton,QC,45.0524549,-72.3918114,Province of Québec
centre de santé et de services sociaux de memphrémagog - point de service de stanstead,Clinics and ambulatory care,Stanstead,QC,45.0113609,-72.0967575,Province of Québec
centre de santé et de services sociaux de montmagny-l'islet,Hospitals,Montmagny,QC,46.966285,-70.623779,Canadian Institute for Health Information
centre de santé et de services sociaux de papineau,Hospitals,Gatineau,QC,45.588046,-75.402757,Canadian Institute for Health Information
centre de santé et de services sociaux de rimouski-neigette,Hospitals,Rimouski,QC,48.447081,-68.532376,Canadian Institute for Health Information
centre de santé et de services sociaux de rivière-du-loup,Hospitals,Rivière-Du-Loup,QC,47.820391,-69.536678,Canadian Institute for Health Information
centre de santé et de services sociaux de rouyn-noranda,Hospitals,Rouyn-Noranda,QC,48.244073,-79.019816,Canadian Institute for Health Information
centre de santé et de services sociaux de saint-jérôme,Hospitals,Saint-Jérôme,QC,45.766829,-73.999044,Canadian Institute for Health Information
centre de santé et de services sociaux de sept-îles,Hospitals,Sept-Îles,QC,50.209716,-66.383587,Canadian Institute for Health Information
centre de santé et de services sociaux de sorel-tracy,Hospitals,Sorel-Tracy,QC,46.046586,-73.095712,Canadian Institute for Health Information
centre de santé et de services sociaux de témiscaming-et-de-kipawa,Hospitals,Témiscaming,QC,46.725715,-79.092912,Canadian Institute for Health Information
centre de santé et de services sociaux de témiscouata,Hospitals,Notre-Dame-Du-Lac,QC,47.611832,-68.798898,Canadian Institute for Health Information
centre de santé et de services sociaux des aurores-boreales,Hospitals,La Sarre,QC,48.789403,-79.199883,Canadian Institute for Health Information
centre de santé et de services sociaux des collines,Hospitals,La Pêche,QC,45.649581,-75.931693,Canadian Institute for Health Information
centre de santé et de services sociaux des sommets,Hospitals,Sainte-Agathe-Des-Monts,QC,46.057319,-74.286405,Canadian Institute for Health Information
centre de santé et de services sociaux des sources,Hospitals,Asbestos,QC,45.772361,-71.928702,Canadian Institute for Health Information
centre de santé et de services sociaux des îles,Hospitals,Les Îles-De-La-Madeleine,QC,47.376211,-61.868025,Canadian Institute for Health Information
centre de santé et de services sociaux domaine-du-roy,Hospitals,Roberval,QC,48.508068,-72.220423,Canadian Institute for Health Information
centre de santé et de services sociaux drummond,Hospitals,Drummondville,QC,45.881687,-72.482281,Canadian Institute for Health Information
centre de santé et de services sociaux du Rocher-Percé,Hospitals,Chandler,QC,48.353846,-64.670552,Canadian Institute for Health Information
centre de santé et de services sociaux du coeur-de-l'île,Hospitals,Montréal,QC,45.545663,-73.609438,Canadian Institute for Health Information
centre de santé et de services sociaux du granit (ch),Hospitals,Lac-Mégantic,QC,45.5886122,-70.90557934,Province of Québec
centre de santé et de services sociaux du granit (clsc),Clinics and ambulatory care,Lac-Mégantic,QC,45.5886122,-70.90557934,Province of Québec
centre de santé et de services sociaux du granit - point de service de lambton (clsc),Clinics and ambulatory care,Lambton,QC,45.8331103,-71.0934643,Province of Québec
centre de santé et de services sociaux du granit - point de service de saint-ludger,Clinics and ambulatory care,Saint-Ludger,QC,45.741493,-70.691233,Province of Québec
centre de santé et de services sociaux du granit - point de service lac-drolet,Clinics and ambulatory care,Lac-Drolet,QC,45.718812,-70.849154,Province of Québec
centre de santé et de services sociaux du granit - point de service notre-dame-des-bois,Clinics and ambulatory care,Notre-Dame-Des-Bois,QC,45.392577,-71.073745,Province of Québec
centre de santé et de services sociaux du granit - point de service saint-augustin-de-woburn,Clinics and ambulatory care,Saint-Augustin-De-Woburn,QC,45.384956,-70.863624,Province of Québec
centre de santé et de services sociaux du granit - point de service stornoway,Clinics and ambulatory care,Stornoway,QC,45.709006,-71.158564,Province of Québec
centre de santé et de services sociaux du granit - point de service stratford,Clinics and ambulatory care,Stratford,QC,45.7820757,-71.2827573,Province of Québec
centre de santé et de services sociaux du haut-saint-laurenté,Hospitals,Ormstown,QC,45.125986,-73.999198,Canadian Institute for Health Information
centre de santé et de services sociaux du haut-saint-maurice,Hospitals,La Tuque,QC,47.428718,-72.785252,Canadian Institute for Health Information
centre de santé et de services sociaux du lac-des-deux-montagnes,Hospitals,Saint-Eustache,QC,45.571968,-73.91278,Canadian Institute for Health Information
centre de santé et de services sociaux du nord de lanaudière,Hospitals,Saint-Charles-Borromée,QC,46.038254,-73.455634,Canadian Institute for Health Information
centre de santé et de services sociaux du pontiac,Hospitals,Mansfield-Et-Pontefract,QC,45.847461,-76.72971,Canadian Institute for Health Information
centre de santé et de services sociaux du sud de lanaudière,Hospitals,Terrebonne,QC,45.723398,-73.50802,Canadian Institute for Health Information
centre de santé et de services sociaux du sud-ouest-verdun,Hospitals,Montréal,QC,45.457226,-73.588928,Canadian Institute for Health Information
centre de santé et de services sociaux du suroit,Hospitals,Salaberry-De-Valleyfield,QC,45.248397,-74.128009,Canadian Institute for Health Information
centre de santé et de services sociaux haut-richelieu-rouville,Hospitals,Saint-Jean-Sur-Richelieu,QC,45.338156,-73.268434,Canadian Institute for Health Information
centre de santé et de services sociaux jardins-roussillon,Hospitals,Candiac,QC,45.398694,-73.527378,Canadian Institute for Health Information
centre de santé et de services sociaux la pommeraie,Hospitals,Cowansville,QC,45.207725,-72.713998,Canadian Institute for Health Information
centre de santé et de services sociaux les eskers de l'abitibi,Hospitals,Amos,QC,48.575022,-78.126198,Canadian Institute for Health Information
centre de santé et de services sociaux maria-chapdelaine,Hospitals,Dolbeau-Mistassini,QC,48.885691,-72.237996,Canadian Institute for Health Information
centre de santé et de services sociaux pierre-boucher,Hospitals,Longueuil,QC,45.535931,-73.45772,Canadian Institute for Health Information
centre de santé et de services sociaux richelieu-yamaska,Hospitals,Saint-Hyacinthe,QC,45.63489,-72.959523,Canadian Institute for Health Information
centre de santé et mieux-être collectif de mashteuiatsh,Clinics and ambulatory care,Mashteuiatsh,QC,48.57872915,-72.229915,Province of Québec
centre de santé isle-dieu,Hospitals,Matagami,QC,49.7561606,-77.6283355,Public Health Agency of Canada
centre de santé lebel,Hospitals,Lebel-Sur-Quévillon,QC,49.056137,-76.983285,Public Health Agency of Canada
centre de santé masko-siwin manawan,Clinics and ambulatory care,Manawan,QC,47.22457545,-74.39123076,Province of Québec
centre de santé med tremblant (privée),Clinics and ambulatory care,Mont-Tremblant,QC,46.122297,-74.5924,Province of Québec
centre de santé saint-pierre,Clinics and ambulatory care,Saint-Hyacinthe,QC,45.620192,-72.947685,Province of Québec
centre de santé sainte-famille,Hospitals,Ville-Marie,QC,47.3344119,-79.4458315,Public Health Agency of Canada
centre de santé tulattavik de l'ungava,Hospitals,Kuujjuaq,QC,58.106859,-68.405432,Public Health Agency of Canada
centre de santé vallée-de-la-gatineau,Hospitals,Maniwaki,QC,46.3910709,-75.978757,Public Health Agency of Canada
centre de services ambulatoires de laval,Clinics and ambulatory care,Laval,QC,45.552457,-73.746232,Province of Québec
centre de services ambulatoires de lévis,Hospitals,Lévis,QC,46.816019,-71.17478,Province of Québec
centre de services ambulatoires de saint-eustache (centre de prélèvements),Hospitals,Saint-Eustache,QC,45.560718,-73.930836,Province of Québec
centre de services ambulatoires de santé mentale papineau,Hospitals,Montréal,QC,45.568753,-73.653639,Province of Québec
centre de services ambulatoires de soins psychiatriques wellington,Hospitals,Montréal,QC,45.456301,-73.567427,Province of Québec
centre de services ambulatoires en pédiatrie de l'outaouais,Clinics and ambulatory care,Gatineau,QC,45.493267,-75.688731,Province of Québec
centre de services ambulatoires en pédopsychiatrie de lévis,Hospitals,Lévis,QC,46.813209,-71.173753,Province of Québec
centre de services ambulatoires en santé mentale de trois-rivières,Clinics and ambulatory care,Trois-Rivières,QC,46.344623,-72.55736,Province of Québec
centre de services ambulatoires en santé mentale et de réadaptation en dépendance de charlemagne (crd),Residential and long-term care,Charlemagne,QC,45.721168,-73.488873,Province of Québec
centre de services ambulatoires en santé mentale et de réadaptation en dépendance de joliette,Residential and long-term care,Joliette,QC,46.018794,-73.438096,Province of Québec
centre de services ambulatoires saint-jacques,Hospitals,Granby,QC,45.41072,-72.716764,Province of Québec
centre de services de bécancour,Residential and long-term care,Bécancour,QC,46.397289,-72.283556,Province of Québec
centre de services de la malbaie,Residential and long-term care,La Malbaie,QC,47.65414,-70.1494,Province of Québec
centre de services de louiseville,Residential and long-term care,Louiseville,QC,46.25509,-72.951981,Province of Québec
centre de services de nicolet,Residential and long-term care,Nicolet,QC,46.231324,-72.626506,Province of Québec
centre de services de rivière-rouge,Hospitals,Rivière-Rouge,QC,46.421215,-74.883419,Province of Québec
centre de services de réadaptation en dépendance de donnacona,Residential and long-term care,Donnacona,QC,46.68086,-71.7245,Province of Québec
centre de services de réadaptation en dépendance de la basse-ville,Residential and long-term care,Québec,QC,46.81259,-71.2303,Province of Québec
centre de services de réadaptation en dépendance de la malbaie,Residential and long-term care,La Malbaie,QC,47.65423,-70.1488,Province of Québec
centre de services de saint-tite,Residential and long-term care,Saint-Tite,QC,46.7291667,-72.557454,Province of Québec
centre de services de sainte-geneviève-de-batiscan,Residential and long-term care,Sainte-Geneviève-De-Batiscan,QC,46.542782,-72.344922,Province of Québec
centre de services en déficience intellectuelles et en troubles envahissants du développement garry-taylor,Residential and long-term care,Beaconsfield,QC,45.432873,-73.8625216,Province of Québec
centre de services en déficience physique,Residential and long-term care,Trois-Rivières,QC,46.364823,-72.504605,Province of Québec
centre de services en réadaptation beaubien,Residential and long-term care,Montréal,QC,45.5940286,-73.5597461,Province of Québec
centre de services externes de mont-joli (point de service mrc mitis),Residential and long-term care,Mont-Joli,QC,48.572511,-68.216251,Province of Québec
centre de services externes de trois-pistoles (point de service mrc des basques),Residential and long-term care,Trois-Pistoles,QC,48.1328999,-69.1605628,Province of Québec
centre de traitement le faubourg saint-jean,Residential and long-term care,Québec,QC,46.84583,-71.2214,Province of Québec
centre dollard-cormier (le),Residential and long-term care,Montréal,QC,45.554359,-73.6502367,Province of Québec
centre du flores / centre administratif,Residential and long-term care,Saint-Jérôme,QC,45.762282,-73.99409,Province of Québec
centre du florès / casis mont-laurier,Residential and long-term care,Mont-Laurier,QC,46.555154,-75.494996,Province of Québec
centre du florès / casis pays-d'en-haut,Residential and long-term care,Saint-Sauveur,QC,45.889321,-74.162892,Province of Québec
centre du florès / casis rivière-rouge,Residential and long-term care,Rivière-Rouge,QC,46.41470644,-74.87151984,Province of Québec
centre du florès / casis st-eustache,Residential and long-term care,Saint-Eustache,QC,45.576064,-73.861545,Province of Québec
centre du florès / jou-jou récup-r,Residential and long-term care,Saint-Eustache,QC,45.576064,-73.861545,Province of Québec
centre du florès / point de service argenteuil et casis argenteuil,Residential and long-term care,Lachute,QC,45.64511969,-74.32914269,Province of Québec
centre du florès / point de service deux-montagnes,Residential and long-term care,Deux-Montagnes,QC,45.544445,-73.906523,Province of Québec
"centre du florès / point de service marlyne, la p'tite girafe",Residential and long-term care,Mirabel,QC,45.695018,-73.924022,Province of Québec
centre du florès / point de service rivière du nord,Residential and long-term care,Saint-Jérôme,QC,45.76215,-73.99393,Province of Québec
"centre du florès / point de service, casis lafontaine",Residential and long-term care,Saint-Jérôme,QC,45.79757,-74.01031,Province of Québec
centre du florès / point de services mont-laurier,Residential and long-term care,Mont-Laurier,QC,46.55311537,-75.49591146,Province of Québec
centre du florès / point de services rivière-rouge,Residential and long-term care,Rivière-Rouge,QC,46.420745,-74.884495,Province of Québec
centre du florès / point de services sainte-agathe,Residential and long-term care,Sainte-Agathe-Des-Monts,QC,46.055065,-74.287355,Province of Québec
centre du florès/ point de service de thérèse-de blainville et casis rosemère,Residential and long-term care,Rosemère,QC,45.624731,-73.801114,Province of Québec
centre hospitalier affilié universitaire de québec,Hospitals,Québec,QC,46.836649,-71.225267,Canadian Institute for Health Information
centre hospitalier affilié universitaire régional - pavillon sainte-marie,Hospitals,Trois-Rivières,QC,46.35474,-72.562399,Province of Québec
centre hospitalier de l'université de montréal,Hospitals,Montréal,QC,45.514428,-73.578024,Canadian Institute for Health Information
centre hospitalier de l'université de montréal (chum),Hospitals,Montréal,QC,45.512218,-73.557819,Province of Québec
centre hospitalier de l'université laval,Hospitals,Québec City,QC,46.7686865,-71.28344242,Municipality of Québec
centre hospitalier de l'université laval (chul),Hospitals,Québec,QC,46.76885,-71.282303,Province of Québec
centre hospitalier de la sarre,Hospitals,La Sarre,QC,48.786468,-79.198581,Province of Québec
centre hospitalier de lanaudière,Hospitals,Saint-Charles-Borromée,QC,46.039293,-73.456685,Province of Québec
centre hospitalier de saint mary's,Hospitals,Montréal,QC,45.494847,-73.623936,Province of Québec
centre hospitalier de st. mary,Hospitals,Montréal,QC,45.494987,-73.623763,Canadian Institute for Health Information
centre hospitalier gatineau memorial,Hospitals,Wakefield,QC,45.6484041,-75.9324814,Public Health Agency of Canada
centre hospitalier hôtel-dieu-de-sorel,Hospitals,Sorel-Tracy,QC,46.046146,-73.096545,Province of Québec
centre hospitalier kateri-memorial tehsakotitsen : tha,Hospitals,Kahnawake,QC,45.415624,-73.682932,Province of Québec
centre hospitalier pierre-janet,Hospitals,Gatineau,QC,45.425276,-75.739988,Municipality of Gatineau
centre hospitalier robert-giffard,Hospitals,Québec City,QC,46.84793219,-71.22072592,Municipality of Québec
centre hospitalier régional de trois-rivières,Hospitals,Trois-Rivières,QC,46.34747,-72.545669,Canadian Institute for Health Information
centre hospitalier régional du grand-portage,Hospitals,Rivière-Du-Loup,QC,47.818403,-69.539886,Province of Québec
centre hospitalier universitaire de québec,Hospitals,Québec,QC,46.815324,-71.211388,Canadian Institute for Health Information
centre hospitalier universitaire de sherbrooke,Hospitals,Sherbrooke,QC,45.3998,-71.878126,Canadian Institute for Health Information
centre hospitalier universitaire sainte-justine,Hospitals,Montréal,QC,45.503269,-73.623964,Province of Québec
centre hospitalier universitaire sainte-justine (centre administratif),,Montréal,QC,45.503269,-73.623964,Province of Québec
centre hospitalier universitaire sainte-justine - centre circuit,Hospitals,Montréal,QC,45.501245,-73.62616,Province of Québec
centre hygie,Clinics and ambulatory care,Saint-Jean-Sur-Richelieu,QC,45.350472,-73.292533,Province of Québec
centre intervalle pontiac,Residential and long-term care,Mansfield-Et-Pontefract,QC,45.8489323,-76.7249039,Province of Québec
centre intégré de santé et de services sociaux de l'abitibi-témiscamingue,Residential and long-term care,Rouyn-Noranda,QC,48.228221,-79.018346,Province of Québec
centre intégré de santé et de services sociaux de la côte-nord,Clinics and ambulatory care,Baie-Comeau,QC,49.190213,-68.256515,Province of Québec
centre intégré de santé et de services sociaux des laurentides,Clinics and ambulatory care,Saint-Jérôme,QC,45.766291,-74.000526,Province of Québec
centre intégré universitaire de santé et services sociaux de la mauricie et du centre-du-québec - service dépendance plessisville,Residential and long-term care,Plessisville,QC,46.216115,-71.778268,Province of Québec
centre jean-patrice-chiasson (le) (crpat),Residential and long-term care,Sherbrooke,QC,45.39749075,-71.92226215,Province of Québec
"centre jeunesse de la montérégie (campus longueuil) (1251, rue beauregard)",Residential and long-term care,Longueuil,QC,45.51038,-73.487305,Province of Québec
"centre jeunesse de la montérégie (campus longueuil) (2010, rue limoges)",Residential and long-term care,Longueuil,QC,45.56978,-73.48055,Province of Québec
centre jeunesse de la montérégie (campus saint-hyacinthe),Residential and long-term care,Saint-Hyacinthe,QC,45.6409946,-72.9596594,Province of Québec
centre jeunesse de montréal - bureau centre,Residential and long-term care,Montréal,QC,45.5301523,-73.6008144,Province of Québec
centre l'arbre de la vie,Residential and long-term care,Lac-Mégantic,QC,45.571487,-70.86693,Province of Québec
centre l'entre-toît,Residential and long-term care,Montréal,QC,45.4648155,-73.6178916,Province of Québec
centre l'entre-toît point de service agnès,Residential and long-term care,Montréal,QC,45.4797328,-73.5888344,Province of Québec
centre l'envolée de granby,Residential and long-term care,Shefford,QC,45.398557,-72.662445,Province of Québec
centre le havre de trois-rivières inc.,Residential and long-term care,Trois-Rivières,QC,46.3422858,-72.558895,Province of Québec
centre maria-chapdelaine - ch de dolbeau-mistassini,Hospitals,Dolbeau-Mistassini,QC,48.8856914,-72.2381929,Public Health Agency of Canada
centre md privé saint-bruno,Clinics and ambulatory care,Saint-Bruno-De-Montarville,QC,45.525465,-73.342764,Province of Québec
centre miriam,Residential and long-term care,Mont-Royal,QC,45.4964904,-73.6638216,Province of Québec
centre miriam (centre administratif),Residential and long-term care,Mont-Royal,QC,45.4964904,-73.6638216,Province of Québec
centre mitissien de santé et de service communautaires,Residential and long-term care,Mont-Joli,QC,48.5722332,-68.2158241,Public Health Agency of Canada
centre multiservice gériatrique,Hospitals,Montréal,QC,45.5889192,-73.5306798,Province of Québec
centre multiservices de matane/point de service mrc de matane,Residential and long-term care,Matane,QC,48.845611,-67.52606,Province of Québec
centre multiservices de rawdon,Clinics and ambulatory care,Rawdon,QC,46.0412699,-73.7124625,Province of Québec
centre multiservices de rivière-du-loup,Residential and long-term care,Rivière-Du-Loup,QC,47.8325878,-69.5364422,Province of Québec
centre multiservices de saint-cyprien/centre de réadaptation en déficience intellectuelle du bas-saint-laurent,Residential and long-term care,Saint-Cyprien,QC,47.8929216,-69.0205773,Province of Québec
centre multiservices de santé et de serivces sociaux des basques,Hospitals,Trois-Pistoles,QC,48.1328999,-69.1605628,Province of Québec
centre multiservices de santé et de services sociaux avellin-dalcourt,Clinics and ambulatory care,Louiseville,QC,46.255155,-72.927923,Province of Québec
centre multiservices de santé et de services sociaux bécancour,Clinics and ambulatory care,Bécancour,QC,46.397406,-72.283085,Province of Québec
centre multiservices de santé et de services sociaux christ-roi,Hospitals,Nicolet,QC,46.231368,-72.626495,Province of Québec
centre multiservices de santé et de services sociaux claude-david (clsc programme jeunesse),Clinics and ambulatory care,Repentigny,QC,45.719088,-73.475302,Province of Québec
centre multiservices de santé et de services sociaux claude-david (clsc vaccination 0-5 ans),Clinics and ambulatory care,Repentigny,QC,45.719088,-73.475302,Province of Québec
centre multiservices de santé et de services sociaux cloutier,Clinics and ambulatory care,Trois-Rivières,QC,46.364994,-72.504241,Province of Québec
centre multiservices de santé et de services sociaux comtois,Clinics and ambulatory care,Louiseville,QC,46.255215,-72.950738,Province of Québec
centre multiservices de santé et de services sociaux d'argenteuil,Hospitals,Lachute,QC,45.661946,-74.352961,Province of Québec
centre multiservices de santé et de services sociaux de fermont,Hospitals,Fermont,QC,52.7974033,-67.0860139,Province of Québec
centre multiservices de santé et de services sociaux de forestville,Hospitals,Forestville,QC,48.7371185,-69.0753125,Province of Québec
centre multiservices de santé et de services sociaux de fortierville,Clinics and ambulatory care,Fortierville,QC,46.4868712,-72.0309989,Province of Québec
centre multiservices de santé et de services sociaux de granby,Residential and long-term care,Granby,QC,45.411127,-72.729373,Province of Québec
centre multiservices de santé et de services sociaux de la basse-cote-nord,Hospitals,Blanc-Sablon,QC,51.411918,-57.202932,Province of Québec
centre multiservices de santé et de services sociaux de la minganie,Hospitals,Havre-Saint-Pierre,QC,50.237881,-63.604722,Province of Québec
centre multiservices de santé et de services sociaux de la mitis,Clinics and ambulatory care,Mont-Joli,QC,48.572414,-68.216232,Province of Québec
centre multiservices de santé et de services sociaux de mont-laurier,Clinics and ambulatory care,Mont-Laurier,QC,46.5564866,-75.494754,Province of Québec
centre multiservices de santé et de services sociaux de port-cartier,Hospitals,Port-Cartier,QC,50.02379,-66.893874,Province of Québec
centre multiservices de santé et de services sociaux de saint-jean-de-matha (clsc de saint-jean-de-matha),Clinics and ambulatory care,Saint-Jean-De-Matha,QC,46.22398857,-73.52543053,Province of Québec
centre multiservices de santé et de services sociaux de sept-îles,Clinics and ambulatory care,Sept-Îles,QC,50.210522,-66.381766,Province of Québec
centre multiservices de santé et de services sociaux de shawinigan,Residential and long-term care,Shawinigan,QC,46.537627,-72.751499,Province of Québec
centre multiservices de santé et de services sociaux de témiscaming-kipawa,Hospitals,Témiscaming,QC,46.725666,-79.09401,Province of Québec
centre multiservices de santé et de services sociaux de témiscouata-sur-le-lac,Clinics and ambulatory care,Témiscouata-Sur-Le-Lac,QC,47.679475,-68.886824,Province of Québec
centre multiservices de santé et de services sociaux des escoumins,Hospitals,Les Escoumins,QC,48.3515871,-69.4070876,Province of Québec
centre multiservices de santé et de services sociaux du haut-saint-maurice,Hospitals,La Tuque,QC,47.428559,-72.78562,Province of Québec
centre multiservices de santé et de services sociaux du passage,Residential and long-term care,Trois-Rivières,QC,46.370456,-72.538522,Province of Québec
centre multiservices de santé et de services sociaux laflèche,Clinics and ambulatory care,Shawinigan,QC,46.605543,-72.705241,Province of Québec
centre multiservices de santé et de services sociaux saint-jean,Clinics and ambulatory care,Drummondville,QC,45.8762836,-72.4827952,Province of Québec
centre multiservices de santé et de services sociaux saint-joseph,Clinics and ambulatory care,Trois-Rivières,QC,46.347649,-72.545009,Province of Québec
centre médical alexandre,Clinics and ambulatory care,Brossard,QC,45.441099,-73.44216,Province of Québec
centre médical chambly latour,Clinics and ambulatory care,Longueuil,QC,45.502414,-73.416182,Province of Québec
centre médical champlain,Clinics and ambulatory care,Longueuil,QC,45.488234,-73.472908,Province of Québec
centre médical châteauguay,Clinics and ambulatory care,Châteauguay,QC,45.360072,-73.718687,Province of Québec
centre médical de chambord,Clinics and ambulatory care,Chambord,QC,48.432095,-72.071946,Province of Québec
centre médical de l'île perrot,Clinics and ambulatory care,Lîle-Perrot,QC,45.391235,-73.967978,Province of Québec
centre médical de montpellier,Clinics and ambulatory care,Montpellier,QC,45.854804,-75.165136,Province of Québec
centre médical de place brossard,Clinics and ambulatory care,Brossard,QC,45.47451,-73.443895,Province of Québec
centre médical des boulevards,Clinics and ambulatory care,Thetford Mines,QC,46.1101,-71.3014,Province of Québec
centre médical des cascades,Clinics and ambulatory care,Rawdon,QC,46.042422,-73.707275,Province of Québec
centre médical disraeli,Clinics and ambulatory care,Disraeli,QC,45.89859,-71.3606,Province of Québec
centre médical du lac,Clinics and ambulatory care,Roberval,QC,48.506378,-72.220925,Province of Québec
centre médical henri-bourassa,Clinics and ambulatory care,Québec,QC,46.850651,-71.244699,Province of Québec
centre médical orsainville,Clinics and ambulatory care,Québec,QC,46.879717,-71.285562,Province of Québec
centre médical plexus (privée),Clinics and ambulatory care,Saint-Sauveur,QC,45.898356,-74.148855,Province of Québec
centre médical racine (1ère avenue),Clinics and ambulatory care,Québec,QC,46.834865,-71.242036,Province of Québec
centre métropolitain de chirurgie plastique inc.,Hospitals,Montréal,QC,45.54543,-73.693126,Public Health Agency of Canada
centre normand (services externes - la sarre),Residential and long-term care,La Sarre,QC,48.78642,-79.198171,Province of Québec
centre normand (services externes - rouyn-noranda),Residential and long-term care,Rouyn-Noranda,QC,48.243375,-79.021006,Province of Québec
centre normand (services externes - senneterre),Residential and long-term care,Senneterre,QC,48.384631,-77.252892,Province of Québec
centre normand (services externes - temiscaming),Residential and long-term care,Témiscaming,QC,46.726476,-79.093002,Province of Québec
centre normand (services externes - val-d'or),Residential and long-term care,Val-Dor,QC,48.096363,-77.797128,Province of Québec
centre normand (services externes - ville-marie),Residential and long-term care,Ville-Marie,QC,47.333324,-79.44436,Province of Québec
centre nouveau regard,Residential and long-term care,Notre-Dame-De-Lourdes,QC,46.08330276,-73.46126521,Province of Québec
centre providence,Hospitals,Granby,QC,45.41072,-72.716764,Province of Québec
centre robert piché / elphège roussel (re ancien: mélaric),Residential and long-term care,Saint-André-Dargenteuil,QC,45.5653103,-74.3697642,Province of Québec
centre réadaptation alcoolisme et autres toxicomanies,Residential and long-term care,Coaticook,QC,45.134913,-71.811946,Province of Québec
centre régional de réadaptation la ressourse (135 saint-raymond),Residential and long-term care,Gatineau,QC,45.44551135,-75.74604177,Province of Québec
centre régional de réadaptation la ressourse (92 saint-raymond),Residential and long-term care,Gatineau,QC,45.447177,-75.742015,Province of Québec
centre régional de réadaptation la ressourse (petite-nation),Residential and long-term care,Saint-André-Avellin,QC,45.722391,-75.058394,Province of Québec
centre régional de réadaptation la ressourse (territoire du pontiac),Residential and long-term care,Mansfield-Et-Pontefract,QC,45.847977,-76.7299523,Province of Québec
centre régional de réadaptation la ressourse (territoire vallée-de-la-gatineau),Residential and long-term care,Maniwaki,QC,46.376472,-75.975829,Province of Québec
centre régional de réadaptation la ressourse (territoire vallée-de-la-lièvre),Residential and long-term care,Gatineau,QC,45.587725,-75.41222664,Province of Québec
centre régional de santé et de services sociaux de la baie-james,Hospitals,Chibougamau,QC,49.913434,-74.357902,Canadian Institute for Health Information
centre universitaire de santé mcgill,Hospitals,Montréal,QC,45.497253,-73.589099,Canadian Institute for Health Information
centre universitaire de santé mcgill (centre administratif),,Montréal,QC,45.497113,-73.58909,Province of Québec
centres bonséjour (les),Residential and long-term care,Sainte-Adèle,QC,45.940069,-74.119799,Province of Québec
centres de la jeunesse et de la famille batshaw (les),Residential and long-term care,Westmount,QC,45.4866012,-73.5848318,Province of Québec
centres résidentiels communautaires de l'outaouais (les),Residential and long-term care,Gatineau,QC,45.4916208,-75.70255095,Province of Québec
ch - chsld - clsc cléophas-claveau,Hospitals,La Baie,QC,48.337581,-70.879626,Public Health Agency of Canada
ch affilié universitaire de québec - hôpital de l'enfant-jésus - hôpital du saint-sacrement,Hospitals,Québec,QC,46.8366127,-71.2256926,Public Health Agency of Canada
ch affilié universitaire de québec - hôpital du saint-sacrement,Hospitals,Québec,QC,46.79939,-71.246124,Public Health Agency of Canada
ch champlain-beloeil,Residential and long-term care,Beloeil,QC,45.5658927,-73.2065199,Public Health Agency of Canada
ch d'amqui,Residential and long-term care,Amqui,QC,48.468969,-67.420262,Public Health Agency of Canada
ch d'asbestos,Hospitals,Asbestos,QC,45.7723268,-71.9289708,Public Health Agency of Canada
ch de chandler,Hospitals,Chandler,QC,48.3545421,-64.6714125,Public Health Agency of Canada
ch de coaticook,Residential and long-term care,Coaticook,QC,45.1343936,-71.8115133,Public Health Agency of Canada
ch de l'université de montréal (chum) - hôpital notre-dame,Hospitals,Montréal,QC,45.5261102,-73.5639003,Public Health Agency of Canada
ch de l'université de montréal (chum) - hôpital saint-luc,Hospitals,Montréal,QC,45.5123152,-73.5577136,Public Health Agency of Canada
ch de l'université de montréal (chum) - hôtel-dieu (siège social),Hospitals,Montréal,QC,45.5144073,-73.5779439,Public Health Agency of Canada
ch de la région de l'amiante,Hospitals,Thetford Mines,QC,46.1093008,-71.2784161,Public Health Agency of Canada
ch de matane,Hospitals,Matane,QC,48.8435554,-67.5243765,Public Health Agency of Canada
ch de metabetchouan - lac-a-la-croix et clsc secteur-sud,Hospitals,Métabetchouan,QC,48.4258029,-71.866405,Public Health Agency of Canada
ch de verdun,Hospitals,Verdun,QC,45.463976,-73.563448,Public Health Agency of Canada
ch des monts,Hospitals,Sainte-Anne-Des-Monts,QC,49.1191233,-66.484778,Public Health Agency of Canada
ch du cap-st-ignace,Hospitals,Cap-Saint-Ignace,QC,47.0399607,-70.4559785,Public Health Agency of Canada
ch du centre-de-la-mauricie,Hospitals,Shawinigan-Sud,QC,46.5257124,-72.7436707,Public Health Agency of Canada
ch du granit,Hospitals,Lac-Mégantic,QC,45.588749,-70.905799,Public Health Agency of Canada
ch et clsc de memphrémagog,Hospitals,Magog,QC,45.2652603,-72.1451048,Public Health Agency of Canada
ch honoré-mercier,Hospitals,Saint-Hyacinthe,QC,45.6346327,-72.9596629,Public Health Agency of Canada
ch jonquière,Hospitals,Jonquière,QC,48.412875,-71.235167,Public Health Agency of Canada
ch la sarre,Hospitals,La Sarre,QC,48.7864562,-79.1985773,Public Health Agency of Canada
ch laurentien,Hospitals,Sainte-Agathe-Des-Monts,QC,46.05511,-74.2887203,Public Health Agency of Canada
ch malartic inc.,Hospitals,Malartic,QC,48.141587,-78.128285,Public Health Agency of Canada
ch notre-dame du chemin inc.,Residential and long-term care,Québec,QC,46.8026923,-71.2358273,Public Health Agency of Canada
ch notre-dame-du-lac,Hospitals,Notre-Dame-Du-Lac,QC,47.612278,-68.799278,Public Health Agency of Canada
ch pierre-janet,Hospitals,Gatineau,QC,45.4248523,-75.7406789,Public Health Agency of Canada
ch pierre-le gardeur,Hospitals,Terrebonne,QC,45.7241542,-73.5104081,Public Health Agency of Canada
ch rouyn-noranda,Hospitals,Rouyn-Noranda,QC,48.2435816,-79.0194841,Public Health Agency of Canada
ch régional baie-comeau,Hospitals,Baie-Comeau,QC,49.190749,-68.2530015,Public Health Agency of Canada
ch régional de lanaudière,Hospitals,Saint-Charles-Borromée,QC,46.0382912,-73.4558574,Public Health Agency of Canada
ch régional de trois-rivières,Hospitals,Trois-Rivières,QC,46.34747,-72.545669,Public Health Agency of Canada
ch régional de trois-rivières - pavillon sainte-marie,Hospitals,Trois-Rivières,QC,46.3548746,-72.5619614,Public Health Agency of Canada
ch régional du grand-portage,Hospitals,Rivière-Du-Loup,QC,47.8184971,-69.5395468,Public Health Agency of Canada
ch régional du suroît,Hospitals,Salaberry-De-Valleyfield,QC,45.2506327,-74.1306366,Public Health Agency of Canada
ch saint-joseph de la tuque,Hospitals,La Tuque,QC,47.4284856,-72.7856203,Public Health Agency of Canada
ch st-francois inc.,Residential and long-term care,Québec,QC,46.827833,-71.236679,Public Health Agency of Canada
ch trois-pistoles,Residential and long-term care,Trois-Pistoles,QC,48.1331499,-69.1602336,Public Health Agency of Canada
ch universitaire de québec (chuq) (siège social) l'hôtel-dieu de québec,Hospitals,Québec,QC,46.8152117,-71.2107848,Public Health Agency of Canada
ch universitaire de québec (chuq) - hôpital saint-francois d'assise (chu),Hospitals,Québec,QC,46.827533,-71.236389,Public Health Agency of Canada
ch universitaire de québec - chul (chu),Hospitals,Québec,QC,46.7694731,-71.2827959,Public Health Agency of Canada
ch universitaire de sherbrooke (chus),Hospitals,Sherbrooke,QC,45.3985399,-71.87755,Public Health Agency of Canada
ch universitaire de sherbrooke - hôpital fleurimont,Hospitals,Fleurimont,QC,45.4474219,-71.8700561,Public Health Agency of Canada
champ d'eau,Residential and long-term care,Montréal,QC,45.606951,-73.5995092,Province of Québec
chaumière jeunesse de rawdon (auberges du coeur),Residential and long-term care,Rawdon,QC,46.05231449,-73.71736931,Province of Québec
chsld cardinal inc.,Residential and long-term care,Montréal,QC,45.6528725,-73.4898415,Public Health Agency of Canada
chsld judith-jasmin,Residential and long-term care,Montréal,QC,45.6064945,-73.5320494,Province of Québec
chsld paul-gilbert (centre multiservices de santé et de services sociaux paul-gilbert),Hospitals,Lévis,QC,46.72513675,-71.25915451,Province of Québec
chsld st-jude-de-laval ltée,Residential and long-term care,Laval,QC,45.5484225,-73.7693659,Public Health Agency of Canada
chu - sainte-justine,Hospitals,Montréal,QC,45.503005,-73.623688,Public Health Agency of Canada
chu de québec,Hospitals,Québec,QC,46.81523,-71.210797,Province of Québec
"cisss côte-nord, pavillon forestville",Hospitals,Forestville,QC,48.737311,-69.074271,Public Health Agency of Canada
cisss de l'abitibi-témiscamingue,Clinics and ambulatory care,Rouyn-Noranda,QC,48.243324,-79.020973,Province of Québec
cisss de l'outaouais (administration),Clinics and ambulatory care,Gatineau,QC,45.4801181,-75.72298116,Province of Québec
cisss de la gaspésie,Clinics and ambulatory care,Gaspé,QC,48.8130354,-64.4967751,Province of Québec
cisss de la montérégie-centre,Clinics and ambulatory care,Longueuil,QC,45.496911,-73.48579,Province of Québec
cisss de la montérégie-est,Clinics and ambulatory care,Saint-Hyacinthe,QC,45.634604,-72.959409,Province of Québec
cisss de la montérégie-ouest,Clinics and ambulatory care,Châteauguay,QC,45.34586,-73.763516,Province of Québec
cisss de lanaudière,Clinics and ambulatory care,Joliette,QC,46.01835,-73.441296,Province of Québec
cisss de laval,Clinics and ambulatory care,Laval,QC,45.603462,-73.710824,Province of Québec
cisss des îles,Clinics and ambulatory care,Québec,QC,47.3763,-61.867823,Province of Québec
cisss du bas-saint-laurent,Clinics and ambulatory care,Rimouski,QC,48.443365,-68.54059,Province of Québec
cisssat - centre de réadaptation - programme di-tsa et dp (ville-marie),Residential and long-term care,Ville-Marie,QC,47.331053,-79.440497,Province of Québec
cisssmo-crdi (bureau de brigham),Residential and long-term care,Brigham,QC,45.247113,-72.84528,Province of Québec
ciusss de l'est-de-l'île-de-montréal,Clinics and ambulatory care,Montréal,QC,45.574082,-73.559706,Province of Québec
ciusss de l'estrie - centre hospitalier universitaire de sherbrooke,Clinics and ambulatory care,Sherbrooke,QC,45.4047735,-71.91446872,Province of Québec
ciusss de l'ouest-de-l'île-de-montréal,Clinics and ambulatory care,Pointe-Claire,QC,45.448707,-73.833263,Province of Québec
ciusss de la capitale-nationale,Clinics and ambulatory care,Québec,QC,46.85673,-71.2198,Province of Québec
ciusss de la mauricie-et-du-centre-du-québec,Clinics and ambulatory care,Trois-Rivières,QC,46.342874,-72.536241,Province of Québec
ciusss du centre-ouest-de-l'île-de-montréal,Clinics and ambulatory care,Montréal,QC,45.497008,-73.630189,Province of Québec
ciusss du centre-sud-de-l'île-de-montréal,Clinics and ambulatory care,Montréal,QC,45.526378,-73.563682,Province of Québec
ciusss du nord-de-l'île-de-montréal,Clinics and ambulatory care,Montréal,QC,45.5477968,-73.68682135,Province of Québec
ciusss du saguenay–lac-saint-jean (siège social),Clinics and ambulatory care,Saguenay,QC,48.42493,-71.040039,Province of Québec
cj - secteur de réadaptation - unité la rade,Residential and long-term care,Gaspé,QC,48.813103,-64.494326,Province of Québec
cj - secteur de réadaptation - unité le rivage,Residential and long-term care,Gaspé,QC,48.813138,-64.494497,Province of Québec
"cjq-iu, centre de réadaptation l'escale",Residential and long-term care,Québec,QC,46.74141,-71.3604,Province of Québec
clef d'arc,Residential and long-term care,Montréal,QC,45.5929674,-73.6339029,Province of Québec
clinik med-evolution,Clinics and ambulatory care,Québec,QC,46.774207,-71.300584,Province of Québec
clinique 1900,Clinics and ambulatory care,Trois-Rivières,QC,46.356344,-72.587691,Province of Québec
clinique accueil santé de laval,Clinics and ambulatory care,Laval,QC,45.568219,-73.6967,Province of Québec
clinique centre-ville,Clinics and ambulatory care,Val-Dor,QC,48.103762,-77.790881,Province of Québec
clinique communautaire de pointe saint-charles (avenue ash),Clinics and ambulatory care,Montréal,QC,45.478388,-73.556781,Province of Québec
clinique communautaire de pointe saint-charles (centre administratif),Clinics and ambulatory care,Montréal,QC,45.478388,-73.556781,Province of Québec
clinique communautaire de pointe-saint-charles (rue du centre),Clinics and ambulatory care,Montréal,QC,45.48244,-73.563452,Province of Québec
clinique de medecine familiale docteur jacques theberge,Clinics and ambulatory care,Louiseville,QC,46.254922,-72.947187,Province of Québec
clinique de médecine du travail,Clinics and ambulatory care,Trois-Rivières,QC,46.337356,-72.582664,Province of Québec
clinique de médecine familiale de rimouski,Clinics and ambulatory care,Rimouski,QC,48.445131,-68.529981,Province of Québec
clinique de médecine familiale de saint-nazaire,Clinics and ambulatory care,Saint-Nazaire,QC,48.58801076,-71.55164924,Province of Québec
clinique de médecine familiale du versant,Clinics and ambulatory care,Gatineau,QC,45.493986,-75.688794,Province of Québec
clinique de médecine familiale paspébiac,Clinics and ambulatory care,Paspébiac,QC,48.0288,-65.25,Province of Québec
clinique de médecine familiale saint-joseph (ontario),Clinics and ambulatory care,Ottawa,QC,45.471176,-75.525783,Province of Québec
clinique de médecine intégrée et de psychologie de rimouski,Clinics and ambulatory care,Rimouski,QC,48.436867,-68.556374,Province of Québec
clinique de planification des naissances (hôpital saint-francois d'assise),Hospitals,Québec,QC,46.82757,-71.2363,Province of Québec
"clinique de planning, santé sexuelle et planification familiale",Hospitals,Sherbrooke,QC,45.38998535,-71.89649042,Province of Québec
clinique de santé m,Clinics and ambulatory care,Trois-Rivières,QC,46.353922,-72.616768,Province of Québec
clinique des femmes de l'outaouais,Clinics and ambulatory care,Gatineau,QC,45.435261,-75.732816,Province of Québec
clinique des jeunes du bassin de chambly,Clinics and ambulatory care,Chambly,QC,45.450599,-73.296917,Province of Québec
clinique des troubles anxieux,Hospitals,Montréal,QC,45.5889192,-73.5306798,Province of Québec
clinique des troubles psychotiques l'étape de l'institut douglas,Hospitals,Montréal,QC,45.439529,-73.581416,Province of Québec
clinique des troubles sexuels pour mineurs,Hospitals,Québec,QC,46.81259,-71.245856,Province of Québec
clinique docteure dufour maïtée,Clinics and ambulatory care,Repentigny,QC,45.713458,-73.475582,Province of Québec
clinique docteure julie gagnon,Clinics and ambulatory care,Prévost,QC,45.86264386,-74.07070429,Province of Québec
clinique docteure martine boucher et docteure denise latulippe,Clinics and ambulatory care,Québec,QC,46.850651,-71.244699,Province of Québec
clinique du docteur donald david,Clinics and ambulatory care,Chandler,QC,48.34906,-64.6639,Province of Québec
clinique du docteur gilles guillemette,Clinics and ambulatory care,Roberval,QC,48.509468,-72.233136,Province of Québec
clinique du dre nadeau,Clinics and ambulatory care,Québec,QC,46.770389,-71.289739,Province of Québec
clinique externe de psychiatrie (saint-eustache),Hospitals,Saint-Eustache,QC,45.568885,-73.887958,Province of Québec
clinique externe de psychiatrie (sainte-therese),Hospitals,Sainte-Thérèse,QC,45.638241,-73.841656,Province of Québec
clinique externe de pédopsychiatrie,Clinics and ambulatory care,Saint-Jérôme,QC,46.12225,-74.591639,Province of Québec
clinique familiale lac saint-charles,Clinics and ambulatory care,Québec,QC,46.903342,-71.367794,Province of Québec
clinique humanessence,Clinics and ambulatory care,Amos,QC,48.572576,-78.133722,Province of Québec
clinique i.d.,Clinics and ambulatory care,Saint-Jérôme,QC,45.766968,-74.000876,Province of Québec
clinique lahaise 400 - tah,Hospitals,Montréal,QC,45.588654,-73.52909,Province of Québec
clinique medic-ami,Clinics and ambulatory care,Rouyn-Noranda,QC,48.237965,-79.024961,Province of Québec
clinique medicale de mirabel (saint-janvier),Clinics and ambulatory care,Mirabel,QC,45.70347,-73.92687,Province of Québec
clinique medicale des laurentides,Clinics and ambulatory care,Saint-Jérôme,QC,45.800119,-74.010121,Province of Québec
clinique medicale sainte-marthe-sur-le-lac,Clinics and ambulatory care,Sainte-Marthe-Sur-Le-Lac,QC,45.52815065,-73.94192325,Province of Québec
clinique medicale ville-marie,Clinics and ambulatory care,Ville-Marie,QC,47.331567,-79.437862,Province of Québec
clinique mini-urgence chicoutimi,Clinics and ambulatory care,Saguenay,QC,48.427741,-71.065935,Province of Québec
clinique multidisciplinaire en santé de l'université du québec à trois-rivières,Clinics and ambulatory care,Trois-Rivières,QC,46.348603,-72.577754,Province of Québec
clinique médecine familiale hélène thibeault,Clinics and ambulatory care,Saint-Boniface,QC,46.504018,-72.827422,Province of Québec
clinique médicale 819 (gmf delta santé),Clinics and ambulatory care,Gatineau,QC,45.491206,-75.687479,Province of Québec
clinique médicale alpha,Clinics and ambulatory care,Québec,QC,46.856688,-71.422068,Province of Québec
clinique médicale ambulatoire drummondville (cmad) - site ajc,Clinics and ambulatory care,Drummondville,QC,45.880169,-72.479424,Province of Québec
clinique médicale andré ménard,Clinics and ambulatory care,Repentigny,QC,45.743336,-73.481189,Province of Québec
clinique médicale avenir md,Clinics and ambulatory care,Laval,QC,45.568081,-73.781434,Province of Québec
"clinique médicale beaudry, beauchemin et ferland",Clinics and ambulatory care,Trois-Rivières,QC,46.34060564,-72.54546044,Province of Québec
clinique médicale boisbriand,Clinics and ambulatory care,Boisbriand,QC,45.611866,-73.838737,Province of Québec
clinique médicale bourg-royal,Clinics and ambulatory care,Québec,QC,46.875778,-71.250819,Province of Québec
clinique médicale camille michaud (clinique de santé de st-paulin inc),Clinics and ambulatory care,Saint-Paulin,QC,46.4099714,-73.0154834,Province of Québec
clinique médicale carleton-sur-mer,Clinics and ambulatory care,Carleton-Sur-Mer,QC,48.10569,-66.1304,Province of Québec
clinique médicale caron,Clinics and ambulatory care,Saguenay,QC,48.4220947,-71.070717,Province of Québec
clinique médicale cathédrale,Clinics and ambulatory care,Rimouski,QC,48.4454129,-68.5195213,Province of Québec
clinique médicale chabanel,Clinics and ambulatory care,Saguenay,QC,48.406956,-71.052169,Province of Québec
clinique médicale clair matin,Clinics and ambulatory care,Saint-Eustache,QC,45.568695,-73.88417,Province of Québec
clinique médicale clavel et matton,Clinics and ambulatory care,Trois-Rivières,QC,46.34060564,-72.54546044,Province of Québec
clinique médicale d'urgence de l'outaouais,Clinics and ambulatory care,Gatineau,QC,45.4751033,-75.7049507,Province of Québec
clinique médicale de courcelles,Clinics and ambulatory care,Courcelles,QC,45.87779395,-70.98715817,Province of Québec
clinique médicale de franquelin,Clinics and ambulatory care,Franquelin,QC,49.292492,-67.902316,Province of Québec
clinique médicale de grand-mère,Clinics and ambulatory care,Shawinigan,QC,46.61153704,-72.69700151,Province of Québec
clinique médicale de l'anse,Clinics and ambulatory care,Lanse-Saint-Jean,QC,48.1971383,-70.2453125,Province of Québec
clinique médicale de l'université laval,Clinics and ambulatory care,Québec,QC,46.779118,-71.26922,Province of Québec
clinique médicale de l'étoile,Clinics and ambulatory care,Lépiphanie,QC,45.847639,-73.484714,Province of Québec
clinique médicale de papineauville (papineau),Clinics and ambulatory care,Papineauville,QC,45.61702025,-75.0193974,Province of Québec
clinique médicale de stoneham,Clinics and ambulatory care,Stoneham-Et-Tewkesbury,QC,47.00058,-71.370205,Province of Québec
clinique médicale de thetford,Clinics and ambulatory care,Thetford Mines,QC,46.1076,-71.2781,Province of Québec
clinique médicale denis busque,Clinics and ambulatory care,Shawinigan,QC,46.617636,-72.690926,Province of Québec
clinique médicale des appalaches,Clinics and ambulatory care,Thetford Mines,QC,46.10381,-71.2884,Province of Québec
clinique médicale des collines,Clinics and ambulatory care,La Pêche,QC,45.646979,-75.928594,Province of Québec
clinique médicale docteur andré rodrigue,Clinics and ambulatory care,Saint-Georges,QC,46.12364,-70.6761,Province of Québec
clinique médicale docteur bernard laplante (sept-îles),Clinics and ambulatory care,Sept-Îles,QC,50.211453,-66.396193,Province of Québec
clinique médicale docteur bruno roy,Clinics and ambulatory care,Beauceville,QC,46.20762,-70.7728,Province of Québec
clinique médicale docteur gilles samson,Clinics and ambulatory care,Thetford Mines,QC,46.05236,-71.3659,Province of Québec
clinique médicale docteur joncas (blanc-sablon),Clinics and ambulatory care,Blanc-Sablon,QC,51.412159,-57.204806,Province of Québec
clinique médicale docteur marc fortin,Clinics and ambulatory care,Saguenay,QC,48.414023,-71.232027,Province of Québec
clinique médicale docteur robert larocque,Clinics and ambulatory care,Sainte-Agathe-Des-Monts,QC,46.052826,-74.286975,Province of Québec
clinique médicale docteure louise dufresne (l. dufresne),Clinics and ambulatory care,Saint-Sauveur,QC,45.896973,-74.157789,Province of Québec
clinique médicale docteure renée roussel,Clinics and ambulatory care,Saint-Pascal,QC,47.5255496,-69.8145023,Province of Québec
clinique médicale docteure sophie mazur,Clinics and ambulatory care,Rawdon,QC,46.042422,-73.707275,Province of Québec
clinique médicale docteure valérie garneau,Clinics and ambulatory care,Trois-Rivières,QC,46.368275,-72.522005,Province of Québec
clinique médicale dr charest,Clinics and ambulatory care,Québec,QC,46.87325,-71.180223,Province of Québec
clinique médicale dr joël girardin,Clinics and ambulatory care,Saint-Jérôme,QC,45.776738,-73.996978,Province of Québec
clinique médicale dre suzanne landry,Clinics and ambulatory care,Saint-Charles-Borromée,QC,46.050056,-73.465469,Province of Québec
clinique médicale du 5e rang,Clinics and ambulatory care,Saint-Ambroise-De-Kildare,QC,46.07246759,-73.56058305,Province of Québec
clinique médicale du carrefour (thetford mines),Clinics and ambulatory care,Thetford Mines,QC,46.11258,-71.3016,Province of Québec
clinique médicale du docteur côté (sacré-coeur),Clinics and ambulatory care,Sacré-Coeur,QC,48.2298863,-69.7983129,Province of Québec
clinique médicale du dr parent (pour jeunes et enfants),Clinics and ambulatory care,Québec,QC,47.3743,-61.8746,Province of Québec
clinique médicale du havre,Clinics and ambulatory care,Saint-Charles-Borromée,QC,46.047247,-73.452261,Province of Québec
clinique médicale du patrimoine,Clinics and ambulatory care,Matane,QC,48.8459202,-67.5317578,Province of Québec
clinique médicale du vieux terrebonne,Clinics and ambulatory care,Terrebonne,QC,45.6926896,-73.63682424,Province of Québec
clinique médicale duvernay,Clinics and ambulatory care,Laval,QC,45.593908,-73.663726,Province of Québec
clinique médicale eric chaize,Clinics and ambulatory care,Rouyn-Noranda,QC,48.239681,-79.019522,Province of Québec
clinique médicale evm,Clinics and ambulatory care,Ottawa,QC,45.41675,-75.702743,Province of Québec
clinique médicale excelle md,Clinics and ambulatory care,Terrebonne,QC,45.722752,-73.68669,Province of Québec
clinique médicale gamelin,Clinics and ambulatory care,Gatineau,QC,45.494613,-75.689097,Province of Québec
clinique médicale gilles montminy,Clinics and ambulatory care,Drummondville,QC,45.840919,-72.435728,Province of Québec
clinique médicale guy dumont,Clinics and ambulatory care,Pont-Rouge,QC,46.755201,-71.699496,Province of Québec
clinique médicale harnois,Clinics and ambulatory care,Joliette,QC,46.023794,-73.441987,Province of Québec
clinique médicale jean xxiii inc. (centre-ville),Clinics and ambulatory care,Trois-Rivières,QC,46.34060564,-72.54546044,Province of Québec
clinique médicale kare,Clinics and ambulatory care,Laval,QC,45.537677,-73.759667,Province of Québec
clinique médicale l'accès,Clinics and ambulatory care,Drummondville,QC,45.85671,-72.465455,Province of Québec
clinique médicale la grande-allée,Clinics and ambulatory care,Grande-Rivière,QC,48.39804,-64.4865,Province of Québec
clinique médicale lacroix (saint-jean-chrysostome),Clinics and ambulatory care,Lévis,QC,46.72536,-71.2036,Province of Québec
clinique médicale landry,Clinics and ambulatory care,Matane,QC,48.848245,-67.541249,Province of Québec
clinique médicale le val brise (bureau du docteure chantal valois),Clinics and ambulatory care,Saint-Adolphe-D'Howard,QC,45.971797,-74.339766,Province of Québec
clinique médicale legendre,Clinics and ambulatory care,Québec,QC,46.77794,-71.356543,Province of Québec
clinique médicale lydia monette inc. (privée),Clinics and ambulatory care,Saint-Jérôme,QC,45.339199,-74.013758,Province of Québec
clinique médicale lyster,Clinics and ambulatory care,Lyster,QC,46.3713524,-71.6121761,Province of Québec
clinique médicale marcel dumont (lyster),Clinics and ambulatory care,Lyster,QC,46.3713524,-71.6121761,Province of Québec
clinique médicale marcel dumont (plessisville),Clinics and ambulatory care,Plessisville,QC,46.220507,-71.771113,Province of Québec
clinique médicale marcel déziel,Clinics and ambulatory care,Trois-Rivières,QC,46.34060564,-72.54546044,Province of Québec
clinique médicale marie-de-l'incarnation,Clinics and ambulatory care,Québec,QC,46.814306,-71.251415,Province of Québec
clinique médicale md centropolis,Clinics and ambulatory care,Laval,QC,45.561167,-73.747722,Province of Québec
clinique médicale medicym (privée),Clinics and ambulatory care,Blainville,QC,45.671398,-73.875629,Province of Québec
clinique médicale medillys,Clinics and ambulatory care,Blainville,QC,45.677585,-73.887588,Province of Québec
clinique médicale medinord (privée),Clinics and ambulatory care,Piedmont,QC,45.892749,-74.154723,Province of Québec
clinique médicale mont-sainte-anne,Clinics and ambulatory care,Beaupré,QC,47.040786,-70.896475,Province of Québec
clinique médicale montfort,Clinics and ambulatory care,Saguenay,QC,48.414899,-71.23735,Province of Québec
clinique médicale médi-centre,Clinics and ambulatory care,Trois-Rivières,QC,46.361879,-72.592727,Province of Québec
clinique médicale pierre tremblay,Clinics and ambulatory care,Saint-Gabriel-De-Brandon,QC,46.284703,-73.364564,Province of Québec
clinique médicale pohénégamook,Clinics and ambulatory care,Pohénégamook,QC,47.4876041,-69.2802742,Province of Québec
clinique médicale pointe-lévy,Clinics and ambulatory care,Lévis,QC,46.80726,-71.1641,Province of Québec
clinique médicale privée accès md,Clinics and ambulatory care,Saint-Charles-Borromée,QC,46.043366,-73.448134,Province of Québec
clinique médicale privée des mille-îles,Clinics and ambulatory care,Boisbriand,QC,45.612578,-73.826113,Province of Québec
clinique médicale privée humani,Clinics and ambulatory care,Rosemère,QC,45.627555,-73.820652,Province of Québec
clinique médicale privée leblanc + savaria,Clinics and ambulatory care,Blainville,QC,45.656015,-73.800471,Province of Québec
clinique médicale privée opti-soins,Clinics and ambulatory care,Saguenay,QC,48.402457,-71.169876,Province of Québec
clinique médicale privée optionmd,Clinics and ambulatory care,Victoriaville,QC,46.063875,-71.937417,Province of Québec
clinique médicale privée xo2 inc,Clinics and ambulatory care,Trois-Rivières,QC,46.317616,-72.573837,Province of Québec
clinique médicale privée.net,Clinics and ambulatory care,Saint-Jérôme,QC,45.795104,-74.030459,Province of Québec
clinique médicale riel,Clinics and ambulatory care,Gatineau,QC,45.464962,-75.772351,Province of Québec
clinique médicale rose-des-vents,Clinics and ambulatory care,Laval,QC,45.591143,-73.815071,Province of Québec
clinique médicale réjean alarie,Clinics and ambulatory care,Trois-Rivières,QC,46.368171,-72.522402,Province of Québec
clinique médicale saint-agapit,Clinics and ambulatory care,Saint-Agapit,QC,46.56162,-71.4327,Province of Québec
clinique médicale saint-alphonse,Clinics and ambulatory care,Saint-Alphonse-Rodriguez,QC,46.1853769,-73.69254196,Province of Québec
clinique médicale saint-apollinaire,Clinics and ambulatory care,Saint-Apollinaire,QC,46.61313,-71.5083,Province of Québec
clinique médicale saint-augustin,Clinics and ambulatory care,Saint-Augustin-De-Desmaures,QC,46.743702,-71.459462,Province of Québec
clinique médicale saint-benoît,Clinics and ambulatory care,Saint-Benoît-Labre,QC,46.08423,-70.77,Province of Québec
clinique médicale saint-gabriel,Clinics and ambulatory care,Saint-Gabriel,QC,46.292247,-73.38248,Province of Québec
clinique médicale saint-honoré,Clinics and ambulatory care,Saint-Honoré-De-Témiscouata,QC,47.706642,-69.134593,Province of Québec
clinique médicale saint-ludger,Clinics and ambulatory care,Rivière-Du-Loup,QC,47.822903,-69.519631,Province of Québec
clinique médicale saint-martin,Clinics and ambulatory care,Saint-Martin,QC,45.95837,-70.6615,Province of Québec
clinique médicale sainte-adèle,Clinics and ambulatory care,Sainte-Adèle,QC,45.776716,-73.997181,Province of Québec
clinique médicale sainte-anne-des-plaines,Clinics and ambulatory care,Sainte-Anne-Des-Plaines,QC,45.766378,-73.813118,Province of Québec
clinique médicale sainte-geneviève,Clinics and ambulatory care,Saguenay,QC,48.451726,-71.09461,Province of Québec
clinique médicale thibault et beaudoin,Clinics and ambulatory care,Trois-Rivières,QC,46.368201,-72.522509,Province of Québec
clinique médicale tremblay (forestville),Clinics and ambulatory care,Forestville,QC,48.7386192,-69.07828184,Province of Québec
clinique médicale élysée,Clinics and ambulatory care,Saguenay,QC,48.409206,-71.05707,Province of Québec
clinique os'céans,Clinics and ambulatory care,Baie-Comeau,QC,49.22081,-68.1521,Province of Québec
clinique pedopsychiatrique de saint-eustache,Hospitals,Saint-Eustache,QC,45.568912,-73.887756,Province of Québec
clinique privée dr jean desaulniers,Clinics and ambulatory care,Trois-Rivières,QC,46.33886,-72.546183,Province of Québec
clinique roy-rosseau,,Beauport,QC,46.8452061,-71.2179217,Public Health Agency of Canada
clinique sainte-anne-des-monts,Clinics and ambulatory care,Sainte-Anne-Des-Monts,QC,49.12536,-66.4862,Province of Québec
clinique santé nouveau monde,Clinics and ambulatory care,Piedmont,QC,45.8875167,-74.103134,Province of Québec
clinique universitaire de médecine de famille de saint-jérôme (cumf de saint-jérôme),Hospitals,Saint-Jérôme,QC,45.793325,-74.009201,Province of Québec
cliniques de l'hôtel-dieu (chum),Hospitals,Montréal,QC,45.514528,-73.577976,Province of Québec
cliniques médicales lacroix (cap-rouge),Clinics and ambulatory care,Québec,QC,46.763642,-71.370074,Province of Québec
cliniques médicales lacroix (centre médical berger - centre administratif),Clinics and ambulatory care,Québec,QC,46.799484,-71.244337,Province of Québec
cliniques médicales lacroix (lac-beauport),Clinics and ambulatory care,Québec,QC,46.930458,-71.315072,Province of Québec
clsc (maison de naissance de l'outaouais),Clinics and ambulatory care,Gatineau,QC,45.478956,-75.722682,Province of Québec
clsc - centre d'hébergement de valcourt (clsc),Clinics and ambulatory care,Valcourt,QC,45.492263,-72.318954,Province of Québec
clsc - chsld haute-ville-des-rivières - hôtel-dieu du sacré-coeur de jésus de québec,Clinics and ambulatory care,Québec,QC,46.8122302,-71.2454836,Public Health Agency of Canada
clsc - urgence mineure - centre d'hébergement de windsor (clsc),Clinics and ambulatory care,Windsor,QC,45.570849,-72.004628,Province of Québec
clsc - urgence mineure - centre d'hébergement de windsor (um),Clinics and ambulatory care,Windsor,QC,45.570849,-72.004628,Province of Québec
clsc camirand (50),Clinics and ambulatory care,Sherbrooke,QC,45.39855552,-71.89435337,Province of Québec
clsc cap-aux-meules,Clinics and ambulatory care,Québec,QC,47.37646,-61.867716,Province of Québec
clsc centre d'hébergement de charny,Residential and long-term care,Charny,QC,46.7244239,-71.2584421,Public Health Agency of Canada
clsc châteauguay,Clinics and ambulatory care,Châteauguay,QC,45.358091,-73.736017,Province of Québec
clsc corinne-vallée-therrien,Clinics and ambulatory care,Baie-Trinité,QC,49.419881,-67.302253,Province of Québec
clsc d'adstock,Clinics and ambulatory care,Adstock,QC,46.0457438,-71.0791195,Province of Québec
clsc d'ahuntsic,Clinics and ambulatory care,Montréal,QC,45.560768,-73.665961,Province of Québec
clsc d'alma,Clinics and ambulatory care,Alma,QC,48.550427,-71.653466,Province of Québec
clsc d'amos,Clinics and ambulatory care,Amos,QC,48.573734,-78.11804,Province of Québec
clsc d'amqui,Clinics and ambulatory care,Amqui,QC,48.468897,-67.420227,Province of Québec
clsc d'argenteuil (centre multiservices de santé et de services sociaux d'argenteuil,Clinics and ambulatory care,Lachute,QC,45.663015,-74.351815,Province of Québec
clsc d'armagh (prélèvements),Clinics and ambulatory care,Armagh,QC,46.7434713,-70.5895195,Province of Québec
clsc d'arthabaska,Clinics and ambulatory care,Victoriaville,QC,46.039318,-71.915513,Province of Québec
clsc d'east angus,Clinics and ambulatory care,East Angus,QC,45.489142,-71.652938,Province of Québec
clsc d'east broughton,Clinics and ambulatory care,East Broughton,QC,46.229324,-71.081581,Province of Québec
clsc d'otter lake,Clinics and ambulatory care,Otter Lake,QC,45.84553314,-76.43284297,Province of Québec
clsc de baie-des-sables,Clinics and ambulatory care,Baie-Des-Sables,QC,48.720873,-67.893888,Province of Québec
clsc de baie-johan-beetz,Clinics and ambulatory care,Baie-Johan-Beetz,QC,50.2840529,-62.8125263,Province of Québec
clsc de baie-saint-paul,Clinics and ambulatory care,Baie-Saint-Paul,QC,47.44183,-70.507,Province of Québec
clsc de baie-sainte-catherine,Clinics and ambulatory care,Baie-Sainte-Catherine,QC,48.10338,-69.725,Province of Québec
clsc de bassin,Clinics and ambulatory care,Les Îles-De-La-Madeleine,QC,47.22181,-61.935714,Province of Québec
clsc de beauharnois,Clinics and ambulatory care,Beauharnois,QC,45.314934,-73.876661,Province of Québec
clsc de benny farm,Clinics and ambulatory care,Montréal,QC,45.465392,-73.6317598,Province of Québec
clsc de berthierville,Clinics and ambulatory care,Berthierville,QC,46.0854837,-73.1832574,Province of Québec
clsc de blanc-sablon (dentisterie),Clinics and ambulatory care,Blanc-Sablon,QC,51.412376,-57.203713,Province of Québec
clsc de bordeaux-cartierville,Clinics and ambulatory care,Montréal,QC,45.541034,-73.689748,Province of Québec
clsc de bromont,Clinics and ambulatory care,Bromont,QC,45.323288,-72.646547,Province of Québec
clsc de cantley,Clinics and ambulatory care,Cantley,QC,45.56832517,-75.78235252,Province of Québec
clsc de cap-chat,Clinics and ambulatory care,Cap-Chat,QC,49.097413,-66.687345,Province of Québec
clsc de caplan,Clinics and ambulatory care,Caplan,QC,48.10532428,-65.69367984,Province of Québec
clsc de causapscal,Clinics and ambulatory care,Causapscal,QC,48.370299,-67.238726,Province of Québec
clsc de chandler,Clinics and ambulatory care,Chandler,QC,48.353901,-64.670963,Province of Québec
clsc de chapeau,Clinics and ambulatory care,Lîsle-Aux-Allumettes,QC,45.9103446,-77.07294316,Province of Québec
clsc de chelsea,Clinics and ambulatory care,Chelsea,QC,45.50525799,-75.78370891,Province of Québec
clsc de chertsey,Clinics and ambulatory care,Chertsey,QC,46.0727631,-73.8893649,Province of Québec
clsc de chertsey - unité mobile de prélèvements (rawdon),Clinics and ambulatory care,Rawdon,QC,46.0412699,-73.7124625,Province of Québec
clsc de chertsey - unité mobile de prélèvements (saint-alphonse-rodriguez),Clinics and ambulatory care,Saint-Alphonse-Rodriguez,QC,46.18832765,-73.6933174,Province of Québec
clsc de chertsey - unité mobile de prélèvements (saint-côme),Clinics and ambulatory care,Saint-Côme,QC,46.2696039,-73.7726967,Province of Québec
clsc de chicoutimi,Clinics and ambulatory care,Saguenay,QC,48.22815,-71.056208,Province of Québec
clsc de chicoutimi-nord,Clinics and ambulatory care,Saguenay,QC,48.439152,-71.062326,Province of Québec
clsc de cookshire,Clinics and ambulatory care,Cookshire-Eaton,QC,45.4197763,-71.6313698,Province of Québec
clsc de coteau-du-lac point de service,Clinics and ambulatory care,Coteau-Du-Lac,QC,45.2915781,-74.1749064,Province of Québec
clsc de cowansville-du-sud,Clinics and ambulatory care,Cowansville,QC,45.20863241,-72.76398161,Province of Québec
clsc de cowansville-larouche,Clinics and ambulatory care,Cowansville,QC,45.204639,-72.709916,Province of Québec
clsc de côte-des-neiges,Clinics and ambulatory care,Montréal,QC,45.4982107,-73.6272654,Province of Québec
clsc de côte-des-neiges (outremont),Clinics and ambulatory care,Montréal,QC,45.52176909,-73.61389861,Province of Québec
clsc de côte-des-neiges (programme régional d'accueil et d'intégration des demandeurs d'asile),Clinics and ambulatory care,Montréal,QC,45.51909,-73.57106,Province of Québec
clsc de disraeli,Clinics and ambulatory care,Disraeli,QC,45.8992826,-71.3545646,Province of Québec
clsc de donnacona,Clinics and ambulatory care,Donnacona,QC,46.68064,-71.7239,Province of Québec
clsc de dorval-lachine,Clinics and ambulatory care,Montréal,QC,45.433514,-73.681186,Province of Québec
clsc de dégelis,Clinics and ambulatory care,Dégelis,QC,47.548214,-68.642616,Province of Québec
clsc de farnham,Clinics and ambulatory care,Farnham,QC,45.285705,-72.973338,Province of Québec
clsc de franquelin,Clinics and ambulatory care,Franquelin,QC,49.292492,-67.902316,Province of Québec
clsc de gallichan,Clinics and ambulatory care,Gallichan,QC,48.602483,-79.298583,Province of Québec
clsc de gascons,Clinics and ambulatory care,Port-Daniel Gascons,QC,48.193029,-64.865127,Province of Québec
clsc de gaspé,Clinics and ambulatory care,Gaspé,QC,48.813292,-64.494905,Province of Québec
clsc de gatineau (clinique de santé mentale pour adultes),Clinics and ambulatory care,Gatineau,QC,45.427007,-75.722015,Province of Québec
clsc de gatineau (de la gappe),Clinics and ambulatory care,Gatineau,QC,45.483264,-75.685793,Province of Québec
clsc de gatineau (leguerrier),Clinics and ambulatory care,Gatineau,QC,45.399322,-75.836089,Province of Québec
clsc de gatineau (saint-rédempteur),Clinics and ambulatory care,Gatineau,QC,45.4274757,-75.7215993,Province of Québec
clsc de godbout,Clinics and ambulatory care,Godbout,QC,49.319646,-67.59981,Province of Québec
clsc de gracefield,Clinics and ambulatory care,Gracefield,QC,46.09178,-76.052031,Province of Québec
clsc de grande-vallée,Clinics and ambulatory care,Grande-Vallée,QC,49.227013,-65.104572,Province of Québec
clsc de henryville,Clinics and ambulatory care,Henryville,QC,45.13924609,-73.1921198,Province of Québec
clsc de hochelaga-maisonneuve,Clinics and ambulatory care,Montréal,QC,45.5514008,-73.54099844,Province of Québec
clsc de joliette,Clinics and ambulatory care,Joliette,QC,46.019008,-73.436922,Province of Québec
clsc de jonquière,Clinics and ambulatory care,Saguenay,QC,48.411919,-71.237603,Province of Québec
clsc de kegaska,Clinics and ambulatory care,Côte-Nord-Du-Golfe-Du-Saint-Laurent Kegaska,QC,50.189597,-61.274913,Province of Québec
clsc de l'ancienne-lorette,Clinics and ambulatory care,Lancienne-Lorette,QC,46.79785,-71.352,Province of Québec
clsc de l'ascension-de-notre-seigneur,Clinics and ambulatory care,Lascension-De-Notre-Seigneur,QC,48.692186,-71.673024,Province of Québec
clsc de l'est,Clinics and ambulatory care,Grosse-Île,QC,47.571205,-61.478939,Province of Québec
clsc de l'est-de-montréal,Clinics and ambulatory care,Montréal,QC,45.6664093,-73.4934196,Province of Québec
clsc de l'isle-verte,Clinics and ambulatory care,Lisle-Verte,QC,48.014708,-69.336784,Province of Québec
clsc de l'ouest de l'île,Clinics and ambulatory care,Laval,QC,45.561936,-73.835829,Province of Québec
clsc de l'érable,Clinics and ambulatory care,Plessisville,QC,46.216578,-71.776179,Province of Québec
clsc de l'îsle-aux-coudres,Clinics and ambulatory care,Lisle-Aux-Coudres,QC,47.421,-70.3826,Province of Québec
clsc de la basse-ville,Clinics and ambulatory care,Québec,QC,46.81245,-71.2304,Province of Québec
clsc de la guadeloupe,Clinics and ambulatory care,La Guadeloupe,QC,45.9637355,-70.9424189,Province of Québec
clsc de la haute-ville,Clinics and ambulatory care,Québec,QC,46.80615,-71.2279,Province of Québec
clsc de la haute-ville - édifice courchesne,Clinics and ambulatory care,Québec,QC,46.80349,-71.2333,Province of Québec
clsc de la jacques-cartier (loretteville),Clinics and ambulatory care,Québec,QC,46.85376,-71.371,Province of Québec
clsc de la jacques-cartier (sainte-catherine-de-la-jacques-cartier ),Clinics and ambulatory care,Sainte-Catherine-De-La-Jacques-Cartier,QC,46.83964,-71.6088,Province of Québec
clsc de la malbaie,Clinics and ambulatory care,La Malbaie,QC,47.65302,-70.1492,Province of Québec
clsc de la mrc-d'acton,Clinics and ambulatory care,Acton Vale,QC,45.6495747,-72.5707108,Province of Québec
clsc de la patrie,Clinics and ambulatory care,La Patrie,QC,45.399884,-71.2515718,Province of Québec
clsc de la petite-patrie,Clinics and ambulatory care,Montréal,QC,45.5346608,-73.60532725,Province of Québec
clsc de la pinière - centre de prélèvements,Clinics and ambulatory care,Terrebonne,QC,45.722775,-73.68669,Province of Québec
clsc de la pocatiere,Clinics and ambulatory care,La Pocatière,QC,47.371721,-70.026336,Province of Québec
clsc de la sarre,Clinics and ambulatory care,La Sarre,QC,48.786332,-79.198354,Province of Québec
clsc de la tabatiere,Clinics and ambulatory care,La Tabatière Gros-Mécatina,QC,50.8074393,-58.9897131,Province of Québec
clsc de la vallée-des-forts,Clinics and ambulatory care,Saint-Jean-Sur-Richelieu,QC,45.3357229,-73.2696392,Province of Québec
clsc de la visitation,Clinics and ambulatory care,Montréal,QC,45.521038,-73.558939,Province of Québec
clsc de labelle,Clinics and ambulatory care,Labelle,QC,46.278724,-74.734716,Province of Québec
clsc de lac-brome,Clinics and ambulatory care,Lac-Brome,QC,45.2177526,-72.52972681,Province of Québec
clsc de lac-des-aigles,Clinics and ambulatory care,Lac-Des-Aigles,QC,47.988418,-68.676682,Province of Québec
clsc de lasalle,Clinics and ambulatory care,Montréal,QC,45.43144888,-73.63193368,Province of Québec
clsc de laurier-station (clsc et centre de services externes pour les aînés de laurier-station),Clinics and ambulatory care,Laurier-Station,QC,46.5398817,-71.6305578,Province of Québec
clsc de lavaltrie,Clinics and ambulatory care,Lavaltrie,QC,45.885098,-73.276206,Province of Québec
clsc de les hauteurs,Clinics and ambulatory care,Les Hauteurs,QC,48.377173,-68.11121,Province of Québec
clsc de limoilou,Clinics and ambulatory care,Québec,QC,46.83649,-71.2237,Province of Québec
clsc de longue-pointe-de mingan,Clinics and ambulatory care,Longue-Pointe-De-Mingan,QC,50.266485,-64.146462,Province of Québec
clsc de longueuil-ouest,Clinics and ambulatory care,Longueuil,QC,45.531744,-73.469648,Province of Québec
clsc de low,Clinics and ambulatory care,Low,QC,45.809192,-75.94968,Province of Québec
clsc de maniwaki,Clinics and ambulatory care,Maniwaki,QC,46.383966,-75.984613,Province of Québec
clsc de mansfield-et-pontefract (fort-coulonge),Clinics and ambulatory care,Mansfield-Et-Pontefract,QC,45.847977,-76.7299523,Province of Québec
clsc de marsoui,Clinics and ambulatory care,Marsoui,QC,49.214856,-66.067551,Province of Québec
clsc de masham (la pêche),Clinics and ambulatory care,La Pêche,QC,45.64100486,-76.03850627,Province of Québec
clsc de matane,Clinics and ambulatory care,Matane,QC,48.845808,-67.529984,Province of Québec
clsc de matane (les méchins),Clinics and ambulatory care,Les Méchins,QC,49.000604,-66.979874,Province of Québec
clsc de mercier-est,Clinics and ambulatory care,Montréal,QC,45.6117513,-73.5270569,Province of Québec
clsc de mont-tremblant,Clinics and ambulatory care,Mont-Tremblant,QC,46.1153456,-74.595405,Province of Québec
clsc de montréal-nord,Clinics and ambulatory care,Montréal,QC,45.607046,-73.620058,Province of Québec
clsc de murdochville,Clinics and ambulatory care,Murdochville,QC,48.961394,-65.493858,Province of Québec
clsc de mutton bay,Clinics and ambulatory care,Mutton Bay Gros-Mécatina,QC,50.830399,-58.961293,Province of Québec
clsc de métabetchouan-lac-à-la-croix,Clinics and ambulatory care,Métabetchouan Lac-À-La-Croix,QC,48.425961,-71.86624,Province of Québec
clsc de natashquan,Clinics and ambulatory care,Natashquan,QC,50.185519,-61.820916,Province of Québec
clsc de notre-dame-des-sept-douleurs,Clinics and ambulatory care,Notre-Dame-Des-Sept-Douleurs,QC,48.022342,-69.435757,Province of Québec
clsc de notre-dame-du-laus,Clinics and ambulatory care,Notre-Dame-Du-Laus,QC,46.0902915,-75.6211625,Province of Québec
clsc de parc-extension,Clinics and ambulatory care,Montréal,QC,45.529643,-73.621029,Province of Québec
clsc de parent,Clinics and ambulatory care,La Tuque,QC,47.9210922,-74.6130307,Province of Québec
clsc de paspébiac,Clinics and ambulatory care,Paspébiac,QC,48.022096,-65.28732,Province of Québec
clsc de percé,Clinics and ambulatory care,Percé,QC,48.5266751,-64.2136188,Province of Québec
clsc de piedmont,Clinics and ambulatory care,Piedmont,QC,45.888399,-74.145106,Province of Québec
clsc de pierrefonds,Clinics and ambulatory care,Montréal,QC,45.49703885,-73.84841897,Province of Québec
clsc de pohénégamook,Residential and long-term care,Pohénégamook,QC,47.489703,-69.281311,Public Health Agency of Canada
clsc de pont-rouge,Clinics and ambulatory care,Pont-Rouge,QC,46.74606,-71.6914,Province of Québec
clsc de port-menier,Clinics and ambulatory care,Lîle-Danticosti,QC,49.814453,-64.34702,Province of Québec
clsc de portneuf,Clinics and ambulatory care,Portneuf,QC,46.7106,-71.8888,Province of Québec
clsc de quyon,Clinics and ambulatory care,Pontiac,QC,45.5202745,-76.2305903,Province of Québec
clsc de rapides-des-joachims,Clinics and ambulatory care,Rapides-Des-Joachims,QC,46.197903,-77.6895,Province of Québec
clsc de richmond,Clinics and ambulatory care,Richmond,QC,45.6609448,-72.1409861,Province of Québec
"clsc de rimouski (135 , 165 et 180 rue des gouverneurs)",Clinics and ambulatory care,Rimouski,QC,48.4550376,-68.5217353,Province of Québec
clsc de rimouski (point de service saint-fabien),Clinics and ambulatory care,Saint-Fabien,QC,48.295747,-68.866119,Province of Québec
clsc de rimouski (point de service saint-marcellin),Clinics and ambulatory care,Saint-Marcellin,QC,48.33448,-68.292351,Province of Québec
clsc de rimouski (point de service saint-narcisse),Clinics and ambulatory care,Saint-Narcisse-De-Rimouski,QC,48.284856,-68.438426,Province of Québec
clsc de rivière-au-renard,Clinics and ambulatory care,Gaspé,QC,48.988546,-64.374392,Province of Québec
clsc de rivière-au-tonnerre,Clinics and ambulatory care,Rivière-Au-Tonnerre,QC,50.2756,-64.772392,Province of Québec
clsc de rivière-bleue,Clinics and ambulatory care,Rivière-Bleue,QC,47.43221,-69.038919,Province of Québec
clsc de rivière-des-prairies,Clinics and ambulatory care,Montréal,QC,45.6445201,-73.58590583,Province of Québec
clsc de rivière-du-loup,Clinics and ambulatory care,Rivière-Du-Loup,QC,47.83063,-69.536162,Province of Québec
clsc de rivière-saint-jean,Clinics and ambulatory care,Rivière-Saint-Jean,QC,50.295925,-64.322753,Province of Québec
clsc de rivière-saint-paul,Clinics and ambulatory care,Rivière-Saint-Paul Rivière-Saint-Paul,QC,51.475109,-57.711292,Province of Québec
clsc de rivière-à-pierre,Clinics and ambulatory care,Rivière-À-Pierre,QC,46.99758,-72.1781,Province of Québec
clsc de roberval,Clinics and ambulatory care,Roberval,QC,48.517166,-72.225663,Province of Québec
clsc de rosemont,Clinics and ambulatory care,Montréal,QC,45.54258355,-73.5621713,Province of Québec
clsc de rouyn-noranda,Clinics and ambulatory care,Rouyn-Noranda,QC,48.243324,-79.020973,Province of Québec
clsc de sacré-coeur,Clinics and ambulatory care,Sacré-Coeur,QC,48.23150345,-69.80062595,Province of Québec
clsc de saint-augustin,Clinics and ambulatory care,Saint-Augustin,QC,46.147272,-74.250769,Province of Québec
clsc de saint-clément,Clinics and ambulatory care,Saint-Clément,QC,47.92351,-69.096808,Province of Québec
clsc de saint-césaire,Clinics and ambulatory care,Saint-Césaire,QC,45.4148929,-73.0026389,Province of Québec
clsc de saint-donat,Clinics and ambulatory care,Saint-Donat,QC,46.3222563,-74.2235236,Province of Québec
clsc de saint-esprit,Clinics and ambulatory care,Saint-Esprit,QC,45.9045588,-73.6639138,Province of Québec
clsc de saint-georges (centre multiservices de santé et de services sociaux de saint-georges),Clinics and ambulatory care,Saint-Georges,QC,46.12887,-70.65377,Province of Québec
clsc de saint-gédéon-de-beauce,Clinics and ambulatory care,Saint-Gédéon-De-Beauce,QC,45.852656,-70.642247,Province of Québec
clsc de saint-henri,Clinics and ambulatory care,Montréal,QC,45.4786821,-73.5828477,Province of Québec
clsc de saint-jean-de-dieu,Clinics and ambulatory care,Saint-Jean-De-Dieu,QC,48.006432,-69.041671,Province of Québec
clsc de saint-joseph,Clinics and ambulatory care,Granby,QC,45.410587,-72.727878,Province of Québec
clsc de saint-joseph-de-beauce,Clinics and ambulatory care,Saint-Joseph-De-Beauce,QC,46.2990114,-70.8714559,Province of Québec
clsc de saint-laurent,Clinics and ambulatory care,Montréal,QC,45.517396,-73.680862,Province of Québec
clsc de saint-lazare-de-bellechasse,Clinics and ambulatory care,Saint-Lazare-De-Bellechasse,QC,46.6573309,-70.8116602,Province of Québec
clsc de saint-léonard,Clinics and ambulatory care,Montréal,QC,45.585432,-73.589905,Province of Québec
clsc de saint-léonard-d'aston,Clinics and ambulatory care,Saint-Léonard-Daston,QC,46.1062089,-72.3720437,Province of Québec
clsc de saint-marc-des-carrières,Clinics and ambulatory care,Saint-Marc-Des-Carrières,QC,46.6809,-72.0497,Province of Québec
clsc de saint-michel,Clinics and ambulatory care,Montréal,QC,45.565464,-73.608445,Province of Québec
clsc de saint-michel-des-saints,Clinics and ambulatory care,Saint-Michel-Des-Saints,QC,46.677141,-73.917684,Province of Québec
clsc de saint-omer,Clinics and ambulatory care,Carleton-Sur-Mer,QC,48.10991,-66.221454,Province of Québec
clsc de saint-pamphile (clsc et centre de services externes pour les aînés de saint-pamphile),Clinics and ambulatory care,Saint-Pamphile,QC,46.9610759,-69.7831741,Province of Québec
clsc de saint-pascal,Clinics and ambulatory care,Saint-Pascal,QC,47.529571,-69.80314,Province of Québec
clsc de saint-paulin,Clinics and ambulatory care,Saint-Paulin,QC,46.4099714,-73.0154834,Province of Québec
clsc de saint-raymond,Clinics and ambulatory care,Saint-Raymond,QC,46.89535,-71.8228,Province of Québec
clsc de saint-romuald,Clinics and ambulatory care,Lévis,QC,46.735714,-71.263517,Province of Québec
clsc de saint-sauveur,Clinics and ambulatory care,Saint-Sauveur,QC,45.89691271,-74.152847,Province of Québec
clsc de saint-siméon,Clinics and ambulatory care,Saint-Siméon,QC,47.84301,-69.879,Province of Québec
clsc de saint-ubalde,Clinics and ambulatory care,Saint-Ubalde,QC,46.75561,-72.271,Province of Québec
clsc de saint-élie-de-caxton,Clinics and ambulatory care,Saint-Élie-De-Caxton,QC,46.4854446,-72.9609589,Province of Québec
clsc de saint-épiphane,Clinics and ambulatory care,Saint-Épiphane,QC,47.898837,-69.330099,Province of Québec
clsc de sainte-agathe-des-monts,Clinics and ambulatory care,Sainte-Agathe-Des-Monts,QC,46.046004,-74.280465,Province of Québec
clsc de sainte-anne-des-monts,Clinics and ambulatory care,Sainte-Anne-Des-Monts,QC,49.118506,-66.483741,Province of Québec
clsc de sainte-foy - sillery,Clinics and ambulatory care,Québec,QC,46.77513,-71.3125,Province of Québec
clsc de salaberry-de-valleyfield,Clinics and ambulatory care,Salaberry-De-Valleyfield,QC,45.264898,-74.130323,Province of Québec
clsc de sayabec,Clinics and ambulatory care,Sayabec,QC,48.56508675,-67.6869481,Province of Québec
clsc de schefferville,Clinics and ambulatory care,Schefferville,QC,54.8003469,-66.818602,Province of Québec
clsc de sept-îles (édifice du docteur-gérard-beaulieu),Clinics and ambulatory care,Sept-Îles,QC,50.205482,-66.384212,Province of Québec
clsc de sutton,Clinics and ambulatory care,Sutton,QC,45.10467218,-72.61585047,Province of Québec
clsc de tadoussac,Clinics and ambulatory care,Tadoussac,QC,48.1437778,-69.7189304,Province of Québec
clsc de thetford mines,Clinics and ambulatory care,Thetford Mines,QC,46.091212,-71.300646,Province of Québec
clsc de thérèse-de blainville,Clinics and ambulatory care,Sainte-Thérèse,QC,45.644627,-73.840366,Province of Québec
clsc de tête-à-la-baleine,Clinics and ambulatory care,Tête-À-La-Baleine Côte-Nord-Du-Golfe-Du-Saint-Laurent,QC,50.550798,-64.156895,Province of Québec
clsc de val-d'or,Clinics and ambulatory care,Val-Dor,QC,48.096748,-77.797155,Province of Québec
clsc de val-des-monts,Clinics and ambulatory care,Val-Des-Monts,QC,45.584995,-75.619184,Province of Québec
clsc de verdun,Clinics and ambulatory care,Montréal,QC,45.462616,-73.569072,Province of Québec
clsc de verdun à l'île-des-soeurs,Clinics and ambulatory care,Montréal,QC,45.468462,-73.565766,Province of Québec
clsc de villeray,Clinics and ambulatory care,Montréal,QC,45.5514042,-73.6210951,Province of Québec
clsc de waterloo,Clinics and ambulatory care,Waterloo,QC,45.345074,-72.518642,Province of Québec
clsc de weedon,Clinics and ambulatory care,Weedon,QC,45.705464,-71.461996,Province of Québec
clsc de wickham,Clinics and ambulatory care,Wickham,QC,45.7615295,-72.5001382,Province of Québec
clsc des bois-francs,Clinics and ambulatory care,Victoriaville,QC,46.064603,-71.961184,Province of Québec
clsc des maskoutains (le) (point de chute aux quatre vents saint-jude),Clinics and ambulatory care,Saint-Jude,QC,45.7707177,-72.9924661,Province of Québec
clsc des maskoutains (le) (point de services centre-ville),Clinics and ambulatory care,Saint-Hyacinthe,QC,45.635233,-72.9602,Province of Québec
clsc des mille-îles,Clinics and ambulatory care,Laval,QC,45.60719,-73.645204,Province of Québec
clsc des patriotes beloeil,Clinics and ambulatory care,Beloeil,QC,45.591092,-73.199664,Province of Québec
clsc des patriotes centre de services saint-bruno,Clinics and ambulatory care,Saint-Bruno-De-Montarville,QC,45.528321,-73.340474,Province of Québec
clsc des rivières (édifice christ-roi),Clinics and ambulatory care,Québec,QC,46.81148,-71.258,Province of Québec
clsc des seigneuries de boucherville,Clinics and ambulatory care,Boucherville,QC,45.603041,-73.452014,Province of Québec
clsc des seigneuries de contrecoeur,Clinics and ambulatory care,Contrecoeur,QC,45.8545462,-73.242495,Province of Québec
clsc des seigneuries de saint-amable,Clinics and ambulatory care,Saint-Amable,QC,45.6434348,-73.3067192,Province of Québec
clsc des seigneuries de varennes (points de chute),Clinics and ambulatory care,Varennes,QC,45.67959,-73.438141,Province of Québec
clsc des seigneuries de verchères,Clinics and ambulatory care,Verchères,QC,45.77274231,-73.35174609,Province of Québec
clsc desrosiers-langlois,Clinics and ambulatory care,Terrebonne,QC,45.722691,-73.510281,Province of Québec
clsc dorion (soutien à domicile),Clinics and ambulatory care,Montréal,QC,45.5454167,-73.6091991,Province of Québec
clsc du centre-de-la-mauricie,Clinics and ambulatory care,Shawinigan,QC,46.55261,-72.747599,Province of Québec
clsc du centre-ville-de-saint-jérome,Clinics and ambulatory care,Saint-Jérôme,QC,45.779356,-74.004006,Province of Québec
clsc du fjord-à-l'anse-saint-jean,Clinics and ambulatory care,Lanse-Saint-Jean,QC,48.1989937,-70.24033267,Province of Québec
clsc du fjord-à-la-baie,Clinics and ambulatory care,Saguenay,QC,48.33757,-70.879652,Province of Québec
clsc du lac-saint-louis,Clinics and ambulatory care,Pointe-Claire,QC,45.438932,-73.827489,Province of Québec
clsc du plateau-mont-royal,Clinics and ambulatory care,Montréal,QC,45.536348,-73.573971,Province of Québec
clsc du richelieu,Clinics and ambulatory care,Richelieu,QC,45.437588,-73.2449891,Province of Québec
clsc du ruisseau-papineau,Clinics and ambulatory care,Laval,QC,45.5497652,-73.7622712,Province of Québec
clsc et centre d'hebergement de bedford (clsc),Clinics and ambulatory care,Bedford,QC,45.1253378,-72.9828469,Province of Québec
clsc et centre d'hébergement de normandin,Clinics and ambulatory care,Normandin,QC,48.839042,-72.530643,Province of Québec
clsc et centre d'hébergement petite-nation,Clinics and ambulatory care,Saint-André-Avellin,QC,45.7224089,-75.0623048,Province of Québec
clsc et centre de jour de grenville,Clinics and ambulatory care,Grenville,QC,45.627586,-74.589271,Province of Québec
clsc et centre de réadaptation en déficience intellectuelle et en trouble du spectre de l’autisme de saint-gabriel-de-brandon,Clinics and ambulatory care,Saint-Gabriel,QC,46.29262,-73.384292,Province of Québec
clsc et centre de réadaptation en dépendance de saint-tite,Clinics and ambulatory care,Saint-Tite,QC,46.7291667,-72.557454,Province of Québec
clsc et centre de réadaptation en dépendance de sainte-genevieve-de-batiscan,Clinics and ambulatory care,Sainte-Geneviève-De-Batiscan,QC,46.541989,-72.344707,Province of Québec
clsc et centre de réadaptation en dépendance de terrebonne - volet clsc - clinique des jeunes,Clinics and ambulatory care,Terrebonne,QC,45.709138,-73.647453,Province of Québec
clsc et centre de réadaptation en dépendance de terrebonne - volet crd,Residential and long-term care,Terrebonne,QC,45.709258,-73.64756,Province of Québec
clsc et centre de réadaptation saint-antoine,Residential and long-term care,Roberval,QC,48.51711,-72.225853,Province of Québec
clsc et centre de services ambulatoires,Clinics and ambulatory care,Pohénégamook,QC,47.48606243,-69.28288449,Province of Québec
clsc et centre de services ambulatoires belvédère,Clinics and ambulatory care,Sherbrooke,QC,45.38998535,-71.89649042,Province of Québec
clsc et centre de services ambulatoires de vaudreuil-dorion,Clinics and ambulatory care,Vaudreuil-Dorion,QC,45.394292,-74.053813,Province of Québec
clsc et centre de services externes pour les ainés de plessisville,Clinics and ambulatory care,Plessisville,QC,46.215749,-71.773997,Province of Québec
clsc et centre de services externes pour les aînés de saint-alexis-des-monts,Clinics and ambulatory care,Saint-Alexis-Des-Monts,QC,46.4637058,-73.1362896,Province of Québec
clsc et chsld de beauceville (centre multiservices de santé et de services sociaux de beauceville),Clinics and ambulatory care,Beauceville,QC,46.2037,-70.787938,Province of Québec
clsc et chsld de lévis,Clinics and ambulatory care,Lévis,QC,46.813461,-71.176558,Province of Québec
clsc et chsld de montmagny,Clinics and ambulatory care,Montmagny,QC,46.982515,-70.554381,Province of Québec
clsc et chsld de saint-jean-port-joli,Clinics and ambulatory care,Saint-Jean-Port-Joli,QC,47.20855,-70.257837,Province of Québec
clsc et chsld de saint-prosper,Clinics and ambulatory care,Saint-Prosper,QC,46.211108,-70.483907,Province of Québec
clsc et chsld de sainte-marie,Clinics and ambulatory care,Sainte-Marie,QC,46.452563,-71.027545,Province of Québec
clsc et chsld des etchemins (gmf-u des etchemins),Clinics and ambulatory care,Lac-Etchemin,QC,46.400718,-70.498047,Province of Québec
clsc et chsld idola saint-jean,Clinics and ambulatory care,Laval,QC,45.558087,-73.693263,Province of Québec
clsc et chsld sainte-rose,Clinics and ambulatory care,Laval,QC,45.607723,-73.789256,Province of Québec
clsc et groupe de médecine de famille universitaire du marigot,Clinics and ambulatory care,Laval,QC,45.5868128,-73.7106477,Province of Québec
clsc et groupe de médecine de famille universitaire lafontaine,Clinics and ambulatory care,Saint-Jérôme,QC,45.793126,-74.009201,Province of Québec
clsc gaston-bélanger,Clinics and ambulatory care,Sorel-Tracy,QC,46.045075,-73.093637,Province of Québec
clsc ham-nord,Clinics and ambulatory care,Ham-Nord,QC,45.9028132,-71.6466489,Province of Québec
clsc huntingdon,Clinics and ambulatory care,Huntingdon,QC,45.088829,-74.173337,Province of Québec
clsc huntingdon (point de service saint-chrysostome),Clinics and ambulatory care,Saint-Chrysostome,QC,45.105746,-73.762276,Province of Québec
clsc jardin du québec (point de service napierville),Clinics and ambulatory care,Napierville,QC,45.19289517,-73.41275367,Province of Québec
clsc jardin du québec (point de service saint-rémi),Clinics and ambulatory care,Saint-Rémi,QC,45.25629,-73.620722,Province of Québec
clsc jean-olivier-chénier,Clinics and ambulatory care,Saint-Eustache,QC,45.550818,-73.893205,Province of Québec
clsc kateri,Clinics and ambulatory care,Candiac,QC,45.398711,-73.527281,Province of Québec
clsc king est,Clinics and ambulatory care,Sherbrooke,QC,45.407887,-71.86216,Province of Québec
clsc la source nord,Clinics and ambulatory care,Québec,QC,46.90512,-71.3201,Province of Québec
clsc la source sud,Clinics and ambulatory care,Québec,QC,46.85926,-71.265,Province of Québec
clsc lamater de terrebonne,Clinics and ambulatory care,Terrebonne,QC,45.699658,-73.658745,Province of Québec
clsc lamater des seigneurs,Clinics and ambulatory care,Terrebonne,QC,45.718312,-73.681565,Province of Québec
clsc lamater les moulins,Clinics and ambulatory care,Terrebonne,QC,45.718318,-73.68156,Province of Québec
clsc laviolette,Clinics and ambulatory care,Trois-Rivières,QC,46.351575,-72.548585,Province of Québec
clsc les jardins du monastère,Clinics and ambulatory care,Dolbeau-Mistassini,QC,48.89039,-72.226723,Province of Québec
clsc les méchins,Clinics and ambulatory care,Les Méchins,QC,49.000168,-66.979053,Province of Québec
clsc malauze et centre d'hébergement matapédia,Clinics and ambulatory care,Matapédia,QC,47.97777,-66.93698,Province of Québec
clsc meilleur d'iberville,Clinics and ambulatory care,Repentigny,QC,45.777418,-73.417323,Province of Québec
clsc meilleur de l'épiphanie,Clinics and ambulatory care,Lépiphanie,QC,45.847532,-73.484693,Province of Québec
clsc meilleur de repentigny,Clinics and ambulatory care,Repentigny,QC,45.744904,-73.479724,Province of Québec
clsc mirabel,Clinics and ambulatory care,Mirabel,QC,45.633678,-73.983485,Province of Québec
clsc murray (bébé trucs),Clinics and ambulatory care,Sherbrooke,QC,45.400495,-71.876378,Province of Québec
clsc métro,Clinics and ambulatory care,Montréal,QC,45.494659,-73.5809625,Province of Québec
clsc notre-dame,Clinics and ambulatory care,Granby,QC,45.400514,-72.73409,Province of Québec
clsc olivier-guimond,Clinics and ambulatory care,Montréal,QC,45.5751302,-73.5475661,Province of Québec
clsc orléans (beauport),Clinics and ambulatory care,Québec,QC,46.85364,-71.2012,Province of Québec
clsc orléans (beaupré),Clinics and ambulatory care,Beaupré,QC,47.0428,-70.8999,Province of Québec
clsc orléans (maizerets),Clinics and ambulatory care,Québec,QC,46.84364,-71.2183,Province of Québec
clsc orléans (montmorency),Clinics and ambulatory care,Québec,QC,46.87728,-71.157,Province of Québec
clsc orléans (île d'orléans),Clinics and ambulatory care,Saint-Pierre-De-Lîle-Dorléans,QC,46.88809,-71.0759,Province of Québec
clsc orléans - hôpital sainte-anne-de-beaupré,Hospitals,Beaupré,QC,47.0429148,-70.8999333,Public Health Agency of Canada
clsc parthenais,Clinics and ambulatory care,Montréal,QC,45.531029,-73.559811,Province of Québec
clsc pavillon de la santé de l'université du québec à trois-rivières,Clinics and ambulatory care,Trois-Rivières,QC,46.348714,-72.57785,Province of Québec
clsc pointe-à-la-croix,Clinics and ambulatory care,Pointe-À-La-Croix,QC,48.019452,-66.693078,Province of Québec
clsc père-daniel,Clinics and ambulatory care,Trois-Rivières,QC,46.334192,-72.558832,Province of Québec
clsc rené-cassin,Clinics and ambulatory care,Côte-Saint-Luc,QC,45.475615,-73.667093,Province of Québec
clsc saint-félicien,Clinics and ambulatory care,Saint-Félicien,QC,48.65360257,-72.44705697,Province of Québec
clsc saint-hubert,Clinics and ambulatory care,Longueuil,QC,45.492792,-73.403262,Province of Québec
clsc saint-louis-du-parc,Clinics and ambulatory care,Montréal,QC,45.5199886,-73.5866727,Province of Québec
clsc saint-moïse (point de chute),Clinics and ambulatory care,Saint-Moïse,QC,48.550877,-67.852919,Province of Québec
clsc sainte-catherine,Clinics and ambulatory care,Montréal,QC,45.510617,-73.562971,Province of Québec
clsc sainte-geneviève,Clinics and ambulatory care,Trois-Rivières,QC,46.3487,-72.53922,Province of Québec
clsc samuel-de-champlain,Clinics and ambulatory care,Brossard,QC,45.4777181,-73.4649126,Province of Québec
clsc shawville,Clinics and ambulatory care,Shawville,QC,45.60593645,-76.48669844,Province of Québec
clsc simonne-monet-chartrand,Clinics and ambulatory care,Longueuil,QC,45.536159,-73.458361,Province of Québec
clsc speid,Clinics and ambulatory care,Sherbrooke,QC,45.368937,-71.859093,Province of Québec
clsc suzor-coté,Clinics and ambulatory care,Victoriaville,QC,46.060756,-71.964497,Province of Québec
clsc trois-pistoles,Clinics and ambulatory care,Trois-Pistoles,QC,48.133126,-69.159887,Province of Québec
clsc vallée des forts (point de service clinique jeunesse ),Clinics and ambulatory care,Saint-Jean-Sur-Richelieu,QC,45.305744,-73.252002,Province of Québec
clsc vallée des forts (point de service lacolle),Clinics and ambulatory care,Lacolle,QC,45.08174197,-73.37104496,Province of Québec
clsc vallée-de-la-lièvre (clsc de val-des-bois),Clinics and ambulatory care,Val-Des-Bois,QC,45.916388,-75.591525,Province of Québec
clsc vallée-de-la-lièvre (rue maclaren est),Clinics and ambulatory care,Gatineau,QC,45.5885296,-75.4043524,Province of Québec
clsc vaudreuil-soulanges (point de service rigaud),Clinics and ambulatory care,Rigaud,QC,45.4759185,-74.2999927,Province of Québec
clsc vaudreuil-soulanges (point de service saint-polycarpe),Clinics and ambulatory care,Saint-Polycarpe,QC,45.300396,-74.298895,Province of Québec
clsc ville-émard-côte-saint-paul,Clinics and ambulatory care,Montréal,QC,45.457212,-73.589344,Province of Québec
clsc yvan-duquette,Clinics and ambulatory care,Granby,QC,45.411062,-72.72706,Province of Québec
cmc eastmain (centre miyupimaatissiun communautaire),Clinics and ambulatory care,Eastmain,QC,52.2411088,-78.5012505,Province of Québec
cmc mistissini (centre miyupimaatisiiun communautaire),Clinics and ambulatory care,Mistissini,QC,50.4081551,-73.861202,Province of Québec
cmc waswanipi (centre miyupimaatissiun communautaire),Clinics and ambulatory care,Waswanipi,QC,49.69287,-75.963073,Province of Québec
cmc wemindji (centre miyupimaatisiiun communautaire),Clinics and ambulatory care,Wemindji,QC,53.0055086,-78.8138927,Province of Québec
conseil cri de la santé et des services sociaux de la baie james,Hospitals,Chisasibi,QC,45.516341,-73.555272,Public Health Agency of Canada
conseil de la nation atikamekw - foyer mamo,Residential and long-term care,La Tuque,QC,47.440855,-72.776272,Province of Québec
coopérative de services de santé de saint-barthélemy,Clinics and ambulatory care,Saint-Barthélemy,QC,46.191489,-73.11893,Province of Québec
coopérative de solidarité du centre de santé de la vallée massawippi,Clinics and ambulatory care,Ayers Cliff,QC,45.1682483,-72.0402141,Province of Québec
coopérative de solidarité santé roxton-pond,Clinics and ambulatory care,Roxton Pond,QC,45.474032,-72.6637921,Province of Québec
coopérative de solidarité santé saint-hubert,Clinics and ambulatory care,Saint-Hubert-De-Rivière-Du-Loup,QC,47.8157253,-69.1464629,Province of Québec
coopérative santé pointe-du-lac (clinique médicale de pointe-du-lac),Clinics and ambulatory care,Trois-Rivières,QC,46.293321,-72.669942,Province of Québec
coopérative solidarité santé de saint-boniface,Clinics and ambulatory care,Saint-Boniface,QC,46.5015982,-72.8294723,Province of Québec
coopérative solidarité santé des gens d'ici,Clinics and ambulatory care,Sainte-Félicité,QC,48.901025,-67.338539,Province of Québec
corporation de la maison répit-dépannage - la chrysalide,Residential and long-term care,La Sarre,QC,48.807034,-79.19901,Province of Québec
corporation félix hubert d'hérelle (la),Residential and long-term care,Montréal,QC,45.520539,-73.5727217,Province of Québec
corporation répit-dépannage de lanaudière (la maison clémentine),Residential and long-term care,Joliette,QC,46.025381,-73.443807,Province of Québec
"corvée, coopérative de solidarité en habitation (la)",Residential and long-term care,Saint-Camille,QC,45.683513,-71.702699,Province of Québec
courte échelle (la),Residential and long-term care,Montréal,QC,45.5664948,-73.6488693,Province of Québec
cpej et services externes malbaie,Residential and long-term care,La Malbaie,QC,47.65311,-70.1493,Province of Québec
cpej et services externes val-bélair,Residential and long-term care,Québec,QC,46.85503,-71.4159,Province of Québec
"cpej, services externes beauport",Residential and long-term care,Québec,QC,46.85673,-71.2198,Province of Québec
"cpej, services externes et centre de jour de donnacona",Residential and long-term care,Donnacona,QC,46.68122,-71.7241,Province of Québec
"cpej, services externes et centre de jour de québec",Residential and long-term care,Québec,QC,46.81261,-71.2459,Province of Québec
crdi de l'abitibi-témiscamingue clair foyer (secteur de rouyn-noranda),Residential and long-term care,Rouyn-Noranda,QC,48.235892,-79.01928,Province of Québec
cree board of health and social services of james bay/kuujjuarapik,Hospitals,Kuujjuarapik,QC,55.274399,-77.761614,Public Health Agency of Canada
crsss de la baie-james,Hospitals,Chibougamau,QC,49.913688,-74.356786,Public Health Agency of Canada
csss de beauce,Hospitals,Saint-Georges,QC,46.1106587,-70.6837863,Public Health Agency of Canada
csss de chicoutimi,Hospitals,Chicoutimi,QC,48.4259175,-71.0487643,Public Health Agency of Canada
csss de la haute-yamaska,Hospitals,Granby,QC,45.412502,-72.722638,Public Health Agency of Canada
csss de la mitis (chsgs urgences mineures),Clinics and ambulatory care,Mont-Joli,QC,48.571829,-68.215578,Province of Québec
csss de lac-saint-jean-est,Hospitals,Alma,QC,48.548021,-71.664643,Public Health Agency of Canada
csss de maskinongé,Residential and long-term care,Louiseville,QC,46.2550447,-72.9519932,Public Health Agency of Canada
csss de papineau,Hospitals,Gatineau,QC,45.5884516,-75.4117374,Public Health Agency of Canada
csss de sept-îles,Hospitals,Sept-Îles,QC,50.209716,-66.383587,Public Health Agency of Canada
csss les eskers de l'abitibi,Hospitals,Amos,QC,48.57631,-78.125164,Public Health Agency of Canada
declic action / pavillon un foyer pour toi,Residential and long-term care,Laval,QC,45.579474,-73.687896,Province of Québec
dianova,Residential and long-term care,Terrebonne,QC,45.684223,-73.714878,Province of Québec
diapason (le) (auberges du coeur),Residential and long-term care,Mascouche,QC,45.728427,-73.655102,Province of Québec
docteur alain bourdeau,Clinics and ambulatory care,Lac-Brome,QC,45.2137717,-72.7361924,Province of Québec
docteur charles drouin,Clinics and ambulatory care,Matane,QC,48.843697,-67.531053,Province of Québec
docteur denis santerre,Clinics and ambulatory care,Matane,QC,48.845016,-67.529342,Province of Québec
docteur réjean rock,Clinics and ambulatory care,North Hatley,QC,45.27906487,-71.97335253,Province of Québec
domaine de la sobriété inc. (le),Residential and long-term care,Stratford,QC,45.789436,-71.29704,Province of Québec
domaine des chutes,Residential and long-term care,Roxton Falls,QC,45.577071,-72.522589,Province of Québec
domaine orford (toxi-co-gîtes 2003 inc.),Residential and long-term care,Sherbrooke,QC,45.4068206,-71.89920732,Province of Québec
domaine perce-neige inc.,Residential and long-term care,Sherbrooke,QC,45.375783,-71.838693,Province of Québec
donald berman maimonides geriatric centre,Residential and long-term care,Montréal,QC,45.471576,-73.668291,Public Health Agency of Canada
douglas hospital,Hospitals,Verdun,QC,45.443002,-73.584909,Public Health Agency of Canada
dre julie et cie,Clinics and ambulatory care,Stoneham-Et-Tewkesbury,QC,46.989517,-71.367735,Province of Québec
dre viviane hoduc,Clinics and ambulatory care,Saint-Hubert-De-Rivière-Du-Loup,QC,47.8157253,-69.1464629,Province of Québec
déclic action,Residential and long-term care,Laval,QC,45.654091,-73.748309,Province of Québec
déclic action pavillon la maisonnée,Residential and long-term care,Laval,QC,45.654043,-73.748264,Province of Québec
défis-logis lanaudière,Residential and long-term care,Saint-Charles-Borromée,QC,46.035413,-73.45784,Province of Québec
envol (l') et aquarelle,Residential and long-term care,Longueuil,QC,45.56978,-73.48055,Province of Québec
envolee (l),Residential and long-term care,Beloeil,QC,45.553595,-73.209907,Province of Québec
ermitage sainte-croix (l'),Residential and long-term care,Montréal,QC,45.4551896,-73.9379252,Province of Québec
espace la traversée,Residential and long-term care,Montréal,QC,45.5525613,-73.6255746,Province of Québec
espoir de shelna (l') (mrc de la minganie),Residential and long-term care,Havre-Saint-Pierre,QC,50.237967,-63.602638,Province of Québec
estran (l') centre de réadaptation en dépendance du bas-saint-laurent (basques),Residential and long-term care,Trois-Pistoles,QC,48.1328999,-69.1605628,Province of Québec
estran (l') centre de réadaptation en dépendance du bas-saint-laurent (la pocatiere),Residential and long-term care,La Pocatière,QC,47.371864,-70.026259,Province of Québec
estran (l') centre de réadaptation en dépendance du bas-saint-laurent (matane),Residential and long-term care,Matane,QC,48.845907,-67.529831,Province of Québec
estran (l') centre de réadaptation en dépendance du bas-saint-laurent (matapédia),Residential and long-term care,Amqui,QC,48.46899,-67.420246,Province of Québec
estran (l') centre de réadaptation en dépendance du bas-saint-laurent (mitis),Residential and long-term care,Mont-Joli,QC,48.572199,-68.21573,Province of Québec
estran (l') centre de réadaptation en dépendance du bas-saint-laurent (rimouski),Residential and long-term care,Rimouski,QC,48.4550376,-68.5217353,Province of Québec
estran (l') centre de réadaptation en dépendance du bas-saint-laurent (rivière-du-loup),Residential and long-term care,Rivière-Du-Loup,QC,47.818434,-69.539878,Province of Québec
estran (l') centre de réadaptation en dépendance du bas-saint-laurent (saint-pascal),Residential and long-term care,Saint-Pascal,QC,47.529723,-69.803162,Province of Québec
estran (l') centre de réadaptation en dépendance du bas-saint-laurent (témiscouata),Residential and long-term care,Témiscouata-Sur-Le-Lac,QC,47.679511,-68.886836,Province of Québec
fondation cheshire québec inc. (la),Residential and long-term care,Montréal,QC,45.4924658,-73.8033236,Province of Québec
fondation québécoise du cancer - centre régional et hôtellerie de la mauricie,Residential and long-term care,Trois-Rivières,QC,46.3549141,-72.563902,Province of Québec
foyer de groupe de charlesbourg,Residential and long-term care,Québec,QC,46.86388,-71.2499,Province of Québec
foyer de groupe de limoilou,Residential and long-term care,Québec,QC,46.83365,-71.2548,Province of Québec
foyer de groupe des chênes,Residential and long-term care,Québec,QC,46.84512,-71.2312,Province of Québec
foyer de groupe du parc,Residential and long-term care,Québec,QC,46.85211,-71.3624,Province of Québec
foyer de groupe kelly (centre de réadaptation pour jeunes en difficulté d'adaptation),Residential and long-term care,Sherbrooke,QC,45.387145,-71.907794,Province of Québec
foyer de groupe le colibri (campus valleyfield),Residential and long-term care,Salaberry-De-Valleyfield,QC,45.266698,-74.139779,Province of Québec
foyer de groupe le pélican,Residential and long-term care,Québec,QC,46.79199,-71.2612,Province of Québec
foyer de groupe phare du blanchon,Residential and long-term care,Québec,QC,46.76351,-71.3253,Province of Québec
foyer de groupe pierre-boucher,Residential and long-term care,Québec,QC,46.78814,-71.2478,Province of Québec
foyer de jeunes travailleurs et travailleuses de montréal inc.,Residential and long-term care,Montréal,QC,45.5455126,-73.557112,Province of Québec
foyer de la montagne,Residential and long-term care,Beloeil,QC,45.553713,-73.225178,Province of Québec
foyer fleurs de soleil,Residential and long-term care,Beloeil,QC,45.57561,-73.1964,Province of Québec
foyer sainte-dorothée,Residential and long-term care,Laval,QC,45.522154,-73.816242,Province of Québec
gmf alma (clinique médicale d'alma),Clinics and ambulatory care,Alma,QC,48.536386,-71.647402,Province of Québec
gmf alma (clinique médicale de delisle),Clinics and ambulatory care,Alma,QC,48.633458,-71.699494,Province of Québec
gmf alma (clinique médicale hébertville),Clinics and ambulatory care,Hébertville,QC,48.388616,-71.68589,Province of Québec
gmf alma (clinique médicale saint-jude),Clinics and ambulatory care,Alma,QC,48.545803,-71.658944,Province of Québec
gmf arthur-buies (clinique médicale arthur-buies),Clinics and ambulatory care,Rimouski,QC,48.433976,-68.522917,Province of Québec
gmf baie-des-chaleurs (clinique des médecins de new-richmond),Clinics and ambulatory care,New Richmond,QC,48.16505,-65.8551,Province of Québec
gmf baie-des-chaleurs (clinique desgagné et benguerel de caplan),Clinics and ambulatory care,Caplan,QC,48.10773,-65.6998,Province of Québec
gmf baie-des-chaleurs (clinique dre st-laurent desrosiers lemerle de carleton),Clinics and ambulatory care,Carleton-Sur-Mer,QC,48.0981,-66.0984,Province of Québec
gmf baie-des-chaleurs (clinique médicale de bonaventure),Clinics and ambulatory care,Bonaventure,QC,48.04644,-65.4915,Province of Québec
gmf baie-des-chaleurs (clinique médicale phililppe aubin de maria),Clinics and ambulatory care,Maria,QC,48.18005,-65.9781,Province of Québec
gmf baie-des-chaleurs (clsc de caplan),Clinics and ambulatory care,Caplan,QC,48.10541,-65.6936,Province of Québec
gmf baie-des-chaleurs (clsc de paspébiac),Clinics and ambulatory care,Paspébiac,QC,48.02151,-65.2869,Province of Québec
gmf baie-des-chaleurs (clsc malauze : site de matapédia),Clinics and ambulatory care,Matapédia,QC,47.97809,-66.9369,Province of Québec
gmf baie-des-chaleurs (clsc malauze : site de pointe-à-la-croix),Clinics and ambulatory care,Pointe-À-La-Croix,QC,48.01952,-66.6932,Province of Québec
gmf baie-des-chaleurs (clsc malauze : site de saint-omer),Clinics and ambulatory care,Carleton-Sur-Mer,QC,48.11002,-66.2216,Province of Québec
gmf beauceville (bureau du docteur jean-claude nadeau),Clinics and ambulatory care,Tring-Jonction,QC,46.27023,-70.9934,Province of Québec
gmf beauceville (coopérative de santé robert-cliche - beauceville),Clinics and ambulatory care,Beauceville,QC,46.22048,-70.791,Province of Québec
gmf beauceville (coopérative de santé robert-cliche - saint-joseph-de-beauce),Clinics and ambulatory care,Saint-Joseph-De-Beauce,QC,46.30337,-70.8743,Province of Québec
gmf bedford (clsc bedford),Clinics and ambulatory care,Bedford,QC,45.1253378,-72.9828469,Province of Québec
gmf bellechasse (clinique médicale saint-charles),Clinics and ambulatory care,Saint-Charles-De-Bellechasse,QC,46.7596,-70.95,Province of Québec
gmf bellechasse (clinique médicale sainte-claire),Clinics and ambulatory care,Sainte-Claire,QC,46.60096,-70.869,Province of Québec
gmf berthier - saint-jacques (clinique de médecine familiale de berthier),Clinics and ambulatory care,Berthierville,QC,46.0900881,-73.1994021,Province of Québec
gmf berthier - saint-jacques (clinique médicale l'acadie),Clinics and ambulatory care,Saint-Jacques,QC,45.953572,-73.575836,Province of Québec
gmf boulevard de l'avenir (clinique médicale de l'avenir),Clinics and ambulatory care,Laval,QC,45.563519,-73.724491,Province of Québec
gmf carrefour santé (centre médical du portage),Clinics and ambulatory care,Gatineau,QC,45.4267415,-75.7141413,Province of Québec
gmf carrefour santé (clinique médicale 119 wellington),Clinics and ambulatory care,Gatineau,QC,45.426586,-75.719703,Province of Québec
gmf carrefour santé (clinique médicale du carrefour santé aylmer),Clinics and ambulatory care,Gatineau,QC,45.396194,-75.823509,Province of Québec
gmf centre médical beauport (centre médical beauport),Clinics and ambulatory care,Québec,QC,46.27726611,-72.92129866,Province of Québec
gmf centre médical laval (centre médical laval) (super-clinique),Clinics and ambulatory care,Laval,QC,45.610921,-73.658163,Province of Québec
gmf charlesbourg (centre médical cherbourg),Clinics and ambulatory care,Québec,QC,46.863659,-71.268904,Province of Québec
gmf charlesbourg (médi-clinique de la capitale),Clinics and ambulatory care,Québec,QC,46.8397,-71.257342,Province of Québec
gmf charlevoix-est (clinique de médecine familiale de clermont),Clinics and ambulatory care,Clermont,QC,47.690705,-70.224288,Province of Québec
gmf charlevoix-est (clinique de médecine familiale de la malbaie),Clinics and ambulatory care,La Malbaie,QC,47.647468,-70.152367,Province of Québec
gmf charlevoix-est (clinique médicale baril-sauvé),Clinics and ambulatory care,La Malbaie,QC,47.647335,-70.152098,Province of Québec
gmf charlevoix-ouest (centre médical fafard eng.),Clinics and ambulatory care,Baie-Saint-Paul,QC,47.447965,-70.518649,Province of Québec
gmf chaudiere-ouest (clinique médicale chaudière),Clinics and ambulatory care,Saint-Georges,QC,46.11805,-70.6732,Province of Québec
gmf chaudière-ouest (clinique médicale saint-côme),Clinics and ambulatory care,Saint-Côme Linière,QC,46.05842,-70.5224,Province of Québec
gmf clinique des ponts (clinique des ponts),Clinics and ambulatory care,Lévis,QC,46.73166,-71.2626,Province of Québec
gmf clinique familiale des prairies,Clinics and ambulatory care,Notre-Dame-Des-Prairies,QC,46.053218,-73.417795,Province of Québec
gmf clinique médicale mascouche,Clinics and ambulatory care,Mascouche,QC,45.746743,-73.606174,Province of Québec
gmf clinique médicale saint-anselme (clinique médicale saint-anselme),Clinics and ambulatory care,Saint-Anselme,QC,46.64001,-70.9869,Province of Québec
gmf clinique médicale saint-françois,Clinics and ambulatory care,Laval,QC,45.672733,-73.595177,Province of Québec
gmf clinique médicale saint-étienne (gmf clinique médicale saint-étienne),Clinics and ambulatory care,Lévis,QC,46.6534,-71.3137,Province of Québec
gmf clinique santé 440 (clinique médicale bellerive),Clinics and ambulatory care,Laval,QC,45.537072,-73.726104,Province of Québec
gmf clinique santé 440 (clinique santé 440),Clinics and ambulatory care,Laval,QC,45.558087,-73.79372,Province of Québec
gmf clinique santé 440 (docteure salpi hagopian et megerditch tarakdjian),Clinics and ambulatory care,Laval,QC,45.5504,-73.758933,Province of Québec
gmf concorde (super-clinique) (polyclinique médicale de la concorde),Clinics and ambulatory care,Laval,QC,45.577728,-73.681644,Province of Québec
gmf cyriac (clinique familiale d'arvida),Clinics and ambulatory care,Saguenay,QC,48.419928,-71.178617,Province of Québec
gmf cyriac (clinique médicale de la cité),Clinics and ambulatory care,Saguenay,QC,48.423485,-71.241323,Province of Québec
gmf cyriac (clinique médicale du docteur donald boulianne),Clinics and ambulatory care,Saguenay,QC,48.412234,-71.186859,Province of Québec
gmf cyriac (clinique médicale mellon),Clinics and ambulatory care,Saguenay,QC,48.422673,-71.181115,Province of Québec
gmf cyriac (clinique médicale place des chemins),Clinics and ambulatory care,Saguenay,QC,48.412376,-71.233457,Province of Québec
gmf cyriac (clsc jonquière),Clinics and ambulatory care,Saguenay,QC,48.411869,-71.237721,Province of Québec
gmf d'aylmer (clinique médicale du vieux aylmer),Clinics and ambulatory care,Gatineau,QC,45.395383,-75.83369,Province of Québec
gmf d'aylmer (clinique médicale santé équilibre),Clinics and ambulatory care,Gatineau,QC,45.385048,-75.804753,Province of Québec
gmf d'aylmer (clsc de gatineau - leguerrier),Clinics and ambulatory care,Gatineau,QC,45.399306,-75.835932,Province of Québec
gmf de gatineau (centre de médecine familiale de gatineau),Clinics and ambulatory care,Gatineau,QC,45.488266,-75.598716,Province of Québec
gmf de hull (clinique médicale de l'île),Clinics and ambulatory care,Gatineau,QC,45.429967,-75.727467,Province of Québec
gmf de hull (clinique médicale du faubourg),Clinics and ambulatory care,Gatineau,QC,45.47412,-75.739418,Province of Québec
gmf de joliette (clinique familiale brind'amour),Clinics and ambulatory care,Saint-Charles-Borromée,QC,46.036188,-73.45255,Province of Québec
gmf de joliette (clinique médicale lanaudière),Clinics and ambulatory care,Saint-Charles-Borromée,QC,46.036675,-73.452465,Province of Québec
gmf de jonquiere (clinique de médecine familiale de jonquière),Clinics and ambulatory care,Saguenay,QC,48.413434,-71.248478,Province of Québec
gmf de jonquière (clinique médicale des roitelets),Clinics and ambulatory care,Saguenay,QC,48.392629,-71.05226,Province of Québec
gmf de kamouraska (clinique médicale la pocatière),Clinics and ambulatory care,La Pocatière,QC,47.3721256,-70.0282257,Province of Québec
gmf de kamouraska (clinique médicale saint-pascal),Clinics and ambulatory care,Saint-Pascal,QC,47.5267671,-69.8057505,Province of Québec
gmf de kamouraska (docteur denis pelletier),Clinics and ambulatory care,Saint-Roch-Des-Aulnaies,QC,47.3108881,-70.1725941,Province of Québec
gmf de kamouraska (docteur jean hudon),Clinics and ambulatory care,La Pocatière,QC,47.3611443,-70.0498224,Province of Québec
gmf de l'assomption (clinique médicale de l'assomption),Clinics and ambulatory care,L'Assomption,QC,45.838457,-73.413477,Province of Québec
gmf de l'estuaire (clsc et gmf-u de rimouski),Clinics and ambulatory care,Rimouski,QC,48.4550376,-68.5217353,Province of Québec
gmf de l'outaouais (clinique de médecine familiale de hull),Clinics and ambulatory care,Gatineau,QC,45.439862,-75.730608,Province of Québec
gmf de l'outaouais (clinique médicale cité-des-jeunes),Clinics and ambulatory care,Gatineau,QC,45.450168,-75.754692,Province of Québec
gmf de l'outaouais (médecine familiale montclair),Clinics and ambulatory care,Gatineau,QC,45.439883,-75.730754,Province of Québec
gmf de la basse lièvre (clinique médicale de thurso),Clinics and ambulatory care,Thurso,QC,45.59949017,-75.24399202,Province of Québec
gmf de la basse lièvre (coop santé buckingham),Clinics and ambulatory care,Gatineau,QC,45.583688,-75.413443,Province of Québec
gmf de la basse lièvre (polyclinique buckingham s.e.n.c.),Clinics and ambulatory care,Gatineau,QC,45.5894805,-75.41362079,Province of Québec
gmf de la clinique familiale saint-georges-de-beauce (clinique familiale saint-georges-de-beauce),Clinics and ambulatory care,Saint-Georges,QC,46.11125,-70.6519,Province of Québec
gmf de la clinique familiale saint-georges-de-beauce (clinique médicale saint-gédéon-de-beauce),Clinics and ambulatory care,Saint-Gédéon-De-Beauce,QC,45.85085,-70.6384,Province of Québec
gmf de la matapédia (centre médical de la vallée),Clinics and ambulatory care,Amqui,QC,48.465126,-67.431083,Province of Québec
gmf de la matapédia (clinique médicale de causapscal),Clinics and ambulatory care,Causapscal,QC,48.3551835,-67.2244896,Province of Québec
gmf de la matapédia (clinique médicale sayabec),Clinics and ambulatory care,Sayabec,QC,48.559431,-67.685412,Province of Québec
gmf de la minganie (centre multiservices de santé et de services sociaux de la minganie),Clinics and ambulatory care,Havre-Saint-Pierre,QC,50.23766,-63.604726,Province of Québec
gmf de la mitis (clinique médicale de mont-joli),Clinics and ambulatory care,Mont-Joli,QC,48.5872455,-68.1978217,Province of Québec
gmf de la mitis (clsc de la mitis),Clinics and ambulatory care,Mont-Joli,QC,48.571965,-68.215773,Province of Québec
gmf de laurier-station (centre de santé arthur-caux),Clinics and ambulatory care,Laurier-Station,QC,46.54003,-71.6307,Province of Québec
gmf de laurier-station (clinique médicale sainte-agathe),Clinics and ambulatory care,Sainte-Agathe-De-Lotbinière,QC,46.38778,-71.415,Province of Québec
gmf de lévis (centre médical lévis-lauzon),Clinics and ambulatory care,Lévis,QC,46.80798,-71.1623,Province of Québec
gmf de mascouche (médi-centre mascouche),Clinics and ambulatory care,Mascouche,QC,45.743836,-73.608207,Province of Québec
gmf de matane (clinique médicale de matane),Clinics and ambulatory care,Matane,QC,48.85252,-67.512502,Province of Québec
gmf de matane (clinique médicale saint-rédempteur),Clinics and ambulatory care,Matane,QC,48.847712,-67.522806,Province of Québec
gmf de matane (clsc de matane ( baie-des-sables)),Clinics and ambulatory care,Baie-Des-Sables,QC,48.7210863,-67.8937987,Province of Québec
gmf de montmagny (clinique médicale de montmagny),Clinics and ambulatory care,Montmagny,QC,46.98133,-70.5647,Province of Québec
gmf de montmagny (clinique médicale docteur simon morin),Clinics and ambulatory care,Saint-François-De-La-Rivière-Du-Sud,QC,46.88625,-70.7154,Province of Québec
gmf de montmagny (clinique médicale du cap saint-ignace),Clinics and ambulatory care,Cap-Saint-Ignace,QC,47.03748,-70.4589,Province of Québec
gmf de montmagny (clinique médico-dentaire de montmagny),Clinics and ambulatory care,Montmagny,QC,46.98054,-70.5677,Province of Québec
gmf de montmagny (clsc de saint-fabien-de-panet),Clinics and ambulatory care,Saint-Fabien-De-Panet,QC,46.657607,-70.152429,Province of Québec
gmf de montmagny (clsc de saint-pamphile),Clinics and ambulatory care,Saint-Pamphile,QC,46.96074,-69.7833,Province of Québec
gmf de montmagny (clsc et chsld de saint-jean-port-joli),Clinics and ambulatory care,Saint-Jean-Port-Joli,QC,47.20845,-70.2578,Province of Québec
gmf de saint-henri (clinique médicale saint-henri),Clinics and ambulatory care,Saint-Henri,QC,46.70408,-71.0742,Province of Québec
gmf de thetford (clinique médicale kingsville),Clinics and ambulatory care,Thetford Mines,QC,46.10632,-71.2808,Province of Québec
gmf de touraine (clinique médicale touraine),Clinics and ambulatory care,Gatineau,QC,45.493846,-75.688732,Province of Québec
gmf de témiscouata (clinique médicale cabano),Clinics and ambulatory care,Témiscouata-Sur-Le-Lac,QC,47.683652,-68.879645,Province of Québec
gmf de témiscouata (clinique médicale de squatec),Clinics and ambulatory care,Saint-Michel-Du-Squatec,QC,47.881742,-68.720328,Province of Québec
gmf de témiscouata (clinique médicale lac-des-aigles),Clinics and ambulatory care,Lac-Des-Aigles,QC,47.988945,-68.676196,Province of Québec
gmf de témiscouata (clinique médicale linda landry),Clinics and ambulatory care,Témiscouata-Sur-Le-Lac,QC,47.613636,-68.799209,Province of Québec
gmf de témiscouata (clsc de cabano),Clinics and ambulatory care,Témiscouata-Sur-Le-Lac,QC,47.679629,-68.886708,Province of Québec
gmf de témiscouata (clsc de dégelis),Clinics and ambulatory care,Dégelis,QC,47.548187,-68.642452,Province of Québec
gmf de témiscouata (clsc de lac-des-aigles),Clinics and ambulatory care,Lac-Des-Aigles,QC,47.988358,-68.676742,Province of Québec
gmf de témiscouata (clsc de rivière-bleue),Clinics and ambulatory care,Rivière-Bleue,QC,47.431894,-69.03893,Province of Québec
gmf de témiscouata (hôpital de notre-dame-du-lac),Clinics and ambulatory care,Témiscouata-Sur-Le-Lac,QC,47.611888,-68.798841,Province of Québec
gmf de wakefield (centre de médecine familiale de wakefield),Clinics and ambulatory care,La Pêche,QC,45.6378681,-75.9300599,Province of Québec
gmf de wakefield (clsc de val-des-monts),Clinics and ambulatory care,Val-Des-Monts,QC,45.585015,-75.619205,Province of Québec
gmf des abénakis (bureau du docteur pierre roy),Clinics and ambulatory care,Tring-Jonction,QC,46.27027,-70.9931,Province of Québec
gmf des abénakis (clinique médicale de saint-prosper),Clinics and ambulatory care,Saint-Prosper,QC,46.21349,-70.4808,Province of Québec
gmf des abénakis (clinique médicale de saint-zacharie),Clinics and ambulatory care,Saint-Zacharie,QC,46.12911,-70.3666,Province of Québec
gmf des abénakis (clinique médicale du carrefour),Clinics and ambulatory care,Saint-Georges,QC,46.13249,-70.7004,Province of Québec
gmf des affluents,Clinics and ambulatory care,Repentigny,QC,45.753293,-73.46819,Province of Québec
gmf des appalaches (clinique familiale de thetford mines),Clinics and ambulatory care,Thetford Mines,QC,46.10381,-71.2883,Province of Québec
gmf des appalaches (clinique médicale champlain),Clinics and ambulatory care,Disraeli,QC,45.90033,-71.3568,Province of Québec
gmf des aurores boreales (gmf-u des aurores boreales),Clinics and ambulatory care,La Sarre,QC,48.806153,-79.200826,Province of Québec
gmf des aurores boréales (clsc des aurores boréales),Clinics and ambulatory care,La Sarre,QC,48.786353,-79.198345,Province of Québec
gmf des aurores-boreales (clinique de santé de l'éveil),Clinics and ambulatory care,La Sarre,QC,48.792986,-79.2173,Province of Québec
gmf des aurores-boreales (polyclinique wabakin de la sarre),Clinics and ambulatory care,La Sarre,QC,48.788304,-79.200293,Province of Québec
gmf des aurores-boréales (clinique médicale du docteure hélène hottlet),Clinics and ambulatory care,La Sarre,QC,48.791071,-79.216749,Province of Québec
gmf des basques (centre de multiservices de santé et services sociaux de trois-pistoles),Clinics and ambulatory care,Trois-Pistoles,QC,48.1328999,-69.1605628,Province of Québec
gmf des basques (clsc saint-jean-de-dieu),Clinics and ambulatory care,Saint-Jean-De-Dieu,QC,48.006273,-69.041193,Province of Québec
gmf des basques clsc des basques (point de service saint-clément)),Clinics and ambulatory care,Saint-Clément,QC,47.923499,-69.096779,Province of Québec
gmf des boisés (clinique des boisés),Clinics and ambulatory care,Laval,QC,45.546564,-73.776731,Province of Québec
gmf des rivières (clinique médicale rivière-du-moulin),Clinics and ambulatory care,Saguenay,QC,48.421334,-71.040397,Province of Québec
gmf des samares (clinique médicale l'achigan),Clinics and ambulatory care,Saint-Roch-De-Lachigan,QC,45.860982,-73.596265,Province of Québec
gmf des samares (clinique médicale sainte-julienne),Clinics and ambulatory care,Sainte-Julienne,QC,45.960326,-73.707305,Province of Québec
gmf des seigneurs (polyclinique médicale de terrebonne),Clinics and ambulatory care,Terrebonne,QC,45.702319,-73.640438,Province of Québec
gmf des îles (clinique santé des îles ),Clinics and ambulatory care,Québec,QC,47.37429,-61.8746,Province of Québec
gmf des îles (clsc de l'archipel (point de service)),Clinics and ambulatory care,Québec,QC,47.37623,-61.8676,Province of Québec
gmf du boisé langevin (clinique médicale du boisé langevin),Clinics and ambulatory care,Rimouski,QC,48.445265,-68.523859,Province of Québec
gmf du centre de santé de témiscaming (point de service de témiscaming-et-de-kipawa),Clinics and ambulatory care,Témiscaming,QC,46.725619,-79.094178,Province of Québec
gmf du fjord (clinique médicale des 21),Clinics and ambulatory care,Saguenay,QC,48.330719,-70.889924,Province of Québec
gmf du fjord (clinique médicale l'anse-saint-jean),Clinics and ambulatory care,Lanse-Saint-Jean,QC,48.19714739,-70.24121636,Province of Québec
gmf du fleuve (clinique médicale de saint-fabien),Clinics and ambulatory care,Saint-Fabien,QC,48.295662,-68.866125,Province of Québec
gmf du fleuve (clinique médicale du docteur alain daigle),Clinics and ambulatory care,Rimouski,QC,48.3730998,-68.7100965,Province of Québec
gmf du fleuve (clinique médicale du phare),Clinics and ambulatory care,Rimouski,QC,48.506059,-68.466982,Province of Québec
gmf du grand-portage (clinique médicale de cacouna),Clinics and ambulatory care,Cacouna,QC,47.9741851,-69.4091239,Province of Québec
gmf du grand-portage (clinique médicale frontenac),Clinics and ambulatory care,Rivière-Du-Loup,QC,47.829587,-69.534682,Province of Québec
gmf du grand-portage (clinique médicale saint-antonin ),Clinics and ambulatory care,Saint-Antonin,QC,47.7828198,-69.4642552,Province of Québec
gmf du grand-portage (clsc de l'isle-verte),Clinics and ambulatory care,Lisle-Verte,QC,48.0147702,-69.336729,Province of Québec
gmf du grand-portage (clsc de rivière-du-loup),Clinics and ambulatory care,Rivière-Du-Loup,QC,47.830592,-69.536157,Province of Québec
gmf du pontiac (clinique médicale de campbell's bay),Clinics and ambulatory care,Campbells Bay,QC,45.733505,-76.60075,Province of Québec
gmf du pontiac (clinique médicale de fort-coulonge),Clinics and ambulatory care,Fort-Coulonge,QC,45.84187638,-76.73768233,Province of Québec
gmf du pontiac (clsc chapeau),Clinics and ambulatory care,Lîsle-Aux-Allumettes,QC,45.9103446,-77.07294316,Province of Québec
gmf du pontiac (clsc de quyon),Clinics and ambulatory care,Pontiac,QC,45.520254,-76.23069,Province of Québec
gmf du pontiac (clsc mansfield pontefract),Clinics and ambulatory care,Mansfield-Et-Pontefract,QC,45.847977,-76.7299523,Province of Québec
gmf du pontiac (clsc otter lake),Clinics and ambulatory care,Otter Lake,QC,45.84553314,-76.43284297,Province of Québec
gmf du pontiac (clsc shawville),Clinics and ambulatory care,Shawville,QC,45.60593645,-76.48669844,Province of Québec
gmf du royaume (clinique médicale barrette),Clinics and ambulatory care,Saguenay,QC,48.39511898,-71.0733941,Province of Québec
gmf fabreville (super-clinique),Clinics and ambulatory care,Laval,QC,45.576417,-73.786654,Province of Québec
gmf félimédic (clinique médicale saint-félix-de-valois),Clinics and ambulatory care,Saint-Félix-De-Valois,QC,46.1546593,-73.4315067,Province of Québec
gmf grand-gaspé (clinique médicale centre-ville),Clinics and ambulatory care,Gaspé,QC,48.82867,-64.4847,Province of Québec
gmf grand-gaspé (clinique médicale du hâvre),Clinics and ambulatory care,Gaspé,QC,48.83291,-64.4809,Province of Québec
gmf grand-gaspé (clinique médicale synergie),Clinics and ambulatory care,Gaspé,QC,48.83944,-64.4834,Province of Québec
gmf grand-gaspé (clinique point.com),Clinics and ambulatory care,Gaspé,QC,48.82571,-64.5001,Province of Québec
gmf grand-gaspé (clsc de barachois),Clinics and ambulatory care,Percé,QC,48.61777,-64.2797,Province of Québec
gmf grand-gaspé (clsc de rivière-au-renard),Clinics and ambulatory care,Gaspé,QC,48.98881,-64.3739,Province of Québec
gmf grand-gaspé (gmf-u),Clinics and ambulatory care,Gaspé,QC,48.81301,-64.4949,Province of Québec
gmf harricana (clinique médicale amos),Clinics and ambulatory care,Amos,QC,48.574857,-78.127023,Province of Québec
gmf haute-gaspésie (clinique des monts),Clinics and ambulatory care,Sainte-Anne-Des-Monts,QC,49.12548,-66.5008,Province of Québec
gmf haute-gaspésie (clinique du docteur michel-xavier simard),Clinics and ambulatory care,Sainte-Anne-Des-Monts,QC,49.12402,-66.5069,Province of Québec
gmf haute-gaspésie (clsc de cap-chat),Clinics and ambulatory care,Cap-Chat,QC,49.09694,-66.6864,Province of Québec
gmf haute-gaspésie (clsc de mont-louis),Clinics and ambulatory care,Saint-Maxime-Du-Mont-Louis,QC,49.22858,-65.7351,Province of Québec
gmf haute-gaspésie (clsc de sainte-anne-des-monts),Clinics and ambulatory care,Sainte-Anne-Des-Monts,QC,49.11831,-66.4837,Province of Québec
gmf horizon santé (clinique médicale horizon santé),Clinics and ambulatory care,Port-Cartier,QC,50.020753,-66.881909,Province of Québec
gmf horizon santé (csss de port-cartier),Clinics and ambulatory care,Port-Cartier,QC,50.023694,-66.893971,Province of Québec
gmf jolibourg (centre médical jolibourg),Clinics and ambulatory care,Laval,QC,45.524665,-73.85286,Province of Québec
gmf la baie (clinique médicale de la baie),Clinics and ambulatory care,Saguenay,QC,48.339408,-70.881277,Province of Québec
gmf lac-saint-jean-est (clinique de médecine générale d'alma ),Clinics and ambulatory care,Alma,QC,48.556729,-71.639048,Province of Québec
gmf lac-saint-jean-est (clinique médicale de métabetchouan),Clinics and ambulatory care,Métabetchouan Lac-À-La-Croix,QC,48.426622,-71.871561,Province of Québec
gmf lac-saint-jean-est (clinique médicale du manoir),Clinics and ambulatory care,Alma,QC,48.577276,-71.627004,Province of Québec
gmf lac-saint-jean-est (unité de médecine familiale d'alma),Clinics and ambulatory care,Alma,QC,48.550653,-71.664615,Province of Québec
gmf lafontaine (groupe de médecine de famille lafontaine),Clinics and ambulatory care,Rivière-Du-Loup,QC,47.834385,-69.53796,Province of Québec
gmf laurier de la pinière (centre médical de la pinière),Clinics and ambulatory care,Terrebonne,QC,45.7238639,-73.6826324,Province of Québec
gmf laurier de la pinière (centre médical laurier),Clinics and ambulatory care,Terrebonne,QC,45.7558996,-73.7143176,Province of Québec
gmf lavaltrie-lanoraie (clinique médicale lavaltrie),Clinics and ambulatory care,Lavaltrie,QC,45.8935337,-73.2990397,Province of Québec
gmf le carrefour médical (centre médical le carrefour),Clinics and ambulatory care,Laval,QC,45.567495,-73.749986,Province of Québec
gmf le gardeurois,Clinics and ambulatory care,Repentigny,QC,45.7432104,-73.4833489,Province of Québec
gmf les eskers d'amos (clinique médicale le norois),Clinics and ambulatory care,Amos,QC,48.574857,-78.127023,Province of Québec
gmf les eskers d'amos (gmf-u les eskers et groupe médicale soleil),Clinics and ambulatory care,Amos,QC,48.574933,-78.127853,Province of Québec
gmf les myrtilles du lac (centre médical de saint-félicien),Clinics and ambulatory care,Saint-Félicien,QC,48.655131,-72.459588,Province of Québec
gmf les myrtilles du lac (clinique médicale de roberval),Clinics and ambulatory care,Roberval,QC,48.5453508,-72.2782688,Province of Québec
gmf les myrtilles du lac (clinique médicale olivier-vien),Clinics and ambulatory care,Roberval,QC,48.518819,-72.221656,Province of Québec
gmf les myrtilles du lac (clinique médicale saint-prime),Clinics and ambulatory care,Saint-Prime,QC,48.593295,-72.333239,Province of Québec
gmf les myrtilles du lac (clsc de saint-félicien),Clinics and ambulatory care,Saint-Félicien,QC,48.653138,-72.44633,Province of Québec
gmf lévis-les rivières (gmf centre médical lévis-les rivières),Clinics and ambulatory care,Lévis,QC,46.73092,-71.2958,Province of Québec
gmf maria-chapdelaine (centre médical dolbeau),Clinics and ambulatory care,Dolbeau-Mistassini,QC,48.880871,-72.228305,Province of Québec
gmf maria-chapdelaine (clinique de médecine familiale de dolbeau),Clinics and ambulatory care,Dolbeau-Mistassini,QC,48.880935,-72.228699,Province of Québec
gmf maria-chapdelaine (clinique de médecine familiale de mistassini),Clinics and ambulatory care,Dolbeau-Mistassini,QC,48.890672,-72.206834,Province of Québec
gmf maria-chapdelaine (clinique du docteur réal dallaire),Clinics and ambulatory care,Albanel,QC,48.883782,-72.439981,Province of Québec
gmf maria-chapdelaine (clinique médicale de girardville),Clinics and ambulatory care,Girardville,QC,49.0046397,-72.544803,Province of Québec
gmf maria-chapdelaine (clinique médicale de milot),Clinics and ambulatory care,Saint-Ludger-De-Milot,QC,48.897037,-71.820205,Province of Québec
gmf maria-chapdelaine (clinique médicale de mistassini),Clinics and ambulatory care,Dolbeau-Mistassini,QC,48.894188,-72.204506,Province of Québec
gmf maria-chapdelaine (clsc et centre d'hébergement de normandin),Clinics and ambulatory care,Normandin,QC,48.8388,-72.531076,Province of Québec
gmf maria-chapdelaine (service médical de normandin),Clinics and ambulatory care,Normandin,QC,48.83698,-72.529688,Province of Québec
gmf maska (clinique de saint-hyacinthe),Clinics and ambulatory care,Saint-Hyacinthe,QC,45.646413,-72.953698,Province of Québec
gmf matawinie (clinique médicale de rawdon),Clinics and ambulatory care,Rawdon,QC,46.0373504,-73.7010985,Province of Québec
gmf matawinie (clinique médicale saint-thomas),Clinics and ambulatory care,Saint-Thomas,QC,46.0139829,-73.3550138,Province of Québec
gmf montcalm (clinique de médecine familiale montcalm),Clinics and ambulatory care,Saguenay,QC,48.42759,-71.071096,Province of Québec
gmf monteuil (clinique médicale monteuil),Clinics and ambulatory care,Laval,QC,45.61558,-73.740695,Province of Québec
gmf médi-centre chomedey (centre médical samson),Clinics and ambulatory care,Laval,QC,45.529325,-73.75753,Province of Québec
gmf médi-centre chomedey (super-clinique)(médi-centre chomedey),Clinics and ambulatory care,Laval,QC,45.53662,-73.742619,Province of Québec
gmf nouvelle-beauce (centre médical de la nouvelle-beauce),Clinics and ambulatory care,Sainte-Marie,QC,46.45322,-71.0267,Province of Québec
gmf nouvelle-beauce (clinique médicale saint-bernard),Clinics and ambulatory care,Saint-Bernard,QC,46.49964,-71.1354,Province of Québec
gmf nouvelle-beauce (clinique médicale saint-isidore),Clinics and ambulatory care,Saint-Isidore,QC,46.58575,-71.0915,Province of Québec
gmf nouvelle-beauce (clinique médicale vallée-jonction),Clinics and ambulatory care,Vallée-Jonction,QC,46.37176,-70.9209,Province of Québec
gmf nouvelle-beauce (clsc et centre d'hébergement de sainte-marie),Clinics and ambulatory care,Sainte-Marie,QC,46.45266,-71.0274,Province of Québec
gmf nouvelle-beauce (coopérative de solidarité régionale de services de santé de frampton),Clinics and ambulatory care,Frampton,QC,46.46183,-70.809,Province of Québec
gmf omni-plateau (clinique médicale champlain),Clinics and ambulatory care,Gatineau,QC,45.427099,-75.762591,Province of Québec
gmf omni-plateau (clinique médicale du plateau),Clinics and ambulatory care,Gatineau,QC,45.437999,-75.784745,Province of Québec
gmf omni-plateau (omniclinique de l'outaouais),Clinics and ambulatory care,Gatineau,QC,45.462594,-75.745182,Province of Québec
gmf petite-nation (clsc et centre d'hébergement petite-nation),Clinics and ambulatory care,Saint-André-Avellin,QC,45.7224089,-75.0623048,Province of Québec
gmf polyclinique boréale (centre de médecine familiale de baie-comeau),Clinics and ambulatory care,Baie-Comeau,QC,49.213758,-68.193841,Province of Québec
gmf polyclinique boréale (polyclinique boréale),Clinics and ambulatory care,Baie-Comeau,QC,49.199538,-68.255767,Province of Québec
gmf polyclinique du centre de l'île,Clinics and ambulatory care,Laval,QC,45.569595,-73.740192,Province of Québec
gmf polyclinique médicale pierre-le gardeur (gmf-r),Clinics and ambulatory care,Terrebonne,QC,45.725788,-73.5091314,Province of Québec
gmf rocher-percé (clinique de médecine familiale de chandler),Clinics and ambulatory care,Chandler,QC,48.34985,-64.6759,Province of Québec
gmf rocher-percé (clsc chandler),Clinics and ambulatory care,Chandler,QC,48.35381,-64.6705,Province of Québec
gmf rocher-percé (clsc percé),Clinics and ambulatory care,Percé,QC,48.52668,-64.2136,Province of Québec
gmf rousseau-montcalm (centre médical des laurentides),Clinics and ambulatory care,Saint-Lin Laurentides,QC,45.866413,-73.757694,Province of Québec
gmf rouyn-noranda (accueil gmf),Clinics and ambulatory care,Rouyn-Noranda,QC,48.241631,-79.020006,Province of Québec
gmf rouyn-noranda (centre médical larivière),Clinics and ambulatory care,Rouyn-Noranda,QC,48.23107,-79.014285,Province of Québec
gmf rouyn-noranda (clinique alliance),Clinics and ambulatory care,Rouyn-Noranda,QC,48.247598,-79.018058,Province of Québec
gmf rouyn-noranda (clinique médicale accès-santé),Clinics and ambulatory care,Rouyn-Noranda,QC,48.241631,-79.020006,Province of Québec
gmf rouyn-noranda (clinique médicale du cuivre),Clinics and ambulatory care,Rouyn-Noranda,QC,48.239724,-79.019606,Province of Québec
gmf rouyn-noranda (clinique médicale fleur de lys),Clinics and ambulatory care,Rouyn-Noranda,QC,48.241631,-79.020006,Province of Québec
gmf rouyn-noranda (clinique médicale évain),Clinics and ambulatory care,Rouyn-Noranda,QC,48.237802,-79.131445,Province of Québec
gmf rouyn-noranda (clsc partage des eaux),Clinics and ambulatory care,Rouyn-Noranda,QC,48.243329,-79.021069,Province of Québec
gmf rouyn-noranda (gmf-u rouyn-noranda),Clinics and ambulatory care,Rouyn-Noranda,QC,48.244026,-79.02049,Province of Québec
gmf saguenay (clinique de médecine familiale saguenay),Clinics and ambulatory care,Saguenay,QC,48.415456,-71.054262,Province of Québec
gmf saint-alexandre (clinique médicale saint-alexandre),Clinics and ambulatory care,Gatineau,QC,45.48738,-75.745459,Province of Québec
gmf saint-charles (centre médical saint-charles),Clinics and ambulatory care,Terrebonne,QC,45.695747,-73.614851,Province of Québec
gmf saint-donat (clinique médicale du village),Clinics and ambulatory care,Saint-Donat,QC,45.695677,-73.614489,Province of Québec
gmf saint-donat (clsc de chertsey),Clinics and ambulatory care,Chertsey,QC,46.073094,-73.889108,Province of Québec
gmf saint-donat (clsc de saint-donat),Clinics and ambulatory care,Saint-Donat,QC,46.321581,-74.22217,Province of Québec
gmf saint-paul (clinique médicale saint-paul),Clinics and ambulatory care,Repentigny,QC,45.761807,-73.48813,Province of Québec
gmf sainte-croix / saint-patrice (clinique médicale sainte-croix),Clinics and ambulatory care,Sainte-Croix,QC,46.62331,-71.7412,Province of Québec
gmf sainte-croix/saint-patrice (coopérative de solidarité santé du sud de lotbinière),Clinics and ambulatory care,Saint-Patrice-De-Beaurivage,QC,46.41135,-71.2392,Province of Québec
gmf sainte-dorothée (bureau des docteurs gilles et pierre liboiron),Clinics and ambulatory care,Laval,QC,45.550515,-73.710398,Province of Québec
gmf sainte-dorothée (bureau dr perron et al.),Clinics and ambulatory care,Laval,QC,45.550377,-73.758933,Province of Québec
gmf sainte-dorothée (clinique médicale sainte-dorothée) (super-clinique),Clinics and ambulatory care,Laval,QC,45.522912,-73.782703,Province of Québec
gmf sainte-rose (clinique médicale ste-rose),Clinics and ambulatory care,Laval,QC,45.600504,-73.788713,Province of Québec
gmf sainte-rose (super-clinique) (clsc sainte-rose / centre d'hébergement rose-de-lima),Clinics and ambulatory care,Laval,QC,45.608132,-73.78944,Province of Québec
gmf sydenham,Clinics and ambulatory care,Saguenay,QC,48.420203,-71.043226,Province of Québec
gmf taniata (clinique médicale taniata),Clinics and ambulatory care,Lévis,QC,46.73631,-71.2132,Province of Québec
gmf témiscavie (coopérative santé témiscavie),Clinics and ambulatory care,Ville-Marie,QC,47.333808,-79.443509,Province of Québec
gmf témiscavie (pavillon sainte-famille),Clinics and ambulatory care,Ville-Marie,QC,47.33312,-79.444387,Province of Québec
gmf vallée-de-l'or (clinique docteur claude malenfant),Clinics and ambulatory care,Val-Dor,QC,48.097395,-77.820081,Province of Québec
gmf vallée-de-l'or (clinique médicale de l'or-et-des-bois),Clinics and ambulatory care,Val-Dor,QC,48.104844,-77.786488,Province of Québec
gmf vallée-de-l'or (clsc malartic),Clinics and ambulatory care,Malartic,QC,48.140901,-78.127434,Province of Québec
gmf vallée-de-l'or (gmf-u de la vallée-de-l'or),Clinics and ambulatory care,Val-Dor,QC,48.095794,-77.795041,Province of Québec
gmf vallée-de-l'or / clinique familiale des pins,Clinics and ambulatory care,Val-Dor,QC,48.091385,-77.799609,Province of Québec
gmf vallée-de-la-batiscan (clinique médicale la pérade),Clinics and ambulatory care,Sainte-Anne-De-La-Pérade,QC,46.5720304,-72.2019672,Province of Québec
gmf vallée-de-la-batiscan (clinique médicale saint-stanislas),Clinics and ambulatory care,Saint-Stanislas,QC,46.6120369,-72.385506,Province of Québec
gmf vallée-de-la-batiscan (clinique médicale saint-tite),Clinics and ambulatory care,Saint-Tite,QC,46.72714405,-72.56824425,Province of Québec
gmf vallée-de-la-batiscan (clsc saint-tite),Clinics and ambulatory care,Saint-Tite,QC,46.7291667,-72.557454,Province of Québec
gmf vallée-de-la-batiscan (clsc sainte-geneviève-de-bastiscan),Clinics and ambulatory care,Sainte-Geneviève-De-Batiscan,QC,46.541939,-72.344262,Province of Québec
gmf vallée-de-la-batiscan (coopérative de solidarité santé de sainte-thècle),Clinics and ambulatory care,Sainte-Thècle,QC,46.8179904,-72.5045341,Province of Québec
gmf vallée-de-la-gatineau (centre médical de maniwaki),Clinics and ambulatory care,Maniwaki,QC,46.376865,-75.981046,Province of Québec
gmf vallée-de-la-gatineau (clinique médicale du cap),Clinics and ambulatory care,Maniwaki,QC,46.374999,-75.98125,Province of Québec
gmf vallée-de-la-gatineau (clinique santé de grand-remous),Clinics and ambulatory care,Grand-Remous,QC,46.6071771,-75.90146832,Province of Québec
gmf vallée-de-la-gatineau (clinique santé haute-gatineau),Clinics and ambulatory care,Gracefield,QC,46.09365969,-76.05143385,Province of Québec
gmf vallée-de-la-gatineau (clsc gracefield),Clinics and ambulatory care,Gracefield,QC,46.385088,-75.981673,Province of Québec
gmf vallée-de-la-gatineau (clsc maniwaki),Clinics and ambulatory care,Maniwaki,QC,46.383967,-75.984479,Province of Québec
gmf valmont-boisé-lanaudière (clinique médicale du boisé),Clinics and ambulatory care,Repentigny,QC,45.754125,-73.46074,Province of Québec
gmf valmont-boisé-lanaudière (clinique médicale valmont),Clinics and ambulatory care,Repentigny,QC,45.760335,-73.425402,Province of Québec
gmf vents et marées (clinique médicale vents et marées),Clinics and ambulatory care,Sept-Îles,QC,50.204607,-66.384098,Province of Québec
gmf vivacité (clinique médicale omni plus),Clinics and ambulatory care,Terrebonne,QC,45.69268945,-73.63685893,Province of Québec
gmf vivacité (clinique vivacité),Clinics and ambulatory care,Terrebonne,QC,45.707457,-73.621805,Province of Québec
gmf-r clinique médigo (clinique medigo),Clinics and ambulatory care,Gatineau,QC,45.445957,-75.750426,Province of Québec
gmf-r herzl (clinique sans rendez-vous herzl),Clinics and ambulatory care,Montréal,QC,45.49969,-73.63,Province of Québec
gmf-r lévis-métro (clinique médicale lévis-métro),Clinics and ambulatory care,Lévis,QC,46.79138,-71.1666,Province of Québec
gmf-u de chicoutimi,Clinics and ambulatory care,Saguenay,QC,48.425643,-71.050317,Province of Québec
gmf-u de lévis (coopérative santé des monts de bellechasse),Clinics and ambulatory care,Saint-Damien-De-Buckland,QC,46.6236,-70.6589,Province of Québec
gmf-u de lévis (groupe de médecine de famille universitaire de lévis),Clinics and ambulatory care,Lévis,QC,46.73554,-71.2635,Province of Québec
gmf-u de manicouagan (gmf-u et clsc lionel-charest),Clinics and ambulatory care,Baie-Comeau,QC,49.208972,-68.237802,Province of Québec
gmf-u des etchemins (clinique médicale sainte-justine),Clinics and ambulatory care,Sainte-Justine,QC,46.40592,-70.3532,Province of Québec
gmf-u des etchemins (groupe de médecine de famille universitaire),Clinics and ambulatory care,Lac-Etchemin,QC,46.40058,-70.498,Province of Québec
gmf-u du marigot (clsc et gmf-u du marigot),Clinics and ambulatory care,Laval,QC,45.5868128,-73.7106477,Province of Québec
gmf-u du nord de lanaudière (gmf-u de saint-charles-borromée),Clinics and ambulatory care,Saint-Charles-Borromée,QC,46.040376,-73.453861,Province of Québec
gmf-u du sud de lanaudière (centre multiservices de santé et de services sociaux claude-david),Clinics and ambulatory care,Repentigny,QC,45.718545,-73.47482,Province of Québec
gmf-u laval (hôpital de la cité-de-la-santé),Clinics and ambulatory care,Laval,QC,45.602794,-73.710641,Province of Québec
gmf-u maizerets (clsc et gmf-u de maizerets),Clinics and ambulatory care,Québec,QC,46.843623,-71.218276,Province of Québec
gmf-u maria (gesgapegiag health and community services),Clinics and ambulatory care,Gesgapegiag,QC,48.19946,-65.9194,Province of Québec
gmf-u maria (umf),Clinics and ambulatory care,Maria,QC,48.1693,-65.9934,Province of Québec
gmf-u quatre-bourgeois (gmf-u quatre-bourgeois),Clinics and ambulatory care,Québec,QC,46.778074,-71.294419,Province of Québec
gmf-u saint-françois d'assise (gmf-umf saint-françois d'assise),Clinics and ambulatory care,Québec,QC,46.827727,-71.236474,Province of Québec
gmf-u trois-rivières (centre multiservices de santé et de services sociaux saint-joseph),Clinics and ambulatory care,Trois-Rivières,QC,46.347527,-72.545947,Province of Québec
gmf-u trois-rivières (clinique médicale de francheville),Clinics and ambulatory care,Trois-Rivières,QC,46.347519,-72.545947,Province of Québec
gmf-universitaire de gatineau,Clinics and ambulatory care,Gatineau,QC,45.493305,-75.688689,Province of Québec
gouvernail (réadaptation interne adolescents) (le),Residential and long-term care,Québec,QC,46.86327,-71.2094,Province of Québec
grace dart extended care centre,Residential and long-term care,Montréal,QC,45.5589563,-73.5286176,Public Health Agency of Canada
grand chemin (le),Residential and long-term care,Saint-Célestin,QC,46.21392,-72.4332529,Province of Québec
groupe de médecine de famille universitaire de drummondville,Clinics and ambulatory care,Drummondville,QC,45.87621,-72.482003,Province of Québec
groupe de médecine de famille universitaire et clsc de shawinigan,Clinics and ambulatory care,Shawinigan,QC,46.524381,-72.744222,Province of Québec
groupe de médecine de famille universitaire la pommeraie,Hospitals,Cowansville,QC,45.19137,-72.753245,Province of Québec
groupe santé medisys,Clinics and ambulatory care,Québec,QC,46.756239,-71.294824,Province of Québec
groupe solutions médic du littoral,Clinics and ambulatory care,Rimouski,QC,48.506112,-68.467015,Province of Québec
gîte-ami (le),Residential and long-term care,Gatineau,QC,45.4332045,-75.72618995,Province of Québec
habitat jeunesse mascouche,Residential and long-term care,Mascouche,QC,45.747696,-73.602173,Province of Québec
habitations communautaires le gîte (les),Residential and long-term care,Baie-Comeau,QC,49.18965,-68.248156,Province of Québec
habitations jean-pierre valiquette,Residential and long-term care,Montréal,QC,45.5359958,-73.5580317,Province of Québec
habitations l'escalier de montréal (les),Residential and long-term care,Montréal,QC,45.4023322,-75.2439282,Province of Québec
hamac (le),Residential and long-term care,Shawinigan,QC,46.5540709,-72.7427411,Province of Québec
havre-jeunesse (centre administratif),Residential and long-term care,Montréal,QC,45.4602102,-73.5649736,Province of Québec
homewood du plateau,Residential and long-term care,Montréal,QC,45.5178199,-73.5884153,Province of Québec
hopital chauveau,Hospitals,Québec,QC,46.8532103,-71.3700112,Public Health Agency of Canada
hopital de chisasibi,Hospitals,Chisasibi,QC,53.783754,-78.89149,Province of Québec
huntingdon county hospital centre,Residential and long-term care,Huntingdon,QC,45.082501,-74.177567,Public Health Agency of Canada
hâvre jeunesse - teen haven,Residential and long-term care,Montréal,QC,45.4505174,-73.5803083,Province of Québec
hébergement d'urgence lanaudière,Residential and long-term care,Joliette,QC,46.020614,-73.446624,Province of Québec
hébergement jeunesse le tournant,Residential and long-term care,Montréal,QC,45.3850067,-75.2490965,Province of Québec
hébergement la casa bernard hubert,Residential and long-term care,Longueuil,QC,45.515863,-73.498653,Province of Québec
hébergement îlot desjardins,Residential and long-term care,Lévis,QC,46.806046,-71.182811,Province of Québec
hébergements de l'envol (les),Residential and long-term care,Montréal,QC,45.5453459,-73.6075832,Province of Québec
héberjeune de parc extension,Residential and long-term care,Montréal,QC,45.528855,-73.6224081,Province of Québec
hôpital anna-laberge,Hospitals,Chæteauguay,QC,45.3458424,-73.7634013,Public Health Agency of Canada
hôpital barrie-memorial (l'),Hospitals,Ormstown,QC,45.126498,-74.000058,Province of Québec
hôpital brome-missisquoi-perkins,Hospitals,Cowansville,QC,45.207556,-72.714475,Province of Québec
hôpital catherine booth,Hospitals,Montréal,QC,45.464403,-73.635495,Province of Québec
hôpital charles lemoyne,Hospitals,Greenfield Park,QC,45.4969984,-73.4859921,Public Health Agency of Canada
hôpital christ-roi,Hospitals,Québec City,QC,46.81135599,-71.25837456,Municipality of Québec
hôpital d'alma,Hospitals,Alma,QC,48.550809,-71.6647,Province of Québec
hôpital de baie-saint-paul,Hospitals,Baie-Saint-Paul,QC,47.43984,-70.512085,Province of Québec
hôpital de chandler,Hospitals,Chandler,QC,48.35472,-64.671412,Province of Québec
hôpital de chicoutimi,Hospitals,Chicoutimi,QC,48.425918,-71.048764,Public Health Agency of Canada
hôpital de dolbeau-mistassini,Hospitals,Dolbeau-Mistassini,QC,48.885975,-72.23912,Province of Québec
hôpital de gaspé,Hospitals,Gaspé,QC,48.8130354,-64.4967751,Province of Québec
hôpital de gatineau,Hospitals,Gatineau,QC,45.493367,-75.691282,Public Health Agency of Canada
hôpital de granby,Hospitals,Granby,QC,45.41103,-72.723085,Province of Québec
hôpital de hull,Hospitals,Gatineau,QC,45.4448557,-75.74604702,Province of Québec
hôpital de jour (pavillon marcel d'amour) (clinique externe),Hospitals,Gatineau,QC,45.42507545,-75.74100536,Province of Québec
hôpital de jour gériatrique,Hospitals,Gatineau,QC,45.493517,-75.676739,Municipality of Gatineau
hôpital de l'archipel,Hospitals,Cap-Aux-Meules,QC,47.3764321,-61.8678822,Public Health Agency of Canada
hôpital de l'enfant-jésus,Hospitals,Québec,QC,46.83723,-71.226427,Province of Québec
hôpital de la baie,Hospitals,Saguenay,QC,48.344032,-70.883151,Province of Québec
hôpital de la cité de la santé,Hospitals,Laval,QC,45.603333,-73.7107385,Public Health Agency of Canada
hôpital de la malbaie,Hospitals,La Malbaie,QC,47.6558189,-70.152255,Public Health Agency of Canada
hôpital de lachine du cusm,Hospitals,Montréal,QC,45.441059,-73.677263,Province of Québec
hôpital de lasalle,Hospitals,Montréal,QC,45.4208068,-73.6235347,Province of Québec
hôpital de maniwaki,Hospitals,Maniwaki,QC,45.390854,-75.97916,Province of Québec
hôpital de maria,Hospitals,Maria,QC,48.169466,-65.993414,Province of Québec
hôpital de matane,Hospitals,Matane,QC,48.843559,-67.524394,Province of Québec
hôpital de mattawa hospital,Hospitals,Ville-Marie,QC,47.333902,-79.445626,Canadian Institute for Health Information
hôpital de mont-laurier,Hospitals,Mont-Laurier,QC,46.549126,-75.517757,Province of Québec
hôpital de montmagny (hôpital et centre de réadaptation en déficience physique de montmagny),Hospitals,Montmagny,QC,46.976535,-70.597061,Province of Québec
hôpital de montréal pour enfants du cusm,Hospitals,Montréal,QC,45.47208109,-73.60325961,Province of Québec
hôpital de papineau,Hospitals,Gatineau,QC,45.58853445,-75.41196955,Province of Québec
hôpital de rouyn-noranda,Hospitals,Rouyn-Noranda,QC,48.243586,-79.019483,Province of Québec
hôpital de réadaptation lindsay,Hospitals,Montréal,QC,45.5068804,-73.62967568,Province of Québec
hôpital de saint-eustache,Hospitals,Saint-Eustache,QC,45.5711845,-73.9132858,Public Health Agency of Canada
hôpital de saint-georges,Hospitals,Saint-Georges,QC,46.109787,-70.685143,Province of Québec
hôpital de sainte-anne-de-beaupré,Hospitals,Beaupré,QC,47.04294,-70.899944,Province of Québec
hôpital de sainte-anne-des-monts,Hospitals,Sainte-Anne-Des-Monts,QC,49.118935,-66.483001,Province of Québec
hôpital de sept-îles,Hospitals,Sept-Îles,QC,50.20986,-66.383608,Province of Québec
hôpital de soins psychiatriques de l'est-de-montréal,Hospitals,Montréal,QC,45.5889192,-73.5306798,Province of Québec
hôpital de thetford mines,Hospitals,Thetford Mines,QC,46.109414,-71.278465,Province of Québec
hôpital de val-d'or,Hospitals,Val-Dor,QC,48.0963249,-77.7971324,Public Health Agency of Canada
hôpital de verdun,Hospitals,Montréal,QC,45.464106,-73.563672,Province of Québec
hôpital du centre-de-la-mauricie,Hospitals,Shawinigan,QC,46.525784,-72.743663,Province of Québec
hôpital du christ-roi,Hospitals,Nicolet,QC,46.2306001,-72.6267734,Public Health Agency of Canada
hôpital du haut-richelieu,Hospitals,Saint-Jean-Sur-Richelieu,QC,45.3324935,-73.2701875,Public Health Agency of Canada
hôpital du pontiac,Hospitals,Shawville,QC,45.606066,-75.4842,Province of Québec
hôpital du sacré-coeur-de-montréal,Hospitals,Montréal,QC,45.53261595,-73.71415343,Province of Québec
hôpital du saint-sacrement,Hospitals,Québec,QC,46.79931,-71.246122,Province of Québec
hôpital du suroît,Hospitals,Salaberry-De-Valleyfield,QC,45.250811,-74.130645,Province of Québec
hôpital en santé mentale et clsc de malartic,Hospitals,Malartic,QC,48.141458,-78.128396,Province of Québec
hôpital et centre de réadaptation de jonquière,Hospitals,Saguenay,QC,48.413119,-72.234345,Province of Québec
hôpital et clsc d'amqui,Hospitals,Amqui,QC,48.468969,-67.420272,Province of Québec
hôpital et clsc de témiscouata-sur-le-lac,Hospitals,Témiscouata-Sur-Le-Lac,QC,47.611888,-68.798841,Province of Québec
hôpital fleurimont,Hospitals,Sherbrooke,QC,45.447556,-71.870172,Province of Québec
hôpital fleury,Hospitals,Montréal,QC,45.5717537,-73.6505287,Province of Québec
hôpital general de sorel,Residential and long-term care,Sorel-Tracy,QC,46.0461353,-73.1088722,Public Health Agency of Canada
hôpital général de montréal du cusm,Hospitals,Montréal,QC,45.49709,-73.588735,Province of Québec
hôpital général du lakeshore,Hospitals,Pointe-Claire,QC,45.448734,-73.833357,Province of Québec
hôpital général juif (pavillon 4335),Hospitals,Montréal,QC,45.495899,-73.630671,Province of Québec
hôpital général juif sir mortimer b. davis,Hospitals,Montréal,QC,45.497895,-73.62884,Canadian Institute for Health Information
hôpital général juif sir mortimer b. davis (centre administratif),Hospitals,Montréal,QC,45.498107,-73.62945935,Province of Québec
hôpital honoré-mercier,Hospitals,Saint-Hyacinthe,QC,45.633597,-72.960324,Province of Québec
hôpital hôtel-dieu d'amos,Hospitals,Amos,QC,48.574766,-78.12549,Province of Québec
hôpital hôtel-dieu de gaspé,Hospitals,Gaspé,QC,48.8138677,-64.498241,Public Health Agency of Canada
hôpital hôtel-dieu de québec,Hospitals,Québec,QC,46.8153,-71.210835,Province of Québec
hôpital jean-talon,Hospitals,Montréal,QC,45.5460212,-73.60934416,Province of Québec
hôpital jeffery hale,Hospitals,Québec City,QC,46.79666529,-71.25326166,Municipality of Québec
hôpital jeffery hale - saint brigid's,Hospitals,Québec,QC,46.796683,-71.25312,Public Health Agency of Canada
hôpital juif de réadaptation,Residential and long-term care,Laval,QC,45.548509,-73.737525,Province of Québec
hôpital laurentien,Hospitals,Sainte-Agathe-Des-Monts,QC,46.055237,-74.288742,Province of Québec
hôpital laval,Hospitals,Sainte-Foy,QC,46.7791191,-71.2976016,Public Health Agency of Canada
hôpital le royer,Hospitals,Baie-Comeau,QC,49.190848,-68.252538,Province of Québec
hôpital louis-h. lafontaine,Hospitals,Montréal,QC,45.5884937,-73.5291412,Public Health Agency of Canada
hôpital maisonneuve-rosemont,Hospitals,Montréal,QC,45.573411,-73.558466,Public Health Agency of Canada
hôpital maisonneuve-rosemont (pavillon maisonneuve et pavillon marcel-lamoureux),Hospitals,Montréal,QC,45.573921,-73.559898,Province of Québec
hôpital maisonneuve-rosemont (pavillon rosemont),Hospitals,Montréal,QC,45.577485,-73.561804,Province of Québec
hôpital marie clarac,Hospitals,Montréal,QC,45.590999,-73.649862,Province of Québec
hôpital marie-clarac des soeurs de charité de sainte-marie (1995) inc. (centre administratif),Hospitals,Montréal,QC,45.590614,-73.64884,Province of Québec
hôpital mont-sinaï,Hospitals,Côte-Saint-Luc,QC,45.474045,-73.657392,Province of Québec
hôpital mont-sinaï (centre administratif),Hospitals,Côte-Saint-Luc,QC,45.474045,-73.657392,Province of Québec
hôpital mémorial de wakefield (l'),Hospitals,La Pêche,QC,45.64902085,-75.93248465,Province of Québec
hôpital neurologique de montréal du cusm,Hospitals,Montréal,QC,45.50917825,-73.58091784,Province of Québec
hôpital notre-dame,Hospitals,Montréal,QC,45.525845,-73.564308,Province of Québec
hôpital notre-dame-de-fatima,Hospitals,La Pocatière,QC,47.3736225,-70.0262725,Province of Québec
hôpital pierre-boucher,Hospitals,Longueuil,QC,45.538096,-73.4581842,Public Health Agency of Canada
hôpital pierre-janet (20 pharand),Hospitals,Gatineau,QC,45.4255799,-75.74021944,Province of Québec
hôpital pierre-janet (programme soutien dans la communauté santé mentale ) (siv-sim),Hospitals,Gatineau,QC,45.439486,-75.743755,Province of Québec
hôpital pierre-janet (résidence corbeil),Hospitals,Gatineau,QC,45.4510319,-75.75084885,Province of Québec
hôpital pierre-janet (résidence laferrière),Hospitals,Gatineau,QC,45.4735169,-75.6919295,Province of Québec
hôpital pierre-janet (résidence lucien brault),Hospitals,Gatineau,QC,45.462853,-75.7492665,Province of Québec
hôpital pierre-le gardeur,Hospitals,Terrebonne,QC,45.724464,-73.510817,Province of Québec
hôpital richardson,Hospitals,Montréal,QC,45.4718828,-73.6461028,Public Health Agency of Canada
hôpital rivière-des-prairies,Hospitals,Montréal,QC,45.6271766,-73.6147382,Public Health Agency of Canada
hôpital royal victoria du cusm,Hospitals,Montréal,QC,45.47208109,-73.60325961,Province of Québec
hôpital régional de portneuf,Residential and long-term care,Saint-Raymond,QC,46.8954171,-71.822721,Public Health Agency of Canada
hôpital régional de rimouski,Hospitals,Rimouski,QC,48.446977,-68.530111,Province of Québec
hôpital régional de saint-jérôme,Hospitals,Saint-Jérôme,QC,45.76619,-74.000968,Province of Québec
hôpital saint-françois d'assise,Hospitals,Québec,QC,46.82757,-71.236309,Province of Québec
hôpital sainte-anne,Residential and long-term care,Sainte-Anne-De-Bellevue,QC,45.4130011,-73.9488591,Public Health Agency of Canada
hôpital sainte-croix,Hospitals,Drummondville,QC,45.8800085,-72.4771893,Public Health Agency of Canada
hôpital santa cabrini,Hospitals,Montréal,QC,45.5801356,-73.5714911,Public Health Agency of Canada
hôpital santa cabrini (centre administratif),Hospitals,Montréal,QC,45.579623,-73.571405,Province of Québec
hôpital shriners pour enfants (québec),Hospitals,Montréal,QC,45.47172,-73.601326,Province of Québec
hôpital shriners pour enfants (québec) inc. (centre administratif),Hospitals,Montréal,QC,45.47172,-73.601326,Province of Québec
"hôpital, clsc et centre d'hébergement d'asbestos (ch)",Hospitals,Asbestos,QC,45.772067,-71.926609,Province of Québec
"hôpital, clsc et centre d'hébergement d'asbestos (clsc)",Clinics and ambulatory care,Asbestos,QC,45.772023,-71.927002,Province of Québec
"hôpital, clsc et centre d'hébergement de roberval",Hospitals,Roberval,QC,48.507521,-72.219217,Province of Québec
hôpitalier richelieu,Hospitals,Sorel-Tracy,QC,46.0455502,-73.0935195,Public Health Agency of Canada
hôtel-dieu d'arthabaska,Hospitals,Victoriaville,QC,46.040472,-71.91665,Province of Québec
hôtel-dieu de lévis,Hospitals,Lévis,QC,46.4647906,-71.04520941,Province of Québec
hôtel-dieu de montmagny,Hospitals,Montmagny,QC,46.976367,-70.5970718,Public Health Agency of Canada
hôtel-dieu de roberval,Hospitals,Roberval,QC,48.5081204,-72.2206395,Public Health Agency of Canada
hôtel-dieu de saint-jérôme,Hospitals,Saint-Jérome,QC,45.7658895,-74.0001726,Public Health Agency of Canada
hôtel-dieu de sherbrooke,Hospitals,Sherbrooke,QC,45.3994613,-71.87757603,Province of Québec
hôtel-dieu de sorel,Hospitals,Sorel-Tracy,QC,46.0463953,-73.0964894,Public Health Agency of Canada
hôtellerie omer-brazeau (l'),Residential and long-term care,Rimouski,QC,48.447936,-68.529962,Province of Québec
hôtellerie pavillon marguerite-d'youville,Residential and long-term care,Québec,QC,46.778152,-71.294188,Province of Québec
hôtelleries (les) (fondation québécoise du cancer),Residential and long-term care,Montréal,QC,45.5255764,-73.5628236,Province of Québec
infirmière sidep,Clinics and ambulatory care,La Sarre,QC,48.786332,-79.198354,Province of Québec
installation clsc murdochville,Hospitals,Murdochville,QC,48.9612895,-65.4937345,Public Health Agency of Canada
installation gingras-lindsay-de-montréal (institut de réadaptation de montréal),Hospitals,Montréal,QC,45.5098608,-73.6304862,Province of Québec
installation raymond-dewar,Residential and long-term care,Montréal,QC,45.539275,-73.5789956,Province of Québec
institut allan memorial,Hospitals,Montréal,QC,45.50613,-73.582145,Province of Québec
institut de cardiologie de montréal,Hospitals,Montréal,QC,45.57388625,-73.57808252,Province of Québec
institut de cardiologie de montréal (centre administratif),Hospitals,Montréal,QC,45.57388625,-73.57808252,Province of Québec
institut de réadaptation de montréal,Residential and long-term care,Montréal,QC,45.5078433,-73.6282938,Public Health Agency of Canada
institut national de phychiatrie légale philippe-pinel,Hospitals,Montréal,QC,45.655737,-73.533602,Province of Québec
institut national de psychiatrie légale philippe-pinel (centre administratif),Hospitals,Montréal,QC,45.655737,-73.533602,Province of Québec
institut nazareth et louis-braille (point de service Montréal - surdicécité),Residential and long-term care,Montréal,QC,45.5888447,-73.5428993,Province of Québec
institut nazareth et louis-braille (point de service de montréal),Residential and long-term care,Montréal,QC,45.495106,-73.6239351,Province of Québec
institut nazareth et louis-braille (point de service longueuil - rue d'assigny),Residential and long-term care,Longueuil,QC,45.526824,-73.520538,Province of Québec
institut nazareth et louis-braille (point de service longueuil - rue saint-charles),Residential and long-term care,Longueuil,QC,45.526096,-73.520058,Province of Québec
institut nazareth et louis-braille (point de service saint-jean-sur-richelieu),Residential and long-term care,Saint-Jean-Sur-Richelieu,QC,45.311172,-73.263705,Province of Québec
institut nazareth et louis-braille - point de service laval,Residential and long-term care,Laval,QC,45.548509,-73.737525,Province of Québec
institut philippe pinel de montréal,Hospitals,Montréal,QC,45.655635,-73.533602,Public Health Agency of Canada
institut raymond-dewar,Residential and long-term care,Laval,QC,45.548509,-73.737525,Province of Québec
institut thoracique de montréal du cusm,Hospitals,Montréal,QC,45.47208109,-73.60325961,Province of Québec
institut universitaire de cardiologie et de pneumologie de québec,Hospitals,Québec,QC,46.77904,-71.297706,Province of Québec
institut universitaire de gériatrie de montréal,Residential and long-term care,Montréal,QC,45.491178,-73.623335,Public Health Agency of Canada
institut universitaire en santé mentale de québec,Hospitals,Québec,QC,46.847203,-71.219773,Public Health Agency of Canada
institut universitaire en santé mentale douglas,Hospitals,Montréal,QC,45.442071,-73.583983,Province of Québec
institut universitaire en santé mentale douglas (centre administratif),Hospitals,Montréal,QC,45.442071,-73.583983,Province of Québec
intermed groupe santé,Clinics and ambulatory care,Saguenay,QC,48.429656,-71.053905,Province of Québec
inuulitsivik health centre,Hospitals,Puvirnituq,QC,60.037752,-77.275694,Public Health Agency of Canada
irdpq - services de réadaptation aux adultes et aux aînés,Residential and long-term care,Québec,QC,46.8209,-71.245,Province of Québec
irdpq - services de réadaptation aux enfants et aux adolescents,Residential and long-term care,Québec,QC,46.75954,-71.2855,Province of Québec
jewish eldercare centre,Residential and long-term care,Montréal,QC,45.492871,-73.633826,Public Health Agency of Canada
jewish general hospital,Hospitals,Montréal,QC,45.49785,-73.628719,Public Health Agency of Canada
jewish rehabilitation hospital,Residential and long-term care,Laval,QC,45.548623,-73.737591,Public Health Agency of Canada
jonquière-médic,Clinics and ambulatory care,Saguenay,QC,48.414142,-71.254567,Province of Québec
kateri memorial hospital centre,Hospitals,Kahnawake,QC,45.41509,-73.683006,Public Health Agency of Canada
l'autre fabrik,Residential and long-term care,Victoriaville,QC,46.062142,-71.966355,Province of Québec
l'hôtel-dieu de québec,Hospitals,Québec City,QC,46.81553405,-71.21085234,Municipality of Québec
la futaie,Residential and long-term care,Saint-Fulgence,QC,48.4414798,-70.8458093,Province of Québec
la hutte - hébergement d'urgence,Residential and long-term care,Terrebonne,QC,45.699182,-73.655434,Province of Québec
la maison michel sarrazin,Residential and long-term care,Québec,QC,46.7843857,-71.2605555,Public Health Agency of Canada
lakeshore general hospital - pointe-claire,Hospitals,Pointe-Claire,QC,45.4487003,-73.833265,Public Health Agency of Canada
le campus de lachine du cusm,Residential and long-term care,Lachine,QC,45.440848,-73.6774557,Public Health Agency of Canada
les cliniques première ligne inc,Clinics and ambulatory care,Rivière-Du-Loup,QC,47.838022,-69.539087,Province of Québec
lindsay rehabilitation hospital,Residential and long-term care,Montréal,QC,45.5068674,-73.6294614,Public Health Agency of Canada
logements populaires de val-d'or,Residential and long-term care,Val-Dor,QC,48.101008,-77.777933,Province of Québec
maison adhémar-dion (la),Residential and long-term care,Terrebonne,QC,45.707481,-73.513748,Province of Québec
maison albatros trois-rivières inc.,Residential and long-term care,Trois-Rivières,QC,46.3484328,-72.5567576,Province of Québec
maison alternative de développement humain inc,Residential and long-term care,Saint-Hyacinthe,QC,45.623446,-72.949769,Province of Québec
maison amitié de la haute-gatineau (hébergement),Residential and long-term care,Maniwaki,QC,46.384467,-75.984324,Province of Québec
maison au diapason (la),Residential and long-term care,Bromont,QC,45.302319,-72.699239,Province of Québec
maison aube-lumière (la),Residential and long-term care,Sherbrooke,QC,45.449071,-71.871555,Province of Québec
maison carignan inc. (la),Residential and long-term care,Trois-Rivières,QC,46.363921,-72.630136,Province of Québec
maison claudie richer foyer de groupe - mont-laurier,Residential and long-term care,Mont-Laurier,QC,46.548773,-75.491886,Province of Québec
maison d'accueil le joins-toi (granby),Residential and long-term care,Granby,QC,45.404885,-72.736055,Province of Québec
maison d'accueil stevens inc.,Residential and long-term care,Stanstead,QC,45.00908184,-72.09831858,Province of Québec
maison d'hebergement jeunesse la parenthèse,Residential and long-term care,Saint-Jérôme,QC,45.752175,-73.977282,Province of Québec
maison d'hébergement - arche mauricie inc. (administration),Residential and long-term care,Trois-Rivières,QC,46.348885,-72.538483,Province of Québec
maison d'hébergement - autonomie jeunesse (trois-rivières),Residential and long-term care,Trois-Rivières,QC,46.353716,-72.572686,Province of Québec
maison d'hébergement - chrysalide (la) (bécancour),Residential and long-term care,Bécancour,QC,46.34297,-72.436911,Province of Québec
maison d'hébergement - domaine morand,Residential and long-term care,Plessisville,QC,46.242101,-71.736049,Province of Québec
maison d'hébergement - ensoleilvent inc.,Residential and long-term care,Drummondville,QC,45.880345,-72.48092,Province of Québec
maison d'hébergement - famille d'accueil pauline côté,Residential and long-term care,Pierreville,QC,46.068762,-72.8101179,Province of Québec
maison d'hébergement - la maison le phare (maison ross),Residential and long-term care,Saint-Étienne-Des-Grès,QC,46.3890701,-72.752797,Province of Québec
maison d'hébergement - maison habit-action de drummondville inc.,Residential and long-term care,Drummondville,QC,45.876126,-72.476651,Province of Québec
maison d'hébergement - maison la cathédrale,Residential and long-term care,Trois-Rivières,QC,46.344852,-72.546638,Province of Québec
maison d'hébergement - maison radisson inc.,Residential and long-term care,Trois-Rivières,QC,46.346381,-72.544119,Province of Québec
maison d'hébergement - maison raymond roy,Residential and long-term care,Victoriaville,QC,46.062513,-71.965446,Province of Québec
maison d'hébergement - maison re-né inc. (trois-rivières),Residential and long-term care,Trois-Rivières,QC,46.347817,-72.56802,Province of Québec
maison d'hébergement - pavillon jacques lefrançois,Residential and long-term care,Louiseville,QC,46.279204,-72.986125,Province of Québec
maison d'hébergement - résidence entre-deux (cap-de-la-madeleine),Residential and long-term care,Trois-Rivières,QC,46.363432,-72.51382,Province of Québec
maison d'hébergement - résidence entre-deux (trois-rivières),Residential and long-term care,Trois-Rivières,QC,46.355805,-72.58146,Province of Québec
maison d'hébergement - résidence guévin,Residential and long-term care,Nicolet,QC,46.220631,-72.595235,Province of Québec
maison d'hébergement - résidence louise lyonnais (trois-rivières-ouest),Residential and long-term care,Trois-Rivières,QC,46.31632,-72.56474,Province of Québec
maison d'hébergement - résidence nancy gélinas,Residential and long-term care,Louiseville,QC,46.253135,-72.962076,Province of Québec
maison d'hébergement - résidence valmont inc.,Residential and long-term care,Saint-Barnabé,QC,46.394681,-72.880766,Province of Québec
maison d'hébergement - villa tournesol,Residential and long-term care,Shawinigan,QC,46.525223,-72.745137,Province of Québec
maison d'hébergement dépannage de valleyfield,Residential and long-term care,Salaberry-De-Valleyfield,QC,45.246317,-74.132449,Province of Québec
maison d'hébergement jeunesse espace vivant living room,Residential and long-term care,Cowansville,QC,45.213534,-72.769472,Province of Québec
maison d'hébergement jeunesse roland gauvreau (auberges du coeur),Residential and long-term care,Joliette,QC,46.015572,-73.432273,Province of Québec
maison d'hébergement pour personnes en difficultés de granby inc.,Residential and long-term care,Granby,QC,45.396268,-72.736159,Province of Québec
maison d'hébergement s.o.s jeunesse,Residential and long-term care,Saguenay,QC,48.436653,-71.137443,Province of Québec
maison d'hébergement- communautaire spécialisé lafleur inc.,Residential and long-term care,Sainte-Angèle-De-Prémont,QC,46.373434,-73.072964,Province of Québec
maison de fin de vie marie-pagé (la),Residential and long-term care,Victoriaville,QC,46.063648,-72.009251,Province of Québec
maison de l'envol de rouyn-noranda,Residential and long-term care,Rouyn-Noranda,QC,48.238526,-78.987347,Province of Québec
maison de la source gabriel,Residential and long-term care,Val-Dor,QC,48.111333,-77.797892,Province of Québec
maison de la tourelle enr.,Residential and long-term care,Laval,QC,45.607525,-73.794704,Province of Québec
maison de naissance côte-des-neiges,Clinics and ambulatory care,Montréal,QC,45.5020483,-73.6350647,Province of Québec
maison de naissance de l'estrie,Clinics and ambulatory care,Sherbrooke,QC,45.47143,-71.945608,Province of Québec
maison de naissance de la capitale-nationale,Clinics and ambulatory care,Québec,QC,46.82698,-71.2346,Province of Québec
maison de naissance du boisé-de-blanville,Clinics and ambulatory care,Blainville,QC,45.673244,-73.88289,Province of Québec
maison de naissance du-fjord-au-lac,Clinics and ambulatory care,Saguenay,QC,48.427159,-71.050549,Province of Québec
maison de naissance et clsc des filles de la sagesse,Clinics and ambulatory care,Nicolet,QC,46.233818,-72.635594,Province of Québec
maison de naissance mimosa,Clinics and ambulatory care,Lévis,QC,46.755799,-71.237895,Province of Québec
maison de répit l'intermède,Residential and long-term care,Beloeil,QC,45.559635,-73.225035,Province of Québec
maison de soins palliatifs de laval,Residential and long-term care,Laval,QC,45.613881,-73.642818,Province of Québec
maison de soins palliatifs du littoral,Residential and long-term care,Lévis,QC,46.799411,-71.188248,Province of Québec
maison de thérapie victoriaville-arthabaska,Residential and long-term care,Victoriaville,QC,46.029697,-71.916828,Province of Québec
maison de transition de la batiscan,Residential and long-term care,Saint-Stanislas,QC,46.615985,-72.385293,Province of Québec
maison des collines (la),Residential and long-term care,La Pêche,QC,45.646781,-75.9324989,Province of Québec
maison des naissances colette-julien,Clinics and ambulatory care,Mont-Joli,QC,48.59305,-68.197363,Province of Québec
maison du bouleau blanc (la),Residential and long-term care,Amos,QC,48.59454,-78.105867,Province of Québec
maison du chat botté (les) maison peguy,Residential and long-term care,Laval,QC,45.62888,-73.74764,Province of Québec
maison du compagnon de la sarre inc. (la),Residential and long-term care,La Sarre,QC,48.800538,-79.198958,Province of Québec
maison du marigot inc. (la),Residential and long-term care,Laval,QC,45.557671,-73.695467,Province of Québec
maison dunham inc./dunham house inc.,Residential and long-term care,Dunham,QC,45.18420532,-72.69650021,Province of Québec
maison elizabeth (centre administratif),Residential and long-term care,Montréal,QC,45.4752,-73.6091565,Province of Québec
maison face à l'avenir,Residential and long-term care,L'Assomption,QC,45.823796,-73.424437,Province of Québec
maison jean lepage inc.,Residential and long-term care,Trois-Rivières,QC,46.365747,-72.506172,Province of Québec
maison jésus-marie (longueuil),Residential and long-term care,Longueuil,QC,45.541992,-73.50606,Province of Québec
maison l'arc-en-ciel,Residential and long-term care,Granby,QC,45.396218,-72.718984,Province of Québec
maison l'escargot (foyer de groupe arc-en-ciel) (campus longueuil),Residential and long-term care,Longueuil,QC,45.486341,-73.399714,Province of Québec
maison l'intersection,Residential and long-term care,Joliette,QC,46.027475,-73.441995,Province of Québec
maison l'intégrale,Residential and long-term care,Sherbrooke,QC,45.403452,-71.885914,Province of Québec
maison l'épervier inc.,Residential and long-term care,Saint-Alphonse-Rodriguez,QC,46.1834118,-73.6934424,Province of Québec
maison la cinquième saison,Residential and long-term care,Lac-Mégantic,QC,45.571487,-70.866857,Province of Québec
maison la montée,Residential and long-term care,La Malbaie,QC,47.63467,-70.1437,Province of Québec
maison laviolette,Residential and long-term care,Trois-Rivières,QC,46.310802,-72.579397,Province of Québec
maison le ricochet,Residential and long-term care,La Pêche,QC,45.6463397,-76.0151097,Province of Québec
maison le réverbère (la),Residential and long-term care,Victoriaville,QC,46.057771,-71.974368,Province of Québec
maison lucie saint-pierre,Residential and long-term care,Mont-Laurier,QC,46.551681,-75.498152,Province of Québec
maison lyse beauchamp (ctre d'héb. certifié- toxico- ferme-neuve),Residential and long-term care,Ferme-Neuve,QC,46.7026837,-75.4499096,Province of Québec
maison lyse beauchamp -ressource d'héberg. communautaire,Residential and long-term care,Mont-Laurier,QC,46.557233,-75.491675,Province of Québec
maison mathieu froment-savoie,Residential and long-term care,Gatineau,QC,45.43837565,-75.74293264,Province of Québec
maison michel-sarrazin (la),Hospitals,Québec,QC,46.77352855,-71.25167326,Province of Québec
maison nouvelle vie,Residential and long-term care,Ham-Sud,QC,45.7726728,-71.60461657,Province of Québec
maison oxygène estrie,Residential and long-term care,Sherbrooke,QC,45.399928,-71.9058446,Province of Québec
"maison oxygène gens du nord, baie-comeau",Residential and long-term care,Baie-Comeau,QC,49.191468,-68.256805,Province of Québec
maison oxygène jack-monoloy - sept-îles,Residential and long-term care,Sept-Îles,QC,50.212563,-66.389082,Province of Québec
maison oxygène joliette-lanaudière,Residential and long-term care,Joliette,QC,46.028322,-73.428912,Province of Québec
maison réalité/ressource d'hébergement/centre d'activités/soutien dans la communauté,Residential and long-term care,Gatineau,QC,45.439677,-75.73348557,Province of Québec
maison victor gadbois (la) présence-amie de la montérégie,Residential and long-term care,Saint-Mathieu-De-Beloeil,QC,45.590959,-73.280327,Province of Québec
maison à damas inc. (la),Residential and long-term care,Les Îles-De-La-Madeleine,QC,47.372003,-61.898747,Province of Québec
maison-raymonde-chopin-péladeau,Residential and long-term care,Ivry-Sur-Le-Lac,QC,46.0747164,-74.3415241,Province of Québec
maisonnée (la),Residential and long-term care,Saint-Hyacinthe,QC,45.624611,-72.938804,Province of Québec
maisons chez lise inc,Residential and long-term care,Longueuil,QC,45.53828,-73.503279,Province of Québec
maisons d'à côté lanaudière (les),Residential and long-term care,Joliette,QC,46.02715,-73.460321,Province of Québec
manoir aylmer (toxi-co-gîte 2003 inc.),Residential and long-term care,Beaulac-Garthby,QC,45.83448,-71.37956,Province of Québec
manoir cardinal inc.,Residential and long-term care,Laval,QC,45.54923,-73.742517,Province of Québec
manoir de laval,Residential and long-term care,Laval,QC,45.550109,-73.76548,Province of Québec
manoir des mille fleurs,Residential and long-term care,Roxton Falls,QC,45.56801975,-72.520396,Province of Québec
manoir des prairies inc.,Residential and long-term care,Laval,QC,45.553403,-73.709233,Province of Québec
manoir des îles,Residential and long-term care,Laval,QC,45.523122,-73.752862,Province of Québec
manoir marc-aurèle fortin,Residential and long-term care,Laval,QC,45.613285,-73.791724,Province of Québec
manoir saint-martin,Residential and long-term care,Laval,QC,45.545815,-73.741241,Province of Québec
mcgill university health centre - Montréal chest institute,Hospitals,Montréal,QC,45.513014,-73.5752103,Public Health Agency of Canada
mcgill university health centre - Montréal children's hospital,Hospitals,Montréal,QC,45.4728521,-73.6009687,Public Health Agency of Canada
mcgill university health centre - Montréal general campus,Hospitals,Montréal,QC,45.4970644,-73.5890322,Public Health Agency of Canada
mcgill university health centre - Montréal neurological hospital,Hospitals,Montréal,QC,45.5089835,-73.5813425,Public Health Agency of Canada
mcgill university health centre - royal victoria hospital,Hospitals,Montréal,QC,45.5081478,-73.5814085,Public Health Agency of Canada
md-plus clinique privée (lachenaie),Clinics and ambulatory care,Terrebonne,QC,45.7247813,-73.5095168,Province of Québec
md-plus clinique privée (laval),Clinics and ambulatory care,Laval,QC,45.565864,-73.725255,Province of Québec
md-plus clinique privée (terrebonne),Clinics and ambulatory care,Terrebonne,QC,45.7106987,-73.6299902,Province of Québec
medic axion (lebourgneuf),Clinics and ambulatory care,Québec,QC,46.830836,-71.283123,Province of Québec
mon doc (cap-rouge),Clinics and ambulatory care,Québec,QC,46.766059,-71.364641,Province of Québec
mount sinai hospital center,Hospitals,Montréal,QC,45.4738218,-73.6573641,Public Health Agency of Canada
mountain view school 'project center',Residential and long-term care,Côte-Saint-Luc,QC,45.460107,-73.6611127,Province of Québec
muséocabinet,Clinics and ambulatory care,Saint-Jérôme,QC,45.777641,-73.993299,Province of Québec
médicentre benjamin-papineau,Clinics and ambulatory care,Laval,QC,45.550432,-73.759041,Province of Québec
médicina inc.,Clinics and ambulatory care,Québec,QC,46.838296,-71.320568,Province of Québec
onen' to kon treatment center,Residential and long-term care,Kanesatake,QC,45.464792,-74.103453,Province of Québec
pavillon albert-prévost,Hospitals,Montréal,QC,45.527766,-73.728893,Province of Québec
pavillon de l'assuétude (saint-guillaume),Residential and long-term care,Saint-Guillaume,QC,45.880289,-72.768693,Province of Québec
pavillon de l'assuétude (shawinigan),Residential and long-term care,Shawinigan,QC,46.566483,-72.760357,Province of Québec
pavillon de prévention des maladies cardiaques,Residential and long-term care,Québec,QC,46.77919,-71.2979,Province of Québec
pavillon du parc (secteur hull-aylmer) (centre multi-services),Residential and long-term care,Gatineau,QC,45.406836,-75.848876,Province of Québec
pavillon du parc inc (administration),Residential and long-term care,Gatineau,QC,45.4363312,-75.73164545,Province of Québec
pavillon du parc inc (secteur aylmer et les collines) (robert-wright),Residential and long-term care,Gatineau,QC,45.406836,-75.848876,Province of Québec
pavillon du parc inc (secteur gatineau) (centre communautaire),Residential and long-term care,Gatineau,QC,45.4961666,-75.68854477,Province of Québec
pavillon du parc inc (services externes de la vallée-de-la-gatineau),Residential and long-term care,Maniwaki,QC,46.375548,-75.975105,Province of Québec
pavillon du parc inc (services externes de la vallée-de-la-lièvre),Residential and long-term care,Gatineau,QC,45.5836552,-75.41408239,Province of Québec
pavillon du parc inc (services externes des collines),Residential and long-term care,Cantley,QC,45.56832517,-75.78235252,Province of Québec
pavillon du parc inc (services externes du pontiac),Residential and long-term care,Clarendon,QC,45.605833,-76.486715,Province of Québec
pavillon du parc inc. centre de jour (secteur aylmer),Residential and long-term care,Gatineau,QC,45.394514,-75.847234,Province of Québec
pavillon duguay enr,Clinics and ambulatory care,Laval,QC,45.5485683,-73.7579746,Public Health Agency of Canada
pavillon fabre,Residential and long-term care,Laval,QC,45.569593,-73.837325,Province of Québec
pavillon hamford,Residential and long-term care,Lachute,QC,45.64933,-74.353235,Province of Québec
pavillon larocque,Residential and long-term care,Gatineau,QC,45.4357229,-75.7355179,Province of Québec
pavillon louis-cyr,Residential and long-term care,Saint-Jacques,QC,45.949355,-73.572135,Province of Québec
pavillon luceville inc.,Residential and long-term care,Sainte-Luce,QC,48.528264,-68.341489,Province of Québec
pavillon notre-dame de la merci,Residential and long-term care,Montréal,QC,45.5473608,-73.6875236,Public Health Agency of Canada
pavillon patrice-villeneuve,Residential and long-term care,Québec,QC,46.83839,-71.359919,Province of Québec
pavillon pierrefonds,Residential and long-term care,Montréal,QC,45.4650661,-73.8966721,Province of Québec
pavillon rachel-tourigny,Hospitals,Montréal,QC,45.573492,-73.557298,Province of Québec
pavillon rosaire-lapointe,Hospitals,Saint-Jérôme,QC,45.765126,-73.998343,Province of Québec
pavillon saint-antoine,Residential and long-term care,Lévis,QC,46.814054,-71.183186,Province of Québec
pavillon saint-louis,Residential and long-term care,Saint-Eustache,QC,45.558373,-73.888891,Province of Québec
pavillon sainte-agathe,Residential and long-term care,Sainte-Agathe-De-Lotbinière,QC,46.3869611,-71.4141823,Province of Québec
pavillon st-joseph de la providence,Residential and long-term care,Montréal,QC,45.541497,-73.690953,Public Health Agency of Canada
pavillons du nouveau point de vue inc.,Residential and long-term care,Lanoraie,QC,45.9574327,-73.2205897,Province of Québec
piaule de val-d'or inc. (la),Residential and long-term care,Val-Dor,QC,48.105003,-77.797396,Province of Québec
planète bleue (la),Residential and long-term care,Trois-Rivières,QC,46.376083,-72.571385,Province of Québec
point de service de la mrc avignon (cr maria),Residential and long-term care,Maria,QC,48.17261898,-65.9840891,Province of Québec
point de service de la mrc avignon (cr matapedia),Residential and long-term care,Matapédia,QC,47.977899,-66.937034,Province of Québec
point de service de la mrc avignon (cr pointe à la croix),Residential and long-term care,Pointe-À-La-Croix,QC,48.019596,-66.693185,Province of Québec
point de service de la mrc bonaventure (cr bonaventure),Residential and long-term care,Bonaventure,QC,48.057601,-65.514378,Province of Québec
point de service de la mrc cote-de-gaspe (cr gaspé),Residential and long-term care,Gaspé,QC,48.837083,-64.494232,Province of Québec
point de service de la mrc cote-de-gaspe (cr grande-vallée),Residential and long-term care,Grande-Vallée,QC,49.227214,-65.104412,Province of Québec
point de service de la mrc cote-de-gaspe (gaspé),Residential and long-term care,Gaspé,QC,48.778175,-64.441855,Province of Québec
point de service de la mrc côte-de-gaspé - résidence assistance continue (rac - gaspé),Residential and long-term care,Gaspé,QC,48.837599,-64.494379,Province of Québec
point de service de la mrc de la haute-gaspésie (cr sainte-anne-des-monts),Residential and long-term care,Sainte-Anne-Des-Monts,QC,49.120075,-66.47823,Province of Québec
point de service de la mrc de la haute-gaspésie - résidence assistance continue (cr cap-chat),Residential and long-term care,Cap-Chat,QC,49.09974375,-66.66479948,Province of Québec
point de service de la mrc du rocher-percé (cr chandler),Residential and long-term care,Chandler,QC,48.34812754,-64.68183807,Province of Québec
point de service de la mrc rocher-percé - résidence assistance continue (rac chandler),Residential and long-term care,Chandler,QC,48.351211,-64.694677,Province of Québec
point de service de lac-mégantic (crpat),Residential and long-term care,Lac-Mégantic,QC,45.5886122,-70.90557934,Province of Québec
point de service de première ligne barraute,Clinics and ambulatory care,Barraute,QC,48.440738,-77.634482,Province of Québec
point de service de première ligne de cadillac,Clinics and ambulatory care,Rouyn-Noranda,QC,48.221677,-78.380754,Province of Québec
point de service de première ligne de cléricy,Clinics and ambulatory care,Rouyn-Noranda,QC,48.363989,-78.862752,Province of Québec
point de service de première ligne de destor,Clinics and ambulatory care,Rouyn-Noranda,QC,48.45964,-78.955767,Province of Québec
point de service de première ligne de duparquet,Clinics and ambulatory care,Duparquet,QC,48.505491,-79.229342,Province of Québec
point de service de première ligne de dupuy,Clinics and ambulatory care,Dupuy,QC,48.830349,-79.359237,Province of Québec
point de service de première ligne de latulipe (clsc du témiscamingue),Clinics and ambulatory care,Latulipe-Et-Gaboury,QC,47.429249,-79.031977,Province of Québec
point de service de première ligne de macamic,Clinics and ambulatory care,Macamic,QC,48.756695,-78.985084,Province of Québec
point de service de première ligne de malartic,Clinics and ambulatory care,Malartic,QC,48.140882,-78.127497,Province of Québec
point de service de première ligne de moffet (clsc ville-marie),Clinics and ambulatory care,Moffet,QC,47.543105,-78.952142,Province of Québec
point de service de première ligne de montbeillard,Clinics and ambulatory care,Rouyn-Noranda,QC,48.045574,-79.259615,Province of Québec
point de service de première ligne de nedelec (clsc ville-marie),Clinics and ambulatory care,Nédélec,QC,47.694546,-79.424197,Province of Québec
point de service de première ligne de normetal,Clinics and ambulatory care,Normétal,QC,48.998919,-79.365821,Province of Québec
point de service de première ligne de notre-dame-du-nord (clsc du témiscamingue),Clinics and ambulatory care,Notre-Dame-Du-Nord,QC,47.594368,-79.4833527,Province of Québec
point de service de première ligne de remigny (clsc ville-marie),Clinics and ambulatory care,Rémigny,QC,47.762151,-79.20886878,Province of Québec
point de service de première ligne de senneterre,Clinics and ambulatory care,Senneterre,QC,48.3840244,-77.2516922,Province of Québec
point de service de première ligne palmarolle,Clinics and ambulatory care,Palmarolle,QC,48.663576,-79.199897,Province of Québec
point de service de première ligne preissac,Clinics and ambulatory care,Preissac,QC,48.4084382,-78.3668675,Province of Québec
point de service du clsc de laurier-station à lotbinière - prélèvements,Clinics and ambulatory care,Lotbinière,QC,46.617199,-71.929683,Province of Québec
point de service du clsc de laurier-station à saint-agapit - prélèvements,Clinics and ambulatory care,Saint-Agapit,QC,46.56184,-71.4329,Province of Québec
point de service du clsc de laurier-station à saint-gilles - prélèvements,Clinics and ambulatory care,Saint-Gilles,QC,46.50902327,-71.36309527,Province of Québec
point de service du clsc de laurier-station à saint-narcisse-de-beaurivage - prélèvements,Clinics and ambulatory care,Saint-Narcisse-De-Beaurivage,QC,46.48216282,-71.23165991,Province of Québec
point de service du clsc de laurier-station à saint-patrice-de-beaurivage - prélèvements,Clinics and ambulatory care,Saint-Patrice-De-Beaurivage,QC,46.4121016,-71.2351734,Province of Québec
point de service du clsc de laurier-station à saint-sylvestre - prélèvements,Clinics and ambulatory care,Saint-Sylvestre,QC,46.36267162,-71.22835439,Province of Québec
point de service du clsc de laurier-station à saint-édouard-de-lotbinière - prélèvements,Clinics and ambulatory care,Saint-Édouard-De-Lotbinière,QC,46.56932478,-71.83290177,Province of Québec
point de service du clsc de laurier-station à sainte-agathe-de-lotbinière - prélèvements,Clinics and ambulatory care,Sainte-Agathe-De-Lotbinière,QC,46.3828179,-71.4103168,Province of Québec
point de service du clsc de laurier-station à sainte-croix - prélèvements,Clinics and ambulatory care,Sainte-Croix,QC,46.6252624,-71.7419548,Province of Québec
point de service du clsc de saint-lazare-de-bellechasse à saint-anselme - prélèvements,Clinics and ambulatory care,Saint-Anselme,QC,46.62941515,-70.97242112,Province of Québec
point de service du clsc de saint-lazare-de-bellechasse à saint-charles-de-bellechasse - prélèvements,Clinics and ambulatory care,Saint-Charles-De-Bellechasse,QC,46.77365572,-70.94056312,Province of Québec
point de service du clsc de saint-lazare-de-bellechasse à saint-henri - prélèvements,Clinics and ambulatory care,Saint-Henri,QC,46.68966059,-71.06573109,Province of Québec
point de service du clsc de saint-lazare-de-bellechasse à saint-malachie - prélèvements,Clinics and ambulatory care,Saint-Malachie,QC,46.532028,-70.7654835,Province of Québec
point de service du clsc de saint-lazare-de-bellechasse à saint-michel-de-bellechasse - prélèvements,Clinics and ambulatory care,Saint-Michel-De-Bellechasse,QC,46.874074,-70.907834,Province of Québec
point de service du clsc de saint-lazare-de-bellechasse à saint-raphaël - prélèvements,Clinics and ambulatory care,Saint-Raphaël,QC,46.7930647,-70.7534017,Province of Québec
point de service du clsc de saint-lazare-de-bellechasse à sainte-claire - prélèvements,Clinics and ambulatory care,Sainte-Claire,QC,46.6005713,-70.8709675,Province of Québec
point de service du clsc de saint-pamphile à saint-marcel - prélèvements,Clinics and ambulatory care,Saint-Marcel,QC,46.89759,-70.062159,Province of Québec
point de service du clsc de saint-pamphile à sainte-perpétue - prélèvements,Clinics and ambulatory care,Sainte-Perpétue,QC,47.0562068,-69.9256832,Province of Québec
point de service du clsc et chsld de beauceville à tring-jonction - prélèvements,Clinics and ambulatory care,Tring-Jonction,QC,46.270204,-70.99309,Province of Québec
point de service du clsc et chsld de montmagny à berthier-sur-mer - prélèvements,Clinics and ambulatory care,Berthier-Sur-Mer,QC,46.9262074,-70.733147,Province of Québec
point de service du clsc et chsld de montmagny à cap-saint-ignace - prélèvements,Clinics and ambulatory care,Cap-Saint-Ignace,QC,47.0396725,-70.45579592,Province of Québec
point de service du clsc et chsld de montmagny à saint-françois-de-la-rivière-du-sud - prélèvements,Clinics and ambulatory care,Saint-François-De-La-Rivière-Du-Sud,QC,46.88670631,-70.714896,Province of Québec
point de service du clsc et chsld de sainte-marie à frampton - prélèvements,Clinics and ambulatory care,Frampton,QC,46.4623535,-70.8093007,Province of Québec
point de service du clsc et chsld de sainte-marie à vallée-jonction - prélèvements,Clinics and ambulatory care,Vallée-Jonction,QC,46.3717511,-70.920886,Province of Québec
point de service du clsc et chsld des etchemins à saint-magloire - prélèvements,Clinics and ambulatory care,Saint-Magloire,QC,46.576207,-70.287556,Province of Québec
point de service du témiscouata (centre multiservices),Residential and long-term care,Témiscouata-Sur-Le-Lac,QC,47.679511,-68.886836,Province of Québec
point de service mrc rimouski-neigette (centre de services externes de rimouski),Residential and long-term care,Rimouski,QC,48.444929,-68.52591,Province of Québec
point de service pie-ix (accredited),Residential and long-term care,Montréal,QC,45.573078,-73.6097017,Province of Québec
point de service sages-femmes de granby,Clinics and ambulatory care,Granby,QC,45.40051,-72.733971,Province of Québec
point de service saint-robert (clsc),Clinics and ambulatory care,Saint-Robert-Bellarmin,QC,45.749806,-70.584721,Province of Québec
point de service val-du-lac (centre de réadaptation pour jeunes en difficulté d'adaptation),Residential and long-term care,Sherbrooke,QC,45.312103,-72.017182,Province of Québec
polyclinique 640,Clinics and ambulatory care,Boisbriand,QC,45.618936,-73.846803,Province of Québec
polyclinique de l'anse (sept-îles),Clinics and ambulatory care,Sept-Îles,QC,50.232758,-66.388064,Province of Québec
polyclinique médicale concorde ltée,Clinics and ambulatory care,Laval,QC,45.577663,-73.681667,Province of Québec
polyclinique médicale fabreville,Clinics and ambulatory care,Laval,QC,45.57643,-73.786724,Province of Québec
polyclinique saint-eustache,Clinics and ambulatory care,Saint-Eustache,QC,45.57277,-73.9091,Province of Québec
polyclinique saint-jerome (urgence médicale privée),Clinics and ambulatory care,Saint-Jérôme,QC,45.76683,-74.001602,Province of Québec
pontiac hospital centre/centre de santés du pontiac,Hospitals,Shawville,QC,45.6063929,-76.4829679,Public Health Agency of Canada
praxis clinique de santé familiale (la prairie),Clinics and ambulatory care,La Prairie,QC,45.408214,-73.471705,Province of Québec
praxis clinique de santé familiale privée,Clinics and ambulatory care,Terrebonne,QC,45.7200173,-73.6610106,Province of Québec
prisme hébergement,Residential and long-term care,Beauceville,QC,46.201461,-70.76908,Province of Québec
privamed (boucherville),Clinics and ambulatory care,Boucherville,QC,45.590491,-73.430187,Province of Québec
privamed (brossard),Clinics and ambulatory care,Brossard,QC,45.471345,-73.495522,Province of Québec
programme de recherche clinique chum-ircm,Hospitals,Montréal,QC,45.513345,-73.576482,Province of Québec
programme itinérance,Residential and long-term care,Montréal,QC,45.51237,-73.5754363,Province of Québec
projet lune,Residential and long-term care,Québec,QC,46.811991,-71.23003,Province of Québec
préfixe (le) - maison d'hébergement des basses laurentides,Residential and long-term care,Saint-Eustache,QC,45.560129,-73.901647,Province of Québec
prélèvements - clsc d'alma (hébertville),Clinics and ambulatory care,Hébertville,QC,48.391065,-71.679675,Province of Québec
prélèvements - clsc d'alma (saint-léon),Clinics and ambulatory care,Labrecque,QC,48.67405888,-71.52407158,Province of Québec
prélèvements - clsc de chicoutimi (laterrière),Clinics and ambulatory care,Saguenay,QC,48.427927,-71.056163,Province of Québec
prélèvements - clsc de chicoutimi (saint-david-de-falardeau),Clinics and ambulatory care,Saint-David-De-Falardeau,QC,48.621993,-71.109351,Province of Québec
prélèvements - clsc de chicoutimi (saint-fulgence),Clinics and ambulatory care,Saint-Fulgence,QC,48.4492035,-70.9018738,Province of Québec
prélèvements - clsc de chicoutimi (sainte-rose-du-nord),Clinics and ambulatory care,Sainte-Rose-Du-Nord,QC,48.3884269,-70.5848843,Province of Québec
prélèvements - clsc de l'ascension (saint-nazaire),Clinics and ambulatory care,Saint-Nazaire,QC,48.58725803,-71.54671784,Province of Québec
prélèvements - clsc de saint-félicien (la doré),Clinics and ambulatory care,La Doré,QC,48.713025,-72.64888,Province of Québec
prélèvements - clsc de saint-félicien (lac-bouchette),Clinics and ambulatory care,Lac-Bouchette,QC,48.259467,-72.184225,Province of Québec
prélèvements - clsc les jardins du monastère (girardville),Clinics and ambulatory care,Girardville,QC,49.0046397,-72.544803,Province of Québec
prélèvements - clsc les jardins du monastère (notre-dame-de-lorette),Clinics and ambulatory care,Notre-Dame-De-Lorette,QC,49.076943,-72.357031,Province of Québec
prélèvements - clsc les jardins du monastère (péribonka),Clinics and ambulatory care,Péribonka,QC,48.76557895,-72.0494401,Province of Québec
prélèvements - clsc les jardins du monastère (saint-augustin),Clinics and ambulatory care,Saint-Augustin,QC,48.805111,-71.942865,Province of Québec
prélèvements - clsc les jardins du monastère (saint-edmond-les-plaines),Clinics and ambulatory care,Saint-Edmond-Les-Plaines,QC,48.905308,-72.551117,Province of Québec
prélèvements - clsc les jardins du monastère (saint-eugène d'argentenay),Clinics and ambulatory care,Saint-Eugène-Dargentenay,QC,48.978244,-72.286684,Province of Québec
prélèvements - clsc les jardins du monastère (saint-ludger-de-milot),Clinics and ambulatory care,Saint-Ludger-De-Milot,QC,48.896896,-71.82013,Province of Québec
prélèvements - clsc les jardins du monastère (saint-stanislas),Clinics and ambulatory care,Saint-Stanislas,QC,49.006353,-72.177144,Province of Québec
prélèvements - clsc les jardins du monastère (saint-thomas-didyme),Clinics and ambulatory care,Saint-Thomas-Didyme,QC,48.908562,-72.665107,Province of Québec
prélèvements - clsc les jardins du monastère (sainte-jeanne-d'arc),Clinics and ambulatory care,Sainte-Jeanne-Darc,QC,48.863404,-72.085988,Province of Québec
prélèvements - clsc les jardins du monastère (sainte-élisabeth-de-proulx),Clinics and ambulatory care,Passes-Dangereuses,QC,48.89036,-72.2269,Province of Québec
r.i valérie thivierge et stéphan croisetière,Residential and long-term care,Saint-Patrice-De-Beaurivage,QC,46.41148302,-71.24130549,Province of Québec
reflet clinique,Clinics and ambulatory care,Québec,QC,46.821097,-71.271106,Province of Québec
refuge roger cantin,Residential and long-term care,Lévis,QC,46.82617,-71.163884,Province of Québec
residence centre-ville,Residential and long-term care,Saint-Hyacinthe,QC,45.624408,-72.942198,Province of Québec
residence du sacre-coeur inc,Residential and long-term care,Waterloo,QC,45.34761,-72.509987,Province of Québec
residence louise boucher (rue concorde),Residential and long-term care,Saint-Hyacinthe,QC,45.624515,-72.941077,Province of Québec
ressource intermédiaire généreux cadieux,Residential and long-term care,Nominingue,QC,46.39971552,-75.02764108,Province of Québec
réhab (centre administratif),Residential and long-term care,Vallée-Jonction,QC,46.3759793,-70.9213092,Province of Québec
réhab (crc beauce),Residential and long-term care,Vallée-Jonction,QC,46.3759793,-70.9213092,Province of Québec
réhab (pavillon l'entre-temps),Residential and long-term care,Lévis,QC,46.814974,-71.173642,Province of Québec
répit daniel potvin inc. (le) (baie-comeau),Residential and long-term care,Baie-Comeau,QC,49.192839,-68.260111,Province of Québec
réseau d'aide le tremplin,Residential and long-term care,Drummondville,QC,45.876806,-72.477753,Province of Québec
résidence adrien-ruel,Residential and long-term care,Amqui,QC,48.460203,-67.420844,Province of Québec
résidence arc-en-ciel de thetford mines inc.,Residential and long-term care,Thetford Mines,QC,46.090449,-71.301234,Province of Québec
résidence aux 4 saisons,Residential and long-term care,Mont-Joli,QC,48.585933,-68.195416,Province of Québec
résidence broad,Residential and long-term care,Gatineau,QC,45.406358,-75.84597281,Province of Québec
résidence cartier (le 270 cartier),Residential and long-term care,Laval,QC,45.557131,-73.696883,Province of Québec
résidence christ-roi,Residential and long-term care,Vanier,QC,46.8109218,-71.2579152,Public Health Agency of Canada
résidence claude dumont inc.,Residential and long-term care,Mirabel,QC,45.706538,-73.92545,Province of Québec
résidence des garçons et/ou filles (havre-jeunesse),Residential and long-term care,Montréal,QC,45.4602102,-73.5649736,Province of Québec
résidence du centre-ville,Residential and long-term care,Thetford Mines,QC,46.092046,-71.299289,Province of Québec
résidence du dutch,Residential and long-term care,Bedford,QC,45.085953,-72.992012,Province of Québec
résidence elle du haut-saint-laurent,Residential and long-term care,Huntingdon,QC,45.088785,-74.172894,Province of Québec
résidence hélène lajeunesse,Residential and long-term care,Notre-Dame-De-La-Paix,QC,45.8071781,-74.9539893,Province of Québec
résidence la p'tite maison bleue,Residential and long-term care,Roxton,QC,45.576436,-72.602471,Province of Québec
résidence le monarque (soins palliatifs),Residential and long-term care,Montebello,QC,45.6500305,-74.9405393,Province of Québec
résidence maison de la grotte,Residential and long-term care,Mont-Joli,QC,48.587466,-68.186175,Province of Québec
résidence marcel-sioui (conseil de la nation huronne wendat),Residential and long-term care,Wendake,QC,46.865009,-71.357737,Province of Québec
résidence mcconnell,Residential and long-term care,Gatineau,QC,45.414243,-75.78657173,Province of Québec
résidence michel l'écuyer,Residential and long-term care,Gatineau,QC,45.521028,-75.50175842,Province of Québec
résidence mérici,Residential and long-term care,Sainte-Angèle-De-Prémont,QC,46.363699,-73.057805,Province of Québec
résidence washington,Residential and long-term care,Gatineau,QC,45.398846,-75.84201245,Province of Québec
résidences du vieux-beauport (les),Residential and long-term care,Québec,QC,46.857322,-71.195552,Province of Québec
sentier du nouveau jour,Residential and long-term care,Lantier,QC,46.14268,-74.228961,Province of Québec
service d'aides techniques et services de réadaptation externe,Residential and long-term care,Kirkland,QC,45.4502041,-73.8501551,Province of Québec
service d'aides techniques et services externes constance-lethbridge,Residential and long-term care,Montréal,QC,45.4582597,-73.6360212,Province of Québec
service de désintoxication et de réadaptation,Residential and long-term care,Saint-Jérôme,QC,45.763818,-73.997008,Province of Québec
service de réadaptation en dépendance du ciusss mcq,Residential and long-term care,Drummondville,QC,45.8760036,-72.4854783,Province of Québec
service de réadaptation en dépendance- shawinigan,Residential and long-term care,Shawinigan,QC,46.537612,-72.7535786,Province of Québec
service des ressources résidentielles,Hospitals,Montréal,QC,45.443874,-73.579377,Province of Québec
service en déficience intellectuelle et trouble du spectre de l'autisme - institut universitaire - louiseville,Residential and long-term care,Louiseville,QC,46.2608752,-72.9559148,Province of Québec
service médical privé (laboratoire montarville),Clinics and ambulatory care,Boucherville,QC,45.590544,-73.435754,Province of Québec
service urgence sociale,Residential and long-term care,Québec,QC,46.85668,-71.2198,Province of Québec
services communautaires bilingues jeffery hale,Clinics and ambulatory care,Québec,QC,46.79659,-71.2526,Province of Québec
services d'activités de jour saj (388 la fontaine),Residential and long-term care,Granby,QC,45.41184,-72.729787,Province of Québec
services d'activités de jour saj (390 la fontaine),Residential and long-term care,Granby,QC,45.411953,-72.730147,Province of Québec
services de protection et de réadaptation pour les jeunes en difficulté d'adaptation et leur famille,Residential and long-term care,Shawinigan,QC,46.537612,-72.7535786,Province of Québec
services de réadaptation du sud-ouest et du renfort (les) - point de service saint-jean-sur-richelieu,Residential and long-term care,Saint-Jean-Sur-Richelieu,QC,45.326097,-73.265833,Province of Québec
services de réadaptation en dépendance - trois-rivières,Residential and long-term care,Trois-Rivières,QC,46.347486,-72.5479491,Province of Québec
services de réadaptation pour les enfants ayant une déficience auditive,Residential and long-term care,Québec,QC,46.75954,-71.2855,Province of Québec
services de santé au travail la tuque,Clinics and ambulatory care,La Tuque,QC,47.428542,-72.785681,Province of Québec
services du chat botté (les) maison bellerose,Residential and long-term care,Laval,QC,45.611949,-73.733384,Province of Québec
services en déficience intellectuelle et spectre de l'autisme - institut universitaire - rubin (victoriaville),Residential and long-term care,Victoriaville,QC,46.0662842,-71.9701493,Province of Québec
services en déficience intellectuelle et trouble du spectre de l'autisme - institut universitaire - bécancour,Residential and long-term care,Bécancour,QC,46.2925616,-72.5442315,Province of Québec
services en déficience intellectuelle et trouble du spectre de l'autisme - institut universitaire - drummondville,Residential and long-term care,Drummondville,QC,45.8821822,-72.5002286,Province of Québec
services en déficience intellectuelle et trouble du spectre de l'autisme - institut universitaire - plessisville,Residential and long-term care,Plessisville,QC,46.2192367,-71.7727808,Province of Québec
services en déficience intellectuelle et trouble du spectre de l'autisme - institut universitaire - shawinigan,Residential and long-term care,Shawinigan,QC,46.5248194,-72.7570098,Province of Québec
services en déficience intellectuelle et trouble du spectre de l'autisme - institut universitaire - trois-rivières (du passage),Residential and long-term care,Trois-Rivières,QC,46.370339,-72.5405721,Province of Québec
services en déficience intellectuelle et trouble du spectre de l'autisme - institut universitaire - trois-rivières (marguerite-bourgeoys),Residential and long-term care,Trois-Rivières,QC,46.3557544,-72.5712886,Province of Québec
services en déficience intellectuelle et trouble du spectre de l'autisme - institut universitaire - victoriaville,Residential and long-term care,Victoriaville,QC,46.0673863,-71.97019,Province of Québec
services en déficience intellectuelle et trouble du spectre de l'autisme-institut universitaire - boland (trois-rivières),Residential and long-term care,Trois-Rivières,QC,46.3412212,-72.5831228,Province of Québec
services externes de baie-saint-paul (centre de réadaptation en dépendance de québec),Residential and long-term care,Baie-Saint-Paul,QC,47.44146,-70.508,Province of Québec
services externes de drummondville,Residential and long-term care,Drummondville,QC,45.8760036,-72.4854783,Province of Québec
services externes de montmagny,Residential and long-term care,Montmagny,QC,46.987958,-70.538931,Province of Québec
services externes de réadaptation de charlevoix (irdpq),Residential and long-term care,Baie-Saint-Paul,QC,47.43985,-70.5121,Province of Québec
services externes de réadaptation de portneuf,Residential and long-term care,Donnacona,QC,46.68123,-71.7241,Province of Québec
services externes de réadaptation à l'école madeleine-bergeron,Residential and long-term care,Québec,QC,46.7405,-71.359,Province of Québec
services externes en deficience auditive du grand littoral,Residential and long-term care,Lévis,QC,46.726006,-71.2577,Province of Québec
services externes en réadaptation à l'école joseph-paquin,Residential and long-term care,Québec,QC,46.85591,-71.2534,Province of Québec
services externes et d'aides techniques de coaticook (centre de réadaptation en déficience physique),Residential and long-term care,Coaticook,QC,45.135341,-71.811279,Province of Québec
services externes et d'aides techniques de memphrémagog (centre de réadaptation en déficience physique),Residential and long-term care,Magog,QC,45.26521,-72.145126,Province of Québec
services externes pour les jeunes en difficulté d'adaptation de granby,Residential and long-term care,Granby,QC,45.400598,-72.730835,Province of Québec
services professionnels - mrc mitis (centre d'activités de jour de mont-joli),Residential and long-term care,Mont-Joli,QC,48.572199,-68.21573,Province of Québec
shriners hospital for children,Hospitals,Montréal,QC,45.499581,-73.588351,Public Health Agency of Canada
site glen du centre universitaire de santé mcgill (cusm),Hospitals,Montréal,QC,45.47208109,-73.60325961,Province of Québec
soeurs missionnaires de l'immaculée-conception,Residential and long-term care,Laval,QC,45.560019,-73.676871,Province of Québec
soeurs missionnaires du christ-roi,Residential and long-term care,Laval,QC,45.527829,-73.759746,Province of Québec
st. mary's hospital center,Hospitals,Montréal,QC,45.494902,-73.624099,Public Health Agency of Canada
stadium physiosteo,Clinics and ambulatory care,Montréal,QC,45.5582905,-73.5489172,Province of Québec
steven d. cohen md,Clinics and ambulatory care,Kirkland,QC,45.449333,-73.836697,Province of Québec
steven e. robbins m.d.,Clinics and ambulatory care,Montréal,QC,45.501011,-73.567605,Province of Québec
suivi intensif dans le milieu - santé mentale,Hospitals,Joliette,QC,46.018988,-73.438067,Province of Québec
sérénité 2007 (la),Residential and long-term care,Québec,QC,46.831706,-71.253679,Province of Québec
trainyards medical centre,Clinics and ambulatory care,Ottawa,QC,45.414768,-75.645755,Province of Québec
transit sept-îles,Residential and long-term care,Sept-Îles,QC,50.20825,-66.379117,Province of Québec
unité d'alcoologie et de toxicomanies (centre griffith edwards),Residential and long-term care,Montréal,QC,45.4980246,-73.5890139,Province of Québec
unité de jour - kamouraska,Hospitals,La Pocatière,QC,47.3736225,-70.0262725,Province of Québec
unité régionale de réadaptation di-ted saint-charles,Residential and long-term care,Saint-Hyacinthe,QC,45.63429,-72.959624,Province of Québec
villa de la paix,Residential and long-term care,Chertsey,QC,46.127443,-73.8802,Province of Québec
villa du lac,Residential and long-term care,Rivière-Rouge,QC,46.4418807,-74.9214792,Province of Québec
villa marie-claire (centre de réadaptation pour jeunes mères en difficulté d'adaptation),Residential and long-term care,Sherbrooke,QC,45.405529,-71.905228,Province of Québec
villa médica,Hospitals,Montréal,QC,45.514975,-73.56859,Province of Québec
villa médica inc. (centre administratif),Hospitals,Montréal,QC,45.514975,-73.56859,Province of Québec
villa port-cartier (port-cartier),Residential and long-term care,Port-Cartier,QC,50.027396,-66.858874,Province of Québec
villa saint-martin,Residential and long-term care,Montréal,QC,45.3821027,-75.2490965,Province of Québec
virtualmed,Clinics and ambulatory care,Saint-Eustache,QC,45.568009,-73.912136,Province of Québec
vision pro-santé,Clinics and ambulatory care,Saint-Hyacinthe,QC,45.63417,-72.962285,Province of Québec
votre clinique familiale vs inc.,Clinics and ambulatory care,Mcmasterville,QC,45.554696,-73.229674,Province of Québec
y des femmes (ywca de montréal),Residential and long-term care,Montréal,QC,45.4961708,-73.5752037,Province of Québec
zenderm docteur robert saint-jacques dermatologue inc,Clinics and ambulatory care,Blainville,QC,45.655425,-73.800746,Province of Québec
âtre (l') de sept-îles,Residential and long-term care,Sept-Îles,QC,50.206517,-66.382237,Province of Québec
élan des jeunes (l') châteauguay,Residential and long-term care,Châteauguay,QC,45.360499,-73.72689,Province of Québec
épisode de soins,Clinics and ambulatory care,Laval,QC,45.567071,-73.738242,Province of Québec
9th avenue north medical clinic,Clinics and ambulatory care,Regina,SK,50.484705,-104.614231,Saskatchewan Health Authorities
al ritchie heritage community health centre,Hospitals,Regina,SK,50.444203,-104.603159,Saskatchewan Health Authorities
albert and parliament primary health care centre,Hospitals,Regina,SK,50.415871,-104.619286,Saskatchewan Health Authorities
alcohol and drug services - saul cohen centre,Clinics and ambulatory care,Melville,SK,50.93824,-102.822121,Saskatchewan Health Authorities
all nations' healing hospital,Hospitals,Fort Quappelle,SK,50.7616887,-103.7870088,Public Health Agency of Canada
arcola health centre,Hospitals,Arcola,SK,49.6378176,-102.4846027,Public Health Agency of Canada
assiniboia union hospital,Hospitals,Assiniboia,SK,49.628594,-105.983248,Saskatchewan Health Authorities
autism centre,Hospitals,Regina,SK,50.444378,-104.606664,Saskatchewan Health Authorities
avon medical clinic,Hospitals,Regina,SK,50.470404,-104.622257,Saskatchewan Health Authorities
balcarres integrated care centre,Hospitals,Balcarres,SK,50.803208,-103.550837,Public Health Agency of Canada
battlefords district care centre,Residential and long-term care,Battleford,SK,52.720038,-108.28434,Saskatchewan Health Authorities
battlefords home care services,Residential and long-term care,North Battleford,SK,52.771802,-108.288771,Saskatchewan Health Authorities
battlefords mental health centre,Clinics and ambulatory care,North Battleford,SK,52.771802,-108.288771,Saskatchewan Health Authorities
battlefords union hospital,Hospitals,North Battleford,SK,52.771802,-108.288771,Saskatchewan Health Authorities
beauval clinic,Clinics and ambulatory care,Beauval,SK,55.146799,-107.614342,Saskatchewan Health Authorities
beechy health centre,Clinics and ambulatory care,Beechy,SK,50.877411,-107.383777,Saskatchewan Health Authorities
bengough health centre,Residential and long-term care,Bengough,SK,49.393536,-105.13444,Saskatchewan Health Authorities
bethany pioneer village,Residential and long-term care,Middle Lake,SK,52.476943,-105.318248,Saskatchewan Health Authorities
big river health centre,Clinics and ambulatory care,Big River,SK,53.8342818,-107.040604,Saskatchewan Health Authorities
biggar and district health centre,Hospitals,Biggar,SK,52.05738,-107.996219,Saskatchewan Health Authorities
biggar hospital,Hospitals,Biggar,SK,52.0566752,-107.9968687,Public Health Agency of Canada
birch hills health facility (birch hills primary health care clinic),Clinics and ambulatory care,Birch Hills,SK,52.9846372,-105.4389316,Saskatchewan Health Authorities
blaine lake primary health care clinic,Clinics and ambulatory care,Blaine Lake,SK,52.8302425,-106.882716,Saskatchewan Health Authorities
borden primary health centre,Hospitals,Borden,SK,52.406866,-107.24079,Saskatchewan Health Authorities
border health centre,Clinics and ambulatory care,Climax,SK,49.209032,-108.386761,Saskatchewan Health Authorities
border-line housing company,Residential and long-term care,Carnduff,SK,49.177734,-101.79285,Saskatchewan Health Authorities
broad street medical clinic,Clinics and ambulatory care,Regina,SK,50.443324,-104.607271,Saskatchewan Health Authorities
broadview centennial lodge,Residential and long-term care,Broadview,SK,50.376551,-102.573208,Saskatchewan Health Authorities
broadview hospital,Hospitals,Broadview,SK,50.373996,-102.584409,Saskatchewan Health Authorities
broadview medical clinic,Clinics and ambulatory care,Broadview,SK,50.373996,-102.584409,Saskatchewan Health Authorities
broadview union hospital,Hospitals,Broadview,SK,50.3739021,-102.5846546,Public Health Agency of Canada
buffalo narrows clinic,Clinics and ambulatory care,Buffalo Narrows,SK,55.861272,-108.480389,Saskatchewan Health Authorities
cabri medical clinic (primary health care clinic),Clinics and ambulatory care,Cabri,SK,50.616969,-108.467041,Saskatchewan Health Authorities
candle lake health clinic,Clinics and ambulatory care,Candle Lake,SK,53.735768,-105.262795,Saskatchewan Health Authorities
canora hospital,Hospitals,Canora,SK,51.626261,-102.439565,Saskatchewan Health Authorities
carlyle community health,Clinics and ambulatory care,Carlyle,SK,49.634748,-102.264735,Saskatchewan Health Authorities
carlyle primary health care team - carlyle medical clinic,Clinics and ambulatory care,Carlyle,SK,49.63305,-102.267985,Saskatchewan Health Authorities
carrot river health centre,Hospitals,Carrot River,SK,53.282556,-103.591844,Saskatchewan Health Authorities
centennial special care home,Residential and long-term care,Langenburg,SK,50.840139,-101.705453,Saskatchewan Health Authorities
central butte regency hospital,Hospitals,Central Butte,SK,50.799886,-106.50876,Saskatchewan Health Authorities
central haven special care home,Residential and long-term care,Saskatoon,SK,52.141159,-106.682821,Saskatchewan Health Authorities
central parkland lodge,Residential and long-term care,Lanigan,SK,51.851297,-105.025858,Saskatchewan Health Authorities
child & youth services,Clinics and ambulatory care,North Battleford,SK,52.771802,-108.288771,Saskatchewan Health Authorities
circle drive special care home,Residential and long-term care,Saskatoon,SK,52.08649,-106.620778,Saskatchewan Health Authorities
community health services,Clinics and ambulatory care,Swift Current,SK,50.283113,-107.804835,Saskatchewan Health Authorities
cornerstone therapies,Clinics and ambulatory care,Yorkton,SK,51.2024191,-102.4763671,Saskatchewan Health Authorities
coronach health centre,Clinics and ambulatory care,Coronach,SK,49.1094328,-105.5150674,Saskatchewan Health Authorities
craik and district health centre,Clinics and ambulatory care,Craik,SK,51.044848,-105.811652,Saskatchewan Health Authorities
creighton community health services,Clinics and ambulatory care,Creighton,SK,54.757036,-101.894881,Saskatchewan Health Authorities
crescent view clinic,Clinics and ambulatory care,Moose Jaw,SK,50.390948,-105.53174,Saskatchewan Health Authorities
cudworth nursing home/health centre,Residential and long-term care,Cudworth,SK,52.486807,-105.737803,Saskatchewan Health Authorities
cumberland house addiction services,Residential and long-term care,Cumberland House,SK,53.956179,-102.263573,Saskatchewan Health Authorities
cumberland house health centre,Hospitals,Cumberland House,SK,53.956179,-102.263573,Saskatchewan Health Authorities
cupar primary health care clinic,Clinics and ambulatory care,Cupar,SK,50.946074,-104.206599,Saskatchewan Health Authorities
cut knife health complex,Clinics and ambulatory care,Cut Knife,SK,52.747485,-109.026639,Saskatchewan Health Authorities
cypress regional hospital,Hospitals,Swift Current,SK,50.311026,-107.775948,Saskatchewan Health Authorities
dalmeny spruce manor special care home,Residential and long-term care,Dalmeny,SK,52.346835,-106.772637,Saskatchewan Health Authorities
davidson health centre,Hospitals,Davidson,SK,51.266611,-105.9844709,Public Health Agency of Canada
delisle primary health centre,Clinics and ambulatory care,Delisle,SK,51.924692,-107.134783,Saskatchewan Health Authorities
dinsmore health care centre,Hospitals,Dinsmore,SK,51.333416,-107.444463,Saskatchewan Health Authorities
dr. f.h. wigmore regional hospital,Hospitals,Moose Jaw,SK,50.419139,-105.525048,Saskatchewan Health Authorities
duck lake beardy's primary health team - stobart community school,Clinics and ambulatory care,Duck Lake,SK,52.809276,-106.230402,Saskatchewan Health Authorities
echo lodge special care home,Residential and long-term care,Fort Quappelle,SK,50.770243,-103.80149,Saskatchewan Health Authorities
elrose health centre,Hospitals,Elrose,SK,51.198192,-108.032739,Saskatchewan Health Authorities
estevan mental health clinic,Clinics and ambulatory care,Estevan,SK,49.15058,-103.012755,Saskatchewan Health Authorities
estevan regional nursing home,Residential and long-term care,Estevan,SK,49.154117,-102.992586,Saskatchewan Health Authorities
eston health centre,Hospitals,Eston,SK,51.146105,-108.751929,Saskatchewan Health Authorities
extendicare,Residential and long-term care,Moose Jaw,SK,50.382142,-105.56752,Saskatchewan Health Authorities
family medicine unit,Clinics and ambulatory care,Regina,SK,50.452644,-104.617718,Saskatchewan Health Authorities
fillmore union health centre,Clinics and ambulatory care,Fillmore,SK,49.878156,-103.437282,Saskatchewan Health Authorities
foam lake health centre,Clinics and ambulatory care,Foam Lake,SK,51.641071,-103.522845,Saskatchewan Health Authorities
fort medical clinic,Clinics and ambulatory care,Fort Quappelle,SK,50.769493,-103.795093,Saskatchewan Health Authorities
fort qu'appelle primary health care centre,Clinics and ambulatory care,Fort Quappelle,SK,50.770855,-103.795049,Saskatchewan Health Authorities
four directions community health centre,Hospitals,Regina,SK,50.454957,-104.618354,Saskatchewan Health Authorities
foyer st. joseph (affiliate),Residential and long-term care,Ponteix,SK,49.746771,-107.494359,Saskatchewan Health Authorities
gainsborough & area health centre,Clinics and ambulatory care,Gainsborough,SK,49.179083,-101.450889,Saskatchewan Health Authorities
galloway health centre,Clinics and ambulatory care,Oxbow,SK,49.235185,-102.173342,Saskatchewan Health Authorities
gateway alliance medical clinic (north),Clinics and ambulatory care,Regina,SK,50.496028,-104.646666,Saskatchewan Health Authorities
gateway alliance medical clinic (south),Clinics and ambulatory care,Regina,SK,50.404968,-104.620637,Saskatchewan Health Authorities
golden acres lodge,Residential and long-term care,Wynyard,SK,51.79501,-104.163027,Saskatchewan Health Authorities
golden prairie home,Residential and long-term care,Indian Head,SK,50.537795,-103.665662,Saskatchewan Health Authorities
goodwill manor nursing home,Residential and long-term care,Duck Lake,SK,52.814707,-106.23065,Saskatchewan Health Authorities
"grasslands health centre, rockglen",Hospitals,Rockglen,SK,49.18182,-105.952489,Saskatchewan Health Authorities
greens medical clinic,Clinics and ambulatory care,Regina,SK,50.416796,-104.517287,Saskatchewan Health Authorities
grenfell health centre,Clinics and ambulatory care,Grenfell,SK,50.412264,-102.934048,Saskatchewan Health Authorities
grenfell pioneer home,Residential and long-term care,Grenfell,SK,50.410051,-102.934515,Saskatchewan Health Authorities
gull lake special care centre,Residential and long-term care,Gull Lake,SK,50.090297,-108.481251,Saskatchewan Health Authorities
hafford special care centre and primary care site,Clinics and ambulatory care,Hafford,SK,52.724967,-107.348039,Saskatchewan Health Authorities
harbour landing medical clinic,Clinics and ambulatory care,Regina,SK,50.408252,-104.645982,Saskatchewan Health Authorities
herb bassett home,Residential and long-term care,Prince Albert,SK,53.190981,-105.784022,Saskatchewan Health Authorities
herbert & district integrated health facility,Hospitals,Herbert,SK,50.4263039,-107.2188853,Public Health Agency of Canada
hodgeville health centre,Clinics and ambulatory care,Hodgeville,SK,50.112005,-106.962552,Saskatchewan Health Authorities
home care - paphr,Clinics and ambulatory care,Debden,SK,53.524098,-106.880345,Saskatchewan Health Authorities
home care - south,Clinics and ambulatory care,Estevan,SK,49.152536,-103.012175,Saskatchewan Health Authorities
hudson bay health care facility,Hospitals,Hudson Bay,SK,52.8539259,-102.387622,Public Health Agency of Canada
humboldt district health complex,Hospitals,Humboldt,SK,52.2124959,-105.1210596,Public Health Agency of Canada
idylwyld centre - main office,Clinics and ambulatory care,Saskatoon,SK,52.13278,-106.669402,Saskatchewan Health Authorities
indian head hospital,Hospitals,Indian Head,SK,50.536661,-103.677892,Canadian Institute for Health Information
indian head union hospital,Hospitals,Indian Head,SK,50.536462,-103.6785068,Public Health Agency of Canada
integral medical centre (imc),Clinics and ambulatory care,Regina,SK,50.455491,-104.669915,Saskatchewan Health Authorities
integrated wellness and health balance center,Hospitals,Regina,SK,50.484753,-104.61455,Saskatchewan Health Authorities
invermay health centre,Residential and long-term care,Invermay,SK,51.808982,-103.153413,Public Health Agency of Canada
ituna pioneer health care centre,Clinics and ambulatory care,Ituna,SK,51.17207,-103.490539,Saskatchewan Health Authorities
jim pattison children's hospital,Hospitals,Saskatoon,SK,52.131555,-106.64194,Saskatchewan Health Authorities
jubilee home,Residential and long-term care,Lloydminster,SK,53.274963,-109.991473,Saskatchewan Health Authorities
jubilee lodge,Residential and long-term care,Kinistino,SK,52.952367,-105.026571,Saskatchewan Health Authorities
kamsack home care office,Clinics and ambulatory care,Kamsack,SK,51.556726,-101.887773,Saskatchewan Health Authorities
kamsack hospital and nursing home,Hospitals,Kamsack,SK,51.556726,-101.887773,Saskatchewan Health Authorities
kamsack public health office,Clinics and ambulatory care,Kamsack,SK,51.564956,-101.886061,Saskatchewan Health Authorities
kelvindell lodge,Residential and long-term care,Kelvington,SK,52.157816,-103.526689,Saskatchewan Health Authorities
kelvington & area hospital,Hospitals,Kelvington,SK,52.158146,-103.52689,Saskatchewan Health Authorities
kelvington hospital,Hospitals,Kelvington,SK,52.158065,-103.526917,Public Health Agency of Canada
kerrobert and district health centre,Hospitals,Kerrobert,SK,51.913653,-109.132745,Saskatchewan Health Authorities
kerrobert hospital,Hospitals,Kerrobert,SK,51.913666,-109.131866,Public Health Agency of Canada
kerrobert integrated health centre,Hospitals,Kerrobert,SK,51.917673,-109.14045,Canadian Institute for Health Information
kidney health centre,Hospitals,Regina,SK,50.479628,-104.617155,Saskatchewan Health Authorities
kindersley and district health centre,Hospitals,Kindersley,SK,51.470914,-109.164471,Saskatchewan Health Authorities
kindersley hospital,Hospitals,Kindersley,SK,51.470908,-109.164454,Public Health Agency of Canada
kinistino primary health care clinic,Clinics and ambulatory care,Kinistino,SK,52.951881,-105.025515,Saskatchewan Health Authorities
kipling integrated health centre,Hospitals,Kipling,SK,50.101613,-102.641269,Saskatchewan Health Authorities
kipling medical clinic,Clinics and ambulatory care,Kipling,SK,50.09823,-102.624357,Saskatchewan Health Authorities
kipling memorial health centre,Hospitals,Kipling,SK,50.1023016,-102.6381096,Public Health Agency of Canada
kipling primary health clinic,Clinics and ambulatory care,Kipling,SK,50.098329,-102.624187,Saskatchewan Health Authorities
kliniek on main,Clinics and ambulatory care,Moose Jaw,SK,50.393554,-105.534454,Saskatchewan Health Authorities
kyle district health centre,Hospitals,Kyle,SK,50.827972,-108.037257,Saskatchewan Health Authorities
l. gervais memorial health centre,Clinics and ambulatory care,Goodsoil,SK,53.387999,-108.962519,Saskatchewan Health Authorities
la loche health centre,Hospitals,La Loche,SK,56.491177,-109.450785,Saskatchewan Health Authorities
la ronge health centre,Hospitals,La Ronge,SK,55.105254,-105.28969,Public Health Agency of Canada
lady minto health care center,,Edam,SK,53.18399,-108.766409,Saskatchewan Health Authorities
lake health centre & special care home,Hospitals,Loon Lake,SK,54.027538,-109.158882,Public Health Agency of Canada
lakeside manor care home,Residential and long-term care,Saltcoats,SK,51.038146,-102.160342,Saskatchewan Health Authorities
lakeview pioneer lodge,Residential and long-term care,Wakaw,SK,52.651206,-105.745998,Saskatchewan Health Authorities
lampman community health centre,Clinics and ambulatory care,Lampman,SK,49.378534,-102.758982,Saskatchewan Health Authorities
langenburg health care complex,Clinics and ambulatory care,Langenburg,SK,51.386844,-104.414514,Saskatchewan Health Authorities
langenburg home care office,Residential and long-term care,Langenburg,SK,51.386844,-104.414514,Saskatchewan Health Authorities
langenburg public health office,Clinics and ambulatory care,Langenburg,SK,51.386844,-104.414514,Saskatchewan Health Authorities
langham senior citizen's home,Residential and long-term care,Langham,SK,52.360344,-106.960403,Saskatchewan Health Authorities
lanigan hospital,Hospitals,Lanigan,SK,51.851472,-105.023947,Saskatchewan Health Authorities
last mountain pioneer home,Residential and long-term care,Strasbourg,SK,51.072214,-104.958274,Saskatchewan Health Authorities
leader and district integrated healthcare facility,Hospitals,Leader,SK,50.890917,-109.541118,Saskatchewan Health Authorities
leader hospital,Hospitals,Leader,SK,50.890964,-109.541368,Public Health Agency of Canada
leoville medical clinic,Clinics and ambulatory care,Leoville,SK,53.629951,-107.549492,Saskatchewan Health Authorities
leroy community health & social centre,Hospitals,Leroy,SK,52.001224,-104.737,Saskatchewan Health Authorities
lifelabs - albert park,Clinics and ambulatory care,Regina,SK,50.416136,-104.619194,Saskatchewan Health Authorities
lifelabs - gardiner park,Clinics and ambulatory care,Regina,SK,50.43562,-104.556052,Saskatchewan Health Authorities
lifelabs - normanview crossing,Clinics and ambulatory care,Regina,SK,50.482016,-104.666163,Saskatchewan Health Authorities
lifelabs - towers mall,Clinics and ambulatory care,Regina,SK,50.469947,-104.62006,Saskatchewan Health Authorities
lifelabs- broad street,Clinics and ambulatory care,Regina,SK,50.444417,-104.606971,Saskatchewan Health Authorities
lloydminster & area home care services,Residential and long-term care,Lloydminster,SK,55.532126,-106.141224,Saskatchewan Health Authorities
lloydminster hospital,Hospitals,Lloydminster,SK,53.2726305,-109.9895267,Public Health Agency of Canada
lloydminster mental health & addictions services,Residential and long-term care,Lloydminster,SK,55.532126,-106.141224,Saskatchewan Health Authorities
long lake valley integrated facility,Hospitals,Imperial,SK,51.344404,-105.443397,Saskatchewan Health Authorities
lumsden and district heritage home,Residential and long-term care,Lumsden,SK,50.643841,-104.87462,Saskatchewan Health Authorities
luther special care home,Residential and long-term care,Saskatoon,SK,52.126672,-106.639456,Saskatchewan Health Authorities
maidstone health complex,Hospitals,Maidstone,SK,53.090537,-109.29367,Public Health Agency of Canada
mainprize manor & health centre,Clinics and ambulatory care,Midale,SK,49.391955,-103.405656,Saskatchewan Health Authorities
manitou health centre,Clinics and ambulatory care,Neilburg,SK,53.086859,-109.288608,Saskatchewan Health Authorities
manitou lodge,Residential and long-term care,Watrous,SK,51.67472,-105.456189,Saskatchewan Health Authorities
maple creek hospital,Hospitals,Maple Creek,SK,49.90328,-109.49,Public Health Agency of Canada
maryfield health centre,Clinics and ambulatory care,Maryfield,SK,49.8374043,-101.5238092,Saskatchewan Health Authorities
maximily medical clinic,Clinics and ambulatory care,Regina,SK,50.4554,-104.625605,Saskatchewan Health Authorities
meadow lake community services,Clinics and ambulatory care,Meadow Lake,SK,54.12368,-108.433387,Saskatchewan Health Authorities
meadow lake home care services,Residential and long-term care,Meadow Lake,SK,54.12368,-108.433387,Saskatchewan Health Authorities
meadow lake hospital,Hospitals,Meadow Lake,SK,54.123882,-108.433623,Canadian Institute for Health Information
meadow lake primary health care centre,Clinics and ambulatory care,Meadow Lake,SK,54.130877,-108.433251,Saskatchewan Health Authorities
meadow primary health care centre,Clinics and ambulatory care,Regina,SK,50.455291,-104.638929,Saskatchewan Health Authorities
melfort hospital,Hospitals,Melfort,SK,52.865784,-104.614632,Saskatchewan Health Authorities
melville public health office,Clinics and ambulatory care,Melville,SK,50.93824,-102.822121,Saskatchewan Health Authorities
melville/ituna home care office,Residential and long-term care,Melville,SK,50.93824,-102.822121,Saskatchewan Health Authorities
mennonite nursing home,Residential and long-term care,Rosthern,SK,52.651918,-106.336717,Saskatchewan Health Authorities
mental health & addiction services,Residential and long-term care,Yorkton,SK,51.201732,-102.480778,Saskatchewan Health Authorities
mont st. joseph home,Residential and long-term care,Prince Albert,SK,53.187033,-105.732751,Saskatchewan Health Authorities
montmartre health centre,Clinics and ambulatory care,Montmartre,SK,50.218136,-103.444401,Saskatchewan Health Authorities
moose jaw union hospital,Hospitals,Moose Jaw,SK,50.3924803,-105.5246872,Public Health Agency of Canada
mount royal collegiate primary health team,Clinics and ambulatory care,Saskatoon,SK,52.133602,-106.704974,Saskatchewan Health Authorities
naicam health care facility,Clinics and ambulatory care,Naicam,SK,52.41651,-104.497942,Saskatchewan Health Authorities
new hope pioneer lodge,Residential and long-term care,Stoughton,SK,49.685511,-103.021717,Saskatchewan Health Authorities
nipawin health care facility,Hospitals,Nipawin,SK,53.356182,-104.004036,Saskatchewan Health Authorities
nipawin hospital,Hospitals,Nipawin,SK,53.3559551,-104.0038797,Public Health Agency of Canada
nokomis health centre,Residential and long-term care,Nokomis,SK,51.507839,-105.009923,Saskatchewan Health Authorities
nokomis senior's centre,Residential and long-term care,Nokomis,SK,51.507797,-105.009931,Saskatchewan Health Authorities
normanview mall medi-clinic,Clinics and ambulatory care,Regina,SK,50.481376,-104.666148,Saskatchewan Health Authorities
norquay health centre,Residential and long-term care,Norquay,SK,51.880519,-102.077116,Saskatchewan Health Authorities
norquay home care office,Clinics and ambulatory care,Norquay,SK,51.880519,-102.077116,Saskatchewan Health Authorities
norquay public health office,Clinics and ambulatory care,Norquay,SK,51.880519,-102.077116,Saskatchewan Health Authorities
north east (public health office),Clinics and ambulatory care,Saskatoon,SK,52.148582,-106.572424,Saskatchewan Health Authorities
north network (public health office),Clinics and ambulatory care,Regina,SK,50.475267,-104.640158,Saskatchewan Health Authorities
northgate medi clinic,Clinics and ambulatory care,Regina,SK,50.482566,-104.615204,Saskatchewan Health Authorities
northgate medical centre,Clinics and ambulatory care,Regina,SK,50.469763,-104.618967,Saskatchewan Health Authorities
northland pioneers lodge,Residential and long-term care,Meadow Lake,SK,54.12739,-108.437823,Saskatchewan Health Authorities
northwest health facility,Hospitals,Meadow Lake,SK,54.1235688,-108.4347361,Public Health Agency of Canada
nutana collegiate - primary health team,Clinics and ambulatory care,Saskatoon,SK,52.119095,-106.661595,Saskatchewan Health Authorities
nutrition services,Clinics and ambulatory care,North Battleford,SK,52.771802,-108.288771,Saskatchewan Health Authorities
oliver lodge,Residential and long-term care,Saskatoon,SK,52.142697,-106.690922,Saskatchewan Health Authorities
oskayak high school - primary health team,Clinics and ambulatory care,Saskatoon,SK,52.116186,-106.65636,Saskatchewan Health Authorities
our neighbourhood health centre,Clinics and ambulatory care,Saskatoon,SK,52.126487,-106.687044,Saskatchewan Health Authorities
outlook and district health centre,Hospitals,Outlook,SK,51.483679,-107.063,Saskatchewan Health Authorities
outlook hospital,Hospitals,Outlook,SK,51.483632,-107.062979,Public Health Agency of Canada
pangman health centre,Clinics and ambulatory care,Pangman,SK,49.6461658,-104.6644122,Saskatchewan Health Authorities
paradise hill health centre,Hospitals,Paradise Hill,SK,53.536605,-109.457092,Public Health Agency of Canada
park plaza medical centre,Clinics and ambulatory care,Regina,SK,50.446022,-104.573241,Saskatchewan Health Authorities
parkland place,Residential and long-term care,Melfort,SK,52.862193,-104.599927,Saskatchewan Health Authorities
parkridge centre,Residential and long-term care,Saskatoon,SK,52.127855,-106.729658,Saskatchewan Health Authorities
pasqua hospital,Hospitals,Regina,SK,50.454433,-104.638463,Saskatchewan Health Authorities
pasqua south medical centre,Clinics and ambulatory care,Regina,SK,50.423482,-104.640386,Saskatchewan Health Authorities
pediatric therapy services,Clinics and ambulatory care,North Battleford,SK,52.771802,-108.288771,Saskatchewan Health Authorities
pinehouse health centre,Clinics and ambulatory care,Pinehouse,SK,55.516703,-106.574177,Saskatchewan Health Authorities
pineview hospital,Hospitals,Prince Albert,SK,53.191545,-105.786266,Saskatchewan Health Authorities
pioneers lodge,Residential and long-term care,Moose Jaw,SK,50.398647,-105.561871,Saskatchewan Health Authorities
pleasant view care home,Residential and long-term care,Wadena,SK,51.94448,-103.802015,Saskatchewan Health Authorities
ponteix health centre,Clinics and ambulatory care,Ponteix,SK,49.746771,-107.494359,Saskatchewan Health Authorities
population health services / public health services,Clinics and ambulatory care,Lloydminster,SK,53.283455,-110.004157,Saskatchewan Health Authorities
porcupine carragana hospital,Hospitals,Porcupine Plain,SK,52.596679,-103.262613,Public Health Agency of Canada
porcupine plain health care facility,Hospitals,Porcupine Plain,SK,52.596747,-103.262638,Saskatchewan Health Authorities
"porteous lodge, jubilee residences",Residential and long-term care,Saskatoon,SK,52.138106,-106.694706,Saskatchewan Health Authorities
prairie health care centre,Residential and long-term care,Cabri,SK,50.617064,-108.466807,Saskatchewan Health Authorities
preeceville & district health centre,Hospitals,Preeceville,SK,51.956302,-102.655838,Saskatchewan Health Authorities
preeceville home care office,Clinics and ambulatory care,Preeceville,SK,51.956302,-102.655838,Saskatchewan Health Authorities
preeceville public health and physiotherapy office,Clinics and ambulatory care,Preeceville,SK,51.953882,-102.666723,Saskatchewan Health Authorities
preston extendicare special care home,Residential and long-term care,Saskatoon,SK,52.102882,-106.621757,Saskatchewan Health Authorities
primary health centre,Residential and long-term care,North Battleford,SK,52.759878,-108.272761,Saskatchewan Health Authorities
prince albert medical clinic,Clinics and ambulatory care,Prince Albert,SK,53.199125,-105.773,Saskatchewan Health Authorities
prince albert parkland health region corporate office,Clinics and ambulatory care,Prince Albert,SK,53.198665,-105.770227,Saskatchewan Health Authorities
"prince albert, lab service centre (south hill mall)",Clinics and ambulatory care,Prince Albert,SK,53.185035,-105.763018,Saskatchewan Health Authorities
providence place,Residential and long-term care,Moose Jaw,SK,50.390652,-105.530349,Saskatchewan Health Authorities
public health-saskatoon health (wastrous),Clinics and ambulatory care,Watrous,SK,51.674064,-105.455631,Saskatchewan Health Authorities
quill lake community health & social centre,Hospitals,Quill Lake,SK,52.070969,-104.256447,Saskatchewan Health Authorities
quill plains centennial lodge,Clinics and ambulatory care,Watson,SK,52.131211,-104.519125,Saskatchewan Health Authorities
radville marian health centre,Hospitals,Radville,SK,49.46414,-104.305331,Saskatchewan Health Authorities
radville public health office,Clinics and ambulatory care,Radville,SK,49.4642232,-104.3138929,Saskatchewan Health Authorities
rawlco centre hostel,,Regina,SK,50.443974,-104.59284,Saskatchewan Health Authorities
raymore community health and social centre,Hospitals,Raymore,SK,51.408427,-104.524342,Saskatchewan Health Authorities
red coat primary health care clinic,Clinics and ambulatory care,Assiniboia,SK,49.631729,-105.9941,Saskatchewan Health Authorities
redvers health centre,Clinics and ambulatory care,Redvers,SK,49.572789,-101.694417,Saskatchewan Health Authorities
regent park medical clinic,Clinics and ambulatory care,Regina,SK,50.474249,-104.635786,Saskatchewan Health Authorities
regina beach primary health care centre,Hospitals,Regina Beach,SK,50.790597,-104.985697,Saskatchewan Health Authorities
regina general hospital,Hospitals,Regina,SK,50.4439653,-104.6009937,Public Health Agency of Canada
regina medical centre,Hospitals,Regina,SK,50.449179,-104.617217,Saskatchewan Health Authorities
regional psychiatric centre (saskatoon),Hospitals,Saskatoon,SK,52.161772,-106.602866,Public Health Agency of Canada
river heights lodge,Residential and long-term care,North Battleford,SK,52.787328,-108.302776,Saskatchewan Health Authorities
riverside health complex,Hospitals,Turtleford,SK,53.388917,-108.972809,Public Health Agency of Canada
rochdale crossing medical clinic,Clinics and ambulatory care,Regina,SK,50.495829,-104.664075,Saskatchewan Health Authorities
rose valley health care facility,Clinics and ambulatory care,Rose Valley,SK,52.287157,-103.812606,Saskatchewan Health Authorities
rosetown and district health centre,Hospitals,Rosetown,SK,51.551089,-107.997869,Saskatchewan Health Authorities
ross payant nursing home,Residential and long-term care,Assiniboia,SK,49.625849,-105.995597,Saskatchewan Health Authorities
rosthern hospital,Hospitals,Rosthern,SK,52.6665813,-106.3332657,Public Health Agency of Canada
royal university hospital (ruh),Hospitals,Saskatoon,SK,52.130843,-106.641547,Saskatchewan Health Authorities
samaritan place,Residential and long-term care,Saskatoon,SK,52.087101,-106.628703,Saskatchewan Health Authorities
sandy bay health centre,Clinics and ambulatory care,Sandy Bay,SK,55.527727,-102.317556,Saskatchewan Health Authorities
santa maria senior citizens home,Residential and long-term care,Regina,SK,50.434784,-104.639108,Saskatchewan Health Authorities
saskatchewan hospital,Hospitals,North Battleford,SK,52.740533,-108.265676,Saskatchewan Health Authorities
saskatchewan hospital - north battleford,Hospitals,North Battleford,SK,52.740568,-108.265385,Public Health Agency of Canada
saskatoon city hospital,Hospitals,Saskatoon,SK,52.13643,-106.653915,Saskatchewan Health Authorities
saskatoon community clinic,Clinics and ambulatory care,Saskatoon,SK,52.134538,-106.661507,Saskatchewan Health Authorities
saskatoon convalescent home,Residential and long-term care,Saskatoon,SK,52.140002,-106.671376,Saskatchewan Health Authorities
sexual health clinic - access place,Clinics and ambulatory care,Prince Albert,SK,53.198987,-105.750889,Saskatchewan Health Authorities
shaunavon hospital and care centre,Hospitals,Shaunavon,SK,49.6514731,-108.4048574,Public Health Agency of Canada
shellbrook hospital,Hospitals,Shellbrook,SK,53.218535,-106.401225,Saskatchewan Health Authorities
shellbrook primary health care clinic,Clinics and ambulatory care,Shellbrook,SK,53.22049,-106.392067,Saskatchewan Health Authorities
sherbrooke community centre,Residential and long-term care,Saskatoon,SK,52.123048,-106.597067,Saskatchewan Health Authorities
silver heights special care home,Residential and long-term care,Raymore,SK,51.409658,-104.517993,Saskatchewan Health Authorities
smeaton health care facility,Clinics and ambulatory care,Smeaton,SK,53.492727,-104.806288,Saskatchewan Health Authorities
south east (public health office),Clinics and ambulatory care,Saskatoon,SK,52.105032,-106.611186,Saskatchewan Health Authorities
south end medical clinic,Clinics and ambulatory care,Regina,SK,50.403868,-104.620872,Saskatchewan Health Authorities
south hill medical practice,Clinics and ambulatory care,Prince Albert,SK,53.188956,-105.760679,Saskatchewan Health Authorities
south/east network (public health office),Clinics and ambulatory care,Regina,SK,50.448395,-104.571576,Saskatchewan Health Authorities
southeast integrated care centre – moosomin,Hospitals,Moosomin,SK,50.136107,-101.656361,Saskatchewan Health Authorities
southey primary health care centre,Hospitals,Southey,SK,50.943196,-104.497961,Saskatchewan Health Authorities
southwest integrated healthcare facility,Clinics and ambulatory care,Maple Creek,SK,49.90324,-109.489795,Saskatchewan Health Authorities
spalding community health centre,Hospitals,Borden,SK,52.406826,-107.240793,Saskatchewan Health Authorities
spiritwood and district health complex,Clinics and ambulatory care,Spiritwood,SK,53.361959,-107.520244,Saskatchewan Health Authorities
st. ann's senior citizen's village corporation,Residential and long-term care,Saskatoon,SK,52.100599,-106.608146,Saskatchewan Health Authorities
st. anthony's hospital,Hospitals,Esterhazy,SK,50.6504867,-102.0841431,Public Health Agency of Canada
st. brieux health care facility,Clinics and ambulatory care,St Brieux,SK,52.637361,-104.890955,Saskatchewan Health Authorities
st. joseph's health centre (île de la crosse),Clinics and ambulatory care,Île-À-La-Crosse,SK,55.445653,-107.899584,Saskatchewan Health Authorities
st. joseph's home,Residential and long-term care,Saskatoon,SK,52.146624,-106.68721,Saskatchewan Health Authorities
st. joseph's hospital,Hospitals,Estevan,SK,49.152536,-103.012175,Saskatchewan Health Authorities
st. joseph's hospital - estevan,Hospitals,Estevan,SK,49.1512952,-103.0117151,Public Health Agency of Canada
st. joseph's hospital - gravelbourg,Hospitals,Gravelbourg,SK,49.8742767,-106.5629233,Public Health Agency of Canada
st. joseph's hospital/ foyer d'youville,Hospitals,Gravelbourg,SK,49.874104,-106.563052,Saskatchewan Health Authorities
st. joseph's integrated care centre,Hospitals,Lestock,SK,51.314224,-103.9829201,Public Health Agency of Canada
st. joseph’s health facility (affiliated health centre),Clinics and ambulatory care,Macklin,SK,52.335026,-109.936666,Saskatchewan Health Authorities
st. mary's villa,Residential and long-term care,Humboldt,SK,52.207025,-105.131484,Saskatchewan Health Authorities
st. paul lutheran home,Residential and long-term care,Melville,SK,50.93911,-102.821524,Saskatchewan Health Authorities
st. paul's hospital,Hospitals,Saskatoon,SK,52.126313,-106.696366,Public Health Agency of Canada
st. paul's hospital [saskatoon],Hospitals,Saskatoon,SK,52.126963,-106.69587,Canadian Institute for Health Information
st. peter's hospital - melville,Hospitals,Melville,SK,50.9376801,-102.8205106,Public Health Agency of Canada
st. peter’s hospital,Hospitals,Melville,SK,50.93824,-102.822121,Saskatchewan Health Authorities
st. walburg health complex,Clinics and ambulatory care,St Walburg,SK,53.631763,-109.208019,Saskatchewan Health Authorities
stapleford medical clinic,Clinics and ambulatory care,Regina,SK,50.483108,-104.665959,Saskatchewan Health Authorities
stensrud lodge,Residential and long-term care,Saskatoon,SK,52.10453,-106.617824,Saskatchewan Health Authorities
strasbourg & district health centre,Clinics and ambulatory care,Strasbourg,SK,51.072922,-104.958868,Saskatchewan Health Authorities
student health centre - university of saskatchewan,Clinics and ambulatory care,Saskatoon,SK,52.130915,-106.636071,Saskatchewan Health Authorities
sunnyside adventist care centre,Residential and long-term care,Saskatoon,SK,52.102903,-106.681774,Saskatchewan Health Authorities
sunrise health & wellness centre,Clinics and ambulatory care,Yorkton,SK,51.207335,-102.443842,Saskatchewan Health Authorities
sunset haven,Residential and long-term care,Carnduff,SK,49.177734,-101.79285,Saskatchewan Health Authorities
sunset haven/border-line housing company,Residential and long-term care,Carnduff,SK,49.177596,-101.793486,Saskatchewan Health Authorities
supermed family medicine and walk-in clinic,Clinics and ambulatory care,Prince Albert,SK,53.198108,-105.739078,Saskatchewan Health Authorities
tatagwa view,Residential and long-term care,Weyburn,SK,49.6702367,-103.8703992,Saskatchewan Health Authorities
the meadows,Residential and long-term care,Swift Current,SK,50.313434,-107.774776,Saskatchewan Health Authorities
the tony day family medical clinic,Clinics and ambulatory care,Carnduff,SK,49.178136,-101.790189,Saskatchewan Health Authorities
theodore health centre,Clinics and ambulatory care,Theodore,SK,51.427996,-102.919007,Saskatchewan Health Authorities
tisdale health care facility,Hospitals,Tisdale,SK,52.856919,-104.054972,Saskatchewan Health Authorities
tisdale hospital,Hospitals,Tisdale,SK,52.856825,-104.054939,Public Health Agency of Canada
transcona medical clinic,Clinics and ambulatory care,Regina,SK,50.463377,-104.651972,Saskatchewan Health Authorities
twin city medical walk-in clinic,Clinics and ambulatory care,North Battleford,SK,52.773601,-108.294284,Saskatchewan Health Authorities
unity & district health centre,Hospitals,Unity,SK,52.442736,-109.173493,Public Health Agency of Canada
unity and district health centre,Hospitals,Unity,SK,52.442896,-109.172852,Saskatchewan Health Authorities
vanguard health centre,Clinics and ambulatory care,Vanguard,SK,49.904434,-107.301305,Saskatchewan Health Authorities
victoria hospital,Hospitals,Prince Albert,SK,53.192095,-105.784059,Saskatchewan Health Authorities
villa pascal (affiliate),Residential and long-term care,North Battleford,SK,52.776803,-108.2799,Saskatchewan Health Authorities
wadena hospital,Hospitals,Wadena,SK,51.9519198,-103.7943137,Public Health Agency of Canada
wadena primary health team,Hospitals,Wadena,SK,51.952419,-103.795241,Saskatchewan Health Authorities
wadena public health - saskatchewan health authority,Clinics and ambulatory care,Wadena,SK,51.951406,-103.795192,Saskatchewan Health Authorities
wakaw health centre,Hospitals,Wakaw,SK,52.6509338,-105.742114,Public Health Agency of Canada
wakaw hospital,Hospitals,Wakaw,SK,52.359098,-106.955406,Canadian Institute for Health Information
wakaw primary health and collaborative emergency centre,Hospitals,Wakaw,SK,52.650732,-105.741574,Saskatchewan Health Authorities
walk-in clinic at walmart prince albert by jack nathan health,Clinics and ambulatory care,Prince Albert,SK,53.201493,-105.733708,Saskatchewan Health Authorities
warehouse district medical clinic,Clinics and ambulatory care,Regina,SK,50.459299,-104.602236,Saskatchewan Health Authorities
warman mennonite special care home,Residential and long-term care,Warman,SK,52.320486,-106.580685,Saskatchewan Health Authorities
wascana rehabilitation centre,Residential and long-term care,Regina,SK,50.4251896,-104.6110624,Public Health Agency of Canada
watrous district health complex,Hospitals,Watrous,SK,51.674059,-105.455606,Saskatchewan Health Authorities
watrous hospital,Residential and long-term care,Watrous,SK,51.6740012,-105.4556517,Public Health Agency of Canada
watrous primary health centre,Clinics and ambulatory care,Watrous,SK,51.674797,-105.456053,Saskatchewan Health Authorities
watson community health centre,Hospitals,Watson,SK,52.132089,-104.519566,Saskatchewan Health Authorities
wawota memorial health centre,Hospitals,Wawota,SK,49.9060021,-102.022331,Public Health Agency of Canada
west hill medical clinic (south hill mall),Clinics and ambulatory care,Prince Albert,SK,53.185035,-105.763018,Saskatchewan Health Authorities
west winds primary health centre,Clinics and ambulatory care,Saskatoon,SK,52.127985,-106.722061,Saskatchewan Health Authorities
westside community clinic,Clinics and ambulatory care,Saskatoon,SK,52.126443,-106.693822,Saskatchewan Health Authorities
weyburn community health services (mental health),Clinics and ambulatory care,Weyburn,SK,49.674985,-103.871885,Public Health Agency of Canada
weyburn community health services building,Clinics and ambulatory care,Weyburn,SK,49.674005,-103.865086,Saskatchewan Health Authorities
weyburn general hospital,Hospitals,Weyburn,SK,49.668899,-103.853095,Public Health Agency of Canada
weyburn mental health clinic,Clinics and ambulatory care,Weyburn,SK,49.6727381,-103.8505675,Saskatchewan Health Authorities
weyburn primary health care clinic,Clinics and ambulatory care,Weyburn,SK,49.662066,-103.854029,Saskatchewan Health Authorities
weyburn special care home,Residential and long-term care,Weyburn,SK,49.672828,-103.848187,Saskatchewan Health Authorities
wheatland lodge & home care,Residential and long-term care,Leask,SK,53.023899,-106.736748,Saskatchewan Health Authorities
whispering pine place,Hospitals,Canwood,SK,53.362337,-106.607615,Saskatchewan Health Authorities
white buffalo youth lodge - primary health team,Hospitals,Saskatoon,SK,52.126379,-106.679053,Saskatchewan Health Authorities
whitewood community health centre,Hospitals,Whitewood,SK,50.326761,-102.260217,Saskatchewan Health Authorities
wilkie and district health centre,Hospitals,Wilkie,SK,52.405556,-108.701125,Saskatchewan Health Authorities
willow bunch primary health care centre,Clinics and ambulatory care,Willow Bunch,SK,49.392022,-105.633684,Saskatchewan Health Authorities
willowdale lodge,Residential and long-term care,Kipling,SK,50.098386,-102.623497,Saskatchewan Health Authorities
wolf willow health centre,Clinics and ambulatory care,Eastend,SK,49.514885,-108.82482,Saskatchewan Health Authorities
wolseley memorial integrated care centre,Residential and long-term care,Wolseley,SK,50.426845,-103.269295,Saskatchewan Health Authorities
wolseley memorial union hospital,Hospitals,Wolseley,SK,50.4266315,-103.2685272,Public Health Agency of Canada
wolseley primary health care centre,Hospitals,Wolseley,SK,50.423004,-103.269085,Saskatchewan Health Authorities
women’s health centre - fort qu'appelle,Clinics and ambulatory care,Fort Quappelle,SK,50.770855,-103.795049,Saskatchewan Health Authorities
wynyard community health centre,Clinics and ambulatory care,Wynyard,SK,51.770736,-104.184049,Saskatchewan Health Authorities
wynyard hospital,Hospitals,Wynyard,SK,51.7675013,-104.1676207,Public Health Agency of Canada
yorkton and district nursing home,Residential and long-term care,Yorkton,SK,51.201462,-102.475467,Saskatchewan Health Authorities
yorkton home care office,Residential and long-term care,Yorkton,SK,51.201723,-102.480781,Saskatchewan Health Authorities
yorkton mental health centre,Clinics and ambulatory care,Yorkton,SK,51.2022464,-102.4806123,Public Health Agency of Canada
yorkton public health office,Clinics and ambulatory care,Yorkton,SK,51.2085639,-102.4690605,Saskatchewan Health Authorities
yorkton regional health centre,Hospitals,Yorkton,SK,51.2022464,-102.4806123,Public Health Agency of Canada
birch lodge,Residential and long-term care,Whitehorse,YT,60.72423,-135.064,Yukon Territories
blood ties four directions centre drop-in and street clinic,Clinics and ambulatory care,Whitehorse,YT,60.72526,-135.063,Yukon Territories
carcross health centre,Hospitals,Carcross,YT,60.16571,-134.707,Yukon Territories
carmacks health centre,Hospitals,Carmacks,YT,62.09032,-136.281,Yukon Territories
copper ridge place,Residential and long-term care,Whitehorse,YT,60.69943,-135.11,Yukon Territories
dawson city community hospital,Hospitals,Dawson City,YT,64.05664,-139.434,Yukon Territories
dawson city health centre,Hospitals,Dawson City,YT,64.05664,-139.434,Yukon Territories
dawson city medical clinic,Clinics and ambulatory care,Dawson City,YT,64.05664,-139.434,Yukon Territories
destruction bay health centre,Hospitals,Destruction Bay,YT,61.25343,-138.808,Yukon Territories
family practice unit,Clinics and ambulatory care,Whitehorse,YT,60.71674,-135.055,Yukon Territories
faro health centre,Hospitals,Faro,YT,62.23357,-133.361,Yukon Territories
haines junction health centre,Hospitals,Haines Junction,YT,60.75015,-137.51,Yukon Territories
klondyke medical clinic,Clinics and ambulatory care,Whitehorse,YT,60.7263,-135.06,Yukon Territories
mayo health centre,Hospitals,Mayo,YT,63.59499,-135.896,Yukon Territories
mcdonald lodge,Residential and long-term care,Dawson City,YT,64.05759,-139.436,Yukon Territories
mental wellness and substance use services,Residential and long-term care,Whitehorse,YT,60.71855,-135.062,Yukon Territories
parhelion medical clinic,Clinics and ambulatory care,Watson Lake,YT,60.07038,-128.71,Yukon Territories
pine medical clinic,Clinics and ambulatory care,Whitehorse,YT,60.71876,-135.059,Yukon Territories
referred care clinic,Clinics and ambulatory care,Whitehorse,YT,60.71854,-135.054,Yukon Territories
river valley medical clinic,Clinics and ambulatory care,Whitehorse,YT,60.71838,-135.05,Yukon Territories
ross river health centre,Hospitals,Ross River,YT,61.98188,-132.453,Yukon Territories
thomson centre,Residential and long-term care,Whitehorse,YT,60.71867,-135.045,Yukon Territories
watson lake community hospital,Hospitals,Watson Lake,YT,60.07049,-128.71,Yukon Territories
watson lake health centre,Hospitals,Watson Lake,YT,60.07099,-128.716,Yukon Territories
whistlebend place,Residential and long-term care,Whitehose,YT,60.77495,-135.105,Yukon Territories
whitehorse emergency shelter,Residential and long-term care,Whitehorse,YT,60.72239,-135.06,Yukon Territories
whitehorse general hospital,Hospitals,Whitehorse,YT,60.71926,-135.044,Yukon Territories
whitehorse health centre,Hospitals,Whitehorse,YT,60.73159,-135.066,Yukon Territories
whitehorse medical clinic,Clinics and ambulatory care,Whitehorse,YT,60.71743,-135.056,Yukon Territories
yukon communicable disease control (ycdc),Clinics and ambulatory care,Whitehorse,YT,60.71789,-135.044,Yukon Territories
yukon gynecology and obstetrics clinic,Clinics and ambulatory care,Whitehorse,YT,60.71896,-135.044,Yukon Territories
yukon sexual health clinic,Clinics and ambulatory care,Whitehorse,YT,60.71743,-135.056,Yukon Territories
yukon surgical clinic,Clinics and ambulatory care,Whitehorse,YT,60.71896,-135.044,Yukon Territories
